year,month,day,hour,wt,Ta_C,P_mm,wind_ms,rad_whm2,relhum,Q
2018,11,12,0,8.95,6.514,0,1.753,0,0.963,2.64
2018,11,12,3,8.8,6.236,0.002,1.361,0,0.96,2.6
2018,11,12,6,8.6,5.599,0.002,1.247,0,0.961,2.5
2018,11,12,9,8.53333333333333,7.479,0.002,2.033,80.67,0.94,2.53
2018,11,12,12,9.16666666666667,12.758,0,3.125,819.664,0.748,2.67
2018,11,12,15,9.1,13.685,0,2.217,768.712,0.685,2.71
2018,11,12,18,9,9.704,0,1.839,84.719,0.869,2.8
2018,11,12,21,9.06666666666667,7.857,0.135,1.596,0,0.93,2.56
2018,11,13,0,9.1,6.289,0.248,1.423,0,0.954,2.6
2018,11,13,3,9.03333333333333,6.008,0.512,1.752,0,0.961,2.67
2018,11,13,6,8.93333333333333,5.934,0.272,1.137,0,0.965,2.67
2018,11,13,9,8.83333333333333,6.947,1.037,1.609,9.31,0.967,2.67
2018,11,13,12,8.96666666666667,8.721,0.023,2.349,144.028,0.959,2.81
2018,11,13,15,9.03333333333333,9.513,0.124,3.818,237.095,0.937,2.84
2018,11,13,18,8.9,8.259,0,2.254,47.837,0.921,2.86
2018,11,13,21,9.06666666666667,7.708,0,3.076,0,0.93,2.92
2018,11,14,0,8.96666666666667,5.503,0,2.268,0,0.953,2.8
2018,11,14,3,8.8,4.523,0,1.68,0,0.968,3
2018,11,14,6,8.7,4.328,0,0.684,0,0.977,2.84
2018,11,14,9,8.4,4.268,0,1.159,26.088,0.979,2.86
2018,11,14,12,8.4,5.592,0,1.619,214.24,0.947,2.98
2018,11,14,15,8.4,5.884,0,1.446,219.849,0.935,3.03
2018,11,14,18,8.4,5.191,0,1.098,28.42,0.951,3.03
2018,11,14,21,8.4,4.348,0,1.477,0,0.96,2.89
2018,11,15,0,8.43333333333333,3.407,0,1.329,0,0.977,2.74
2018,11,15,3,8.33333333333333,2.758,0,1.366,0,0.974,2.67
2018,11,15,6,8.13333333333333,1.889,0,1.532,0,0.975,2.67
2018,11,15,9,8.03333333333333,1.962,0,1.756,39.564,0.971,2.8
2018,11,15,12,8.23333333333333,4.743,0,2.192,462.264,0.89,2.67
2018,11,15,15,8.23333333333333,7.639,0,2.117,721.013,0.749,2.54
2018,11,15,18,7.9,3.484,0,0.975,112.434,0.917,2.63
2018,11,15,21,7.73333333333333,1.811,0,1.143,0,0.96,2.67
2018,11,16,0,7.66666666666667,1.377,0,0.911,0,0.971,2.71
2018,11,16,3,7.4,0.077,0,1.107,0,0.966,2.84
2018,11,16,6,7.1,-0.998,0,1.128,0,0.969,2.68
2018,11,16,9,6.9,0.348,0,1.372,61.829,0.937,2.67
2018,11,16,12,7.2,6.078,0,3.855,768.121,0.738,2.67
2018,11,16,15,7,7.658,0,3.763,869.127,0.634,2.61
2018,11,16,18,6.7,3.329,0,2.011,79.925,0.852,2.46
2018,11,16,21,6.56666666666667,0.975,0,2.324,0,0.942,2.5
2018,11,17,0,6.53333333333333,0.622,0,2.119,0,0.95,2.7
2018,11,17,3,6.4,0.237,0,2.629,0,0.939,2.84
2018,11,17,6,6.1,0.071,0,2.654,0,0.918,2.68
2018,11,17,9,5.9,0.581,0,3.642,61.506,0.878,2.63
2018,11,17,12,6.23333333333333,5.463,0,4.592,780.05,0.614,2.61
2018,11,17,15,5.9,6.568,0,5.087,858.786,0.513,2.67
2018,11,17,18,5.66666666666667,3.617,0,4.385,74.76,0.604,2.55
2018,11,17,21,5.56666666666667,1.515,0,3.23,0,0.713,2.44
2018,11,18,0,5.5,0.558,0,2.813,0,0.641,2.67
2018,11,18,3,5.33333333333333,-0.986,0,2.569,0,0.655,2.6
2018,11,18,6,5,-2.486,0,2.198,0,0.684,2.5
2018,11,18,9,4.7,-1.462,0,1.909,76.556,0.661,2.5
2018,11,18,12,5.03333333333333,3.4,0,2.641,756.825,0.481,2.5
2018,11,18,15,4.8,4.287,0,2.92,775.71,0.493,2.54
2018,11,18,18,4.56666666666667,0.359,0,2.714,69.92,0.625,2.66
2018,11,18,21,4.36666666666667,-2.283,0.207,2.844,0,0.712,2.39
2018,11,19,0,4.36666666666667,-1.872,0.352,2.217,0,0.843,2.34
2018,11,19,3,4.46666666666667,-0.885,0.007,2.501,0,0.924,2.35
2018,11,19,6,4.23333333333333,-0.459,0.059,2.991,0,0.951,2.43
2018,11,19,9,4.1,-0.047,0.006,3.808,24.62,0.934,2.48
2018,11,19,12,4.26666666666667,1.383,0,4.759,238.49,0.867,2.49
2018,11,19,15,4.2,1.31,0.002,5.466,239.761,0.797,2.66
2018,11,19,18,4,1.062,0,5.135,20.559,0.803,2.61
2018,11,19,21,4,0.177,0,4.516,0,0.796,2.34
2018,11,20,0,4.03333333333333,-0.455,0,5.019,0,0.814,2.28
2018,11,20,3,3.9,-0.048,0.099,5.589,0,0.828,2.5
2018,11,20,6,3.73333333333333,0.422,0.431,5.646,0,0.836,2.5
2018,11,20,9,3.6,0.861,0,5.758,0.381,0.857,2.43
2018,11,20,12,3.56666666666667,0.328,0.037,4.673,99.887,0.941,2.29
2018,11,20,15,3.5,1.368,0.002,5.453,169.547,0.876,2.6
2018,11,20,18,3.53333333333333,1.18,0,3.775,17.175,0.888,2.77
2018,11,20,21,3.53333333333333,0.054,0,3.083,0,0.917,2.49
2018,11,21,0,3.4,-0.39,0,2.507,0,0.926,2.31
2018,11,21,3,3.33333333333333,-0.393,0,2.953,0,0.922,2.63
2018,11,21,6,3.3,0.317,0,2.862,0,0.913,2.56
2018,11,21,9,3.23333333333333,1.328,0,2.567,14.202,0.884,2.36
2018,11,21,12,3.23333333333333,2.037,0,2.335,139.986,0.892,2.71
2018,11,21,15,3.36666666666667,2.412,0.004,2.849,122.528,0.895,2.86
2018,11,21,18,3.4,2.388,0.01,2.445,9.966,0.91,2.84
2018,11,21,21,3.46666666666667,1.977,0.003,1.745,0,0.956,2.84
2018,11,22,0,3.63333333333333,1.731,0.006,1.37,0,0.959,2.84
2018,11,22,3,3.7,1.656,0,1.335,0,0.958,2.84
2018,11,22,6,3.63333333333333,1.44,0,1.148,0,0.96,2.81
2018,11,22,9,3.6,1.529,0,0.973,1.678,0.961,2.67
2018,11,22,12,3.66666666666667,2.467,0,1.62,96.592,0.924,2.84
2018,11,22,15,3.7,2.975,0,1.54,108.398,0.908,2.86
2018,11,22,18,3.7,2.566,0,1.157,16.11,0.932,2.84
2018,11,22,21,3.66666666666667,1.981,0,0.862,0,0.945,2.6
2018,11,23,0,3.9,1.566,0,0.611,0,0.955,2.6
2018,11,23,3,4,1.862,0,1.446,0,0.925,2.78
2018,11,23,6,3.83333333333333,1.719,0,1.677,0,0.919,2.81
2018,11,23,9,3.83333333333333,1.393,0,2.304,18.486,0.93,2.67
2018,11,23,12,4.1,2.279,0,2.493,255.137,0.922,2.71
2018,11,23,15,4.16666666666667,2.669,0,2.423,287.137,0.937,2.92
2018,11,23,18,4.1,1.6,0,2.408,23.829,0.956,2.84
2018,11,23,21,4,0.02,0.001,2.015,0,0.958,2.63
2018,11,24,0,4.03333333333333,0.349,0.671,2.723,0,0.957,2.71
2018,11,24,3,4.03333333333333,1.115,0.277,2.965,0,0.96,2.84
2018,11,24,6,3.9,1.861,0.058,1.772,0,0.966,2.84
2018,11,24,9,3.9,2.577,0.159,0.842,8,0.974,2.84
2018,11,24,12,4.06666666666667,4.104,0.237,1.611,135.582,0.953,2.86
2018,11,24,15,4.2,5.306,0.049,1.704,158.676,0.955,3.03
2018,11,24,18,4.2,4.801,0.058,1.032,19.93,0.97,2.87
2018,11,24,21,4.3,4.2,0.068,1.541,0,0.976,2.78
2018,11,25,0,4.43333333333333,3.302,0.02,1.677,0,0.976,2.76
2018,11,25,3,4.43333333333333,3.672,0.007,1.652,0,0.969,2.84
2018,11,25,6,4.4,3.396,0,1.614,0,0.966,2.84
2018,11,25,9,4.43333333333333,2.814,0,2.059,28.648,0.963,2.84
2018,11,25,12,4.7,3.629,0,2.069,291.629,0.944,2.84
2018,11,25,15,4.76666666666667,5.624,0,1.647,500.023,0.864,2.9
2018,11,25,18,4.56666666666667,2.784,0,2.072,60.978,0.964,2.94
2018,11,25,21,4.43333333333333,1.222,0,1.968,0,0.965,2.7
2018,11,26,0,4.46666666666667,0.322,0,2.168,0,0.961,2.81
2018,11,26,3,4.4,0.872,0,2.01,0,0.953,2.84
2018,11,26,6,4.2,2.23,0,2.464,0,0.925,2.97
2018,11,26,9,4.3,3.058,0,3.335,8.688,0.911,2.84
2018,11,26,12,4.5,4.045,0,3.513,158.478,0.858,2.84
2018,11,26,15,4.5,3.475,0.012,2.638,134.216,0.878,2.84
2018,11,26,18,4.5,2.531,0,2.694,1.208,0.899,2.94
2018,11,26,21,4.53333333333333,2.062,0,2.264,0,0.903,2.81
2018,11,27,0,4.6,1.265,0,2.495,0,0.91,2.68
2018,11,27,3,4.6,0.853,0,1.937,0,0.915,2.84
2018,11,27,6,4.46666666666667,0.358,0,2.451,0,0.928,2.84
2018,11,27,9,4.4,0.026,0,2.119,7.552,0.895,2.81
2018,11,27,12,4.5,0.608,0,2.041,249.199,0.846,2.81
2018,11,27,15,4.56666666666667,0.627,0,2.017,383.737,0.803,2.9
2018,11,27,18,4.3,-1.62,0,1.196,44.401,0.878,2.78
2018,11,27,21,4.13333333333333,-3.051,0,0.744,0,0.926,2.67
2018,11,28,0,4.2,-2.201,0,0.883,0,0.918,2.67
2018,11,28,3,4.1,-2.906,0,0.802,0,0.929,2.78
2018,11,28,6,3.96666666666667,-1.894,0,1.649,0,0.897,2.7
2018,11,28,9,3.90909090909091,-1.856,0,2.056,28.722,0.885,2.67
2018,11,28,12,4.05833333333333,0.304,0,3.22,473.211,0.804,2.73
2018,11,28,15,3.80833333333333,0.527,0,3.503,510.335,0.793,2.67
2018,11,28,18,3.55,-1.779,0,3.024,37.336,0.864,2.77
2018,11,28,21,3.6,-1.828,0,3.471,0,0.901,2.41
2018,11,29,0,3.55833333333333,-1.993,0,2.908,0,0.894,2.5
2018,11,29,3,3.375,-2.575,0,3.094,0,0.864,2.66
2018,11,29,6,3.19166666666667,-2.613,0,3.082,0,0.842,2.67
2018,11,29,9,3.05833333333333,-2.394,0,2.967,35.743,0.807,2.56
2018,11,29,12,3.31666666666667,1.167,0,3.951,543.04,0.612,2.5
2018,11,29,15,3.16666666666667,2.362,0,3.663,613.502,0.533,2.63
2018,11,29,18,3,-0.385,0,2.845,41.89,0.682,2.68
2018,11,29,21,3.08333333333333,-0.936,0,3.166,0,0.719,2.54
2018,11,30,0,3.18333333333333,-1.171,0.051,3,0,0.729,2.56
2018,11,30,3,2.975,-1.891,0.056,3.156,0,0.759,2.67
2018,11,30,6,2.80833333333333,-2.025,1.414,2.982,0,0.779,2.67
2018,11,30,9,2.75833333333333,-1.617,0.579,3.048,8.055,0.83,2.67
2018,11,30,12,2.79166666666667,-0.929,2.04,2.471,126.309,0.89,2.67
2018,11,30,15,2.7,-0.558,1.254,2.559,124.827,0.933,2.67
2018,11,30,18,2.7,-0.362,0.266,1.813,12.206,0.968,2.67
2018,11,30,21,2.78333333333333,0.031,0.53,1.204,0,0.977,2.89
2018,12,1,0,3.09166666666667,0.333,0.06,0.767,0,0.975,2.86
2018,12,1,3,3.06666666666667,0.501,0.014,0.671,0,0.98,3.08
2018,12,1,6,3.24166666666667,0.845,0.025,0.778,0,0.984,3.36
2018,12,1,9,3.63333333333333,0.966,0.015,0.702,3.399,0.987,3.5
2018,12,1,12,3.65,2.726,0.018,1.378,163.792,0.979,3.71
2018,12,1,15,3.46666666666667,4.017,0.015,1.584,200.267,0.955,3.9
2018,12,1,18,3.325,3.098,0.032,1.436,21.16,0.967,3.96
2018,12,1,21,3.26666666666667,3.148,0.05,2.143,0,0.972,3.73
2018,12,2,0,3.18333333333333,3.159,0.675,2.61,0,0.979,3.64
2018,12,2,3,3.2,3.366,4.583,2.571,0,0.957,3.46
2018,12,2,6,3.29166666666667,3.445,2.411,2.869,0,0.971,3.24
2018,12,2,9,3.35833333333333,3.746,4.811,3.05,8.52,0.977,3.22
2018,12,2,12,3.58333333333333,4.841,1.945,3.53,122.318,0.98,3.22
2018,12,2,15,3.70833333333333,6.365,2.258,2.704,123.089,0.981,3.84
2018,12,2,18,4.36666666666667,8.005,1.842,2.564,10.56,0.981,4.93
2018,12,2,21,5.55,9.966,6.368,2.989,0,0.97,5.81
2018,12,3,0,5.625,10.16,1.454,2.928,0,0.964,6.73
2018,12,3,3,4.9,10.214,5.543,2.938,0,0.961,8.6
2018,12,3,6,5.075,9.937,2.353,3.106,0,0.948,11.02
2018,12,3,9,5.83333333333333,10.055,3.995,4.224,7.702,0.945,12.73
2018,12,3,12,6.4,10.465,1.901,3.113,229.763,0.943,14.17
2018,12,3,15,6.65833333333333,10.264,1.967,3.753,149.776,0.922,16.23
2018,12,3,18,6.91666666666667,8.971,0.969,3.244,9.218,0.944,20.69
2018,12,3,21,7.24166666666667,8.267,1.165,2.535,0,0.96,23.01
2018,12,4,0,7.73333333333333,8.358,1.684,2.796,0,0.953,24.5
2018,12,4,3,7.825,8.573,0.393,4.361,0,0.921,23.64
2018,12,4,6,7.675,8.21,0.356,4.527,0,0.93,21.31
2018,12,4,9,7.65833333333333,5.987,0.168,3.5,13.158,0.908,20.54
2018,12,4,12,7.76666666666667,5.594,0.011,2.608,309.011,0.853,19.78
2018,12,4,15,7.65,5.452,0,2.485,383.676,0.736,17.81
2018,12,4,18,7.48333333333333,1.033,0,1.586,58.173,0.932,16.36
2018,12,4,21,7.31666666666667,-0.893,0,0.954,0,0.957,15.04
2018,12,5,0,7.04166666666667,-1.702,0,0.846,0,0.963,14
2018,12,5,3,6.73333333333333,-2.294,0,0.78,0,0.974,12.17
2018,12,5,6,6.44166666666667,-2.471,0,0.483,0,0.968,10.81
2018,12,5,9,6.08333333333333,-2.655,0,0.663,35.27,0.983,9.94
2018,12,5,12,5.93333333333333,1.056,0,1.419,464.9,0.888,9.03
2018,12,5,15,5.85,1.695,0,2.167,436.907,0.883,8.47
2018,12,5,18,5.675,0.992,0.004,1.655,41.182,0.906,7.23
2018,12,5,21,5.475,1.241,0.023,2.083,0,0.859,7.15
2018,12,6,0,5.21666666666667,1.53,0.024,2.219,0,0.833,6.73
2018,12,6,3,4.975,1.545,0.057,2.384,0,0.834,6.13
2018,12,6,6,4.775,1.807,0.003,2.12,0,0.821,5.73
2018,12,6,9,4.63333333333333,1.672,0.124,1.938,2.531,0.921,5.48
2018,12,6,12,4.6,2.887,0.595,1.684,144.664,0.963,5.39
2018,12,6,15,4.625,3.902,0.024,2.279,132.307,0.982,5.16
2018,12,6,18,4.7,4.879,0.187,1.57,7.484,0.986,5.02
2018,12,6,21,4.725,6.007,0.434,2.16,0,0.986,4.66
2018,12,7,0,4.78333333333333,8.327,0.129,3.083,0,0.954,4.05
2018,12,7,3,4.875,8.984,0.098,3.214,0,0.962,3.94
2018,12,7,6,5.025,9.426,0.243,3.666,0,0.953,4.16
2018,12,7,9,5.13333333333333,9.591,0.409,3.934,6.084,0.949,4.38
2018,12,7,12,5.30833333333333,9.788,0.606,3.861,115.701,0.909,4.6
2018,12,7,15,5.50833333333333,9.663,0.942,3.516,153.459,0.907,4.5
2018,12,7,18,5.71666666666667,8.593,0.702,3.365,8.993,0.93,4.44
2018,12,7,21,5.83333333333333,8.395,0.036,3.866,0,0.885,4.87
2018,12,8,0,5.91666666666667,7.931,1.327,5.956,0,0.867,4.66
2018,12,8,3,6.04166666666667,4.696,0.396,5.314,0,0.829,4.87
2018,12,8,6,5.9,3.831,1.221,4.446,0,0.887,4.7
2018,12,8,9,5.925,3.866,0.936,4.781,8.353,0.897,4.89
2018,12,8,12,6,4.197,0.283,5.052,140.931,0.888,5.34
2018,12,8,15,6.26666666666667,4.29,1.469,5.114,121.678,0.938,5.59
2018,12,8,18,6.225,5.066,2.433,5.028,8.954,0.914,5.64
2018,12,8,21,6.36666666666667,5.302,1.994,4.646,0,0.928,5.73
2018,12,9,0,6.30833333333333,5.433,0.869,5.007,0,0.935,5.93
2018,12,9,3,6.3,6.257,1.01,5.643,0,0.926,6.18
2018,12,9,6,6.36666666666667,6.346,0.331,6.503,0,0.879,6.91
2018,12,9,9,6.53333333333333,5.645,0.195,5.654,3.935,0.875,7.13
2018,12,9,12,6.53333333333333,5.578,0.581,5.982,133.006,0.874,7.51
2018,12,9,15,6.54166666666667,5.93,0.376,5.738,145.578,0.872,8.86
2018,12,9,18,6.41666666666667,4.858,0.553,4.876,11.093,0.918,9.77
2018,12,9,21,6.4,4.443,0.078,4.466,0,0.909,9.57
2018,12,10,0,6.29166666666667,3.321,0.184,4.397,0,0.914,9.96
2018,12,10,3,6.20833333333333,2.574,0.173,4.449,0,0.897,9.73
2018,12,10,6,6.24166666666667,2.519,0.237,4.807,0,0.887,9.63
2018,12,10,9,6.1,2.13,0.478,4.427,10.627,0.875,9.44
2018,12,10,12,6.08333333333333,2.784,0.08,4.81,313.017,0.827,9.14
2018,12,10,15,6.1,3.037,0.018,4.175,338.294,0.778,8.97
2018,12,10,18,5.975,1.12,0.082,4.13,19.862,0.911,8.38
2018,12,10,21,5.8,1.079,0.126,4.018,0,0.885,8.01
2018,12,11,0,5.63333333333333,1.062,0.152,4.338,0,0.898,7.76
2018,12,11,3,5.375,1.131,0.016,4.926,0,0.912,7.5
2018,12,11,6,5.15,1.127,0.232,4.706,0,0.902,7.05
2018,12,11,9,5.00833333333333,1.185,0.26,4.695,7.665,0.901,6.75
2018,12,11,12,4.98333333333333,1.945,0.06,4.282,217.128,0.867,6.5
2018,12,11,15,4.99166666666667,2.049,0.101,3.869,207.485,0.877,6.26
2018,12,11,18,4.89166666666667,1.457,0.246,3.389,19.676,0.894,6.24
2018,12,11,21,4.84166666666667,1.421,0.296,3.271,0,0.917,5.96
2018,12,12,0,4.74166666666667,1.205,0.27,2.9,0,0.934,5.91
2018,12,12,3,4.63333333333333,1.097,0.127,2.556,0,0.948,5.68
2018,12,12,6,4.50833333333333,0.856,0.216,1.765,0,0.944,5.73
2018,12,12,9,4.425,0.431,0.005,1.511,3.735,0.917,5.66
2018,12,12,12,4.48333333333333,1.328,0,1.779,282.086,0.854,5.43
2018,12,12,15,4.55833333333333,0.994,0.025,1.785,193.631,0.892,5.39
2018,12,12,18,4.525,0.425,0,1.854,16.135,0.83,5.3
2018,12,12,21,4.36666666666667,-0.33,0,1.947,0,0.886,5.12
2018,12,13,0,4.175,-1.56,0,2.339,0,0.91,5.08
2018,12,13,3,3.99166666666667,-2.484,0,2.113,0,0.901,5.12
2018,12,13,6,3.75,-3.336,0,2.226,0,0.894,4.99
2018,12,13,9,3.6,-2.405,0,3.424,18.857,0.829,4.87
2018,12,13,12,3.58333333333333,-1.397,0,3.7,228.593,0.764,4.64
2018,12,13,15,3.5,-1.398,0,4.204,216.113,0.736,4.87
2018,12,13,18,3.425,-1.803,0,3.94,16.24,0.77,4.46
2018,12,13,21,3.29166666666667,-1.853,0,3.443,0,0.784,4.26
2018,12,14,0,3.25,-2.124,0,3.779,0,0.788,4.6
2018,12,14,3,3.06666666666667,-2.369,0,3.81,0,0.782,4.42
2018,12,14,6,2.975,-2.692,0,3.454,0,0.775,4.38
2018,12,14,9,2.79166666666667,-2.981,0,3.64,1.692,0.758,4.38
2018,12,14,12,2.7,-2.207,0,3.498,132.161,0.744,4.38
2018,12,14,15,2.6,-2.129,0,3.454,132.105,0.752,4.16
2018,12,14,18,2.625,-2.261,0,2.938,10.66,0.773,4.05
2018,12,14,21,2.64166666666667,-2.063,0,2.621,0,0.758,4.03
2018,12,15,0,2.51666666666667,-2.161,0,2.125,0,0.748,4.08
2018,12,15,3,2.39166666666667,-2.441,0,2.204,0,0.739,3.87
2018,12,15,6,2.3,-2.641,0,1.855,0,0.731,3.85
2018,12,15,9,2.25,-2.585,0,1.453,1.945,0.734,3.92
2018,12,15,12,2.2,-2.035,0,1.512,117.699,0.731,3.92
2018,12,15,15,2.15,-2.003,0,1.311,131.899,0.745,3.81
2018,12,15,18,2.19166666666667,-2.313,0,1.017,8.263,0.787,3.7
2018,12,15,21,2.25,-2.482,0,1.728,0,0.783,3.63
2018,12,16,0,2.04166666666667,-2.988,0,1.876,0,0.821,3.74
2018,12,16,3,1.75833333333333,-4.894,0,1.512,0,0.893,3.72
2018,12,16,6,1.55833333333333,-5.04,0.377,1.89,0,0.889,3.49
2018,12,16,9,1.5,-4.078,0.161,2.831,1.842,0.87,3.49
2018,12,16,12,1.58333333333333,-2.52,0.007,3.321,139.846,0.787,3.6
2018,12,16,15,1.6,-2.796,0.023,2.018,163.372,0.918,3.21
2018,12,16,18,1.63333333333333,-2.373,0.007,1.886,18.798,0.927,3.48
2018,12,16,21,1.7,-1.719,0.064,1.439,0,0.946,3.63
2018,12,17,0,1.7,-1.371,0.001,1.208,0,0.97,3.34
2018,12,17,3,1.7,-0.896,0.003,1.229,0,0.983,3.29
2018,12,17,6,1.7,-0.518,0.028,0.991,0,0.978,3.29
2018,12,17,9,1.73333333333333,-0.111,0.134,0.868,6.26,0.976,3.47
2018,12,17,12,1.84166666666667,1.047,0.219,1.497,155.449,0.975,3.53
2018,12,17,15,1.88333333333333,1.639,0.01,1.991,162.705,0.964,3.67
2018,12,17,18,1.975,1.605,0.191,1.965,8.455,0.977,3.47
2018,12,17,21,2.18333333333333,2.053,0.014,1.904,0,0.963,3.31
2018,12,18,0,2.29166666666667,2.197,0.014,1.857,0,0.975,3.36
2018,12,18,3,2.28333333333333,2.252,0.093,1.772,0,0.965,3.44
2018,12,18,6,2.39166666666667,2.142,0.003,1.201,0,0.98,3.42
2018,12,18,9,2.34166666666667,1.912,0.002,0.819,1.714,0.982,3.51
2018,12,18,12,2.56666666666667,3.247,0.002,1.6,195.904,0.94,3.58
2018,12,18,15,2.6,3.498,0,2.247,343.096,0.888,3.63
2018,12,18,18,2.68333333333333,1.965,0,2.544,23.295,0.913,3.36
2018,12,18,21,2.85833333333333,1.15,0,2.982,0,0.93,3.42
2018,12,19,0,2.8,0.062,0,1.99,0,0.948,3.39
2018,12,19,3,2.70833333333333,-0.796,0,2.099,0,0.944,3.42
2018,12,19,6,2.7,-0.894,0.226,2.272,0,0.93,3.49
2018,12,19,9,2.7,-0.355,0.63,1.696,0.868,0.912,3.49
2018,12,19,12,2.7,0.436,0.409,2.51,163.244,0.897,3.56
2018,12,19,15,2.725,0.593,1.632,2.271,140.481,0.941,3.41
2018,12,19,18,2.84166666666667,0.525,0.327,1.964,18.403,0.951,3.34
2018,12,19,21,2.96666666666667,0.557,1.049,2.135,0,0.957,3.49
2018,12,20,0,3.14166666666667,0.612,1.333,1.666,0,0.963,3.58
2018,12,20,3,3.34166666666667,0.576,0.339,1.443,0,0.968,3.92
2018,12,20,6,3.55,0.75,0.59,1.296,0,0.974,3.96
2018,12,20,9,3.65833333333333,1.191,0.388,1.43,3.763,0.977,4.22
2018,12,20,12,3.76666666666667,2.676,0.544,2.294,115.513,0.98,4.72
2018,12,20,15,3.7,4.28,0.443,2.625,139.822,0.947,5.21
2018,12,20,18,3.78333333333333,3.916,0.317,2.592,14.674,0.947,5.19
2018,12,20,21,3.825,4.195,0.215,2.421,0,0.945,5.19
2018,12,21,0,3.66666666666667,4.268,0.237,2.86,0,0.945,5.37
2018,12,21,3,3.7,4.268,2.424,2.844,0,0.932,5.12
2018,12,21,6,3.75833333333333,4.124,5.44,3.23,0,0.926,5.12
2018,12,21,9,3.8,4.488,2.339,3.621,4.259,0.9,4.97
2018,12,21,12,3.86666666666667,5.036,0.968,4.316,96.573,0.946,5.28
2018,12,21,15,4.1,5.893,0.793,4.511,92.57,0.956,6.02
2018,12,21,18,4.63333333333333,8.486,0.219,5.209,4.572,0.94,6.45
2018,12,21,21,5.19166666666667,9.603,0.011,6.176,0,0.869,7.47
2018,12,22,0,5.08333333333333,9.488,0.021,6.232,0,0.831,10.71
2018,12,22,3,5.35833333333333,9.121,1.885,5.001,0,0.833,14.68
2018,12,22,6,5.55833333333333,8.954,1.561,4.708,0,0.845,17.66
2018,12,22,9,5.68333333333333,8.436,0.178,4.806,1.698,0.904,17.73
2018,12,22,12,5.88333333333333,8.725,0.565,6.06,198.843,0.839,16.93
2018,12,22,15,6.05833333333333,7.627,0.728,5.705,241.3,0.836,16.6
2018,12,22,18,6.35833333333333,6.332,0.431,3.264,17.394,0.903,16.03
2018,12,22,21,6.44166666666667,6.267,0.137,3.63,0,0.911,15.4
2018,12,23,0,6.36666666666667,6.063,0.307,3.768,0,0.902,15.17
2018,12,23,3,6.26666666666667,5.413,0.144,3.128,0,0.9,15.37
2018,12,23,6,6.08333333333333,4.896,0.51,2.82,0,0.903,14.49
2018,12,23,9,5.98333333333333,5.033,1.419,2.659,4.484,0.939,13.63
2018,12,23,12,5.96666666666667,6.022,2.415,3.025,140.699,0.933,12.8
2018,12,23,15,6.09166666666667,6.343,3.385,2.815,138.364,0.924,12.3
2018,12,23,18,6.2,5.621,6.986,2.399,13.622,0.954,11.67
2018,12,23,21,6.16666666666667,4.906,3.084,1.463,0,0.985,11.73
2018,12,24,0,6.33333333333333,5.316,1.752,1.556,0,0.982,12.5
2018,12,24,3,6.34166666666667,3.515,0.795,2.116,0,0.945,14.23
2018,12,24,6,6.24166666666667,1.999,0.626,2.759,0,0.948,17.31
2018,12,24,9,6.05,2.374,0.116,2.715,1.166,0.941,21.74
2018,12,24,12,5.90833333333333,3.138,0.055,2.562,193.955,0.909,27.82
2018,12,24,15,5.95833333333333,2.624,0.011,1.75,268.128,0.873,32.96
2018,12,24,18,6,1.508,0.014,2.041,24.709,0.936,34.6
2018,12,24,21,5.83333333333333,0.727,0.12,2.3,0,0.897,33.74
2018,12,25,0,5.6,-0.547,0,1.904,0,0.923,32.55
2018,12,25,3,5.38333333333333,-0.244,0.003,2.473,0,0.934,30.83
2018,12,25,6,5.21666666666667,-0.286,0.004,2.27,0,0.94,29.39
2018,12,25,9,5.03333333333333,-0.215,0.029,2.231,4.062,0.932,26.98
2018,12,25,12,4.88333333333333,0.526,0,2.649,136.399,0.889,25
2018,12,25,15,4.8,0.854,0,2.545,150.145,0.9,22.8
2018,12,25,18,4.7,0.732,0,1.876,14.22,0.899,19.03
2018,12,25,21,4.58333333333333,0.648,0,2.118,0,0.905,16.74
2018,12,26,0,4.46666666666667,0.066,0,2.064,0,0.917,15.87
2018,12,26,3,4.35833333333333,-0.328,0.032,1.858,0,0.893,14.83
2018,12,26,6,4.15,-1.744,0.06,1.891,0,0.948,13.93
2018,12,26,9,4.00833333333333,-1.836,0.411,1.852,0.675,0.934,13.27
2018,12,26,12,4,-0.031,0.147,2.251,186.456,0.901,12.87
2018,12,26,15,4.09166666666667,0.552,0.015,2.191,212.17,0.919,12.07
2018,12,26,18,4.1,0.071,0.02,1.45,17.454,0.974,11.53
2018,12,26,21,4.00833333333333,0.042,0,1.695,0,0.975,11.12
2018,12,27,0,4,0.177,0.021,1.279,0,0.981,10.9
2018,12,27,3,3.93333333333333,0.284,0,0.731,0,0.981,10.5
2018,12,27,6,3.9,0.47,0,1.091,0,0.976,10.5
2018,12,27,9,3.9,0.727,0,1.104,2.501,0.973,10.08
2018,12,27,12,3.99166666666667,2.142,0,1.222,181.46,0.945,9.87
2018,12,27,15,4.1,3.56,0,1.228,302.217,0.899,9.68
2018,12,27,18,4.13333333333333,1.808,0,0.915,39.954,0.967,9.2
2018,12,27,21,4.1,1.25,0,0.765,0,0.984,8.56
2018,12,28,0,4.1,1.036,0,1.156,0,0.954,8.87
2018,12,28,3,4.1,0.47,0,0.748,0,0.96,8.87
2018,12,28,6,4.1,-0.163,0.053,1.118,0,0.954,8.76
2018,12,28,9,4.1,-0.999,0,0.66,2.74,0.968,8.47
2018,12,28,12,4.175,0.938,0,1.065,247.582,0.877,8.41
2018,12,28,15,4.2,0.928,0.011,1.66,296.119,0.899,8.24
2018,12,28,18,4.2,-0.491,0,1.226,26.657,0.962,8.06
2018,12,28,21,4.1,-0.888,0.154,1.691,0,0.982,7.91
2018,12,29,0,3.99166666666667,-0.613,0.506,1.844,0,0.974,7.76
2018,12,29,3,3.89166666666667,-0.86,0.032,2.67,0,0.977,7.76
2018,12,29,6,3.79166666666667,-0.983,0.012,2.438,0,0.974,7.48
2018,12,29,9,3.7,-1.186,0.108,2.139,4.245,0.964,7.42
2018,12,29,12,3.7,-0.486,0.199,2.253,144.969,0.951,7.32
2018,12,29,15,3.8,-0.042,2.824,2.131,158.344,0.972,7.13
2018,12,29,18,3.8,0.421,0.989,2.122,10.692,0.97,7.13
2018,12,29,21,3.75833333333333,0.98,1.555,2.711,0,0.969,7.13
2018,12,30,0,3.675,0.869,1.253,3.1,0,0.973,7.01
2018,12,30,3,3.725,1.481,0.158,3.195,0,0.977,7.62
2018,12,30,6,3.975,2.94,0.269,4.036,0,0.966,7.84
2018,12,30,9,4.09166666666667,3.628,0.022,4.035,0.912,0.906,8.5
2018,12,30,12,4.14166666666667,4.524,0.087,4.051,255.055,0.87,8.67
2018,12,30,15,4.1,4.91,0.004,3.819,379.058,0.828,9.59
2018,12,30,18,4.1,4.414,0.055,3.649,24.244,0.883,9.94
2018,12,30,21,4.10833333333333,4.303,0.11,3.056,0,0.905,10.47
2018,12,31,0,4.1,3.888,0.255,2.468,0,0.944,10.5
2018,12,31,3,4.175,3.862,0.231,2.085,0,0.96,10.4
2018,12,31,6,4.31666666666667,3.735,0.024,1.677,0,0.975,10.13
2018,12,31,9,4.425,3.677,0.056,1.758,0,0.979,10.1
2018,12,31,12,4.59166666666667,4.43,0.039,1.854,124.116,0.974,10.4
2018,12,31,15,4.9,5.062,0.104,1.7,178.956,0.979,10.23
2018,12,31,18,5.1,5.051,0.084,1.842,12.953,0.973,10.1
2018,12,31,21,5.1,5.112,0,2.18,0,0.973,10.1
2019,1,1,0,5.1,5.372,0.037,2.277,0,0.968,9.99
2019,1,1,3,5.1,5.453,0.001,2.114,0,0.945,9.87
2019,1,1,6,5.1,5.305,0.115,3.07,0,0.923,9.79
2019,1,1,9,5.1,5.161,0.562,3.773,0,0.921,9.76
2019,1,1,12,5.16666666666667,4.888,1.004,4.675,86.53,0.935,9.55
2019,1,1,15,5.28333333333333,4.591,0.929,5.517,151.537,0.948,9.52
2019,1,1,18,5.3,4.459,1.207,5.67,12.585,0.938,9.76
2019,1,1,21,5.33333333333333,3.092,0.672,4.798,0,0.895,10.01
2019,1,2,0,5.275,1.378,0.459,3.872,0,0.865,10.3
2019,1,2,3,5.16666666666667,0.301,0.794,4.229,0,0.894,10.9
2019,1,2,6,4.975,0.53,0.731,4.396,0,0.908,11.15
2019,1,2,9,4.8,0.323,0.057,2.938,4.048,0.869,11.67
2019,1,2,12,4.61666666666667,0.445,0.179,3.433,337.787,0.845,12.33
2019,1,2,15,4.45833333333333,-0.19,0.053,4.393,459.783,0.776,12.3
2019,1,2,18,4.28333333333333,-0.976,0,2.821,49.23,0.72,11.77
2019,1,2,21,4.03333333333333,-1.227,0,3.109,0,0.757,11.83
2019,1,3,0,3.79166666666667,-1.637,0,2.244,0,0.7,11.6
2019,1,3,3,3.5,-2.176,0,2.251,0,0.748,11.2
2019,1,3,6,3.3,-3.331,0,2.431,0,0.85,10.84
2019,1,3,9,3.05833333333333,-4.46,0,1.778,3.765,0.896,10.5
2019,1,3,12,2.93333333333333,-2.425,0,2.36,441.693,0.769,10.1
2019,1,3,15,2.9,-0.26,0,3.018,553.452,0.723,9.85
2019,1,3,18,2.88333333333333,-1.052,0.17,2.443,55.016,0.858,9.47
2019,1,3,21,2.74166666666667,-1.515,0.039,2.579,0,0.857,9.17
2019,1,4,0,2.525,-1.643,0.499,1.881,0,0.897,9.08
2019,1,4,3,2.5,-1.772,0.07,2.112,0,0.932,8.89
2019,1,4,6,2.43333333333333,-1.559,0.008,1.995,0,0.943,8.92
2019,1,4,9,2.4,-1.534,0.01,2.217,1.787,0.938,8.76
2019,1,4,12,2.425,-0.459,0.534,2.732,194.568,0.869,8.56
2019,1,4,15,2.5,-0.063,0.855,3.619,199.455,0.885,8.64
2019,1,4,18,2.6,-0.207,0.187,3.62,15.655,0.946,8.21
2019,1,4,21,2.56666666666667,0.214,1.2,3.869,0,0.951,8.11
2019,1,5,0,2.5,0.498,3.628,4.16,0,0.958,8.35
2019,1,5,3,2.575,1.07,1.033,4.77,0,0.956,8.35
2019,1,5,6,2.79166666666667,0.797,0.964,4.81,0,0.959,8.61
2019,1,5,9,2.89166666666667,0.738,0.717,4.662,3.784,0.959,8.7
2019,1,5,12,2.96666666666667,1.516,0.67,3.47,170.957,0.963,9.09
2019,1,5,15,3.325,2.462,0.922,2.83,166.368,0.971,10.05
2019,1,5,18,3.4,3.152,0.598,2.295,15.071,0.973,10.5
2019,1,5,21,3.3,3.606,0.623,2.118,0,0.969,11.23
2019,1,6,0,3.3,3.67,0.733,1.867,0,0.965,12.17
2019,1,6,3,3.375,3.409,0.176,2.114,0,0.966,12.73
2019,1,6,6,3.45833333333333,2.809,0.058,1.468,0,0.966,13.33
2019,1,6,9,3.55833333333333,1.906,0.097,1.291,0.201,0.953,13.9
2019,1,6,12,3.74166666666667,2.493,0.306,1.714,277.849,0.873,15.08
2019,1,6,15,3.925,2.696,0.308,1.697,377.508,0.881,15.83
2019,1,6,18,4.19166666666667,2.012,0.64,1.337,29.89,0.956,17.03
2019,1,6,21,4.3,2.378,0.235,1.209,0,0.972,18.18
2019,1,7,0,4.3,2.853,0.091,1.377,0,0.971,19.56
2019,1,7,3,4.23333333333333,3.193,0.216,2.387,0,0.967,20.44
2019,1,7,6,4.2,3.054,0.445,2.407,0,0.955,20.4
2019,1,7,9,4.20833333333333,2.842,0.021,2.307,1.229,0.956,19.94
2019,1,7,12,4.34166666666667,3.261,0.013,2.7,153.777,0.944,19.53
2019,1,7,15,4.44166666666667,3.396,0.065,2.877,205.682,0.94,18.96
2019,1,7,18,4.5,2.835,1.399,3.052,22.88,0.933,18.5
2019,1,7,21,4.46666666666667,2.224,3.153,3.657,0,0.918,18.47
2019,1,8,0,4.45833333333333,1.307,1.11,3.832,0,0.947,18.5
2019,1,8,3,4.45,0.97,0.95,4.017,0,0.953,19
2019,1,8,6,4.46666666666667,1.161,2.142,4.107,0,0.959,19.63
2019,1,8,9,4.51666666666667,2.243,1.93,4.753,0.251,0.946,20.98
2019,1,8,12,4.475,2.47,1.562,5.45,98.422,0.939,21.73
2019,1,8,15,4.4,2.69,1.78,6.38,120.555,0.941,22.47
2019,1,8,18,4.35,2.637,2.796,5.723,17.935,0.934,23.87
2019,1,8,21,4.3,1.855,1.014,6.02,0,0.945,27.03
2019,1,9,0,4.25833333333333,0.924,0.718,4.769,0,0.951,30.01
2019,1,9,3,4.23333333333333,0.26,0.673,4.4,0,0.948,33.58
2019,1,9,6,4.15833333333333,-0.064,0.135,3.942,0,0.931,36.58
2019,1,9,9,3.95833333333333,-0.39,0.388,3.664,0.431,0.929,38.49
2019,1,9,12,3.80833333333333,-0.327,0.6,3.822,192.617,0.912,39
2019,1,9,15,3.8,-0.448,0.165,3.626,224.829,0.916,38.49
2019,1,9,18,3.75833333333333,-0.749,0.158,3.056,22.722,0.93,37.55
2019,1,9,21,3.7,-0.741,0.053,2.673,0,0.928,36.14
2019,1,10,0,3.61666666666667,-0.761,0.005,2.559,0,0.915,34.25
2019,1,10,3,3.55833333333333,-0.774,0.011,2.638,0,0.917,32.62
2019,1,10,6,3.49166666666667,-0.634,0.074,2.897,0,0.913,31.08
2019,1,10,9,3.4,-0.933,0.088,2.355,0.005,0.901,29.35
2019,1,10,12,3.4,-0.835,0,2.763,174.395,0.886,27.83
2019,1,10,15,3.43333333333333,-1.762,0.002,2.551,172.144,0.87,25.82
2019,1,10,18,3.40833333333333,-2.31,0.002,1.927,21.787,0.845,24.7
2019,1,10,21,3.36666666666667,-2.94,0,1.649,0,0.866,23.78
2019,1,11,0,3.275,-4.065,0.444,1.258,0,0.882,22.66
2019,1,11,3,3.15833333333333,-4.327,0.999,1.033,0,0.882,21.73
2019,1,11,6,3.03333333333333,-3.725,1.722,1.663,0,0.871,21.15
2019,1,11,9,2.83333333333333,-3.421,1.008,2.164,1.602,0.932,19.32
2019,1,11,12,2.68333333333333,-2.498,0.534,2.523,113.968,0.933,18.76
2019,1,11,15,2.6,-1.934,0.329,2.644,153.003,0.942,18.27
2019,1,11,18,2.525,-1.716,0.057,3.013,20.808,0.953,17.64
2019,1,11,21,2.5,-0.954,0.028,3.407,0,0.962,17.47
2019,1,12,0,2.5,-0.358,0.06,3.317,0,0.973,17.2
2019,1,12,3,2.54166666666667,0.484,0.279,3.303,0,0.962,16.8
2019,1,12,6,2.61666666666667,0.809,0.184,2.981,0,0.964,16.43
2019,1,12,9,2.73333333333333,0.995,0.52,3.171,0.601,0.967,16.07
2019,1,12,12,2.95,1.535,1.793,3.866,152.933,0.965,15.9
2019,1,12,15,3.20833333333333,1.629,0.963,4.232,180.733,0.949,15.67
2019,1,12,18,3.325,0.94,0.64,3.883,18.276,0.956,15.42
2019,1,12,21,3.50833333333333,1.225,0.785,4.678,0,0.956,16.22
2019,1,13,0,3.6,1.169,0.22,4.065,0,0.962,17.34
2019,1,13,3,3.6,1.624,0.992,3.63,0,0.963,18.27
2019,1,13,6,3.6,2.485,3.468,3.296,0,0.948,19.04
2019,1,13,9,3.6,2.913,3.031,3.477,1.945,0.957,19.77
2019,1,13,12,3.66666666666667,3.59,1.8,4.271,103.259,0.953,20.48
2019,1,13,15,3.9,3.327,1.752,4.133,131.242,0.958,21.64
2019,1,13,18,4.175,5.171,0.577,5.137,16.524,0.961,24.81
2019,1,13,21,4.36666666666667,6.034,0.799,6.051,0,0.93,31.91
2019,1,14,0,4.4,4.348,0.094,4.995,0,0.891,39.77
2019,1,14,3,4.38333333333333,3.757,0.023,4.699,0,0.889,45.66
2019,1,14,6,4.275,2.803,0.073,3.786,0,0.874,49.6
2019,1,14,9,4.15,1.543,0.129,2.839,6.404,0.83,53.52
2019,1,14,12,4.03333333333333,2.07,0.188,4.039,247.68,0.837,56.7
2019,1,14,15,3.93333333333333,1.735,0.052,4.517,287.642,0.806,59.39
2019,1,14,18,3.81666666666667,0.795,0.103,4.244,60.085,0.789,61.62
2019,1,14,21,3.68333333333333,-0.283,0.074,2.874,0,0.826,62.85
2019,1,15,0,3.6,-0.267,0.002,3.457,0,0.838,62.43
2019,1,15,3,3.55,-0.054,0.002,4.137,0,0.845,59.77
2019,1,15,6,3.5,0.123,0,4.583,0,0.863,56.43
2019,1,15,9,3.40833333333333,0.299,0.194,4.311,5.824,0.869,53.1
2019,1,15,12,3.5,1.242,0.147,4.36,149.723,0.87,48.62
2019,1,15,15,3.65833333333333,2.004,0.091,4.332,191.161,0.88,43.19
2019,1,15,18,3.74166666666667,2.558,0.073,4.161,18.486,0.886,39.3
2019,1,15,21,3.825,2.308,0.191,4.228,0,0.94,36.45
2019,1,16,0,3.91666666666667,2.547,0.021,4.57,0,0.937,34.57
2019,1,16,3,4,2.604,0.032,4.448,0,0.93,33.75
2019,1,16,6,4.08333333333333,2.585,0.003,3.742,0,0.922,32.79
2019,1,16,9,4.15,2.295,0,2.633,3.771,0.923,31.74
2019,1,16,12,4.26666666666667,2.799,0,2.987,144.75,0.858,31.02
2019,1,16,15,4.39166666666667,2.958,0,3.305,255.985,0.821,30.48
2019,1,16,18,4.4,1.67,0,1.991,56.895,0.889,29.61
2019,1,16,21,4.34166666666667,1.128,0,2.506,0,0.88,28.8
2019,1,17,0,4.21666666666667,1.035,0.061,2.338,0,0.846,27.95
2019,1,17,3,4.1,2.165,1.039,3.121,0,0.81,27.85
2019,1,17,6,4.01666666666667,3.335,2.056,4.317,0,0.87,26.92
2019,1,17,9,4.025,3.503,0.811,3.358,5.661,0.932,25.95
2019,1,17,12,4.14166666666667,3.666,1.405,3.265,126.835,0.944,25.2
2019,1,17,15,4.29166666666667,3.753,0.296,3.763,163.773,0.939,24.91
2019,1,17,18,4.35,3.375,0.399,4.784,51.723,0.898,24.74
2019,1,17,21,4.4,1.161,0.492,4.56,0,0.931,25.66
2019,1,18,0,4.44166666666667,0.163,0.296,4.457,0,0.912,27.47
2019,1,18,3,4.325,-0.451,0.032,3.957,0,0.924,28.88
2019,1,18,6,4.18333333333333,-0.836,0.028,4.059,0,0.9,30.1
2019,1,18,9,4.03333333333333,-1.435,0.002,2.895,6.659,0.898,30.4
2019,1,18,12,3.96666666666667,-0.341,0,2.219,517.298,0.759,29.48
2019,1,18,15,4,0.157,0,1.812,755.906,0.609,28.22
2019,1,18,18,3.88333333333333,-4.304,0,0.904,112.008,0.905,27.3
2019,1,18,21,3.56666666666667,-6.378,0,0.646,0,0.936,26.41
2019,1,19,0,3.275,-7.511,0,0.618,0,0.965,25.57
2019,1,19,3,2.93333333333333,-8.172,0,0.767,0,0.961,24.87
2019,1,19,6,2.58333333333333,-8.059,0,0.764,0,0.954,23.82
2019,1,19,9,2.23333333333333,-8.966,0,0.653,37.671,0.94,22.88
2019,1,19,12,2.025,-2.08,0,1.834,822.371,0.653,21.95
2019,1,19,15,2.05,-0.096,0,2.549,837.587,0.53,21.19
2019,1,19,18,1.96666666666667,-3.087,0,1.785,121.611,0.698,20.57
2019,1,19,21,1.7,-5.254,0,1.839,0,0.818,19.6
2019,1,20,0,1.53333333333333,-7.382,0,1.247,0,0.915,19.5
2019,1,20,3,1.375,-8.206,0,1.002,0,0.92,19.21
2019,1,20,6,1.2,-8.178,0,1.368,0,0.932,18.5
2019,1,20,9,1.025,-8.363,0,1.18,22.929,0.932,18.27
2019,1,20,12,1.00833333333333,-4.057,0,2.266,571.075,0.839,17.42
2019,1,20,15,1.09166666666667,-2.711,0,1.994,568.209,0.803,17.86
2019,1,20,18,1.2,-3.362,0,2.304,98.944,0.836,16.97
2019,1,20,21,1.15,-3.677,0,2.583,0,0.84,16.68
2019,1,21,0,1.175,-3.479,0,2.346,0,0.832,16.3
2019,1,21,3,1.2,-3.258,0,1.932,0,0.82,16.3
2019,1,21,6,1.26666666666667,-3.305,0,1.28,0,0.841,16.3
2019,1,21,9,1.375,-3.044,0,1.639,9.492,0.814,15.6
2019,1,21,12,1.54166666666667,-1.967,0,2.203,211.688,0.71,15.48
2019,1,21,15,1.75,-1.78,0,1.398,256.3,0.682,15.7
2019,1,21,18,1.8,-3.89,0,1.084,63.052,0.81,15.42
2019,1,21,21,1.725,-7.271,0,1.054,0,0.916,14.7
2019,1,22,0,1.55,-9.118,0,0.718,0,0.933,14.83
2019,1,22,3,1.4,-10.02,0.003,0.494,0,0.926,14.9
2019,1,22,6,1.15,-10.88,0,0.556,0,0.923,14.6
2019,1,22,9,0.925,-9.396,0,0.569,12.543,0.917,14.17
2019,1,22,12,0.883333333333333,-5.719,0,1.881,223.64,0.873,13.7
2019,1,22,15,0.825,-4.728,0,2.413,269.127,0.84,13.47
2019,1,22,18,0.733333333333333,-5.315,0,2.645,74.994,0.866,12.77
2019,1,22,21,0.566666666666667,-5.72,0,2.915,0,0.879,13.17
2019,1,23,0,0.5,-6.9,0,1.786,0,0.895,13.33
2019,1,23,3,0.483333333333333,-7.075,0,1.841,0,0.907,13.07
2019,1,23,6,0.4,-7.74,0,1.942,0,0.901,13.03
2019,1,23,9,0.375,-7.531,0,2.039,4.226,0.911,12.9
2019,1,23,12,0.433333333333333,-6.764,0,3.042,143.688,0.884,12.6
2019,1,23,15,0.5,-5.827,0,2.702,231.691,0.835,12.2
2019,1,23,18,0.475,-5.819,0,2.338,69.226,0.854,11.47
2019,1,23,21,0.308333333333333,-6.844,0,1.942,0,0.885,12
2019,1,24,0,0.2,-6.013,0,2.021,0,0.873,12.2
2019,1,24,3,0.216666666666667,-5.884,0.003,1.806,0,0.893,12.2
2019,1,24,6,0.2,-5.94,0,1.399,0,0.91,12.03
2019,1,24,9,0.141666666666667,-5.633,0,1.204,1.911,0.92,11.8
2019,1,24,12,0.291666666666667,-4.189,0.462,1.398,203.895,0.879,11.6
2019,1,24,15,0.5,-3.199,0.053,1.036,292.868,0.866,11.4
2019,1,24,18,0.6,-3.753,0.018,0.38,34.84,0.929,11.27
2019,1,24,21,0.6,-4.244,0,0.512,0,0.946,11
2019,1,25,0,0.616666666666667,-4.613,0.025,0.87,0,0.953,11
2019,1,25,3,0.7,-4.977,0,1.059,0,0.949,11
2019,1,25,6,0.7,-5.319,0,1.53,0,0.93,10.77
2019,1,25,9,0.75,-5.658,0,1.469,11.838,0.919,10.6
2019,1,25,12,0.95,-4.774,0,2.537,234.678,0.848,10.6
2019,1,25,15,1.1,-4.801,0.06,2.811,232.356,0.826,10.6
2019,1,25,18,1.1,-4.845,0.787,2.118,50.22,0.832,10.3
2019,1,25,21,1.04166666666667,-4.156,1.545,2.491,0,0.899,10.3
2019,1,26,0,1,-3.002,1.345,2.641,0,0.926,10.3
2019,1,26,3,1,-2.332,0.827,3.44,0,0.943,10.21
2019,1,26,6,1,-2.021,1.261,3.031,0,0.968,10.3
2019,1,26,9,1,-1.006,1.17,2.621,4.606,0.953,10.24
2019,1,26,12,1.06666666666667,0.874,0.394,3.962,153.365,0.952,10.3
2019,1,26,15,1.25,1.718,0.379,4.413,221.091,0.96,10.15
2019,1,26,18,1.41666666666667,2.034,0.1,3.374,44.595,0.962,10.52
2019,1,26,21,1.65833333333333,2.048,0.063,3.22,0,0.965,10.57
2019,1,27,0,1.78333333333333,2.344,0.294,3.458,0,0.948,10.97
2019,1,27,3,1.93333333333333,2.066,1.228,3.042,0,0.949,11.47
2019,1,27,6,2.04166666666667,2.076,0.093,3.397,0,0.941,12.03
2019,1,27,9,2.14166666666667,1.768,0.664,3.365,2.564,0.952,12.23
2019,1,27,12,2.34166666666667,2.318,0.415,3.679,171.721,0.951,12.7
2019,1,27,15,2.66666666666667,3.89,0.18,2.675,399.367,0.909,12.73
2019,1,27,18,2.78333333333333,3.133,0.464,2.206,91.924,0.929,13.27
2019,1,27,21,2.84166666666667,2.695,0.275,2.657,0,0.932,13.73
2019,1,28,0,2.95,2.854,0.039,3.44,0,0.935,14.2
2019,1,28,3,3.05833333333333,1.057,0.065,4.643,0,0.937,15.57
2019,1,28,6,3.2,0.493,0.422,3.418,0,0.901,15.5
2019,1,28,9,3.2,0.497,0.577,3.616,1.494,0.88,15.12
2019,1,28,12,3.24166666666667,0.733,1.052,4.135,140.448,0.897,15.21
2019,1,28,15,3.3,0.674,0.774,4.128,226.052,0.928,14.37
2019,1,28,18,3.23333333333333,0.173,0.48,3.816,54.629,0.954,14.2
2019,1,28,21,3.2,0.316,0.227,4.009,0,0.953,14.03
2019,1,29,0,3.14166666666667,0.064,0.025,4.308,0,0.935,13.87
2019,1,29,3,3.06666666666667,-0.837,0.197,4.192,0,0.883,13.8
2019,1,29,6,2.88333333333333,-1.479,0.153,2.77,0,0.898,13.5
2019,1,29,9,2.73333333333333,-1.14,0.061,2.169,14.254,0.935,13.33
2019,1,29,12,2.75,-0.208,0.033,2.617,247.36,0.894,12.5
2019,1,29,15,2.81666666666667,0.244,0,1.93,412.255,0.87,12.77
2019,1,29,18,2.8,-1.078,0,1.101,84.81,0.927,12.4
2019,1,29,21,2.71666666666667,-2.525,0,1.284,0,0.95,11.5
2019,1,30,0,2.51666666666667,-4.126,0,1.466,0,0.966,11.57
2019,1,30,3,2.35,-5.384,0,1.155,0,0.923,11.8
2019,1,30,6,2.15,-6.006,0,1.213,0,0.924,11.8
2019,1,30,9,2,-4.838,0,1.671,53.413,0.879,11.47
2019,1,30,12,2.075,-2.215,0,2.996,336.088,0.826,11.33
2019,1,30,15,2.15,0.277,0.114,3.368,713.891,0.755,10.93
2019,1,30,18,2.125,-0.006,0.01,2.598,103.573,0.838,10.67
2019,1,30,21,2,0.217,0.003,3.132,0,0.852,10.6
2019,1,31,0,1.83333333333333,-0.59,0.008,2.784,0,0.868,10.6
2019,1,31,3,1.8,-2.04,0,1.695,0,0.894,10.6
2019,1,31,6,1.75,-4.949,0,1.023,0,0.945,10.52
2019,1,31,9,1.625,-6.261,0.004,1.002,59.505,0.963,10.3
2019,1,31,12,1.8,-0.77,0,1.941,788.927,0.744,10.4
2019,1,31,15,2.00833333333333,1.241,0,2.474,934.037,0.602,10.3
2019,1,31,18,2.18333333333333,-2.051,0.003,1.138,146.208,0.8,10.21
2019,1,31,21,2.025,-4.58,0.079,1.05,0,0.931,10.02
2019,2,1,0,1.75,-4.205,0.509,1.015,0,0.929,9.93
2019,2,1,3,1.7,-2.81,0.043,1.922,0,0.898,9.93
2019,2,1,6,1.61666666666667,-2.223,0.053,3.675,0,0.939,9.81
2019,2,1,9,1.6,-1.435,0.014,2.854,14.112,0.915,9.56
2019,2,1,12,1.65,0.18,0.002,2.87,241.598,0.85,9.56
2019,2,1,15,1.8,1.523,1.624,2.109,301.021,0.801,9.45
2019,2,1,18,1.83333333333333,0.497,1.75,1.602,92.768,0.9,9.56
2019,2,1,21,1.84166666666667,0.414,0.045,2.4,0,0.93,9.56
2019,2,2,0,1.8,0.195,0.367,1.239,0,0.962,9.56
2019,2,2,3,1.85833333333333,0.337,0.173,1.053,0,0.969,9.9
2019,2,2,6,2.38333333333333,0.252,0.141,0.997,0,0.971,10.6
2019,2,2,9,2.40833333333333,0.286,0,1.133,9.836,0.97,10.83
2019,2,2,12,2.49166666666667,0.945,0,1.298,146.285,0.956,11.97
2019,2,2,15,2.65833333333333,1.853,0.006,1.479,238.542,0.949,12
2019,2,2,18,2.7,1.486,0,0.927,59.562,0.967,11.33
2019,2,2,21,2.75,1.054,0,0.74,0,0.972,10.6
2019,2,3,0,2.8,0.78,0.035,0.87,0,0.973,10.45
2019,2,3,3,2.84166666666667,1,0.766,2.162,0,0.968,10.4
2019,2,3,6,2.9,0.223,1.62,3.496,0,0.94,10.3
2019,2,3,9,2.9,-0.466,2.116,3.153,10.098,0.909,10.3
2019,2,3,12,2.9,-0.99,1.207,3.524,147.95,0.929,9.87
2019,2,3,15,2.9,-1.124,0.399,3.488,208.951,0.925,9.56
2019,2,3,18,2.8,-1.136,0.31,3.151,48.011,0.945,9.87
2019,2,3,21,2.8,-1.02,0.062,2.485,0,0.902,9.93
2019,2,4,0,2.65,-1.059,0,2.496,0,0.915,9.9
2019,2,4,3,2.475,-2.198,0,1.978,0,0.944,9.93
2019,2,4,6,2.23333333333333,-4.913,0.003,1.505,0,0.959,9.87
2019,2,4,9,2.01666666666667,-7.141,0,1.057,42.65,0.953,9.56
2019,2,4,12,2.11666666666667,-1.004,0,1.462,586.824,0.846,9.56
2019,2,4,15,2.26666666666667,1.208,0,2.322,982.518,0.732,9.27
2019,2,4,18,2.29166666666667,-3.76,0,1.009,196.407,0.923,9.29
2019,2,4,21,2.15,-4.938,0,1.532,0,0.951,9.24
2019,2,5,0,1.73333333333333,-5.727,0,0.991,0,0.945,9.12
2019,2,5,3,1.44166666666667,-5.684,0,1.444,0,0.911,9.2
2019,2,5,6,1.3,-6.933,0.025,1.126,0,0.924,9.29
2019,2,5,9,1.2,-6.973,0,1.596,25.201,0.936,9.09
2019,2,5,12,1.24166666666667,-4.852,0.101,2.19,362.374,0.899,8.87
2019,2,5,15,1.375,-2.296,0.003,2.213,491.538,0.879,8.72
2019,2,5,18,1.4,-2.49,0,1.542,103.216,0.934,8.23
2019,2,5,21,1.4,-3.976,0.002,1.28,0,0.939,7.7
2019,2,6,0,1.275,-3.659,0,1.39,0,0.945,8.09
2019,2,6,3,1.10833333333333,-3.466,0,1.226,0,0.942,8.41
2019,2,6,6,1.05833333333333,-3.52,0,1.551,0,0.947,8.2
2019,2,6,9,1.13333333333333,-3.28,0,1.552,54.711,0.947,8.2
2019,2,6,12,1.39166666666667,-1.65,0,2.309,600.319,0.864,8.36
2019,2,6,15,1.63333333333333,-0.287,0,2.523,912.182,0.794,8.38
2019,2,6,18,1.725,-3.574,0,1.68,223.44,0.939,8.48
2019,2,6,21,1.775,-5.385,0,1.307,0,0.956,8.2
2019,2,7,0,1.56666666666667,-6.19,0,1.261,0,0.946,8.2
2019,2,7,3,1.35,-6.674,0,1.264,0,0.941,8.2
2019,2,7,6,1.225,-7.655,0.008,1.288,0,0.941,8.11
2019,2,7,9,1.14166666666667,-6.425,0.881,1.585,18.314,0.935,8.2
2019,2,7,12,1.26666666666667,-4.264,0.034,2.119,248.164,0.902,7.85
2019,2,7,15,1.375,-2.536,0.039,2.219,318.848,0.912,7.85
2019,2,7,18,1.4,-2.062,0.124,1.999,61.08,0.958,7.59
2019,2,7,21,1.4,-1.287,0,1.601,0,0.97,7.54
2019,2,8,0,1.3,0.401,0,2.4,0,0.965,8.43
2019,2,8,3,1.2,0.989,0,2.235,0,0.966,8.2
2019,2,8,6,1.2,1.402,0,2.296,0,0.962,8.2
2019,2,8,9,1.23333333333333,1.566,0,2.621,27.002,0.949,8.2
2019,2,8,12,1.59166666666667,3.553,0,2.493,482.793,0.866,8.2
2019,2,8,15,2,5.021,0,2.986,766.795,0.836,8
2019,2,8,18,2.29166666666667,3.153,0,2.175,155.604,0.917,8.2
2019,2,8,21,2.5,2.088,0,3.064,0,0.919,8.3
2019,2,9,0,2.39166666666667,1.901,0.326,3.434,0,0.859,8.93
2019,2,9,3,2.225,1.341,0.163,3.283,0,0.865,9.75
2019,2,9,6,2.33333333333333,2.269,0.069,3.216,0,0.841,9.93
2019,2,9,9,2.525,3.534,0.695,4.283,21.084,0.901,9.71
2019,2,9,12,2.88333333333333,5.97,0.269,5.07,432.651,0.817,9.56
2019,2,9,15,3.31666666666667,6.741,0.127,4.671,508.328,0.775,9.56
2019,2,9,18,3.40833333333333,5.01,0.183,3.659,116.716,0.903,9.35
2019,2,9,21,3.49166666666667,4.862,0.007,3.45,0,0.89,10.25
2019,2,10,0,3.36666666666667,3.972,0.007,3.078,0,0.907,12.27
2019,2,10,3,3.34166666666667,2.679,0.586,2.299,0,0.914,14.37
2019,2,10,6,3.44166666666667,2.716,0.866,2.424,0,0.892,15.86
2019,2,10,9,3.58333333333333,3.94,1.374,3.228,20.198,0.876,16.96
2019,2,10,12,3.51666666666667,4.8,2.092,4.333,201.437,0.902,17.53
2019,2,10,15,3.55833333333333,6.634,0.612,4.95,231.124,0.752,17.6
2019,2,10,18,3.85833333333333,6.072,0.415,3.806,38.229,0.944,17.89
2019,2,10,21,3.9,5.049,1.883,5.509,0,0.884,19.58
2019,2,11,0,3.76666666666667,3.617,0.73,6.033,0,0.878,22.78
2019,2,11,3,3.675,2.376,0.092,6.06,0,0.936,29.04
2019,2,11,6,3.6,0.989,0.311,4.764,0,0.953,34.28
2019,2,11,9,3.60833333333333,1.202,0.068,4.904,26.669,0.943,37.76
2019,2,11,12,3.5,2.688,0.587,5.158,356.849,0.869,40.14
2019,2,11,15,3.43333333333333,2.818,0.051,4.255,333.44,0.882,41.27
2019,2,11,18,3.3,2.107,0.052,4.512,56.27,0.904,41.8
2019,2,11,21,3.175,0.96,0.015,3.22,0,0.915,40.73
2019,2,12,0,3.04166666666667,0.863,0.01,2.96,0,0.861,40.1
2019,2,12,3,3,0.806,0.289,3.328,0,0.796,39.64
2019,2,12,6,2.925,0.634,0.39,3.276,0,0.791,38.28
2019,2,12,9,2.8,0.306,0.082,4.07,35.018,0.873,36.59
2019,2,12,12,2.85833333333333,1.436,0.02,4.245,324.62,0.86,33.92
2019,2,12,15,3.01666666666667,1.825,0.021,3.77,348.015,0.872,31.8
2019,2,12,18,3.1,1.66,0,3.067,110.418,0.887,30.05
2019,2,12,21,3.1,1.573,0,2.475,0,0.9,28.76
2019,2,13,0,3.175,1.509,0,2.532,0,0.922,27.41
2019,2,13,3,3.175,0.046,0,1.886,0,0.94,25.78
2019,2,13,6,3.06666666666667,-0.921,0,1.793,0,0.935,24.7
2019,2,13,9,3,-0.255,0,1.78,51.195,0.906,24.28
2019,2,13,12,3.15,2.929,0,2.876,594.919,0.779,23.31
2019,2,13,15,3.41666666666667,4.817,0,2.296,721.717,0.681,21.8
2019,2,13,18,3.59166666666667,2.818,0,1.07,196.766,0.823,21.46
2019,2,13,21,3.46666666666667,0.115,0,0.98,0,0.907,20.86
2019,2,14,0,3.33333333333333,-0.818,0,0.966,0,0.924,19.45
2019,2,14,3,3.26666666666667,-1.76,0,0.866,0,0.945,19.5
2019,2,14,6,3.15833333333333,-2.418,0,0.822,0,0.967,19.12
2019,2,14,9,3.00833333333333,-1.899,0,0.897,70.153,0.951,18.71
2019,2,14,12,3.16666666666667,4.002,0,1.186,688.38,0.749,18.49
2019,2,14,15,3.425,8.122,0,1.444,1030.165,0.553,17.72
2019,2,14,18,3.6,3.62,0,1.028,286.696,0.79,17.33
2019,2,14,21,3.46666666666667,-0.083,0,0.824,0,0.91,17.13
2019,2,15,0,3.24166666666667,-1.366,0,0.777,0,0.938,17
2019,2,15,3,3.13333333333333,-2.519,0,0.753,0,0.975,16.8
2019,2,15,6,2.93333333333333,-3.258,0,0.596,0,0.962,16.67
2019,2,15,9,2.75,-1.669,0,0.687,138.081,0.944,16.03
2019,2,15,12,2.93333333333333,7.446,0,1.196,970.515,0.655,15.9
2019,2,15,15,3.24166666666667,12.439,0,1.135,1207.943,0.414,15.67
2019,2,15,18,3.40833333333333,5.923,0.003,0.955,356.575,0.698,15.17
2019,2,15,21,3.29166666666667,1.184,0,0.79,0,0.88,14.97
2019,2,16,0,3.11666666666667,-0.545,0,1.274,0,0.918,15
2019,2,16,3,3.03333333333333,-1.461,0,1.101,0,0.948,14.87
2019,2,16,6,2.86666666666667,-2.187,0,1.186,0,0.957,14.6
2019,2,16,9,2.70833333333333,-0.679,0,0.827,133.378,0.91,14.6
2019,2,16,12,2.9,8.308,0,1.737,991.966,0.561,14.3
2019,2,16,15,3.225,12.477,0,2.171,1214.258,0.399,14.2
2019,2,16,18,3.4,6.667,0,1.092,351.842,0.66,13.87
2019,2,16,21,3.26666666666667,1.558,0,0.741,0,0.885,13.8
2019,2,17,0,3.11666666666667,0.08,0,0.867,0,0.923,14.07
2019,2,17,3,3.1,-1.02,0,0.777,0,0.969,14
2019,2,17,6,2.95,-2.101,0,0.954,0,0.973,13.8
2019,2,17,9,2.8,-0.268,0,0.717,176.042,0.946,13.8
2019,2,17,12,3.05,7.873,0,2.086,1011.748,0.624,13.8
2019,2,17,15,3.35833333333333,11.766,0,2.374,1158.564,0.478,13.8
2019,2,17,18,3.5,6.839,0,1.012,288.735,0.687,13.57
2019,2,17,21,3.325,1.863,0,1.174,0,0.88,13.4
2019,2,18,0,3.2,0.488,0,0.997,0,0.926,13.53
2019,2,18,3,3.2,-0.88,0,0.828,0,0.939,13.57
2019,2,18,6,3.075,-0.887,0,0.987,0,0.932,13.4
2019,2,18,9,2.93333333333333,0.064,0,0.793,124.854,0.899,13.4
2019,2,18,12,3.2,8.365,0,1.639,1007.095,0.551,13.4
2019,2,18,15,3.51666666666667,12.729,0,1.623,1245.879,0.404,13.4
2019,2,18,18,3.675,6.985,0,1.126,375.533,0.645,13.4
2019,2,18,21,3.46666666666667,1.881,0,0.852,0,0.87,13.43
2019,2,19,0,3.3,0.166,0,1.128,0,0.889,13.4
2019,2,19,3,3.3,-0.964,0,0.879,0,0.904,13.4
2019,2,19,6,3.18333333333333,-0.826,0,1.079,0,0.877,13.4
2019,2,19,9,3.1,2.142,0.031,1.844,117.698,0.823,13.4
2019,2,19,12,3.16666666666667,6.264,0,2.158,571.748,0.7,13.4
2019,2,19,15,3.3,5.337,0,3.19,364.156,0.819,13.4
2019,2,19,18,3.25833333333333,4.617,0.003,1.78,202.097,0.884,13
2019,2,19,21,3.075,1.367,0,1.75,0,0.942,13.2
2019,2,20,0,3,0.066,0,1.52,0,0.965,13.4
2019,2,20,3,3,-0.734,0,1.934,0,0.967,13.2
2019,2,20,6,3,-0.983,0,0.934,0,0.977,13
2019,2,20,9,3.01666666666667,0.108,0,1.427,36.188,0.97,13
2019,2,20,12,3.21666666666667,3.083,0,1.556,387.401,0.922,12.67
2019,2,20,15,3.5,6.192,0,2.082,591.718,0.809,12.83
2019,2,20,18,3.675,5.135,0,1.169,187.322,0.865,12.6
2019,2,20,21,3.64166666666667,2.799,0,0.62,0,0.933,12.6
2019,2,21,0,3.6,1.592,0,0.51,0,0.952,12.6
2019,2,21,3,3.64166666666667,0.466,0,0.907,0,0.959,12.73
2019,2,21,6,3.66666666666667,0.844,0,1.481,0,0.947,12.6
2019,2,21,9,3.65833333333333,1.831,0,1.257,63.628,0.941,12.6
2019,2,21,12,3.91666666666667,7.2,0,2.753,643.707,0.803,12.6
2019,2,21,15,4.175,7.956,0,3.678,479.187,0.777,12.47
2019,2,21,18,4.25,7.474,0.047,2.391,192.667,0.805,12.2
2019,2,21,21,4.225,7.056,0.189,2.734,0,0.844,12.2
2019,2,22,0,4.3,6.509,0.269,2.29,0,0.894,12.03
2019,2,22,3,4.45833333333333,6.684,0.308,2.534,0,0.916,12.27
2019,2,22,6,4.65833333333333,6.465,0.021,2.409,0,0.947,12.33
2019,2,22,9,4.825,6.419,0.001,1.8,28.538,0.95,12.23
2019,2,22,12,5.18333333333333,7.273,0.005,2.865,302.12,0.872,12.57
2019,2,22,15,5.44166666666667,6.887,0,2.856,416.133,0.849,12.6
2019,2,22,18,5.54166666666667,3.944,0,3.131,131.029,0.878,12.73
2019,2,22,21,5.46666666666667,1.633,0,2.694,0,0.875,13.17
2019,2,23,0,5.30833333333333,-0.665,0,2.113,0,0.942,13.9
2019,2,23,3,5.11666666666667,-1.989,0,1.932,0,0.89,14.6
2019,2,23,6,4.85,-3.199,0,1.733,0,0.857,15
2019,2,23,9,4.56666666666667,-2.503,0,1.567,163.536,0.831,15.12
2019,2,23,12,4.55833333333333,2.136,0,2.753,1058.501,0.468,14.9
2019,2,23,15,4.64166666666667,4.883,0,2.731,1191.028,0.28,14.6
2019,2,23,18,4.59166666666667,2.513,0,1.468,306.342,0.387,14.27
2019,2,23,21,4.225,-1.45,0,0.933,0,0.596,14.27
2019,2,24,0,3.9,-2.742,0,0.846,0,0.653,14.57
2019,2,24,3,3.625,-3.835,0,0.698,0,0.738,13.93
2019,2,24,6,3.325,-4.786,0,0.717,0,0.812,13.57
2019,2,24,9,3.10833333333333,-2.04,0,0.935,148.255,0.685,13.4
2019,2,24,12,3.15833333333333,2.882,0,1.391,647.627,0.42,13.27
2019,2,24,15,3.31666666666667,8.768,0,1.172,1150.873,0.249,13
2019,2,24,18,3.39166666666667,4.824,0,1.132,438.627,0.474,12.83
2019,2,24,21,3.21666666666667,0.086,0,1.054,0,0.654,12.6
2019,2,25,0,2.94166666666667,-1.421,0,0.842,0,0.755,12.6
2019,2,25,3,2.89166666666667,-2.292,0,0.837,0,0.801,12.6
2019,2,25,6,2.75,-3.008,0,0.706,0,0.825,12.6
2019,2,25,9,2.61666666666667,-0.974,0,0.827,130.349,0.746,12.43
2019,2,25,12,2.91666666666667,9.457,0,1.142,1049.431,0.38,12.2
2019,2,25,15,3.36666666666667,14.399,0,1.71,1319.01,0.349,12.2
2019,2,25,18,3.6,10.75,0,1.063,415.982,0.511,12.2
2019,2,25,21,3.45833333333333,3.83,0,1.283,0,0.785,11.87
2019,2,26,0,3.24166666666667,0.962,0,0.984,0,0.904,11.87
2019,2,26,3,3.26666666666667,-0.049,0,0.98,0,0.924,11.9
2019,2,26,6,3.25833333333333,-0.273,0,0.897,0,0.83,11.87
2019,2,26,9,3.24166666666667,1.839,0,0.883,175.008,0.836,11.87
2019,2,26,12,3.65833333333333,11.325,0,1.333,1121.812,0.461,11.8
2019,2,26,15,4.11666666666667,15.125,0,2.505,1266.584,0.246,11.87
2019,2,26,18,4.38333333333333,10.391,0,1.21,423.634,0.431,11.8
2019,2,26,21,4.18333333333333,4.926,0,1.285,0,0.585,11.77
2019,2,27,0,3.96666666666667,3.233,0,0.863,0,0.647,11.8
2019,2,27,3,3.9,0.78,0,0.965,0,0.781,11.8
2019,2,27,6,3.9,-0.565,0,1.241,0,0.872,11.8
2019,2,27,9,3.9,2.125,0,0.819,161.459,0.798,11.8
2019,2,27,12,4.3,12.656,0,1.238,1126.366,0.427,11.8
2019,2,27,15,4.75,15.788,0,2.114,1392.242,0.332,11.8
2019,2,27,18,4.9,11.686,0,1.324,487.379,0.467,11.83
2019,2,27,21,4.725,4.125,0,1.104,0,0.717,11.8
2019,2,28,0,4.43333333333333,2.673,0,1.284,0,0.745,11.63
2019,2,28,3,4.3,1.682,0,1.371,0,0.805,11.8
2019,2,28,6,4.225,1.269,0,1.387,0.001,0.8,11.8
2019,2,28,9,4.11666666666667,5.08,0,1.862,207.721,0.71,11.9
2019,2,28,12,4.45,11.056,0,5.287,1144.096,0.596,12.3
2019,2,28,15,4.84166666666667,13.302,0.148,4.827,1176.756,0.478,12.2
2019,2,28,18,5.01666666666667,12.178,0,4.388,353.165,0.496,12.2
2019,2,28,21,4.875,10.1,1.319,2.879,0,0.68,12.2
2019,3,1,0,4.86666666666667,8.538,0.533,3.692,0,0.786,12.17
2019,3,1,3,5,6.626,0.216,2.898,0,0.919,12.2
2019,3,1,6,5.21666666666667,6.506,0.131,2.555,0,0.925,12.5
2019,3,1,9,5.48333333333333,6.554,1.439,2.823,52.747,0.923,13
2019,3,1,12,5.80833333333333,7.935,0.647,3.198,352.761,0.86,13.17
2019,3,1,15,6.10833333333333,8.28,0.332,3.365,490.688,0.88,13.57
2019,3,1,18,6.23333333333333,6.834,0.736,2.703,206.194,0.948,13.9
2019,3,1,21,6.29166666666667,5.992,0.676,2.343,0,0.955,14.3
2019,3,2,0,6.3,5.451,0.106,2.341,0,0.94,14.77
2019,3,2,3,6.25,4.23,0.147,2.06,0,0.945,15.68
2019,3,2,6,6.20833333333333,3.536,0.006,2.632,0,0.938,16.92
2019,3,2,9,6.15,3.245,0,2.921,28.956,0.931,17.37
2019,3,2,12,6.125,3.648,0,2.965,242.083,0.911,17.62
2019,3,2,15,6.05,4.605,0,2.158,243.011,0.917,17.37
2019,3,2,18,5.95833333333333,5.536,0.404,1.925,108.502,0.919,18.1
2019,3,2,21,5.9,5.022,0.052,1.624,0,0.946,17.72
2019,3,3,0,5.85,6.038,0,2.875,0,0.931,17.3
2019,3,3,3,5.75833333333333,6.622,0.015,3.818,0,0.931,16.93
2019,3,3,6,5.65,6.595,0,3.511,0,0.894,16.38
2019,3,3,9,5.6,7.108,0,3.929,67.031,0.855,15.97
2019,3,3,12,5.70833333333333,8.401,0.019,4.966,255.768,0.817,15.44
2019,3,3,15,5.925,9.669,0,4.982,394.951,0.763,15.73
2019,3,3,18,6.05833333333333,9.137,0.007,3.579,130.26,0.771,15.42
2019,3,3,21,6.1,9.06,0.018,3.684,0,0.77,15.8
2019,3,4,0,6.1,8.702,0,3.764,0,0.765,15.9
2019,3,4,3,6.1,8.303,0,3.345,0,0.769,16.13
2019,3,4,6,6.1,8.629,0.012,2.911,0,0.717,16.23
2019,3,4,9,6.11666666666667,8.255,0.186,2.495,78.548,0.727,16
2019,3,4,12,6.25833333333333,10.561,2.066,7.391,337.387,0.542,16.23
2019,3,4,15,6.4,9.965,0.003,7.482,369.279,0.499,16
2019,3,4,18,6.45833333333333,6.465,0.171,6.535,89.188,0.813,15.9
2019,3,4,21,6.28333333333333,3.154,0.915,4.972,0,0.906,15.87
2019,3,5,0,6.16666666666667,3.34,0.037,4.619,0,0.861,15.83
2019,3,5,3,6.00833333333333,3.318,0.134,4.856,0,0.914,16.5
2019,3,5,6,5.81666666666667,3.097,0.452,4.396,0,0.881,16.9
2019,3,5,9,5.7,3.884,1.695,5.796,134.303,0.846,17.56
2019,3,5,12,5.74166666666667,5.225,0.087,5.845,433.956,0.776,17.66
2019,3,5,15,5.75,3.87,0.204,4.637,308.053,0.919,17.07
2019,3,5,18,5.60833333333333,3.705,0.119,3.965,88.587,0.913,16.8
2019,3,5,21,5.46666666666667,3.484,0.007,2.552,0,0.933,16.3
2019,3,6,0,5.4,3.13,0.011,2.146,0,0.938,16.18
2019,3,6,3,5.3,2.57,0,1.454,0,0.949,16.3
2019,3,6,6,5.23333333333333,2.8,0,1.854,0,0.943,16.7
2019,3,6,9,5.20833333333333,3.988,0,3.288,78.346,0.938,16.37
2019,3,6,12,5.44166666666667,7.023,0,4.084,649.879,0.859,16.3
2019,3,6,15,5.88333333333333,10.964,0,4.205,1078.898,0.676,15.93
2019,3,6,18,6.15833333333333,10.076,0,3.3,289.213,0.659,15.57
2019,3,6,21,6.16666666666667,8.156,0,2.859,0,0.721,15.1
2019,3,7,0,6.1,7.675,0,2.629,0,0.755,15.3
2019,3,7,3,6.03333333333333,6.638,0,2.148,0,0.806,15
2019,3,7,6,6.1,6.888,0.003,1.937,0,0.736,15
2019,3,7,9,6.15,9.222,0.887,2.963,129.639,0.609,14.92
2019,3,7,12,6.40833333333333,10.409,0,4.705,402.728,0.648,14.96
2019,3,7,15,6.59166666666667,10.104,0.008,4.621,329.743,0.656,14.79
2019,3,7,18,6.61666666666667,6.948,0.216,3.974,251.407,0.873,14.5
2019,3,7,21,6.5,5.13,0,3.04,0,0.898,14.17
2019,3,8,0,6.34166666666667,5.619,0.007,3.509,0,0.818,14.1
2019,3,8,3,6.19166666666667,5.853,0.009,4.205,0,0.784,14.13
2019,3,8,6,6.1,6.078,0.417,5.21,0,0.801,14.5
2019,3,8,9,6.08333333333333,5.703,1.481,5.368,81.756,0.782,14.5
2019,3,8,12,6.25,6.732,0.396,6.026,441.117,0.706,14.43
2019,3,8,15,6.4,5.34,0.193,4.781,461.494,0.902,14.1
2019,3,8,18,6.3,4.833,0.049,3.544,268.944,0.913,14
2019,3,8,21,6.14166666666667,3.913,0.024,2.243,0,0.933,13.83
2019,3,9,0,6.025,3.739,1.746,2.593,0,0.91,13.7
2019,3,9,3,5.86666666666667,3.283,0.814,2.631,0,0.859,13.97
2019,3,9,6,5.70833333333333,4.936,0.104,3.936,0,0.803,14.43
2019,3,9,9,5.6,4.643,0.971,4.883,34.03,0.938,14.1
2019,3,9,12,5.78333333333333,7.578,1.212,5.422,418.295,0.879,14.33
2019,3,9,15,5.91666666666667,7.366,1.04,4.906,397.142,0.884,14.17
2019,3,9,18,5.9,7.187,1.433,5.865,163.136,0.901,14.27
2019,3,9,21,5.94166666666667,7.112,0.249,8.052,0,0.855,14.81
2019,3,10,0,6,5.208,0.763,4.045,0,0.9,15.53
2019,3,10,3,5.95,4.2,2.995,3.514,0,0.95,15.8
2019,3,10,6,5.9,4.414,4.918,1.712,0,0.946,16.62
2019,3,10,9,5.80833333333333,4.991,3.547,1.752,56.005,0.964,17.57
2019,3,10,12,6.00833333333333,7.527,0.652,3.974,263.554,0.957,18.58
2019,3,10,15,6.475,9.828,1.247,7.634,472.276,0.904,18.74
2019,3,10,18,6.69166666666667,9.803,1.26,8.199,319.293,0.671,21.08
2019,3,10,21,6.61666666666667,5.848,0.01,8.818,0,0.726,27.09
2019,3,11,0,6.425,3.601,1.43,6.728,0,0.791,38.17
2019,3,11,3,6.18333333333333,0.976,0.736,4.819,0,0.9,44.85
2019,3,11,6,5.99166666666667,0.826,0.162,3.677,0,0.938,48.66
2019,3,11,9,5.725,0.07,0.236,4.308,66.336,0.94,49.9
2019,3,11,12,5.6,1.454,0.053,5.949,640.435,0.862,47.39
2019,3,11,15,5.55,2.852,1.278,6.271,764.145,0.792,44.65
2019,3,11,18,5.30833333333333,1.775,0.813,5.146,271.298,0.857,42.96
2019,3,11,21,5.05,2.032,0.195,4.936,0,0.835,40.98
2019,3,12,0,4.90833333333333,1.062,0.178,4.877,0,0.947,39.54
2019,3,12,3,4.81666666666667,1.178,0.009,3.34,0,0.919,39.02
2019,3,12,6,4.73333333333333,1.053,0.002,2.745,0,0.932,37.57
2019,3,12,9,4.7,1.78,0.018,2.845,149.026,0.895,35.56
2019,3,12,12,4.825,4.641,0,3.624,1019.827,0.705,35.08
2019,3,12,15,5.24166666666667,6.873,0,4.529,1246.996,0.538,34.68
2019,3,12,18,5.44166666666667,5.978,0.039,3.329,355.078,0.519,34.07
2019,3,12,21,5.35,5.03,0.367,3.955,0,0.51,32.27
2019,3,13,0,5.3,4.661,0.013,4.17,0,0.527,31.23
2019,3,13,3,5.3,4.591,0.007,3.389,0,0.769,30.68
2019,3,13,6,5.23333333333333,3.076,0.178,5.661,0,0.824,30.68
2019,3,13,9,5.13333333333333,3.438,0.007,4.7,151.095,0.832,29.76
2019,3,13,12,5.21666666666667,5.49,0.504,6.44,605.877,0.636,29.2
2019,3,13,15,5.44166666666667,6.173,0.856,6.102,735.342,0.623,28.28
2019,3,13,18,5.5,5.414,0.627,5.104,293.36,0.667,27.28
2019,3,13,21,5.40833333333333,3.201,0.104,4.555,0,0.937,26.7
2019,3,14,0,5.4,3.019,0.29,4.802,0,0.935,26.7
2019,3,14,3,5.31666666666667,3.039,0.143,4.6,0,0.919,26.25
2019,3,14,6,5.24166666666667,2.988,2.069,4.701,0,0.901,26.39
2019,3,14,9,5.2,3.573,3.938,4.258,91.005,0.916,27.2
2019,3,14,12,5.29166666666667,4.073,1.209,5.247,313.523,0.889,27.45
2019,3,14,15,5.35,2.719,0.824,4.803,254.738,0.938,27.41
2019,3,14,18,5.325,2.391,0.993,5.026,125.853,0.945,27.28
2019,3,14,21,5.31666666666667,4.267,0.479,5.201,0,0.933,28.45
2019,3,15,0,5.3,4.719,0.476,4.872,0,0.902,31.03
2019,3,15,3,5.20833333333333,4.098,0.663,4.134,0,0.9,34.35
2019,3,15,6,5.075,3.889,3.211,3.953,0,0.919,37.7
2019,3,15,9,5.13333333333333,4.968,2.808,4.14,94.418,0.893,40.37
2019,3,15,12,5.30833333333333,4.862,1.865,3.91,271.18,0.94,41.62
2019,3,15,15,5.4,6.608,1.202,3.448,306.495,0.964,42.45
2019,3,15,18,5.48333333333333,9.133,5.275,6.019,132.794,0.945,43.25
2019,3,15,21,5.675,9.244,2.518,7.572,0,0.931,46.01
2019,3,16,0,5.84166666666667,7.301,3.161,5.562,0,0.941,48.67
2019,3,16,3,5.99166666666667,5.497,2.786,3.629,0,0.923,49.9
2019,3,16,6,6.1,4.486,1.458,2.9,0,0.941,54.68
2019,3,16,9,6.1,4.762,0.46,1.742,73.625,0.953,59.01
2019,3,16,12,6.13333333333333,7.124,0.321,3.322,219.885,0.952,61.73
2019,3,16,15,6.275,8.262,0.04,5.428,311.713,0.917,64.66
2019,3,16,18,6.43333333333333,8.45,0,5.07,200.808,0.842,67.48
2019,3,16,21,6.5,7.128,0,3.488,0.332,0.872,69.58
2019,3,17,0,6.425,5.638,0,3.106,0,0.929,73.69
2019,3,17,3,5.96666666666667,4.174,0,2.351,0,0.914,84.4
2019,3,17,6,5.56666666666667,3.056,0,1.882,0,0.879,97.48
2019,3,17,9,5.38333333333333,7.911,1.25,3.163,324.064,0.695,97.32
2019,3,17,12,6.4,12.123,0.22,5.937,1355.628,0.507,93.3
2019,3,17,15,7.40833333333333,11.861,0.67,6.528,969.327,0.596,88.17
2019,3,17,18,7.225,3.576,0.844,2.903,300.329,0.944,82.55
2019,3,17,21,6.925,4.029,0.014,3.269,0,0.936,79.34
2019,3,18,0,6.80833333333333,3.425,0.101,3.727,0,0.903,75.27
2019,3,18,3,6.45,1.156,0.158,4.095,0,0.926,70.34
2019,3,18,6,6.025,1.348,0.146,2.754,0,0.923,65.93
2019,3,18,9,5.81666666666667,1.863,0.134,3.638,103.706,0.885,61.64
2019,3,18,12,5.81666666666667,3.649,0.272,4.342,647.526,0.792,56.82
2019,3,18,15,5.95,4.67,0.034,4.598,889.839,0.788,52.5
2019,3,18,18,6.075,3.639,0.003,3.567,526.289,0.827,49.85
2019,3,18,21,5.925,0.959,0,1.595,3.787,0.939,46.89
2019,3,19,0,5.76666666666667,0.872,0,1.794,0,0.961,44.1
2019,3,19,3,5.59166666666667,-0.167,0,1.47,0,0.965,42.48
2019,3,19,6,5.35833333333333,-0.763,0,0.977,0,0.979,40.94
2019,3,19,9,5.2,1.271,0,1.566,274.556,0.906,39.38
2019,3,19,12,5.43333333333333,4.466,0,2.441,1220.919,0.58,38.05
2019,3,19,15,5.95,5.641,0,2.518,1110.605,0.488,36.82
2019,3,19,18,5.99166666666667,5.117,0,1.469,387.594,0.525,35.52
2019,3,19,21,5.85833333333333,2.096,0,0.725,3.065,0.827,34.17
2019,3,20,0,5.79166666666667,0.216,0,0.837,0,0.906,33.35
2019,3,20,3,5.6,-1.731,0,0.823,0,0.928,32.65
2019,3,20,6,5.26666666666667,-2.733,0,0.799,0,0.932,32.02
2019,3,20,9,5.10833333333333,1.967,0,0.718,469.041,0.779,31.5
2019,3,20,12,5.43333333333333,7.265,0,2.14,1551.308,0.45,30.63
2019,3,20,15,5.99166666666667,9.509,0,1.79,1664.06,0.386,29.97
2019,3,20,18,6.21666666666667,8.194,0.001,1.66,690.29,0.478,29.03
2019,3,20,21,6.14166666666667,1.864,0,1.121,2.536,0.812,28.24
2019,3,21,0,5.99166666666667,-0.078,0,1.042,0,0.912,28.24
2019,3,21,3,5.81666666666667,-1.316,0,0.731,0,0.957,27.78
2019,3,21,6,5.45833333333333,-2.017,0,0.843,0,0.965,27.07
2019,3,21,9,5.21666666666667,3.17,0,0.89,412.569,0.802,26.65
2019,3,21,12,5.58333333333333,11.494,0,1.722,1486.496,0.408,26.1
2019,3,21,15,6.275,14.476,0,1.916,1671.816,0.342,25.77
2019,3,21,18,6.58333333333333,13.62,0,1.35,751.519,0.436,25.49
2019,3,21,21,6.53333333333333,6.633,0,0.844,6.22,0.776,25.03
2019,3,22,0,6.5,3.684,0,0.886,0,0.921,24.7
2019,3,22,3,6.48333333333333,1.757,0,0.661,0,0.957,24.53
2019,3,22,6,6.28333333333333,1.183,0,0.741,0,0.941,23.82
2019,3,22,9,6.10833333333333,6.939,0,0.765,307.167,0.833,23.28
2019,3,22,12,6.45,14.8,0,2.751,1361.386,0.5,22.87
2019,3,22,15,7.15,17.954,0,2.937,1742.138,0.426,22.62
2019,3,22,18,7.58333333333333,16.818,0.001,2.68,790.462,0.474,21.97
2019,3,22,21,7.56666666666667,8.472,0,0.883,10.729,0.84,21.55
2019,3,23,0,7.525,6.042,0,0.993,0,0.956,21.8
2019,3,23,3,7.55833333333333,3.685,0,0.931,0,0.968,21.8
2019,3,23,6,7.39166666666667,2.205,0,0.899,0,0.97,21.38
2019,3,23,9,7.21666666666667,8.219,0,1.167,388.322,0.889,20.62
2019,3,23,12,7.55833333333333,15.247,0,2.427,1557.754,0.467,20.37
2019,3,23,15,8.175,17.061,0,2.057,1729.433,0.381,20.17
2019,3,23,18,8.4,15.783,0,1.646,728.072,0.431,19.78
2019,3,23,21,8.275,9.688,0,2.538,8.484,0.798,19.4
2019,3,24,0,8.125,6.651,0,2.238,0,0.901,19.44
2019,3,24,3,8.06666666666667,5.619,0,1.865,0,0.926,19.36
2019,3,24,6,7.96666666666667,4.271,0,1.513,0,0.951,18.88
2019,3,24,9,7.925,7.066,0,1.749,216.985,0.89,18.75
2019,3,24,12,8.05833333333333,9.564,0,1.731,616.681,0.789,18.73
2019,3,24,15,8.25833333333333,10.174,0,1.582,639.986,0.783,18.53
2019,3,24,18,8.21666666666667,8.513,0,1.853,261.539,0.857,18.17
2019,3,24,21,8.075,5.665,0,1.107,3.064,0.936,17.7
2019,3,25,0,7.90833333333333,2.869,0,1.044,0,0.951,17.93
2019,3,25,3,7.73333333333333,2.827,0.604,1.419,0,0.945,17.97
2019,3,25,6,7.51666666666667,0.661,0.622,1.7,0,0.92,17.87
2019,3,25,9,7.28333333333333,2.379,1.282,3.554,236.023,0.842,17.6
2019,3,25,12,7.29166666666667,4.759,0.192,4.706,791.108,0.752,17.43
2019,3,25,15,7.33333333333333,3.637,0.153,3.902,972.107,0.832,17.1
2019,3,25,18,7.19166666666667,3.319,0.048,3.545,427.005,0.882,17.1
2019,3,25,21,6.98333333333333,1.624,0.044,2.237,2.569,0.929,17.1
2019,3,26,0,6.68333333333333,0.566,0,1.957,0,0.946,17.22
2019,3,26,3,6.475,0.588,0,1.112,0,0.954,17.6
2019,3,26,6,6.26666666666667,0.985,0,1.469,0,0.947,17.6
2019,3,26,9,6.2,2.819,0,2.227,165.488,0.901,17.39
2019,3,26,12,6.2,4.173,0,3.5,510.11,0.77,16.97
2019,3,26,15,6.3,5.71,0.033,4.2,563.647,0.661,16.67
2019,3,26,18,6.3,4.843,0.124,3.323,333.478,0.668,16.13
2019,3,26,21,6.28333333333333,3.963,0.024,2.536,0.092,0.804,15.8
2019,3,27,0,6.2,3.433,0.001,2.434,0,0.915,15.8
2019,3,27,3,6.16666666666667,3.158,0,1.594,0,0.94,15.8
2019,3,27,6,6.08333333333333,2.893,0,1.077,0,0.946,15.53
2019,3,27,9,6.13333333333333,4.516,0,1.497,236.312,0.871,15.43
2019,3,27,12,6.39166666666667,6.295,0,1.954,547.739,0.725,15.4
2019,3,27,15,6.725,7.548,0,1.95,624.241,0.63,15.23
2019,3,27,18,6.85,7.492,0.002,1.549,365.48,0.66,15.13
2019,3,27,21,6.8,4.297,0,0.756,6.828,0.895,15
2019,3,28,0,6.75,4.011,0.026,0.918,0,0.902,15
2019,3,28,3,6.7,3.551,0.03,0.991,0,0.914,14.75
2019,3,28,6,6.61666666666667,3.581,0,0.861,0,0.926,14.5
2019,3,28,9,6.66666666666667,5.743,0.01,1.187,159.782,0.91,14.5
2019,3,28,12,6.96666666666667,8.561,0,2.029,564.921,0.834,14.5
2019,3,28,15,7.25833333333333,9.628,0,1.811,489.473,0.806,14.13
2019,3,28,18,7.39166666666667,9.071,0.038,1.675,234.649,0.864,14.1
2019,3,28,21,7.4,7.839,0,0.78,3.168,0.926,13.73
2019,3,29,0,7.4,7.186,0,1.055,0,0.968,13.7
2019,3,29,3,7.49166666666667,6.591,0.003,0.744,0,0.971,13.7
2019,3,29,6,7.5,6.159,0,0.791,0,0.968,13.77
2019,3,29,9,7.64166666666667,8.565,0,2.388,439.456,0.784,13.7
2019,3,29,12,8.29166666666667,11.392,0,2.648,1465.453,0.589,13.7
2019,3,29,15,8.96666666666667,14.116,0,2.047,1710.096,0.495,13.7
2019,3,29,18,9.28333333333333,13.818,0,1.81,772.413,0.512,13.57
2019,3,29,21,9.18333333333333,5.774,0,0.733,12.91,0.885,13.3
2019,3,30,0,8.90833333333333,3.494,0,1.015,0,0.961,13.3
2019,3,30,3,8.7,1.596,0,0.982,0,0.973,13.27
2019,3,30,6,8.45833333333333,0.668,0,1.024,0,0.988,13.13
2019,3,30,9,8.375,6.597,0,1.105,539.114,0.852,12.9
2019,3,30,12,8.88333333333333,13.508,0,2.409,1683.741,0.514,12.9
2019,3,30,15,9.4,15.796,0,2.149,1798.326,0.396,12.77
2019,3,30,18,9.44166666666667,14.715,0,2.084,809.414,0.431,12.8
2019,3,30,21,9.05833333333333,7.541,0,1.096,12.293,0.784,12.6
2019,3,31,0,8.68333333333333,4.258,0,0.77,0,0.921,12.4
2019,3,31,3,8.45,2.935,0,1.142,0,0.93,12.1
2019,3,31,6,8.325,1.606,0,0.912,0,0.947,12.5
2019,3,31,9,8.34166666666667,8.16,0,0.603,437.483,0.786,12.4
2019,3,31,12,8.79166666666667,14.555,0,1.801,1473.113,0.494,12.1
2019,3,31,15,9.25,14.742,0,3.118,1385.389,0.479,12.1
2019,3,31,18,9.34166666666667,11.139,0,3.972,688.2,0.68,12.03
2019,3,31,21,9.025,6.365,0,2.925,20.192,0.889,11.73
2019,4,1,0,8.54166666666667,4.765,0,1.944,0,0.904,11.77
2019,4,1,3,8.24166666666667,2.599,0,1.657,0,0.931,11.7
2019,4,1,6,8.075,1.336,0,1.462,0,0.925,11.7
2019,4,1,9,8.175,6.756,0,3.538,440.849,0.724,11.7
2019,4,1,12,8.80833333333333,11.388,0,4.43,1596.075,0.559,11.7
2019,4,1,15,9.425,13.437,0,4.193,1768.837,0.491,11.7
2019,4,1,18,9.58333333333333,11.898,0,3.948,847.317,0.505,11.55
2019,4,1,21,9.25833333333333,6.682,0,2.594,20.247,0.653,11.4
2019,4,2,0,8.79166666666667,4.682,0,2.035,0,0.633,11.4
2019,4,2,3,8.51666666666667,3.467,0,2.32,0,0.655,11.53
2019,4,2,6,8.34166666666667,1.636,0,1.243,0,0.739,11.4
2019,4,2,9,8.375,6.62,0,2.676,497.288,0.55,11.4
2019,4,2,12,8.89166666666667,12.671,0.136,2.979,1575.814,0.468,11.37
2019,4,2,15,9.44166666666667,16.502,0.166,2.956,1615.538,0.447,10.7
2019,4,2,18,9.59166666666667,16.07,0.003,3.02,760.798,0.468,10.53
2019,4,2,21,9.33333333333333,9.747,0.045,1.23,14.046,0.837,10.6
2019,4,3,0,9.05833333333333,10.692,0,1.801,0,0.727,10.6
2019,4,3,3,9,6.809,0,1.231,0,0.947,10.6
2019,4,3,6,9,5.176,0,0.737,1.798,0.965,10.6
2019,4,3,9,9.15833333333333,8.983,0,1.314,245.097,0.879,10.6
2019,4,3,12,9.875,13.874,0,1.739,1237.141,0.58,10.6
2019,4,3,15,10.4583333333333,16.255,0,2.025,1473.453,0.457,10.47
2019,4,3,18,10.7833333333333,16.074,0,2.84,630.617,0.438,10.5
2019,4,3,21,10.675,11.45,0,2.569,12.916,0.664,10.2
2019,4,4,0,10.383333333333301,6.924,0,3.204,0,0.926,10.4
2019,4,4,3,10.133333333333301,5.488,0,2.033,0,0.949,10.37
2019,4,4,6,10.025,5.313,0,1.491,0,0.956,10.2
2019,4,4,9,10.1583333333333,9.557,0,3.152,481.099,0.768,10.2
2019,4,4,12,10.8916666666667,16.639,0,4.147,1619.078,0.416,10.2
2019,4,4,15,11.275,15.369,0.004,4.212,1435.662,0.535,10.2
2019,4,4,18,11.3416666666667,9.521,0.013,4.921,664.962,0.791,10.2
2019,4,4,21,11,7.216,0.026,3.474,3.965,0.872,9.88
2019,4,5,0,10.6666666666667,5.677,0,2.433,0,0.943,9.68
2019,4,5,3,10.4583333333333,4.883,0,1.951,0,0.955,9.85
2019,4,5,6,10.4,4.816,0,1.145,0,0.956,9.66
2019,4,5,9,10.3166666666667,5.399,0,0.746,157.958,0.948,9.52
2019,4,5,12,10.425,7.048,0,1.343,408.246,0.906,9.66
2019,4,5,15,10.675,10.957,0,2.004,829.788,0.728,9.6
2019,4,5,18,10.7666666666667,12.247,0,1.974,827.545,0.708,9.27
2019,4,5,21,10.5666666666667,8.279,0,1.527,31.205,0.918,9.15
2019,4,6,0,10.1583333333333,5.675,0,1.146,0,0.949,9.33
2019,4,6,3,9.70833333333333,3.827,0,1.256,0,0.949,9.52
2019,4,6,6,9.44166666666667,3.168,0,0.913,0.082,0.963,9.52
2019,4,6,9,9.50833333333333,10.39,0,2.259,470.145,0.818,9.52
2019,4,6,12,10.2166666666667,15.421,0,4.184,1510.935,0.563,9.43
2019,4,6,15,10.6833333333333,16.998,0,5.24,1538.18,0.454,9.15
2019,4,6,18,10.9333333333333,16.071,0,3.945,767.833,0.472,9
2019,4,6,21,10.7333333333333,10.545,0,1.892,19.495,0.694,9.09
2019,4,7,0,10.2666666666667,8.345,0,1.606,0,0.814,9.15
2019,4,7,3,9.875,5.288,0,1.779,0,0.884,9.15
2019,4,7,6,9.70833333333333,4.143,0,2.017,0.361,0.913,9.09
2019,4,7,9,9.85833333333333,10.117,0,3.639,554.969,0.677,8.78
2019,4,7,12,10.525,13.97,0,4.779,1617.219,0.504,8.65
2019,4,7,15,11.05,15.508,0,4.537,1608.937,0.452,8.78
2019,4,7,18,11.3,13.584,0,3.28,534.834,0.499,8.47
2019,4,7,21,11.0333333333333,8.962,0,0.968,21.494,0.727,8.68
2019,4,8,0,10.5,7.449,0,0.928,0,0.85,8.47
2019,4,8,3,10.1916666666667,7.249,0,0.774,0,0.88,8.75
2019,4,8,6,10.025,4.482,0,0.851,0.319,0.945,8.57
2019,4,8,9,10.175,10.778,0.458,1.026,508.269,0.739,8.47
2019,4,8,12,10.9583333333333,14.886,0.003,2.531,1590.636,0.579,8.47
2019,4,8,15,11.5166666666667,15.144,0.017,2.199,1199.43,0.56,8.47
2019,4,8,18,11.7,13.171,0.544,1.779,370.372,0.721,8.29
2019,4,8,21,11.575,10.774,0.031,0.747,13.507,0.89,8.38
2019,4,9,0,11.2,9.557,0.003,0.864,0,0.925,8.47
2019,4,9,3,11.008333333333301,8.372,0.003,0.943,0,0.946,8.5
2019,4,9,6,10.9166666666667,7.72,0.014,0.816,0.327,0.94,8.68
2019,4,9,9,11.008333333333301,9.354,0,1.888,304.717,0.814,8.75
2019,4,9,12,11.6,12.827,0,2.655,1529.389,0.617,8.78
2019,4,9,15,11.975,12.366,0,3.961,1435.815,0.626,8.78
2019,4,9,18,12,8.687,0,3.344,524.274,0.772,8.65
2019,4,9,21,11.8333333333333,7.916,0,2.775,13.758,0.823,8.55
2019,4,10,0,11.4583333333333,6.843,0,2.427,0,0.836,8.47
2019,4,10,3,11.0583333333333,5.685,0,2.645,0,0.847,8.47
2019,4,10,6,10.7833333333333,4.359,0,2.643,1.422,0.707,8.44
2019,4,10,9,10.675,4.674,0,3.628,325.924,0.638,8.11
2019,4,10,12,11.0416666666667,7.794,0,4.161,1234.238,0.577,8.11
2019,4,10,15,11.4083333333333,10.253,0,4.455,1561.268,0.488,8.11
2019,4,10,18,11.2833333333333,8.502,0,3.971,828.749,0.497,8.11
2019,4,10,21,10.975,4.788,0,3.45,22.782,0.584,8.08
2019,4,11,0,10.3916666666667,2.271,0,2.246,0,0.669,7.93
2019,4,11,3,9.725,0.192,0,1.67,0,0.764,7.8
2019,4,11,6,9.23333333333333,-0.797,0,2.174,0.364,0.824,7.8
2019,4,11,9,9.18333333333333,3.145,0,4,602.579,0.631,7.8
2019,4,11,12,9.75833333333333,6.782,0,4.736,1742.013,0.481,7.8
2019,4,11,15,10.125,7.878,0,4.449,1888.483,0.432,8.05
2019,4,11,18,9.91666666666667,5.885,0,4.164,997.645,0.475,7.62
2019,4,11,21,9.56666666666667,1.474,0,3.98,52.655,0.624,7.62
2019,4,12,0,8.96666666666667,-0.471,0,2.057,0,0.695,7.77
2019,4,12,3,8.30833333333333,-2.378,0,1.781,0,0.774,7.8
2019,4,12,6,7.925,-3.315,0,1.812,2.941,0.798,8.03
2019,4,12,9,7.9,1.17,0,2.977,324.141,0.62,7.79
2019,4,12,12,8.125,3.104,0,3.055,739.206,0.515,7.48
2019,4,12,15,8.36666666666667,4.292,0,2.97,909.092,0.469,7.45
2019,4,12,18,8.18333333333333,3.265,0,2.795,572.819,0.543,7.62
2019,4,12,21,7.85833333333333,1.084,0,2.415,13.873,0.723,7.5
2019,4,13,0,7.38333333333333,0.207,0,1.622,0,0.805,7.6
2019,4,13,3,6.96666666666667,-0.634,0,1.372,0,0.858,7.39
2019,4,13,6,6.675,-0.828,0,1.505,2.25,0.878,7.38
2019,4,13,9,6.75833333333333,2.607,0,2.295,646.177,0.664,7.45
2019,4,13,12,7.375,5.519,0,2.387,1394.148,0.458,7.45
2019,4,13,15,7.85,6.684,0.003,2.816,1286.582,0.404,7.26
2019,4,13,18,7.9,5.739,0,3.006,676.267,0.453,7.45
2019,4,13,21,7.675,1.828,0,2.263,26.948,0.725,7.26
2019,4,14,0,7.25,-1.157,0,1.471,0,0.875,7.16
2019,4,14,3,6.79166666666667,-1.71,0,1.664,0,0.89,7.18
2019,4,14,6,6.50833333333333,-1.974,0.032,1.22,3.007,0.89,7.35
2019,4,14,9,6.5,1.734,0,2.689,347.643,0.803,7.16
2019,4,14,12,6.74166666666667,3.274,0,3.968,713.087,0.817,7.18
2019,4,14,15,6.9,3.402,0.008,3.471,567.905,0.821,6.85
2019,4,14,18,6.74166666666667,3.125,0,3.055,197.249,0.867,7.17
2019,4,14,21,6.575,2.971,0,1.88,2.739,0.912,7.21
2019,4,15,0,6.30833333333333,3.411,0,1.728,0,0.95,6.93
2019,4,15,3,6.075,3.419,0,1.619,0,0.947,7.03
2019,4,15,6,5.84166666666667,1.523,0,1.429,1.275,0.973,6.99
2019,4,15,9,6.08333333333333,6.301,0,2.277,543.686,0.791,6.96
2019,4,15,12,7.05833333333333,11.588,0,3.713,1760.732,0.449,7.16
2019,4,15,15,7.9,14.141,0,3.449,1966.834,0.338,7.06
2019,4,15,18,8.16666666666667,13.264,0,3.251,1050.27,0.357,6.86
2019,4,15,21,8.25833333333333,7.409,0,2.453,58.429,0.53,6.96
2019,4,16,0,8.05,3.24,0,1.504,0,0.682,7.16
2019,4,16,3,7.66666666666667,1.77,0,1.237,0,0.706,6.91
2019,4,16,6,7.35833333333333,0.3,0,1.058,13.557,0.767,6.86
2019,4,16,9,7.725,9.013,0,2.651,776.061,0.468,6.86
2019,4,16,12,8.90833333333333,14.082,0,3.792,1828.323,0.326,6.91
2019,4,16,15,9.69166666666667,16.011,0,3.42,1936.881,0.274,6.63
2019,4,16,18,9.75833333333333,15.067,0,3.001,944.855,0.303,6.72
2019,4,16,21,9.86666666666667,7.827,0,1.881,30.595,0.525,6.86
2019,4,17,0,9.5,4.91,0,1.552,0,0.586,6.86
2019,4,17,3,8.94166666666667,3.049,0,1.044,0,0.65,6.72
2019,4,17,6,8.56666666666667,2.119,0,0.976,5.847,0.696,6.52
2019,4,17,9,8.88333333333333,11.008,0,2.867,628.658,0.437,6.52
2019,4,17,12,9.94166666666667,15.754,0,2.771,1744.799,0.308,6.52
2019,4,17,15,10.633333333333301,17.706,0,3.302,2069.172,0.242,6.52
2019,4,17,18,10.7,16.428,0,3.428,1150.753,0.272,6.63
2019,4,17,21,10.6916666666667,11.356,0,2.741,69.006,0.542,6.52
2019,4,18,0,10.35,6.576,0,1.535,0,0.753,6.52
2019,4,18,3,9.79166666666667,4.614,0,1.535,0,0.84,6.52
2019,4,18,6,9.525,3.892,0,1.137,11.641,0.865,6.52
2019,4,18,9,9.90833333333333,12.877,0,4.135,733.922,0.526,6.52
2019,4,18,12,11.025,16.988,0,5.801,1838.595,0.364,6.33
2019,4,18,15,11.7333333333333,18.491,0,5.45,2005.583,0.315,6.47
2019,4,18,18,11.7833333333333,17.586,0,4.506,1070.969,0.314,6.24
2019,4,18,21,11.633333333333301,11.478,0,2.492,68.824,0.505,6.17
2019,4,19,0,11.2666666666667,8.248,0,1.747,0,0.636,6.19
2019,4,19,3,10.7333333333333,7.094,0,1.619,0,0.687,6.52
2019,4,19,6,10.35,6.415,0,2.037,22.482,0.73,6.24
2019,4,19,9,10.7333333333333,15.07,0,4.196,842.23,0.469,6.24
2019,4,19,12,11.9333333333333,19.269,0,4.719,1905.96,0.346,6.24
2019,4,19,15,12.6083333333333,20.744,0,4.218,1960.377,0.285,6.4
2019,4,19,18,12.7,19.838,0,3.558,1004.29,0.28,6.07
2019,4,19,21,12.633333333333301,11.925,0,1.914,46.506,0.469,6.05
2019,4,20,0,12.2,8.668,0,1.427,0,0.578,5.95
2019,4,20,3,11.6,6.282,0,1.122,0,0.674,5.95
2019,4,20,6,11.1166666666667,4.578,0,0.843,27.557,0.751,5.95
2019,4,20,9,11.4833333333333,15.486,0,1.72,866.943,0.401,5.95
2019,4,20,12,12.6916666666667,19.942,0,3.324,1916.816,0.259,5.95
2019,4,20,15,13.3583333333333,21.556,0,2.79,1961.448,0.228,6.19
2019,4,20,18,13.4,20.193,0,2.711,987.675,0.289,5.95
2019,4,20,21,13.3,13.868,0,1.978,45.316,0.448,5.95
2019,4,21,0,12.875,8.709,0,0.967,0,0.605,5.95
2019,4,21,3,12.25,5.608,0,0.71,0,0.734,6.05
2019,4,21,6,11.6916666666667,4.337,0,0.856,17.218,0.768,5.85
2019,4,21,9,11.975,14.731,0,2.127,787.098,0.416,5.85
2019,4,21,12,13.15,19.747,0,2.999,1867.686,0.274,5.95
2019,4,21,15,13.7916666666667,21.012,0,2.764,2009.603,0.247,5.9
2019,4,21,18,13.7833333333333,20.079,0,2.689,1086.947,0.25,5.9
2019,4,21,21,13.6083333333333,11.84,0,1.622,75.773,0.486,5.66
2019,4,22,0,13.1833333333333,7.771,0,1.188,0,0.653,5.66
2019,4,22,3,12.5333333333333,5.885,0,0.984,0,0.664,5.68
2019,4,22,6,11.9666666666667,4.783,0,1.033,18.631,0.726,5.68
2019,4,22,9,12.2666666666667,15.18,0,3.111,822.129,0.434,5.66
2019,4,22,12,13.45,19.602,0,4.82,1925.182,0.316,5.66
2019,4,22,15,14.008333333333301,21.024,0,5.082,2021.553,0.254,5.93
2019,4,22,18,13.925,18.772,0,5.343,1084.225,0.255,5.76
2019,4,22,21,13.7,12.945,0,5.145,58.296,0.388,5.76
2019,4,23,0,13.3083333333333,11.383,0,4.8,0,0.499,5.71
2019,4,23,3,12.7,10.303,0,4.389,0,0.597,5.66
2019,4,23,6,12.2083333333333,8.849,0,3.757,18.458,0.687,5.66
2019,4,23,9,12.4083333333333,12.626,0,5.606,763.67,0.595,5.48
2019,4,23,12,13.4,15.952,0,6.026,1742.184,0.512,5.8
2019,4,23,15,13.8083333333333,17.223,0,5.284,1482.672,0.493,5.6
2019,4,23,18,13.8666666666667,15.605,0,4.579,607.599,0.549,5.76
2019,4,23,21,13.75,12.436,0,3.759,34.381,0.685,5.66
2019,4,24,0,13.3916666666667,10.206,0,2.619,0,0.835,5.66
2019,4,24,3,12.9166666666667,9.183,0,2.911,0,0.902,5.66
2019,4,24,6,12.4,8.107,0,2.446,42.241,0.945,5.66
2019,4,24,9,12.6916666666667,14.909,0,4.471,753.106,0.62,5.66
2019,4,24,12,13.8083333333333,20.699,0,3.969,1849.818,0.417,5.77
2019,4,24,15,14.575,24.089,0.003,4.038,1860.488,0.316,5.93
2019,4,24,18,14.633333333333301,21.756,0,3.875,766.197,0.416,5.66
2019,4,24,21,14.5583333333333,18.602,0,3.459,46.13,0.542,5.46
2019,4,25,0,14.1666666666667,9.531,0,2.283,0,0.761,5.55
2019,4,25,3,13.5666666666667,6.058,0,1.039,0,0.917,5.5
2019,4,25,6,13.05,4.542,0,1.082,21.681,0.956,5.64
2019,4,25,9,13.3083333333333,16.05,0,2.271,776.183,0.519,5.39
2019,4,25,12,14.508333333333301,21.957,0,4.51,1895.072,0.288,5.66
2019,4,25,15,15.15,24.035,0,4.672,1891.343,0.267,5.66
2019,4,25,18,15.2666666666667,22.841,0,2.792,877.025,0.291,5.5
2019,4,25,21,15.15,14.788,0,1.358,54.46,0.534,5.25
2019,4,26,0,14.8416666666667,12.519,0,1.57,0,0.581,5.19
2019,4,26,3,14.35,7.97,0,1.301,0,0.817,5.34
2019,4,26,6,13.7916666666667,7.197,0,1.644,19.682,0.883,5.39
2019,4,26,9,13.7416666666667,12.556,0.987,2.585,573.9,0.74,5.23
2019,4,26,12,14,13.19,3.08,4.376,932.953,0.718,5.39
2019,4,26,15,13.8916666666667,10.563,0.713,4.512,553.466,0.816,5.39
2019,4,26,18,13.7083333333333,7.436,0.194,3.878,265.277,0.945,5.39
2019,4,26,21,13.4333333333333,6.557,0.193,2.328,50.485,0.949,5.46
2019,4,27,0,13.0666666666667,6.628,0.012,1.735,0,0.957,5.73
2019,4,27,3,12.7166666666667,7.186,0,2.017,0,0.957,6.02
2019,4,27,6,12.3916666666667,7.243,0.152,1.83,6.102,0.956,6.07
2019,4,27,9,12.325,9.04,2.319,2.169,315.332,0.912,6.8
2019,4,27,12,12.7833333333333,13.446,3.099,2.953,1061.707,0.707,7.11
2019,4,27,15,12.8083333333333,12.81,0.907,3.692,1241.609,0.67,6.72
2019,4,27,18,12.6416666666667,8.998,0.498,2.138,399.054,0.93,6.43
2019,4,27,21,12.3583333333333,5.503,1.545,2.383,38.312,0.941,7.56
2019,4,28,0,11.9833333333333,5.151,2.701,2.363,0,0.94,7.92
2019,4,28,3,11.6,4.485,2.506,2.992,0,0.931,8.03
2019,4,28,6,11.258333333333301,3.7,0.332,2.544,11.993,0.94,7.96
2019,4,28,9,11.025,3.646,0.952,1.909,282.71,0.931,9.72
2019,4,28,12,11.175,6.028,0.177,2.287,660.487,0.874,11.62
2019,4,28,15,11.3583333333333,9.336,0.006,1.902,1191.874,0.668,11.75
2019,4,28,18,11.4,8.397,0,1.746,508.139,0.761,11.3
2019,4,28,21,11.1833333333333,5.587,0,0.827,38.693,0.933,10.7
2019,4,29,0,10.6416666666667,4.148,0,0.789,0,0.946,10.27
2019,4,29,3,10.3666666666667,3.413,0.055,0.804,0,0.947,10
2019,4,29,6,10.1,4.183,4.894,0.998,17.162,0.948,9.34
2019,4,29,9,9.96666666666667,7.257,5.326,2.334,326.229,0.872,8.55
2019,4,29,12,9.975,7.74,2.135,3.103,454.429,0.871,8.04
2019,4,29,15,10,6.707,2.509,3.71,354.327,0.931,7.71
2019,4,29,18,9.90833333333333,6.857,0.713,2.431,129.798,0.955,8.57
2019,4,29,21,9.88333333333333,7.19,0.184,1.634,3.289,0.965,10.13
2019,4,30,0,9.56666666666667,7.964,0.008,1.974,0,0.967,12.29
2019,4,30,3,9.25833333333333,7.231,0.002,1.909,0,0.952,14.3
2019,4,30,6,9.025,4.294,0.004,1.877,35.903,0.956,17.59
2019,4,30,9,9.19166666666667,7.584,0,2.626,933.997,0.838,18.42
2019,4,30,12,9.9,12.114,0,3.389,1920.929,0.601,17.65
2019,4,30,15,10.6416666666667,14.018,0,3.377,2070.122,0.373,16.44
2019,4,30,18,11.0333333333333,13.578,0,2.549,1202.641,0.34,15.04
2019,4,30,21,11.1083333333333,7.22,0,0.965,100.257,0.752,13.43
2019,5,1,0,10.7166666666667,4.802,0,0.762,0,0.901,12.08
2019,5,1,3,10.2833333333333,3.257,0,0.671,0,0.962,11.2
2019,5,1,6,10.0166666666667,2.71,0,0.729,33.869,0.969,10.11
2019,5,1,9,10.05,8.824,0,1.469,539.477,0.887,9.49
2019,5,1,12,10.425,13.155,0,1.965,1019.02,0.668,9.38
2019,5,1,15,11.0583333333333,16.461,0,2.545,1422.666,0.488,8.95
2019,5,1,18,11.175,15.51,0,2.533,791.673,0.567,8.17
2019,5,1,21,11.025,11.165,0,0.97,44.526,0.875,8.04
2019,5,2,0,10.725,7.311,0,0.762,0,0.952,8.35
2019,5,2,3,10.2916666666667,6.192,0,0.894,0,0.957,7.51
2019,5,2,6,9.94166666666667,5.024,0,0.798,33.091,0.957,7.6
2019,5,2,9,10.2166666666667,12.633,0,2.315,824.268,0.781,7.8
2019,5,2,12,10.9916666666667,15.559,0,4.095,1843.095,0.598,7.71
2019,5,2,15,11.7416666666667,16.091,0,4.128,1534.935,0.493,7.28
2019,5,2,18,11.875,15.383,0.008,3.228,938.062,0.445,6.86
2019,5,2,21,11.8,10.039,0.119,1.32,80.452,0.72,7.01
2019,5,3,0,11.6083333333333,8.61,0.117,1.536,0,0.808,7.38
2019,5,3,3,11.3583333333333,8.5,0.014,1.348,0,0.828,7.16
2019,5,3,6,11.2916666666667,7.565,0.014,1.726,13.41,0.917,6.86
2019,5,3,9,11.4333333333333,8.132,0.001,2.177,284.336,0.845,6.86
2019,5,3,12,11.65,8.564,0,2.804,771.652,0.708,6.86
2019,5,3,15,11.6833333333333,8.772,0,2.688,670.471,0.671,6.8
2019,5,3,18,11.633333333333301,8.962,0,2.382,505.273,0.655,6.52
2019,5,3,21,11.3083333333333,3.638,0,0.926,66.953,0.913,6.38
2019,5,4,0,11.0333333333333,3.004,1.418,0.864,0,0.938,6.38
2019,5,4,3,10.775,4.244,4.196,0.949,0,0.871,6.6
2019,5,4,6,10.5,4.09,1.483,1.108,7.352,0.918,6.52
2019,5,4,9,10.2916666666667,5.269,0.341,1.962,211.97,0.939,6.47
2019,5,4,12,10.0166666666667,1.263,0.351,2.783,380.663,0.94,6.77
2019,5,4,15,10.133333333333301,2.43,0.014,2.802,641.733,0.886,7.74
2019,5,4,18,10.2,3.479,0,1.72,632.567,0.816,8.26
2019,5,4,21,9.75,0.77,0,0.893,66.577,0.952,8.64
2019,5,5,0,9.21666666666667,0.247,0,1.202,0,0.961,10.03
2019,5,5,3,8.74166666666667,0.404,0,1.064,0,0.965,9.55
2019,5,5,6,8.31666666666667,0.81,0.014,1.688,26.95,0.937,9.15
2019,5,5,9,8.24166666666667,2.912,0.003,2.295,447.016,0.884,8.6
2019,5,5,12,8.46666666666667,5.153,0,2.396,1037.575,0.667,8.44
2019,5,5,15,9.00833333333333,6.834,0.002,2.576,1256.056,0.57,8.06
2019,5,5,18,8.86666666666667,6.664,0,1.902,603.438,0.536,7.8
2019,5,5,21,8.69166666666667,2.318,0,0.974,70.308,0.793,7.26
2019,5,6,0,8.36666666666667,0.418,0.006,0.871,0,0.898,7.16
2019,5,6,3,8,-0.487,0.012,0.71,0,0.903,6.61
2019,5,6,6,7.75,-0.093,0.022,0.672,31.333,0.952,6.89
2019,5,6,9,7.88333333333333,4.386,0,1.493,590.875,0.827,6.96
2019,5,6,12,8.375,6.904,0,2.801,1031.032,0.608,6.77
2019,5,6,15,8.74166666666667,8.152,0,3.502,1002.002,0.515,6.45
2019,5,6,18,8.80833333333333,7.194,0,2.754,459.309,0.501,6.66
2019,5,6,21,8.69166666666667,4.446,0,1.058,33.679,0.73,6.36
2019,5,7,0,8.4,1.033,0,1.155,0,0.905,6.47
2019,5,7,3,8.05,0.338,0,0.984,0,0.939,6.52
2019,5,7,6,7.81666666666667,1.906,0,1.039,34.312,0.921,6.31
2019,5,7,9,8,6.518,0,1.623,592.195,0.732,6.24
2019,5,7,12,8.5,9.195,0,2.485,1320.829,0.556,6.45
2019,5,7,15,8.80833333333333,9.835,0,2.276,892.847,0.504,6.17
2019,5,7,18,8.95833333333333,9.8,0,1.205,486.213,0.519,5.78
2019,5,7,21,8.85833333333333,6.095,0,0.807,44.714,0.795,6.72
2019,5,8,0,8.6,2.514,0,0.76,0,0.927,6.37
2019,5,8,3,8.36666666666667,2.462,0,0.979,0,0.924,5.93
2019,5,8,6,8.18333333333333,3.996,0.053,1.385,38.078,0.86,6.14
2019,5,8,9,8.50833333333333,10.462,0.676,3.85,860.639,0.547,5.95
2019,5,8,12,8.96666666666667,14.158,0.79,3.637,1389.17,0.512,5.95
2019,5,8,15,9.21666666666667,11.074,1.218,3.629,675.787,0.879,6.09
2019,5,8,18,9.4,10.413,0.293,2.867,317.799,0.931,6.02
2019,5,8,21,9.35,9.511,0.109,2.155,36.299,0.937,5.95
2019,5,9,0,9.30833333333333,9.075,0.285,3.028,0,0.946,6.19
2019,5,9,3,9.23333333333333,8.373,0.072,2.561,0,0.92,6.77
2019,5,9,6,9.20833333333333,7.439,0.045,1.763,10.611,0.932,6.96
2019,5,9,9,9.475,8.774,1.464,2.288,342.224,0.876,6.86
2019,5,9,12,10.0416666666667,12.475,3.257,2.872,1217.875,0.722,6.86
2019,5,9,15,10.3083333333333,12.268,2.053,3.366,1095.471,0.729,6.86
2019,5,9,18,10.4666666666667,9.234,0.884,2.615,396.471,0.933,6.8
2019,5,9,21,10.508333333333301,9.32,0.788,2.373,47.282,0.956,6.69
2019,5,10,0,10.5,8.842,0.16,3.185,0,0.956,7.45
2019,5,10,3,10.5666666666667,8.917,0.079,2.653,0,0.962,8.18
2019,5,10,6,10.4666666666667,8.669,0,2.776,21.497,0.945,8.6
2019,5,10,9,10.6916666666667,10.388,0,3.525,599.49,0.836,9.4
2019,5,10,12,11.0916666666667,12.569,0,4.326,1250.065,0.579,9.77
2019,5,10,15,11.625,14.477,0,3.7,1617.431,0.452,9.46
2019,5,10,18,11.8083333333333,13.769,0,2.848,934.431,0.5,9.46
2019,5,10,21,11.8083333333333,9.774,0.304,1.179,88.022,0.793,9.37
2019,5,11,0,11.6583333333333,7.65,3.637,0.792,0,0.898,8.6
2019,5,11,3,11.4083333333333,7.153,1.888,1.17,0,0.93,8.47
2019,5,11,6,11.1833333333333,7.574,1.046,1.318,10.431,0.952,8.11
2019,5,11,9,11.1583333333333,8.93,1.257,1.956,172.178,0.956,8.26
2019,5,11,12,11.525,12.939,1.565,2.51,784.217,0.88,9.33
2019,5,11,15,12.1666666666667,13.369,0.288,3.72,1067.098,0.807,10.15
2019,5,11,18,12.0583333333333,10.181,0.439,2.057,336.79,0.888,10.23
2019,5,11,21,11.725,8.79,0.009,2.327,21.971,0.929,11.7
2019,5,12,0,11.3083333333333,6.689,0.024,3.922,0,0.929,12.53
2019,5,12,3,11.0166666666667,5.231,0.002,3.665,0,0.906,12.13
2019,5,12,6,10.7916666666667,4.897,0,2.438,15.407,0.888,12.1
2019,5,12,9,10.758333333333301,6.551,0,3.31,416.102,0.872,11.9
2019,5,12,12,11.1583333333333,9.12,0,3.802,1210.056,0.698,11.23
2019,5,12,15,11.5666666666667,11.808,0,3.813,1850.613,0.438,10.4
2019,5,12,18,11.75,11.349,0,3.486,1120.322,0.424,9.77
2019,5,12,21,11.75,8.573,0,1.524,139.738,0.568,9.3
2019,5,13,0,11.3083333333333,6.177,0,1.636,0,0.715,8.86
2019,5,13,3,10.8166666666667,3.995,0,2.376,0,0.782,8.65
2019,5,13,6,10.525,3.798,0,2.03,65.692,0.817,8.23
2019,5,13,9,10.6916666666667,8.124,0,2.615,1091.814,0.613,7.93
2019,5,13,12,11.475,11.016,0,3.365,2063.313,0.418,8.08
2019,5,13,15,12.0833333333333,12.216,0,3.523,2155.756,0.36,8.03
2019,5,13,18,12.1,10.93,0,3.312,1240.773,0.386,7.51
2019,5,13,21,11.9666666666667,6.031,0,0.911,133.313,0.641,7.33
2019,5,14,0,11.4833333333333,2.584,0,0.641,0,0.837,7.35
2019,5,14,3,10.7833333333333,1.694,0,1.096,0,0.86,7.4
2019,5,14,6,10.4166666666667,2.733,0,1.643,58.133,0.771,7.16
2019,5,14,9,10.525,8.027,0.041,3.789,1097.818,0.564,7.01
2019,5,14,12,10.9,9.263,0.127,4.222,1553.789,0.462,6.86
2019,5,14,15,11.1666666666667,9.779,0,4.374,1377.817,0.486,6.58
2019,5,14,18,11.15,6.435,0.017,3.892,789.952,0.788,6.72
2019,5,14,21,11.008333333333301,4.235,0,1.296,117.769,0.897,6.72
2019,5,15,0,10.55,3.308,0,1.885,0,0.859,6.86
2019,5,15,3,9.98333333333333,1.786,0,1.613,0,0.863,6.66
2019,5,15,6,9.55833333333333,1.514,0,1.584,54.338,0.857,6.58
2019,5,15,9,9.64166666666667,5.036,0,2.834,577.638,0.675,6.52
2019,5,15,12,9.73333333333333,6.389,0,3.472,859.169,0.5,6.51
2019,5,15,15,9.825,7.125,0.007,3.598,824.103,0.581,6.58
2019,5,15,18,9.7,6.867,0.004,2.903,332.913,0.667,6.69
2019,5,15,21,9.675,5.915,0.043,1.885,43.074,0.739,6.17
2019,5,16,0,9.35833333333333,5.33,0.361,0.998,0,0.832,6.31
2019,5,16,3,9.075,5.162,1.533,1.028,0,0.857,6.47
2019,5,16,6,9,5.006,1.172,1.365,12.922,0.875,6.52
2019,5,16,9,8.95833333333333,5.804,0.059,1.7,307.889,0.902,6.33
2019,5,16,12,8.96666666666667,5.946,0.234,1.404,498.482,0.925,6.48
2019,5,16,15,9.08333333333333,6.51,0.138,1.345,421.882,0.913,7.13
2019,5,16,18,9.225,6.296,0,1.24,160.402,0.929,7.26
2019,5,16,21,9.19166666666667,6.079,0,1.261,17.991,0.968,7.42
2019,5,17,0,9.03333333333333,5.961,0,0.786,0,0.972,7.85
2019,5,17,3,8.85,5.534,0,1.031,0,0.976,8.11
2019,5,17,6,8.74166666666667,6.399,0,1.277,43.787,0.968,7.79
2019,5,17,9,8.925,9.917,0,2.546,515.257,0.832,7.21
2019,5,17,12,9.43333333333333,12.094,0,3.205,882.989,0.74,7
2019,5,17,15,10.2416666666667,15.298,0,3.224,1850.96,0.617,6.95
2019,5,17,18,10.425,15.752,0,3.13,1319.796,0.568,6.89
2019,5,17,21,10.475,10.879,0,1.476,168.691,0.795,6.72
2019,5,18,0,10.3416666666667,7.854,0,1.278,0,0.918,6.72
2019,5,18,3,10.0583333333333,6.212,0,1.019,0,0.965,6.86
2019,5,18,6,9.88333333333333,6.469,0,1.12,77.31,0.973,6.83
2019,5,18,9,10.275,12.029,0,2.252,1030.893,0.86,6.31
2019,5,18,12,11.4416666666667,16.95,0,2.419,2142.505,0.63,6.52
2019,5,18,15,12.2333333333333,19.637,0,2.481,2144.722,0.491,6.31
2019,5,18,18,12.5666666666667,18.913,0,2.7,1068.574,0.476,6.24
2019,5,18,21,12.7,13.938,0,1.121,119.322,0.731,6.24
2019,5,19,0,12.5583333333333,12.169,0,1.156,0,0.835,6.24
2019,5,19,3,12.1166666666667,9.398,0,0.799,0,0.955,6.24
2019,5,19,6,11.8166666666667,9.812,0,1.048,81.916,0.95,6.24
2019,5,19,9,12.3583333333333,16.396,0,2.009,1019.255,0.713,5.95
2019,5,19,12,13.5333333333333,20.667,0.679,2.033,1917.772,0.467,6
2019,5,19,15,14.075,21.242,0.037,2.835,1849.741,0.436,6.24
2019,5,19,18,14.1416666666667,18.87,0.002,2.754,894.383,0.561,5.9
2019,5,19,21,14.075,15.106,0.125,2.52,80.24,0.762,5.68
2019,5,20,0,13.5583333333333,12.398,0.122,1.064,0,0.891,7.64
2019,5,20,3,13.1833333333333,11.755,0.037,1.103,0,0.913,6.63
2019,5,20,6,13.3333333333333,12.205,0.11,0.922,29.596,0.925,6.45
2019,5,20,9,13.5333333333333,14.664,0.514,1.377,411.902,0.869,6.22
2019,5,20,12,14.0583333333333,16.679,0.43,1.887,670.366,0.822,5.95
2019,5,20,15,14.3166666666667,16.733,2.201,2.109,625.877,0.796,5.95
2019,5,20,18,14.3,14.158,2.438,1.864,280.407,0.907,5.95
2019,5,20,21,14.175,12.786,6.267,2.25,23.218,0.961,6.21
2019,5,21,0,13.9333333333333,12.555,3.078,1.587,0,0.966,6.4
2019,5,21,3,13.7166666666667,12.374,0.877,2.016,0,0.966,7.34
2019,5,21,6,13.6416666666667,12.309,3.081,1.835,30.232,0.973,8.54
2019,5,21,9,13.758333333333301,13.105,6.202,2.258,275.955,0.947,10.22
2019,5,21,12,13.9,14.857,9.861,1.904,632.949,0.918,12.5
2019,5,21,15,13.7,14.965,2.232,1.605,573.249,0.906,15.12
2019,5,21,18,13.7333333333333,14.026,0.544,2.562,327.613,0.922,20.96
2019,5,21,21,13.8166666666667,12.769,0.646,2.737,28.753,0.959,32.32
2019,5,22,0,13.45,11.931,0.385,1.978,0,0.959,37.39
2019,5,22,3,13.2833333333333,11.498,0,2.778,0,0.953,38.9
2019,5,22,6,13.05,11.121,0,3.398,11.848,0.936,40.37
2019,5,22,9,12.9166666666667,11.764,0,3.491,248.719,0.902,45.03
2019,5,22,12,13.1166666666667,13.17,0,3.405,610.116,0.859,45.13
2019,5,22,15,13.3666666666667,12.952,0,3.3,591.186,0.844,39.77
2019,5,22,18,13.375,12.507,0,2.841,571.621,0.85,33.6
2019,5,22,21,13.075,10.166,0,1.653,105.924,0.895,29.5
2019,5,23,0,12.6166666666667,6.121,0,1.489,0,0.956,26.38
2019,5,23,3,12.175,5.333,0,1.198,0,0.963,23.87
2019,5,23,6,11.8666666666667,5.731,0,0.923,65.065,0.948,21.4
2019,5,23,9,11.8416666666667,12.438,0,2.142,1056.919,0.778,19.4
2019,5,23,12,12.3333333333333,15.706,0,2.45,1813.86,0.589,17.5
2019,5,23,15,13.025,17.297,0.002,2.087,1730.415,0.516,15.93
2019,5,23,18,13.2666666666667,16.901,0,1.572,867.775,0.518,14.88
2019,5,23,21,13.0833333333333,12.459,0,0.932,105.959,0.881,14.71
2019,5,24,0,12.8166666666667,9.58,0,0.9,0,0.937,14.17
2019,5,24,3,12.4333333333333,7.828,0,0.794,0,0.954,13.3
2019,5,24,6,12.1583333333333,7.805,0,0.775,75.763,0.95,12.87
2019,5,24,9,12.275,15.911,0,1.347,1053.261,0.644,12.4
2019,5,24,12,12.975,18.488,0,1.886,1866.079,0.495,12
2019,5,24,15,13.7083333333333,19.99,0,1.947,1791.027,0.447,11.7
2019,5,24,18,14.0416666666667,19.5,0,1.996,1036.982,0.451,11.17
2019,5,24,21,14.008333333333301,14.455,0,1.238,143.746,0.796,10.93
2019,5,25,0,13.675,11.16,0,0.951,0,0.907,10.8
2019,5,25,3,13.2666666666667,9.517,0.08,0.721,0,0.932,10.37
2019,5,25,6,13.0916666666667,10.163,0.192,0.754,107.789,0.923,10.08
2019,5,25,9,13.258333333333301,17.273,0.079,1.392,1058.459,0.663,9.85
2019,5,25,12,13.7333333333333,18.281,0,2.695,1442.8,0.612,9.88
2019,5,25,15,14.2666666666667,17.872,0.042,3.24,1724.796,0.57,9.71
2019,5,25,18,14.5416666666667,18.58,0.125,1.797,1097.675,0.495,9.62
2019,5,25,21,14.5166666666667,13.237,0,1.173,145.845,0.85,8.93
2019,5,26,0,14.1916666666667,11.428,0.188,1.24,0,0.953,8.54
2019,5,26,3,13.8583333333333,9.226,0,0.705,0,0.976,9.45
2019,5,26,6,13.6416666666667,8.702,0,0.62,73.65,0.961,9.43
2019,5,26,9,13.8,15.927,0,1.31,1092.137,0.749,9.27
2019,5,26,12,14.5333333333333,18.708,0,3.389,2037.661,0.557,8.93
2019,5,26,15,15.2166666666667,19.86,0,3.889,1962.739,0.483,8.93
2019,5,26,18,15.4583333333333,19.263,0,3.14,1060.675,0.5,8.7
2019,5,26,21,15.3916666666667,13.642,0,1.177,150.089,0.79,8.14
2019,5,27,0,14.8583333333333,10.73,0,0.96,0,0.9,8.11
2019,5,27,3,14.3583333333333,9.863,0,1.164,0,0.911,7.98
2019,5,27,6,14.075,10.508,0,1.114,93.913,0.89,8.01
2019,5,27,9,14.2416666666667,16.801,0,2.756,1170.94,0.7,8.11
2019,5,27,12,14.7333333333333,18.98,0,3.902,1748.024,0.583,8.2
2019,5,27,15,15.1416666666667,19.439,0.008,3.271,1504.842,0.577,8.11
2019,5,27,18,15.2333333333333,18.581,0.397,2.526,854.801,0.639,7.9
2019,5,27,21,15.1166666666667,14.102,0.514,1.013,179.968,0.891,7.8
2019,5,28,0,14.8583333333333,12.314,0.067,0.927,0,0.935,7.54
2019,5,28,3,14.5333333333333,12.387,0.073,0.825,0,0.954,7.48
2019,5,28,6,14.3583333333333,11.807,0.238,1.473,27.793,0.958,8.04
2019,5,28,9,14.4916666666667,13.171,0.908,1.954,368.563,0.867,8.17
2019,5,28,12,14.633333333333301,14.212,0.371,1.988,683.306,0.772,8.11
2019,5,28,15,14.7166666666667,12.4,0.117,2.818,663.378,0.842,8.11
2019,5,28,18,14.6,11.754,0.016,1.823,396.906,0.893,8.11
2019,5,28,21,14.4,10.143,0.136,1.253,52.707,0.943,8.11
2019,5,29,0,14.0916666666667,8.979,0.742,1.019,0,0.965,8.38
2019,5,29,3,13.6833333333333,8.238,0.004,1.222,0,0.968,8.29
2019,5,29,6,13.3916666666667,8.465,0.016,1.673,22.101,0.954,8.11
2019,5,29,9,13.2083333333333,8.598,0.106,2.838,306.093,0.89,8.01
2019,5,29,12,13.225,10.304,0.03,2.787,745.627,0.816,7.8
2019,5,29,15,13.3583333333333,12.423,0,2.721,1050.857,0.652,7.85
2019,5,29,18,13.4083333333333,13.127,0.006,1.957,802.59,0.545,7.8
2019,5,29,21,13.2833333333333,7.686,0.002,1.146,140.394,0.852,7.74
2019,5,30,0,12.9666666666667,4.763,0,1.049,0,0.96,7.45
2019,5,30,3,12.4916666666667,2.94,0,0.963,0,0.96,7.45
2019,5,30,6,12.0833333333333,3.595,0,0.962,136.221,0.96,7.35
2019,5,30,9,12.225,13.715,0,1.618,1215.911,0.643,7.16
2019,5,30,12,12.9833333333333,17.141,0,2.207,2058.582,0.424,7.16
2019,5,30,15,13.5666666666667,18.914,0.002,2.648,2245.629,0.373,7.16
2019,5,30,18,13.8666666666667,18.632,0.002,2.831,1194.645,0.413,7.01
2019,5,30,21,13.8916666666667,15.03,0,1.218,98.017,0.761,6.09
2019,5,31,0,13.5666666666667,12.497,0.05,1.153,0,0.83,6.33
2019,5,31,3,13.35,12.639,0,1.246,0,0.874,6.75
2019,5,31,6,13.2416666666667,13.03,0.006,1.121,32.84,0.891,6.33
2019,5,31,9,13.5333333333333,17.04,0,1.58,554.072,0.78,6.52
2019,5,31,12,14.3,19.677,0,2.515,1462.836,0.625,6.52
2019,5,31,15,14.7833333333333,20.326,0,2.501,1089.613,0.579,6.52
2019,5,31,18,15.1666666666667,20.511,0,2.232,831.371,0.57,6.29
2019,5,31,21,15.1666666666667,14.775,0,1.153,147.66,0.894,6.24
2019,6,1,0,14.9833333333333,11.559,0,1.083,0,0.965,6.07
2019,6,1,3,14.6833333333333,9.916,0,0.728,0,0.973,6.24
2019,6,1,6,14.325,11.035,0,0.562,91.847,0.969,6.24
2019,6,1,9,14.7166666666667,19.956,0,1.349,1058.665,0.706,6.24
2019,6,1,12,15.8,22.669,0,1.954,1980.316,0.535,6.24
2019,6,1,15,16.35,24.37,0,1.98,2115.75,0.444,6.24
2019,6,1,18,16.5833333333333,24.581,0,1.635,1291.403,0.43,6.19
2019,6,1,21,16.6166666666667,17.126,0,1.212,193.069,0.82,5.95
2019,6,2,0,16.45,13.31,0,1.164,0,0.954,5.95
2019,6,2,3,16.0083333333333,11.012,0,0.928,0,0.97,5.83
2019,6,2,6,15.575,12.128,0,1.018,117.948,0.966,5.66
2019,6,2,9,15.9583333333333,21.657,0,1.373,1131.292,0.67,5.66
2019,6,2,12,17.0416666666667,25.685,0,2.217,2146.119,0.428,5.73
2019,6,2,15,17.7666666666667,27.288,0,2.059,2214.946,0.376,5.85
2019,6,2,18,17.7166666666667,27.95,0,2.027,1422.662,0.344,5.66
2019,6,2,21,17.625,20.005,0,1.226,237.355,0.602,5.88
2019,6,3,0,17.3916666666667,16.627,0,1.165,0,0.757,5.64
2019,6,3,3,16.95,13.319,0,1.061,0,0.93,5.39
2019,6,3,6,16.475,15.626,0,1.305,128.253,0.873,5.43
2019,6,3,9,16.8,23.78,0,2.852,1194.228,0.542,5.55
2019,6,3,12,17.95,27.809,0.004,2.877,2111.19,0.354,5.64
2019,6,3,15,18.675,29.055,0.01,2.544,2095.373,0.315,5.64
2019,6,3,18,18.6166666666667,25.723,0,2.945,1117.066,0.418,5.52
2019,6,3,21,18.4916666666667,17.901,0,1.625,56.268,0.81,5.39
2019,6,4,0,18.2,14.843,0,1.302,0,0.923,5.39
2019,6,4,3,17.8,13.151,0,1.044,0,0.962,5.3
2019,6,4,6,17.3333333333333,12.955,0,0.751,96.794,0.965,5.17
2019,6,4,9,17.5666666666667,21.488,0,1.184,1126.413,0.661,5.05
2019,6,4,12,18.6416666666667,25.765,0,1.815,2100.475,0.465,5.12
2019,6,4,15,19.3083333333333,28.368,0,2.002,2186.09,0.345,5.25
2019,6,4,18,19.3,28.465,0,1.232,1302.213,0.351,5.23
2019,6,4,21,19.225,20.314,0,0.868,206.025,0.663,5.28
2019,6,5,0,18.9583333333333,15.86,0,1.014,0,0.851,5.13
2019,6,5,3,18.6083333333333,13.732,0,0.975,0,0.916,5.1
2019,6,5,6,18.1666666666667,14.96,0,0.999,127.828,0.911,4.99
2019,6,5,9,18.3666666666667,24.412,0.037,1.536,1153.338,0.567,4.84
2019,6,5,12,19.35,28.19,0.586,2.099,2151.382,0.389,4.99
2019,6,5,15,19.95,29.423,0,1.962,2148.44,0.34,4.99
2019,6,5,18,19.9083333333333,25.444,0.016,2.092,1159.083,0.499,4.99
2019,6,5,21,19.8166666666667,20.379,0,1.017,154.24,0.709,4.7
2019,6,6,0,19.6666666666667,18.257,0,1.324,0,0.716,4.66
2019,6,6,3,19.3333333333333,15.211,0,0.869,0,0.879,4.93
2019,6,6,6,18.775,16.645,0.004,1.534,94.504,0.837,4.82
2019,6,6,9,18.6166666666667,18.955,0,4.694,860.54,0.784,4.74
2019,6,6,12,18.7416666666667,17.45,0.001,4.46,1128.788,0.786,4.87
2019,6,6,15,18.85,17.357,2.934,4.226,1485.306,0.719,4.74
2019,6,6,18,18.4916666666667,14.387,0.049,3.527,758.235,0.8,4.62
2019,6,6,21,18.2583333333333,12.167,0.011,3.017,60.4,0.863,4.55
2019,6,7,0,17.9833333333333,10.853,0.41,1.84,0,0.966,4.7
2019,6,7,3,17.525,10.925,0,0.799,0,0.962,5.19
2019,6,7,6,17.1083333333333,11.435,0,1.242,83.488,0.963,5.26
2019,6,7,9,17.1833333333333,15.13,0,1.838,795.937,0.865,5.35
2019,6,7,12,18.0833333333333,21.431,0,3.194,1978.674,0.684,5.52
2019,6,7,15,18.6166666666667,24.37,0.586,3.777,1994.476,0.549,6.02
2019,6,7,18,18.7,25.025,0.154,3.472,1236.753,0.509,5.9
2019,6,7,21,18.675,20.452,0.015,1.757,180.958,0.731,5.39
2019,6,8,0,18.325,12.726,0.072,3.886,0,0.862,5.1
2019,6,8,3,17.8916666666667,10.354,0.012,1.519,0,0.919,4.74
2019,6,8,6,17.3416666666667,11.185,0,1.823,36.713,0.914,4.82
2019,6,8,9,17.0833333333333,12.772,0,2.833,328.135,0.831,4.74
2019,6,8,12,17.925,16.366,0,4.512,1488.96,0.502,4.74
2019,6,8,15,18.25,18.944,0,4.208,2238.613,0.381,4.74
2019,6,8,18,17.775,19.085,0,3.298,1454.581,0.354,4.74
2019,6,8,21,17.625,12.429,0,1.159,253.123,0.671,4.74
2019,6,9,0,17.3166666666667,8.18,0,1.172,0,0.927,4.74
2019,6,9,3,16.8416666666667,6.289,0,0.83,0,0.957,4.49
2019,6,9,6,16.3333333333333,8.848,0,0.585,123.419,0.908,4.49
2019,6,9,9,16.6083333333333,18.295,0,1.767,1154.641,0.487,4.33
2019,6,9,12,17.6666666666667,23.037,0.339,2.978,2132.244,0.358,4.41
2019,6,9,15,17.7916666666667,25.009,0.081,2.824,1968.2,0.375,4.49
2019,6,9,18,17.675,22.155,0.006,1.098,475.542,0.575,4.39
2019,6,9,21,17.7333333333333,17.07,0,1.018,49.783,0.894,4.21
2019,6,10,0,17.5,15.652,0,0.621,0,0.912,4.19
2019,6,10,3,17.275,15.099,0.002,0.63,0,0.931,4.39
2019,6,10,6,17.0583333333333,14.758,0,0.62,59.385,0.925,4.39
2019,6,10,9,16.9666666666667,18.293,0.004,1.064,517.914,0.815,4.31
2019,6,10,12,17.0833333333333,20.977,0.707,1.591,1194.574,0.705,4.31
2019,6,10,15,17.4916666666667,23.704,0.035,1.623,1646.845,0.548,4.49
2019,6,10,18,17.2583333333333,20.118,0.006,3.02,527.909,0.722,4.49
2019,6,10,21,17.35,16.336,0.155,1.282,46.512,0.908,4.51
2019,6,11,0,17.2,14.486,0.071,0.884,0,0.944,4.72
2019,6,11,3,17.0166666666667,14.287,0,0.844,0,0.95,4.19
2019,6,11,6,16.7333333333333,14.729,0.086,2.668,15.505,0.942,4.06
2019,6,11,9,16.9583333333333,16.412,0.086,2.053,627.52,0.863,4.25
2019,6,11,12,17.7166666666667,19.764,0,1.522,1353.63,0.739,4.47
2019,6,11,15,17.925,22.992,1.055,1.647,1618.683,0.643,4.49
2019,6,11,18,17.95,23.816,0.002,2.178,1063.671,0.647,4.31
2019,6,11,21,17.9916666666667,20.168,0,1.693,120.008,0.808,4.27
2019,6,12,0,17.8833333333333,15.885,0.08,1.553,0,0.963,4.25
2019,6,12,3,17.775,15.513,0,1.521,0,0.967,4.25
2019,6,12,6,17.5916666666667,15.937,0,1.398,73.381,0.961,4.39
2019,6,12,9,17.9083333333333,21.586,0.363,1.779,904.379,0.808,4.55
2019,6,12,12,18.5083333333333,26.695,0.46,2.806,1557.075,0.565,4.74
2019,6,12,15,18.2916666666667,17.164,0.45,5.074,1017.646,0.853,4.72
2019,6,12,18,18.3,15.383,0.682,3.289,1087.612,0.859,4.51
2019,6,12,21,18.025,12.956,0.532,1.222,267.77,0.937,4.25
2019,6,13,0,17.85,12.574,0.033,1.19,0,0.97,4.25
2019,6,13,3,17.5666666666667,12.307,0.181,1.202,0,0.97,4.25
2019,6,13,6,17.3166666666667,11.819,0.002,0.976,42.858,0.977,4.43
2019,6,13,9,17.4583333333333,15.785,0,1.409,663.652,0.896,4.72
2019,6,13,12,18.3916666666667,20.196,0,1.685,1985.532,0.533,4.74
2019,6,13,15,19.0083333333333,23.339,0,1.772,2110.163,0.424,4.97
2019,6,13,18,18.9666666666667,23.713,0,1.829,1344.331,0.41,4.76
2019,6,13,21,18.85,16.448,0,1.109,271.466,0.804,4.49
2019,6,14,0,18.5583333333333,12.033,0,1.036,0,0.966,4.49
2019,6,14,3,18.1583333333333,10.167,0,1.005,0,0.969,4.45
2019,6,14,6,17.7083333333333,13.175,0,0.832,150.189,0.952,4.19
2019,6,14,9,18.125,22.551,0,2.765,1200.646,0.628,3.65
2019,6,14,12,18.8416666666667,26.942,0,4.235,1952.887,0.411,3.81
2019,6,14,15,19.0666666666667,28.692,0,2.29,1780.633,0.362,4.31
2019,6,14,18,19.0833333333333,26.636,0,1.205,750.85,0.493,4.27
2019,6,14,21,18.9916666666667,21.967,0,1.6,116.104,0.652,4.27
2019,6,15,0,18.85,20.293,0,1.71,0,0.713,4.08
2019,6,15,3,18.675,19.48,0,1.041,0,0.831,3.65
2019,6,15,6,18.55,20.342,0,1.28,59.895,0.834,3.94
2019,6,15,9,19.0333333333333,24.002,0,3.655,1037.37,0.56,4.02
2019,6,15,12,20.125,23.78,0,4.406,1834.164,0.559,4.02
2019,6,15,15,20.0166666666667,23.188,0,4.243,1967.226,0.556,4.02
2019,6,15,18,19.625,22.316,0.286,3.173,1216.406,0.548,4.1
2019,6,15,21,19.475,17.949,3.05,1.467,267.358,0.781,3.67
2019,6,16,0,19.4,16.014,0.178,0.868,0,0.873,3.75
2019,6,16,3,19.275,15.638,0.196,1.019,0,0.903,3.44
2019,6,16,6,19.1333333333333,14.382,0.631,0.679,18.543,0.971,3.51
2019,6,16,9,19.1666666666667,16.614,0.341,1.707,396.982,0.851,4.02
2019,6,16,12,19,17.468,0.043,1.677,616.545,0.805,4.13
2019,6,16,15,18.9916666666667,16.73,0.027,2.062,614.028,0.874,4.25
2019,6,16,18,18.7083333333333,16.883,0.032,1.852,546.954,0.844,4.35
2019,6,16,21,18.5416666666667,15.249,0.003,0.375,84.814,0.936,4.51
2019,6,17,0,18.425,12.917,0.02,1.075,0,0.977,4.55
2019,6,17,3,18.1416666666667,11.981,0,1.092,0,0.979,4.49
2019,6,17,6,17.8666666666667,12.687,0.006,0.692,76.822,0.959,4.49
2019,6,17,9,18.125,19.533,0,1.781,946.047,0.746,4.49
2019,6,17,12,19.0833333333333,22.429,0,2.296,1789.889,0.56,4.39
2019,6,17,15,19.3416666666667,24.472,0,2.63,1847.355,0.464,4.39
2019,6,17,18,19.1,23.728,0,2.248,1285.727,0.456,4.25
2019,6,17,21,18.8833333333333,17.806,0,1.034,242.788,0.773,4.02
2019,6,18,0,18.7083333333333,14.496,0,0.87,0,0.905,4.06
2019,6,18,3,18.4583333333333,13.218,0,1.029,0,0.925,4.02
2019,6,18,6,18.15,15.601,0,0.605,125.754,0.855,3.94
2019,6,18,9,18.7666666666667,22.357,0,2.436,1189.525,0.606,3.79
2019,6,18,12,19.9,24.791,0,2.46,1960.971,0.466,3.79
2019,6,18,15,20.075,26.657,0,1.768,1961.29,0.379,3.83
2019,6,18,18,19.5666666666667,27.122,0,1.435,1131.935,0.379,4.02
2019,6,18,21,19.4083333333333,18.956,0,1.239,208.489,0.782,3.85
2019,6,19,0,19.3583333333333,16.493,0,0.897,0,0.904,3.6
2019,6,19,3,19.0666666666667,16.1,0,0.799,0,0.932,3.47
2019,6,19,6,18.9583333333333,17.238,0,0.806,96.091,0.904,3.51
2019,6,19,9,19.6333333333333,23.19,0,1.55,1001.656,0.642,3.37
2019,6,19,12,20.9666666666667,27.466,0,2.576,2090.711,0.388,3.69
2019,6,19,15,21.275,28.941,0,2.893,2104.122,0.325,3.72
2019,6,19,18,20.5083333333333,29.054,0,2.05,1291.276,0.33,3.58
2019,6,19,21,20.0666666666667,20.846,1.963,1.199,243.075,0.705,3.34
2019,6,20,0,19.7666666666667,17.406,1.699,1.171,0,0.811,3.2
2019,6,20,3,19.6083333333333,17.015,0,1.908,0,0.81,3.37
2019,6,20,6,19.75,15.773,0.378,2.168,54.638,0.966,3.37
2019,6,20,9,20.1833333333333,19.634,0,2.711,770.128,0.821,3.64
2019,6,20,12,21.0333333333333,22.215,0.061,3.225,1575.337,0.663,3.72
2019,6,20,15,21.3166666666667,23.988,0,2.809,1795.431,0.536,3.42
2019,6,20,18,20.4333333333333,20.678,0,2.445,548.848,0.691,3.46
2019,6,20,21,20,17.483,0,1.737,114.971,0.873,3.72
2019,6,21,0,19.8,14.433,0,1.081,0,0.966,4.25
2019,6,21,3,19.65,13.196,0.002,0.657,0,0.977,4.23
2019,6,21,6,19.4416666666667,13.946,0,0.785,76.7,0.968,4.08
2019,6,21,9,19.775,18.102,0,1.092,610.344,0.845,3.76
2019,6,21,12,20.525,21.067,0,1.971,1479.682,0.629,3.87
2019,6,21,15,20.6,23.319,0.007,2.371,1894.957,0.486,3.94
2019,6,21,18,20.0083333333333,23.07,0.011,2.534,1200.758,0.449,3.9
2019,6,21,21,19.775,17.661,0,1.097,259.367,0.776,3.9
2019,6,22,0,19.4833333333333,14.115,0,0.805,0,0.901,3.61
2019,6,22,3,19.125,14.281,0,1.143,0,0.897,3.54
2019,6,22,6,19.0416666666667,15.109,0,1.084,94.933,0.852,3.37
2019,6,22,9,19.6916666666667,20.781,0.004,2.995,993.692,0.64,3.4
2019,6,22,12,20.7,22.307,0.007,3.84,1580.337,0.632,3.67
2019,6,22,15,20.8166666666667,22.613,0.1,4.059,1479.853,0.617,3.67
2019,6,22,18,20.175,20.623,0.057,3.742,833.689,0.674,3.44
2019,6,22,21,19.8416666666667,19.098,0,2.734,128.22,0.76,3.44
2019,6,23,0,19.7666666666667,17.945,0.026,2.807,0,0.822,2.86
2019,6,23,3,19.5916666666667,16.69,0,1.495,0,0.872,2.96
2019,6,23,6,19.4416666666667,17.095,0,1.249,87.396,0.785,3.04
2019,6,23,9,19.9833333333333,21.158,0,2.962,806.76,0.594,3.17
2019,6,23,12,21.2333333333333,24.297,0,3.83,1888.312,0.529,3.32
2019,6,23,15,21.475,25.157,0,3.851,1729.267,0.513,3.44
2019,6,23,18,20.6416666666667,23.813,0,2.767,1133.616,0.546,3.37
2019,6,23,21,20.2833333333333,20.96,0,1.594,143.213,0.662,3.32
2019,6,24,0,20,16.463,0,1.175,0,0.916,3.01
2019,6,24,3,19.7,14.675,0,0.672,0,0.937,3.02
2019,6,24,6,19.5083333333333,16.086,0,0.635,118.578,0.872,3.02
2019,6,24,9,20.3166666666667,23.366,0,2.129,1150.936,0.546,2.97
2019,6,24,12,22,26.695,0,3.219,2158.962,0.428,3.15
2019,6,24,15,22.275,28.551,0,2.764,2309.375,0.373,3.42
2019,6,24,18,21.3166666666667,28.37,0,2.584,1454.422,0.371,3.27
2019,6,24,21,20.9,20.783,0,1.011,261.141,0.635,2.86
2019,6,25,0,20.6583333333333,17.786,0,0.965,0,0.755,3.08
2019,6,25,3,20.3166666666667,15.891,0,0.926,0,0.876,3.37
2019,6,25,6,20.1833333333333,18.048,0,0.69,115.422,0.827,3.25
2019,6,25,9,21.025,25.07,0,2.783,1140.812,0.55,3.19
2019,6,25,12,22.6,28.713,0,2.495,1987.631,0.415,3.32
2019,6,25,15,23.2,31.467,0,2.146,2197.35,0.341,3.17
2019,6,25,18,22.125,32.091,0,1.879,1440.798,0.324,3.07
2019,6,25,21,21.4666666666667,22.617,0,1.091,258.956,0.714,2.85
2019,6,26,0,20.9916666666667,19.399,0,0.949,0,0.893,2.8
2019,6,26,3,20.6,16.826,0,0.944,0,0.961,2.88
2019,6,26,6,20.6083333333333,18.102,0,0.833,108.926,0.947,2.99
2019,6,26,9,21.75,27.676,0,1.27,1086.537,0.553,3.02
2019,6,26,12,23.675,32.71,0,1.972,2081.161,0.388,3.14
2019,6,26,15,24.1083333333333,34.085,0,2.709,2228.819,0.336,3.18
2019,6,26,18,23.1583333333333,33.632,0,2.618,1427.478,0.348,3
2019,6,26,21,22.5,26.535,0,1.63,254.104,0.613,2.96
2019,6,27,0,22.15,24.11,0,1.41,0,0.717,2.9
2019,6,27,3,21.8416666666667,21.675,0,1.336,0,0.863,2.99
2019,6,27,6,21.8,20.155,0,1.678,77.41,0.818,2.99
2019,6,27,9,22.7333333333333,23.836,0,2.312,1075.978,0.537,2.96
2019,6,27,12,24.6333333333333,26.789,0,2.698,2129.069,0.393,2.8
2019,6,27,15,24.8916666666667,28.772,0,3.15,2341.878,0.26,2.69
2019,6,27,18,23.2,27.48,0,3.057,1515.273,0.23,2.66
2019,6,27,21,22.3583333333333,20.68,0,1.816,297.59,0.397,2.62
2019,6,28,0,21.9416666666667,15.78,0,1.26,0,0.636,3.11
2019,6,28,3,21.5,13.676,0,1.492,0,0.841,2.91
2019,6,28,6,21.175,13.113,0,1.715,98.943,0.879,2.8
2019,6,28,9,21.8416666666667,17.704,0,1.979,1141.939,0.653,2.8
2019,6,28,12,23.575,22.231,0,1.99,2175.102,0.436,2.77
2019,6,28,15,23.8333333333333,25.28,0,2.479,2339.031,0.309,2.94
2019,6,28,18,22.4333333333333,25.181,0,2.534,1504.217,0.306,2.63
2019,6,28,21,21.725,18.988,0,1.3,299.793,0.497,2.63
2019,6,29,0,21.2,12.938,0,1.082,0,0.832,2.63
2019,6,29,3,20.625,10.816,0,0.693,0,0.939,2.5
2019,6,29,6,20.2,12.826,0,0.525,103.142,0.884,2.66
2019,6,29,9,21.1583333333333,21.444,0,1.934,1157.64,0.517,2.8
2019,6,29,12,23.1833333333333,26.548,0,1.798,2202.498,0.318,2.8
2019,6,29,15,23.6333333333333,30.173,0,1.837,2351.3,0.241,2.66
2019,6,29,18,22.5833333333333,31.158,0,1.736,1507.301,0.227,2.63
2019,6,29,21,21.9166666666667,22.554,0,0.969,277.895,0.472,2.63
2019,6,30,0,21.35,16.304,0,1.089,0,0.686,2.63
2019,6,30,3,20.7083333333333,13.791,0,0.954,0,0.824,2.5
2019,6,30,6,20.2416666666667,15.781,0,0.847,100.109,0.746,2.47
2019,6,30,9,21.325,26.249,0,2.091,1177.817,0.411,2.47
2019,6,30,12,23.5166666666667,30.941,0,2.832,2190.854,0.272,2.67
2019,6,30,15,24.0166666666667,33.607,0,3.413,2328.269,0.233,2.8
2019,6,30,18,23,33.455,0,3.045,1454.7,0.267,2.8
2019,6,30,21,22.375,25.171,0,1.397,260.256,0.548,2.66
2019,7,1,0,21.9166666666667,21.724,0.02,1.263,0,0.653,2.63
2019,7,1,3,21.4583333333333,20.942,0,1.039,0,0.741,2.47
2019,7,1,6,21.275,20.458,0,0.882,64.543,0.823,2.34
2019,7,1,9,22.125,24.818,0,2.857,670.669,0.672,2.3
2019,7,1,12,24.1,29.331,0,3.843,1986.436,0.463,2.73
2019,7,1,15,24.1916666666667,28.579,0,4.596,1878.366,0.418,2.9
2019,7,1,18,23.0833333333333,25.698,0,3.752,956.425,0.44,2.59
2019,7,1,21,22.1833333333333,21.249,0,2.081,171.524,0.447,2.86
2019,7,2,0,21.5666666666667,16.758,0,1.34,0,0.69,3.02
2019,7,2,3,21.1416666666667,15.665,0.002,1.376,0,0.701,2.73
2019,7,2,6,20.8333333333333,14.668,0,1.108,116.048,0.724,2.5
2019,7,2,9,21.5083333333333,19.163,0,1.892,1135.871,0.512,2.38
2019,7,2,12,23.5333333333333,22.196,0,2.954,2161.25,0.355,2.36
2019,7,2,15,23.75,23.402,0.002,3.041,2180.187,0.32,2.18
2019,7,2,18,22.1833333333333,22.934,0,2.954,1448.068,0.333,2.18
2019,7,2,21,21.2666666666667,17.59,0,1.654,275.348,0.504,2.4
2019,7,3,0,20.6666666666667,13.304,0,1.485,0,0.625,2.38
2019,7,3,3,20.0333333333333,10.239,0,0.97,0,0.716,2.47
2019,7,3,6,19.6416666666667,10.899,0,1.117,110.607,0.692,2.47
2019,7,3,9,20.475,17.445,0,2.147,1173.582,0.446,2.47
2019,7,3,12,22.4916666666667,20.376,0,2.358,2090.448,0.354,2.5
2019,7,3,15,22.75,22.599,0,2.526,2311.641,0.303,2.5
2019,7,3,18,21.35,22.437,0,2.382,1499.942,0.304,2.74
2019,7,3,21,20.6333333333333,16.886,0,1.503,285.211,0.454,2.4
2019,7,4,0,20.175,12.329,0,1.068,0,0.625,2.28
2019,7,4,3,19.4833333333333,9.235,0,1.054,0,0.786,2.25
2019,7,4,6,19.0083333333333,11.105,0,1.579,101.011,0.718,2.47
2019,7,4,9,19.8166666666667,17.15,0,1.897,1147.035,0.475,2.47
2019,7,4,12,21.8416666666667,21.209,0,1.773,2124.666,0.337,2.56
2019,7,4,15,22.0583333333333,23.956,0,2.288,2282.078,0.285,2.8
2019,7,4,18,20.9,24.18,0.002,2.365,1451.45,0.276,2.77
2019,7,4,21,20.2666666666667,17.148,0,1.158,245.318,0.516,2.56
2019,7,5,0,19.8166666666667,13.325,0,0.857,0,0.635,2.5
2019,7,5,3,19.3416666666667,11.271,0,1.059,0,0.745,2.11
2019,7,5,6,18.8916666666667,12.344,0,0.636,49.676,0.753,2.2
2019,7,5,9,19.375,17.831,0,1.521,546.098,0.51,2.43
2019,7,5,12,20.625,21.736,0,3.014,1483.453,0.38,2.59
2019,7,5,15,21.6083333333333,23.814,0,3.882,1925.201,0.34,2.79
2019,7,5,18,20.4833333333333,23.491,0.002,3.633,1200.34,0.345,2.64
2019,7,5,21,19.75,18.061,0.002,1.599,210.815,0.54,2.63
2019,7,6,0,19.2166666666667,13.735,0,1.368,0,0.762,2.42
2019,7,6,3,18.6916666666667,12.46,0,0.914,0,0.835,2.31
2019,7,6,6,18.4833333333333,13.832,0,0.503,110.27,0.794,2.46
2019,7,6,9,19.4666666666667,22.248,0,2.749,1046.038,0.46,2.32
2019,7,6,12,21.5416666666667,26.038,0,4.337,2061.851,0.322,2.42
2019,7,6,15,21.3833333333333,27.982,0,4.504,1941.791,0.254,2.78
2019,7,6,18,20.575,27.022,0.405,3.968,886.615,0.249,2.54
2019,7,6,21,20.1583333333333,20.29,0.006,1.502,199.682,0.456,2.31
2019,7,7,0,19.9,18.89,0.019,1.835,0,0.551,2.4
2019,7,7,3,19.4583333333333,14.368,0.182,0.911,0,0.912,2.31
2019,7,7,6,19.2,14.638,0.165,1.339,46.069,0.901,2.31
2019,7,7,9,19.125,14.2,0.01,2.014,335.361,0.815,2.35
2019,7,7,12,19.4166666666667,14.642,0.029,1.963,593.78,0.786,2.52
2019,7,7,15,20.1166666666667,18.057,0.002,3.217,1196.58,0.582,2.8
2019,7,7,18,19.2916666666667,18.615,0,3.204,1303.353,0.411,2.74
2019,7,7,21,18.4833333333333,13.524,0,1.35,220.874,0.54,2.51
2019,7,8,0,18.1083333333333,9.114,0,0.92,0,0.787,2.54
2019,7,8,3,17.775,8.975,0,1.018,0,0.842,2.52
2019,7,8,6,17.4083333333333,8.87,0,0.912,80.191,0.874,2.47
2019,7,8,9,18.1916666666667,14.829,0,2.327,969.405,0.515,2.43
2019,7,8,12,19.9166666666667,17.486,0,3.658,1823.276,0.386,2.42
2019,7,8,15,19.6833333333333,18.827,0,3.332,1904.353,0.34,2.77
2019,7,8,18,18.6416666666667,17.373,0,2.671,893.024,0.407,2.71
2019,7,8,21,18.1083333333333,12.96,0,1.429,138.27,0.589,2.63
2019,7,9,0,17.6583333333333,8.776,0,0.884,0,0.797,2.64
2019,7,9,3,17.1083333333333,6.559,0,0.861,0,0.912,2.36
2019,7,9,6,16.825,7.057,0,0.78,53.221,0.915,2.4
2019,7,9,9,17.375,12.972,0,1.646,651.252,0.667,2.63
2019,7,9,12,18.5916666666667,15.075,0,2.701,1232.983,0.509,2.52
2019,7,9,15,18.7416666666667,16.806,0.002,3.269,1404.606,0.386,2.63
2019,7,9,18,17.8416666666667,16.224,0.002,2.496,841.414,0.42,2.56
2019,7,9,21,17.25,13.197,0,1.514,134.748,0.553,2.58
2019,7,10,0,16.85,9.045,0,1.076,0,0.794,2.47
2019,7,10,3,16.3,7.639,0,1.086,0,0.884,2.47
2019,7,10,6,15.8416666666667,7.483,0,1.046,83.519,0.9,2.58
2019,7,10,9,16.7083333333333,14.553,0,2.161,1011.657,0.555,2.59
2019,7,10,12,18.3916666666667,17.845,0,2.567,1893.54,0.427,2.54
2019,7,10,15,18.6833333333333,21.201,0,2.75,2179.328,0.336,2.72
2019,7,10,18,17.7666666666667,21.602,0,2.437,1342.162,0.314,2.78
2019,7,10,21,17.275,15.392,0.033,1.147,251.436,0.535,2.47
2019,7,11,0,16.8916666666667,11.403,0.469,1.121,0,0.702,2.36
2019,7,11,3,16.6666666666667,11.474,0,1.108,0,0.724,2.25
2019,7,11,6,16.5583333333333,11.956,0.069,0.621,28.306,0.844,2.18
2019,7,11,9,16.925,15.439,0.845,1.314,342.787,0.7,2.48
2019,7,11,12,17.8833333333333,20.292,2.113,2.729,1000.354,0.455,2.71
2019,7,11,15,17.75,18.805,1.011,3.95,941.962,0.595,2.67
2019,7,11,18,17.3166666666667,14.015,0.613,2.652,290.259,0.929,2.58
2019,7,11,21,17.2,13.379,0.678,1.135,41.006,0.962,2.64
2019,7,12,0,16.975,13.411,0.147,1.371,0,0.959,2.82
2019,7,12,3,16.6083333333333,13.529,0.003,1.112,0,0.962,3.13
2019,7,12,6,16.6916666666667,13.968,0.15,1.351,33.026,0.952,3.36
2019,7,12,9,17.15,16.132,0.765,1.837,605.225,0.855,3.69
2019,7,12,12,17.9666666666667,20.049,5.605,2.542,1403.441,0.664,4.02
2019,7,12,15,18.2583333333333,21.149,2.451,3.301,1327.874,0.608,4.1
2019,7,12,18,17.8416666666667,17.628,2.967,2.672,681.748,0.773,3.63
2019,7,12,21,17.4333333333333,13.413,0.825,0.892,83.921,0.953,3.34
2019,7,13,0,17.15,12.873,1.098,0.864,0,0.955,4.54
2019,7,13,3,17.1583333333333,13.198,0.555,1.245,0,0.955,3.93
2019,7,13,6,17.175,13.265,2.056,2.309,19.35,0.944,4.26
2019,7,13,9,16.975,14.413,0.386,2.35,369.471,0.919,5.17
2019,7,13,12,17.0333333333333,16.335,0.18,2.959,904.623,0.829,5.52
2019,7,13,15,17.3083333333333,17.679,0.111,3.264,1063.598,0.751,6.04
2019,7,13,18,17.6333333333333,17.545,0.476,2.731,702.797,0.745,6.54
2019,7,13,21,17.6083333333333,15.397,0.941,1.786,146.122,0.859,6.28
2019,7,14,0,17.4583333333333,14.293,0.042,1.428,0,0.925,5.64
2019,7,14,3,17.3833333333333,13.465,0.212,1.205,0,0.95,5.57
2019,7,14,6,17.1666666666667,13.546,0.209,0.957,22.966,0.943,6.18
2019,7,14,9,17.0083333333333,15.06,0,1.853,467.539,0.84,7.12
2019,7,14,12,17.65,16.726,0,2.216,1020.471,0.734,5.9
2019,7,14,15,18.0083333333333,18.343,0,2.891,1542.036,0.65,5.37
2019,7,14,18,17.75,18.566,0,2.771,1207.641,0.623,4.85
2019,7,14,21,17.6166666666667,14.419,0,1.843,237.28,0.832,4.1
2019,7,15,0,17.45,12.041,0,0.824,0,0.942,4.17
2019,7,15,3,17.1416666666667,11.859,0,0.713,0,0.943,4.02
2019,7,15,6,16.9333333333333,12.359,0,1.028,49.083,0.919,3.68
2019,7,15,9,17.3166666666667,15.805,0,1.635,797.605,0.762,3.56
2019,7,15,12,18.075,19.515,0,1.826,1665.216,0.582,3.46
2019,7,15,15,18.75,21.836,0,1.843,1756.644,0.46,3.1
2019,7,15,18,17.975,22.355,0,2.365,1202.751,0.443,3.16
2019,7,15,21,17.7916666666667,16.519,0,1.522,164.766,0.702,3.58
2019,7,16,0,17.5666666666667,12.41,0,0.996,0,0.877,3.24
2019,7,16,3,17.225,10.325,0,0.95,0,0.938,2.99
2019,7,16,6,17.0166666666667,10.862,0,1.169,42.619,0.914,2.99
2019,7,16,9,17.5583333333333,14.439,0,2.343,792.517,0.698,2.99
2019,7,16,12,19.1083333333333,18.415,0,2.78,1987.69,0.56,2.99
2019,7,16,15,19.7833333333333,21.512,0,2.837,2114.932,0.471,2.83
2019,7,16,18,18.7,22.357,0,2.508,1313.659,0.433,2.6
2019,7,16,21,18.15,16.269,0,1.339,224.15,0.715,2.47
2019,7,17,0,17.85,13.291,0,0.978,0,0.896,2.62
2019,7,17,3,17.5416666666667,11.38,0,0.839,0,0.934,2.67
2019,7,17,6,17.3583333333333,11.273,0,0.607,57.421,0.918,2.79
2019,7,17,9,18.1166666666667,16.354,0,0.947,964.49,0.718,2.82
2019,7,17,12,19.8666666666667,20.591,0,1.746,1845.206,0.565,2.96
2019,7,17,15,20.3083333333333,22.944,0,2.079,1881.065,0.441,2.69
2019,7,17,18,19.4166666666667,23.061,0,1.801,1223.717,0.413,2.66
2019,7,17,21,18.9833333333333,17.636,0,0.921,213.77,0.686,2.8
2019,7,18,0,18.6583333333333,13.494,0,0.756,0,0.917,2.66
2019,7,18,3,18.2166666666667,11.124,0,0.945,0,0.959,2.5
2019,7,18,6,17.9083333333333,10.718,0,0.435,75.255,0.965,2.6
2019,7,18,9,18.6083333333333,20.207,0,1.363,1074.99,0.614,2.63
2019,7,18,12,19.8583333333333,23.839,0,2.835,1787.152,0.393,2.73
2019,7,18,15,20.425,25.179,0,3.182,1774.346,0.335,2.8
2019,7,18,18,19.7166666666667,25.019,0.156,2.701,1083.208,0.346,2.74
2019,7,18,21,19.3416666666667,18.728,0.042,1.008,144.915,0.599,2.63
2019,7,19,0,18.9916666666667,15.807,0.075,1.163,0,0.733,2.63
2019,7,19,3,18.7333333333333,15.44,1.191,1.008,0,0.862,2.58
2019,7,19,6,18.6,15.588,0.226,0.7,25.561,0.876,2.47
2019,7,19,9,18.8,17.719,0.03,1.286,300.313,0.817,2.38
2019,7,19,12,19.1666666666667,18,0.182,1.162,565.476,0.837,2.55
2019,7,19,15,19.9416666666667,21.883,0.004,1.908,898.159,0.632,2.63
2019,7,19,18,19.4416666666667,20.065,0.045,1.59,488.309,0.761,2.58
2019,7,19,21,19.0583333333333,17.689,0,0.833,87.241,0.894,2.43
2019,7,20,0,18.6916666666667,15.117,0,0.784,0,0.96,2.6
2019,7,20,3,18.3666666666667,13.767,0,0.542,0,0.961,3.71
2019,7,20,6,18.25,13.063,0,0.565,42.028,0.96,4.33
2019,7,20,9,18.8166666666667,22.653,0,1.401,1010.093,0.649,3.45
2019,7,20,12,20.0333333333333,27.243,0.024,2.868,1975.434,0.455,3.34
2019,7,20,15,20.3833333333333,29.825,0,2.876,1862.736,0.366,3.24
2019,7,20,18,20.0416666666667,28.059,0.237,2.354,1040.736,0.459,2.82
2019,7,20,21,19.7833333333333,23.549,3.186,1.464,147.7,0.577,2.7
2019,7,21,0,19.6416666666667,20.628,0.31,1.264,0,0.68,2.66
2019,7,21,3,19.3333333333333,18.194,0.001,1.393,0,0.785,2.99
2019,7,21,6,19.2833333333333,16.234,0.394,1.201,28.236,0.954,2.57
2019,7,21,9,19.95,19.768,0.044,2.064,547.13,0.851,2.26
2019,7,21,12,20.6916666666667,22.795,0.182,2.929,1472.207,0.656,2.7
2019,7,21,15,21.1333333333333,25.145,0.061,3.446,1811.792,0.493,3.77
2019,7,21,18,20.75,25.617,0,3.035,1193.479,0.382,4.17
2019,7,21,21,20.3166666666667,19.2,0,1.214,205.822,0.656,4.27
2019,7,22,0,20.0916666666667,16.003,0,0.817,0,0.837,4.53
2019,7,22,3,19.6916666666667,13.227,0,1.015,0,0.914,3.89
2019,7,22,6,19.425,12.897,0,0.833,44.415,0.929,3.3
2019,7,22,9,19.975,21.13,0,1.057,820.098,0.623,2.63
2019,7,22,12,21.0583333333333,25.51,0,2.728,1682.968,0.418,2.51
2019,7,22,15,21.3416666666667,26.858,0,2.415,1833.511,0.347,2.67
2019,7,22,18,20.5916666666667,26.429,0,1.999,1090.076,0.376,2.76
2019,7,22,21,20.1916666666667,19.991,0,1.192,208.355,0.636,2.58
2019,7,23,0,19.9083333333333,16.34,0,1.11,0,0.817,2.63
2019,7,23,3,19.5666666666667,14.484,0,0.857,0,0.885,2.76
2019,7,23,6,19.2833333333333,15.069,0,0.738,59.474,0.881,2.8
2019,7,23,9,20.075,24.798,0,1.345,1013.437,0.487,2.67
2019,7,23,12,21.9666666666667,28.477,0,1.912,2059.195,0.377,2.69
2019,7,23,15,22.4833333333333,31.178,0,1.975,2200.468,0.307,2.74
2019,7,23,18,21.6916666666667,31.366,0,1.678,1363.149,0.29,2.58
2019,7,23,21,21.3083333333333,23.925,0,1.172,222.895,0.5,2.19
2019,7,24,0,20.9916666666667,19.916,0,0.768,0,0.642,2.12
2019,7,24,3,20.6166666666667,16.913,0,0.898,0,0.775,2.27
2019,7,24,6,20.3083333333333,17.4,0,0.515,58.835,0.778,2.42
2019,7,24,9,20.9666666666667,27.272,0,1.745,988.153,0.447,2.39
2019,7,24,12,22.875,31.544,0,1.693,2019.063,0.328,2.4
2019,7,24,15,23.4083333333333,33.3,0,2.044,2181.159,0.295,2.6
2019,7,24,18,22.7666666666667,33.558,0,1.404,1348.09,0.285,2.59
2019,7,24,21,22.4666666666667,25.78,0,1.354,197.606,0.5,2.25
2019,7,25,0,22.1666666666667,21.235,0,0.808,0,0.667,2.17
2019,7,25,3,21.725,19.237,0,1.007,0,0.737,2.17
2019,7,25,6,21.2666666666667,18.967,0,0.419,51.355,0.75,2.24
2019,7,25,9,21.825,29.227,0,1.953,963.38,0.376,2.3
2019,7,25,12,23.725,33.607,0,2.015,2026.43,0.28,2.31
2019,7,25,15,24.2166666666667,35.159,0,2.494,2190.403,0.223,2.32
2019,7,25,18,23.3333333333333,34.091,0,2.888,1309.492,0.207,2.47
2019,7,25,21,23.025,27.15,0,1.482,202.773,0.358,2.27
2019,7,26,0,22.6916666666667,21.329,0,0.979,0,0.541,2.17
2019,7,26,3,22.275,19.028,0,0.882,0,0.631,2.16
2019,7,26,6,21.8416666666667,18.606,0,0.539,44.666,0.691,2.1
2019,7,26,9,22.5,28.152,0,1.797,908.485,0.358,2.09
2019,7,26,12,24.2833333333333,32.453,0,2.253,1999.689,0.243,2.04
2019,7,26,15,24.5916666666667,33.59,0,2.712,2120.516,0.214,2.17
2019,7,26,18,23.5333333333333,32.09,0,3.017,1276.769,0.26,2.17
2019,7,26,21,23.0166666666667,25.936,0,2.715,175.548,0.439,2.23
2019,7,27,0,22.875,22.066,0,2.072,0,0.501,2.23
2019,7,27,3,22.6,19.085,0.001,1.363,0,0.553,2.17
2019,7,27,6,22.2166666666667,17.854,0.001,1.06,38.7,0.601,2.06
2019,7,27,9,22.725,23.755,0.014,1.942,791.823,0.445,1.93
2019,7,27,12,23.2916666666667,26.344,0.002,2.093,1450.261,0.416,2.03
2019,7,27,15,23.2666666666667,25.024,0.016,2.408,1248.655,0.517,2.17
2019,7,27,18,22.9583333333333,23.93,0.001,1.453,659.574,0.58,2.17
2019,7,27,21,22.5333333333333,20.743,0.149,0.595,70.325,0.733,2.26
2019,7,28,0,22.2583333333333,19.244,0.001,0.954,0,0.792,2.14
2019,7,28,3,21.9833333333333,18.135,0,0.831,0,0.849,1.98
2019,7,28,6,21.7916666666667,18.101,0.129,0.832,24.252,0.872,1.89
2019,7,28,9,22.425,22.247,0.585,1.882,748.73,0.694,1.78
2019,7,28,12,23.4833333333333,25.695,0.121,1.853,1540.19,0.529,1.8
2019,7,28,15,22.7833333333333,24.604,0.289,2.44,1140.377,0.61,2.06
2019,7,28,18,22.4916666666667,21.364,0.302,2.38,375.519,0.791,2.31
2019,7,28,21,22.2416666666667,19.553,0.026,1.193,66.23,0.899,2.11
2019,7,29,0,22.0583333333333,18.578,0,1.587,0,0.93,2.03
2019,7,29,3,21.8583333333333,18.583,0,1.706,0,0.921,2.03
2019,7,29,6,21.575,18.504,0,1.599,17.316,0.922,2.21
2019,7,29,9,21.5285714285714,19.751,0.038,2.021,243.011,0.862,3
2019,7,29,12,NA,21.607,0,2.609,599.207,0.777,3.22
2019,7,29,15,NA,23.585,0,2.521,1191.619,0.701,3.21
2019,7,29,18,NA,23.488,0.015,2.633,934.524,0.715,2.58
2019,7,29,21,NA,20.317,0,1.578,150.125,0.834,2.4
2019,7,30,0,NA,19.371,0,1.083,0,0.876,2.3
2019,8,30,0,20.8142857142857,17.831,0.019,0.574,0,0.919,1.49
2019,8,30,3,20.6,16.04,0,0.618,0,0.955,1.45
2019,8,30,6,20.2916666666667,15.391,0,0.61,0.103,0.965,1.43
2019,8,30,9,20.725,22.075,0.153,1,509.644,0.75,1.51
2019,8,30,12,22.0083333333333,27.599,0.005,2.228,1643.475,0.493,1.54
2019,8,30,15,21.8333333333333,28.893,0,2.644,1587.27,0.431,1.89
2019,8,30,18,21.5666666666667,25.826,0,1.33,802.534,0.558,1.7
2019,8,30,21,21.2416666666667,20.27,0,0.957,41.255,0.811,1.53
2019,8,31,0,20.9916666666667,17.383,0,0.597,0,0.945,1.72
2019,8,31,3,20.7166666666667,15.53,0,0.879,0,0.962,1.62
2019,8,31,6,20.3333333333333,14.495,0,0.73,0.557,0.967,1.43
2019,8,31,9,20.6583333333333,22.305,0,1.499,594.874,0.733,1.73
2019,8,31,12,22.5416666666667,28.452,0,3.106,1702.713,0.441,1.9
2019,8,31,15,22.3666666666667,30.045,0,2.908,1825.329,0.365,1.85
2019,8,31,18,21.5333333333333,28.91,0,2.22,898.995,0.397,1.86
2019,8,31,21,21.2083333333333,21.172,0,0.819,35.864,0.701,1.7
2019,9,1,0,20.9333333333333,18.139,0,1.033,0,0.825,1.62
2019,9,1,3,20.6,16.168,0.144,0.814,0,0.9,1.57
2019,9,1,6,20.3416666666667,15.438,0,0.78,0.632,0.927,1.51
2019,9,1,9,20.8916666666667,22.269,0,2.253,527.736,0.701,1.51
2019,9,1,12,22.2083333333333,25.164,0,3.775,1298.54,0.57,1.59
2019,9,1,15,22.1083333333333,25.868,0,4.659,1300.385,0.445,1.99
2019,9,1,18,21.35,22.194,0,3.092,484.661,0.527,1.59
2019,9,1,21,20.775,18.163,0,1.998,18.386,0.659,1.43
2019,9,2,0,20.3916666666667,15.102,0,1.536,0,0.792,1.41
2019,9,2,3,19.975,13.636,0,1.227,0,0.811,1.41
2019,9,2,6,19.4166666666667,11.087,0,0.983,0.536,0.912,1.41
2019,9,2,9,19.75,15.314,0,1.861,417.019,0.688,1.41
2019,9,2,12,21.3416666666667,17.759,0,2.393,1332.549,0.434,1.43
2019,9,2,15,21.4166666666667,19.649,0,2.795,1543.511,0.329,1.54
2019,9,2,18,20.0166666666667,18.47,0,2.14,791.656,0.352,1.6
2019,9,2,21,19.1333333333333,11.363,0,0.851,34.243,0.613,1.51
2019,9,3,0,18.5666666666667,7.818,0,1.216,0,0.835,1.51
2019,9,3,3,18.0833333333333,5.683,0,0.943,0,0.916,1.61
2019,9,3,6,17.6333333333333,4.379,0,0.793,0.564,0.935,1.69
2019,9,3,9,18.0333333333333,14.429,0,1.242,617.146,0.575,1.4
2019,9,3,12,20.3916666666667,19.855,0,3.116,1741.899,0.345,1.4
2019,9,3,15,19.8916666666667,21.898,0,3.262,1886.463,0.298,1.53
2019,9,3,18,18.5,21.416,0,2.609,955.053,0.318,1.67
2019,9,3,21,18.075,12.999,0,1.088,32.626,0.633,1.6
2019,9,4,0,17.7083333333333,10.114,0,0.878,0,0.792,1.51
2019,9,4,3,17.3666666666667,7.696,0,0.621,0,0.907,1.61
2019,9,4,6,16.9583333333333,6.21,0,0.774,0.989,0.94,1.62
2019,9,4,9,17.4083333333333,16.021,0,1.713,651.226,0.575,1.44
2019,9,4,12,19.8083333333333,22.765,0,3.5,1745.977,0.361,1.42
2019,9,4,15,19.5166666666667,24.636,0,3.362,1826.219,0.329,1.51
2019,9,4,18,18.2083333333333,24.013,0,2.582,897.735,0.34,1.6
2019,9,4,21,17.8,15.407,0,1.249,21.264,0.636,1.66
2019,9,5,0,17.6,12.052,0.272,1.135,0,0.77,1.74
2019,9,5,3,17.425,11.46,0,1.255,0,0.805,1.77
2019,9,5,6,17.375,12.211,0.001,1.121,0.05,0.862,1.85
2019,9,5,9,17.95,15.132,0.001,2.539,410.92,0.838,1.43
2019,9,5,12,19.3166666666667,18.116,0,4.342,1282.924,0.481,1.41
2019,9,5,15,19.1083333333333,18.987,0,3.812,1460.713,0.385,1.46
2019,9,5,18,17.825,17.069,0,2.931,524.784,0.438,1.49
2019,9,5,21,17.1916666666667,11.572,0,1.554,29.142,0.659,1.41
2019,9,6,0,16.8666666666667,10.957,0,1.36,0,0.757,1.43
2019,9,6,3,16.675,9.904,0,0.761,0,0.831,1.51
2019,9,6,6,16.2666666666667,7.574,0,0.539,0,0.938,1.51
2019,9,6,9,16.6333333333333,11.555,0,1.503,403.76,0.771,1.51
2019,9,6,12,18.5833333333333,16.349,0,1.63,1481.84,0.503,1.43
2019,9,6,15,18.35,18.322,0,1.753,1510.071,0.394,1.41
2019,9,6,18,17.2583333333333,17.563,0.047,1.439,484.515,0.448,1.41
2019,9,6,21,16.825,14.467,0.238,0.554,17.38,0.64,1.41
2019,9,7,0,16.6083333333333,12.993,0.587,0.666,0,0.728,1.5
2019,9,7,3,16.6,12.012,0.331,0.56,0,0.833,1.45
2019,9,7,6,16.4833333333333,11.165,0.038,0.418,0.101,0.914,1.49
2019,9,7,9,16.625,12.271,0.107,1.176,172.184,0.918,1.49
2019,9,7,12,17.3833333333333,15.12,0.55,1.631,753.03,0.664,1.44
2019,9,7,15,16.925,16.555,0,1.769,800.996,0.543,1.51
2019,9,7,18,16.4916666666667,13.469,0.006,2.026,234.842,0.703,1.51
2019,9,7,21,16.075,11.368,0.004,0.602,9.825,0.892,1.63
2019,9,8,0,16.0916666666667,10.549,0,0.301,0,0.927,1.63
2019,9,8,3,15.975,9.932,0,0.286,0,0.94,1.51
2019,9,8,6,15.7166666666667,8.114,0,0.576,0.084,0.961,1.49
2019,9,8,9,16.0166666666667,11.719,0.525,1.277,278.863,0.862,1.41
2019,9,8,12,16.3166666666667,15.134,2.278,2.12,623.972,0.656,1.44
2019,9,8,15,16.1333333333333,15.209,1.125,1.397,431.862,0.631,1.51
2019,9,8,18,15.6666666666667,12.036,3.62,1.624,152.729,0.891,1.56
2019,9,8,21,15.3416666666667,10.836,0.688,0.819,1.735,0.942,1.52
2019,9,9,0,15.1583333333333,10.518,1.968,1.5,0,0.947,1.76
2019,9,9,3,14.9666666666667,10.208,5.41,1.936,0,0.947,1.9
2019,9,9,6,14.8,10.364,5.358,2.379,0,0.945,2.84
2019,9,9,9,14.8583333333333,10.519,2.398,3.135,54.829,0.945,2.83
2019,9,9,12,15.1833333333333,11.231,2.118,3.057,259.558,0.93,3.21
2019,9,9,15,15,11.823,0.719,3.029,413.928,0.923,4.12
2019,9,9,18,14.925,11.286,0.274,2.162,259.489,0.922,4.94
2019,9,9,21,14.4583333333333,10.422,0.22,0.91,3.995,0.953,5.26
2019,9,10,0,13.9916666666667,9.426,0,1.428,0,0.974,7.08
2019,9,10,3,13.5583333333333,9.092,0,0.832,0,0.974,8.29
2019,9,10,6,13.3,9.214,0,0.845,0,0.976,8.61
2019,9,10,9,13.475,10.087,0,1.309,197.645,0.943,7.7
2019,9,10,12,13.9166666666667,13.905,0,2.025,1027.768,0.78,6.85
2019,9,10,15,14.2,16.046,0,1.843,1512.992,0.573,5.97
2019,9,10,18,14.3666666666667,15.418,0,1.244,712.203,0.604,4.94
2019,9,10,21,14.4,9.353,0,0.77,17.97,0.903,4.16
2019,9,11,0,14.3083333333333,7.078,0,0.799,0,0.962,4.12
2019,9,11,3,14.0833333333333,5.386,0,0.807,0,0.966,3.46
2019,9,11,6,13.8416666666667,4.188,0,0.94,0,0.97,3.31
2019,9,11,9,13.8583333333333,11.364,0.001,0.91,433.756,0.88,3.03
2019,9,11,12,14.9,18.393,0,1.917,1559.275,0.455,2.88
2019,9,11,15,14.825,19.995,0,2.451,1725.053,0.407,2.59
2019,9,11,18,14.4083333333333,18.941,0,2.377,771.529,0.467,2.31
2019,9,11,21,14.3,11.937,0,1.216,15.188,0.848,2.28
2019,9,12,0,14.3,10.495,0.048,1.149,0,0.842,2.27
2019,9,12,3,14.3583333333333,12.651,0.114,1.852,0,0.846,2.05
2019,9,12,6,14.3166666666667,12.553,0.143,1.558,0,0.904,1.99
2019,9,12,9,14.7083333333333,14.566,0.006,1.751,220.177,0.836,1.99
2019,9,12,12,15.2333333333333,16.432,0,2.518,752.724,0.798,2.18
2019,9,12,15,15.6,19.954,0,2.708,1094.195,0.655,2.28
2019,9,12,18,15.25,19.573,0,2.24,514.686,0.68,2.14
2019,9,12,21,15.025,14.239,0,1.201,10.836,0.912,1.97
2019,9,13,0,14.8083333333333,11.996,0,1.046,0,0.956,1.9
2019,9,13,3,14.633333333333301,11.22,0,1.013,0,0.966,1.99
2019,9,13,6,14.425,10.049,0,0.715,0,0.966,1.86
2019,9,13,9,14.9083333333333,15.7,0,1.438,320.972,0.893,1.98
2019,9,13,12,15.75,19.306,0,3.209,821.577,0.718,1.99
2019,9,13,15,15.758333333333301,19.588,0,2.568,653.387,0.717,2.05
2019,9,13,18,15.4416666666667,19.228,0,1.338,309.15,0.747,2.02
2019,9,13,21,15.375,14.799,0,1.131,8.005,0.911,2.09
2019,9,14,0,15.3666666666667,14.177,0,1.022,0,0.904,1.99
2019,9,14,3,15,12.59,0,1.522,0,0.874,1.88
2019,9,14,6,14.6416666666667,10.393,0,1.365,0,0.886,1.86
2019,9,14,9,14.975,14.502,0,1.769,457.939,0.739,1.89
2019,9,14,12,16.55,18.846,0,1.871,1397.281,0.619,1.99
2019,9,14,15,16.45,20.554,0,1.69,1470.305,0.519,1.99
2019,9,14,18,15.7416666666667,19.026,0,1.088,661.207,0.578,2.12
2019,9,14,21,15.4916666666667,12.639,0,0.643,7.986,0.881,1.9
2019,9,15,0,15.35,10.446,0,0.788,0,0.948,1.74
2019,9,15,3,15.1416666666667,8.532,0,0.99,0,0.971,1.74
2019,9,15,6,14.875,8.102,0,0.782,0,0.971,1.74
2019,9,15,9,15.2166666666667,15.543,0,1.37,520.619,0.839,1.74
2019,9,15,12,17.2583333333333,22.131,0,3.117,1533.05,0.615,1.74
2019,9,15,15,16.8416666666667,24.773,0,3.569,1665.231,0.468,1.8
2019,9,15,18,16.0083333333333,22.774,0,2.083,705.811,0.47,1.86
2019,9,15,21,15.75,14.917,0,1.806,6.489,0.74,1.74
2019,9,16,0,15.6416666666667,12.506,0,1.27,0,0.796,1.74
2019,9,16,3,15.375,9.427,0,1.271,0,0.914,1.72
2019,9,16,6,14.975,8.369,0,0.721,0,0.921,1.62
2019,9,16,9,15.2666666666667,13.033,0,0.92,281.197,0.826,1.72
2019,9,16,12,16.1583333333333,19.334,0.024,1.983,921.935,0.543,1.76
2019,9,16,15,16,19.492,0.112,2.901,748.842,0.551,1.96
2019,9,16,18,15.8166666666667,18.194,0.1,1.893,205.63,0.627,2.07
2019,9,16,21,15.8,16.17,0.059,1.455,0,0.769,1.68
2019,9,17,0,15.7833333333333,14.514,0.008,1.869,0,0.888,1.81
2019,9,17,3,15.5666666666667,12.843,0,1.946,0,0.916,1.79
2019,9,17,6,15.3416666666667,11.254,0,1.288,1.045,0.89,1.74
2019,9,17,9,15.575,12.427,0,2.274,314.381,0.707,1.74
2019,9,17,12,16.8916666666667,15.194,0,3.445,1247.295,0.563,1.74
2019,9,17,15,16.55,17.503,0,4.42,1553.966,0.441,1.73
2019,9,17,18,15.7166666666667,15.288,0,3.657,597.834,0.485,1.57
2019,9,17,21,15.2166666666667,12.766,0,2.833,0.072,0.581,1.64
2019,9,18,0,14.9333333333333,9.012,0,2.277,0,0.743,1.7
2019,9,18,3,14.4666666666667,5.602,0,1.703,0,0.858,1.71
2019,9,18,6,14.1083333333333,3.566,0,1.552,0,0.94,1.94
2019,9,18,9,14.3583333333333,9.049,0,1.722,450.799,0.76,1.86
2019,9,18,12,16.0166666666667,12.533,0,2.147,1262.929,0.544,1.86
2019,9,18,15,15.4166666666667,14.583,0,2.446,1393.131,0.432,1.82
2019,9,18,18,14.4,13.683,0,2.143,626.862,0.437,1.96
2019,9,18,21,14.0916666666667,7.536,0,0.945,0.428,0.717,1.74
2019,9,19,0,13.9,4.953,0,0.972,0,0.851,1.43
2019,9,19,3,13.5416666666667,3.156,0,0.966,0,0.924,1.41
2019,9,19,6,13.0666666666667,1.173,0,0.809,0,0.958,1.41
2019,9,19,9,13.2166666666667,8.017,0,1.408,489.334,0.756,1.49
2019,9,19,12,14.4666666666667,11.202,0,2.654,1259.01,0.501,1.54
2019,9,19,15,14.1916666666667,12.769,0,2.819,1322.619,0.436,1.63
2019,9,19,18,13.4083333333333,11.292,0,1.77,575.074,0.5,1.68
2019,9,19,21,13,5.181,0,0.952,0.23,0.818,1.63
2019,9,20,0,12.775,2.889,0,0.972,0,0.931,1.68
2019,9,20,3,12.5583333333333,1.899,0,0.793,0,0.952,1.74
2019,9,20,6,12.1916666666667,1.099,0,0.647,0,0.978,1.64
2019,9,20,9,12.4333333333333,8.459,0,1.011,482.645,0.746,1.56
2019,9,20,12,13.9166666666667,13.848,0,1.826,1527.9,0.44,1.51
2019,9,20,15,13.4666666666667,16.015,0,1.889,1558.327,0.385,1.52
2019,9,20,18,12.65,13.664,0,1.315,641.891,0.467,1.6
2019,9,20,21,12.3166666666667,7.353,0,1.07,0,0.762,1.62
2019,9,21,0,12.3,5.144,0,0.494,0,0.881,1.67
2019,9,21,3,12.05,3.599,0,0.647,0,0.939,1.85
2019,9,21,6,11.6,2.882,0,0.75,0,0.946,2.26
2019,9,21,9,11.9,10.828,0,1.321,468.293,0.657,1.99
2019,9,21,12,14.0333333333333,17.419,0,2.461,1540.809,0.414,1.74
2019,9,21,15,13.4416666666667,20.806,0,2.656,1604.238,0.365,1.74
2019,9,21,18,12.6666666666667,18.44,0,2.155,637.36,0.44,1.64
2019,9,21,21,12.383333333333301,12.366,0,1.348,0.177,0.67,1.62
2019,9,22,0,12.383333333333301,9.55,0,1.266,0,0.776,1.54
2019,9,22,3,12.2333333333333,8.37,0,1.197,0,0.806,1.42
2019,9,22,6,11.9583333333333,6.715,0,1.251,0,0.861,1.45
2019,9,22,9,12.2,13.799,0,2.868,487.576,0.604,1.51
2019,9,22,12,14.258333333333301,19.906,0,2.804,1614.652,0.421,1.51
2019,9,22,15,13.775,22.751,0,2.579,1370.858,0.369,1.51
2019,9,22,18,12.8583333333333,19.199,0,2.276,476.508,0.491,1.57
2019,9,22,21,12.6083333333333,13.683,0,1.042,0,0.721,1.62
2019,9,23,0,12.6666666666667,11.629,0,0.536,0,0.793,1.71
2019,9,23,3,12.633333333333301,9.733,0.002,0.813,0,0.875,1.86
2019,9,23,6,12.375,8.469,1.023,0.793,0,0.918,1.86
2019,9,23,9,12.8083333333333,13.105,0.939,1.776,228.962,0.778,1.46
2019,9,23,12,13.1416666666667,15.374,0.428,3.068,557.524,0.778,1.48
2019,9,23,15,13.1916666666667,14.481,1.153,2.893,552.366,0.929,1.58
2019,9,23,18,12.9666666666667,14.13,0.741,2.474,236.393,0.961,1.74
2019,9,23,21,13,13.451,0.09,1.961,0,0.967,1.88
2019,9,24,0,13.0833333333333,12.876,0.06,1.317,0,0.963,1.91
2019,9,24,3,13.1416666666667,12.838,0.037,1.107,0,0.963,1.94
2019,9,24,6,13.2,11.646,0,0.891,0,0.973,1.97
2019,9,24,9,13.35,12.92,0,1.483,114.248,0.927,2.45
2019,9,24,12,13.508333333333301,15.336,0,1.542,747.639,0.794,2.88
2019,9,24,15,13.4166666666667,17.341,0.262,1.58,1015.082,0.671,2.72
2019,9,24,18,13.125,14.687,0.286,0.579,210.575,0.873,2.56
2019,9,24,21,13.133333333333301,13.24,3.191,1.256,0,0.913,2.31
2019,9,25,0,13.2166666666667,12.87,1.032,0.983,0,0.945,2.02
2019,9,25,3,13.3,12.686,1.517,1.606,0,0.948,2.07
2019,9,25,6,13.3,13.007,0.9,2.331,0,0.953,2.18
2019,9,25,9,13.45,13.46,1.432,3.22,96.31,0.924,2.56
2019,9,25,12,14.325,14.796,0.419,4.437,738.328,0.814,2.94
2019,9,25,15,14.7,14.74,0.117,3.187,902.986,0.792,3.2
2019,9,25,18,14.5416666666667,13.051,0.28,2.119,279.605,0.884,2.86
2019,9,25,21,14.3166666666667,11.62,0.194,1.602,0,0.938,3.22
2019,9,26,0,14.2,11.486,0.226,1.521,0,0.943,3.38
2019,9,26,3,14.0833333333333,11.76,0,1.407,0,0.949,3.25
2019,9,26,6,13.9333333333333,12.252,0.028,1.718,0,0.962,3.02
2019,9,26,9,13.9916666666667,13.591,0.308,2.132,180.104,0.921,3.63
2019,9,26,12,14.325,16.192,0.613,3.01,699.685,0.787,3.87
2019,9,26,15,14.3,16.777,2.32,2.533,553.898,0.76,3.49
2019,9,26,18,14.2916666666667,14.57,0.275,1.948,103.719,0.948,3.08
2019,9,26,21,14.3,14.549,0.386,2.111,0,0.962,2.79
2019,9,27,0,14.4,14.825,0.212,2.402,0,0.945,2.94
2019,9,27,3,14.4666666666667,14.279,0.018,2.168,0,0.945,2.97
2019,9,27,6,14.525,14.062,2.844,2.288,0,0.941,2.63
2019,9,27,9,14.7166666666667,14.725,4.147,2.506,91.471,0.918,2.69
2019,9,27,12,14.9833333333333,16.515,3.114,2.699,406.878,0.827,2.85
2019,9,27,15,14.7166666666667,14.22,0.639,2.7,294.432,0.942,3.26
2019,9,27,18,14.508333333333301,13.85,0.315,2.145,148.361,0.946,3.55
2019,9,27,21,14.5416666666667,12.821,1.902,2.933,0,0.921,4.45
2019,9,28,0,14.85,11.657,1.412,1.957,0,0.94,4.41
2019,9,28,3,14.4333333333333,11.312,0.005,1.65,0,0.958,4.2
2019,9,28,6,14.1833333333333,12.035,0.425,2.142,0,0.952,5.43
2019,9,28,9,14.2333333333333,13.011,1.143,3.004,159.733,0.913,6.26
2019,9,28,12,14.4083333333333,15.078,0.153,3.978,720.212,0.791,6.36
2019,9,28,15,14.5666666666667,14.882,0.042,4.074,834.628,0.787,6.2
2019,9,28,18,14.6,13.551,0.051,2.695,287.504,0.859,5.87
2019,9,28,21,14.5416666666667,12.624,0.002,2.433,0,0.854,5.94
2019,9,29,0,14.4,12.145,0,2.174,0,0.869,5.56
2019,9,29,3,14.2083333333333,11.656,0,2.273,0,0.881,5.23
2019,9,29,6,13.95,11.174,0,2.271,0,0.888,4.79
2019,9,29,9,13.9583333333333,13.54,0.049,3.05,271.048,0.781,4.44
2019,9,29,12,14.425,17.361,0,4.429,1070.908,0.609,4.25
2019,9,29,15,14.425,19.256,0,4.403,1255.782,0.528,3.81
2019,9,29,18,14.4083333333333,17.169,6.378,3.218,218.633,0.573,3.5
2019,9,29,21,14.575,17.293,0.428,4.524,0,0.571,3.21
2019,9,30,0,14.6916666666667,14.493,1.495,4.415,0,0.852,3.25
2019,9,30,3,14.5666666666667,13.816,1.223,6.15,0,0.885,3.04
2019,9,30,6,14.4,12.328,0.098,6.805,0,0.897,3.55
2019,9,30,9,14.35,12.063,0.18,7.12,143.253,0.866,3.87
2019,9,30,12,14.6083333333333,13.079,0.002,6.215,638.437,0.763,3.74
2019,9,30,15,14.3166666666667,13.626,0,4.434,413.083,0.714,4.61
2019,9,30,18,14.225,13.026,0,3.234,180.852,0.716,6.26
2019,9,30,21,13.9666666666667,10.482,0,1.754,0,0.879,6.45
2019,10,1,0,13.7166666666667,9.603,0.108,1.559,0,0.94,5.86
2019,10,1,3,13.5416666666667,9.214,0.113,1.588,0,0.954,5.12
2019,10,1,6,13.3333333333333,9.48,0.347,2.803,0,0.922,4.87
2019,10,1,9,13.2416666666667,11.894,0.039,2.591,166.207,0.838,4.47
2019,10,1,12,13.4666666666667,14,0.487,3.224,483.885,0.836,4.11
2019,10,1,15,13.625,15.294,4.878,2.854,347.34,0.889,3.9
2019,10,1,18,13.6,15.869,0.248,2.437,125.872,0.871,3.5
2019,10,1,21,13.6,13.578,1.635,2.908,0,0.948,3.17
2019,10,2,0,13.5833333333333,12.806,0.26,1.839,0,0.969,3.76
2019,10,2,3,13.525,13.34,1.831,3.179,0,0.93,4.35
2019,10,2,6,13.8083333333333,13.149,2.312,3.282,0,0.928,3.98
2019,10,2,9,13.6916666666667,13.074,0.011,4.112,113.271,0.896,4.39
2019,10,2,12,13.6083333333333,9.062,0.837,3.622,358.932,0.921,5.24
2019,10,2,15,13.4166666666667,8.241,0.016,2.786,495.117,0.852,6.46
2019,10,2,18,13.5583333333333,7.428,0.004,1.584,271.22,0.898,6.51
2019,10,2,21,13.3083333333333,4.807,0.024,1.726,0,0.941,6.1
2019,10,3,0,12.85,4.632,0,1.993,0,0.946,6.27
2019,10,3,3,12.4666666666667,4.778,0.261,2.19,0,0.93,6.33
2019,10,3,6,12.2,6.129,0.136,3.953,0,0.922,6.15
2019,10,3,9,12.025,6.824,0.002,3.514,94.591,0.927,5.47
2019,10,3,12,11.9333333333333,7.811,0.009,3.504,389.029,0.915,4.93
2019,10,3,15,11.9083333333333,9.252,0.047,3.615,411.829,0.84,4.53
2019,10,3,18,11.8,8.746,0.009,2.122,295.81,0.867,4.27
2019,10,3,21,11.675,7.621,0,1.487,0,0.935,4.12
2019,10,4,0,11.55,7.417,0,1.533,0,0.954,3.9
2019,10,4,3,11.4583333333333,7.091,0.033,1.025,0,0.957,3.72
2019,10,4,6,11.325,6.53,0,0.986,0,0.964,3.54
2019,10,4,9,11.3,7.398,0.097,1.557,81.68,0.944,3.61
2019,10,4,12,11.4,10.031,0.869,3.275,496.25,0.763,3.46
2019,10,4,15,11.3416666666667,10.446,4.1,3.097,393.233,0.73,3.06
2019,10,4,18,11.2916666666667,8.504,2.735,2.342,68.715,0.953,2.97
2019,10,4,21,11.2083333333333,9.136,1.967,2.115,0,0.96,2.7
2019,10,5,0,11.2916666666667,9.635,0.937,2.98,0,0.959,3.23
2019,10,5,3,11.133333333333301,9.709,0.221,3.895,0,0.944,3.53
2019,10,5,6,11.2083333333333,8.784,0.244,4.306,0,0.925,3.72
2019,10,5,9,11.3916666666667,7.399,0.012,3.498,102.591,0.918,4.48
2019,10,5,12,11.3416666666667,7.989,0,3.436,364.601,0.852,5.56
2019,10,5,15,11.05,8.055,0,2.986,320.213,0.849,6.63
2019,10,5,18,10.9916666666667,7.242,0,1.821,78.888,0.869,7.04
2019,10,5,21,10.825,5.706,0,1.201,0,0.924,7.17
2019,10,6,0,10.575,4.583,0,0.97,0,0.959,7.27
2019,10,6,3,10.4166666666667,3.343,0,0.789,0,0.959,6.6
2019,10,6,6,10.2416666666667,3.018,0,0.7,0,0.973,6.24
2019,10,6,9,10.225,5.509,0.031,1.607,188.993,0.933,5.54
2019,10,6,12,10.4166666666667,8.656,1.215,3.22,653.218,0.776,4.91
2019,10,6,15,10.5,9.152,1.973,2.671,460.205,0.732,4.11
2019,10,6,18,10.5,7.539,0.749,2.217,82.709,0.89,4.05
2019,10,6,21,10.4333333333333,6.421,0.12,2.842,0,0.93,4.03
2019,10,7,0,10.3,5.986,0.18,2.627,0,0.956,3.94
2019,10,7,3,10.275,5.399,0.018,2.237,0,0.952,4.16
2019,10,7,6,10.3,4.265,0,1.838,0,0.962,4.16
2019,10,7,9,10.225,5.564,0,2.063,262.469,0.871,4.18
2019,10,7,12,10.5166666666667,8.403,0,1.964,971.312,0.761,4.51
2019,10,7,15,10.425,10.513,0,1.837,1137.628,0.655,4.59
2019,10,7,18,10.383333333333301,7.874,0,1.441,268.929,0.852,4.16
2019,10,7,21,10.3083333333333,5.962,0.024,0.688,0,0.963,3.94
2019,10,8,0,10.3,6.758,0.004,1.659,0,0.959,3.76
2019,10,8,3,10.2,7.689,0.75,2.452,0,0.943,3.63
2019,10,8,6,10.2,8.718,1.784,2.948,0,0.948,3.51
2019,10,8,9,10.2,9.947,1.522,3.282,94.621,0.927,3.43
2019,10,8,12,10.1833333333333,10.091,2.861,3.696,274.768,0.955,3.31
2019,10,8,15,10.175,10.971,3.637,3.423,256.537,0.957,3.6
2019,10,8,18,10.3416666666667,11.386,2.033,2.577,83.777,0.963,3.83
2019,10,8,21,10.5166666666667,11.925,0.573,2.212,0,0.967,4.22
2019,10,9,0,10.7916666666667,12.147,0.458,2.422,0,0.969,5.34
2019,10,9,3,11.025,10.778,0.133,2.585,0,0.944,6.81
2019,10,9,6,10.758333333333301,8.824,0,1.701,0,0.955,8.9
2019,10,9,9,10.4833333333333,10.513,0.082,2.593,164.197,0.918,10.19
2019,10,9,12,10.7166666666667,11.663,3.476,2.611,513.592,0.847,11.93
2019,10,9,15,10.9666666666667,11.406,0.423,2.907,337.014,0.856,14.37
2019,10,9,18,11.175,10.073,0.478,3.007,75.732,0.925,14.5
2019,10,9,21,11.133333333333301,9.052,0.616,3.408,0,0.932,12.23
2019,10,10,0,11.1083333333333,9.144,1.859,4.027,0,0.916,10.94
2019,10,10,3,11.1,8.173,2.388,3.886,0,0.909,9.51
2019,10,10,6,11.1166666666667,7.823,0.547,3.074,0,0.941,9.12
2019,10,10,9,11.2,8.287,0.744,3.975,63.345,0.926,9.51
2019,10,10,12,11.275,9.309,0.328,4.33,433.727,0.896,9.39
2019,10,10,15,11.425,10.588,0.018,4.113,504.171,0.804,9.85
2019,10,10,18,11.35,9.306,0.001,2.171,261.434,0.865,9.85
2019,10,10,21,11.008333333333301,8.549,0.057,2.15,0,0.941,10.26
2019,10,11,0,10.8333333333333,8.751,0,2.279,0,0.939,10.67
2019,10,11,3,10.5833333333333,8.257,0,2.129,0,0.952,10.3
2019,10,11,6,10.425,6.883,0,2.207,0,0.961,10.07
2019,10,11,9,10.3333333333333,9.44,0,2.953,151.666,0.906,9.51
2019,10,11,12,10.5833333333333,12.711,0,3.22,591.681,0.805,9.09
2019,10,11,15,10.85,13.602,0,3.231,588.394,0.832,8.63
2019,10,11,18,10.9916666666667,12.683,0,1.564,189.328,0.872,8.34
2019,10,11,21,10.8583333333333,10.34,0,1.348,0,0.927,7.91
2019,10,12,0,10.6916666666667,9.884,0,1.661,0,0.932,7.6
2019,10,12,3,10.5333333333333,8.976,0,1.684,0,0.942,7.04
2019,10,12,6,10.425,8.57,0,2.423,0,0.924,6.78
2019,10,12,9,10.4333333333333,12.162,0.002,2.917,307.013,0.79,6.62
2019,10,12,12,10.8666666666667,18.882,0.004,3.921,1233.629,0.606,6.36
2019,10,12,15,11.0916666666667,20.632,0,4.009,1235.634,0.539,5.88
2019,10,12,18,11.3916666666667,16.753,0,1.728,256.25,0.707,5.69
2019,10,12,21,11.5583333333333,14.779,0.002,1.844,0,0.86,5.71
2019,10,13,0,11.4583333333333,14.597,0,1.986,0,0.851,5.45
2019,10,13,3,11.3333333333333,13.486,0,1.501,0,0.896,5.54
2019,10,13,6,11.2,12.111,0,1.494,0,0.93,5.16
2019,10,13,9,11.375,14.938,0,2.077,249.459,0.829,4.95
2019,10,13,12,11.9833333333333,20.741,0,2.715,1184.925,0.651,4.87
2019,10,13,15,12.15,22.955,0,3.021,1212.747,0.573,4.77
2019,10,13,18,12.35,18.854,0,2.082,303.901,0.659,4.42
2019,10,13,21,12.5,14.917,0,1.578,0,0.779,4.39
2019,10,14,0,12.4916666666667,12.969,0,1.009,0,0.885,4.07
2019,10,14,3,12.3083333333333,11.521,0,0.641,0,0.913,5.1
2019,10,14,6,12.0833333333333,10.383,0,0.513,0,0.932,4.89
2019,10,14,9,12.125,14.077,0,0.991,283.026,0.851,5.15
2019,10,14,12,12.8083333333333,20.352,0,1.697,1211.499,0.643,5.15
2019,10,14,15,12.925,23.348,0,1.674,1229.696,0.529,5.29
2019,10,14,18,13.008333333333301,16.854,0,0.72,287.101,0.824,4.81
2019,10,14,21,13.1,13.691,0,1.216,0,0.932,4.94
2019,10,15,0,12.95,11.39,0.01,0.923,0,0.96,4.71
2019,10,15,3,12.6583333333333,9.404,0,0.763,0,0.977,4.75
2019,10,15,6,12.3666666666667,9.161,0,0.958,0.077,0.981,4.56
2019,10,15,9,12.325,10.694,0.002,1.689,170.792,0.966,4.54
2019,10,15,12,12.8666666666667,15.683,0,2.503,883.639,0.834,4.36
2019,10,15,15,12.8166666666667,17.19,0,2.204,1080.991,0.785,4.56
2019,10,15,18,12.9,13.792,1.222,1.089,238.915,0.916,4.73
2019,10,15,21,12.9583333333333,11.447,1.43,0.794,0,0.956,4.71
2019,10,16,0,13.025,12.721,0.703,3.296,0,0.935,4.64
2019,10,16,3,12.8166666666667,11.729,0.184,4.109,0,0.942,4.36
2019,10,16,6,12.6083333333333,9.884,0.083,4.376,0,0.931,4.44
2019,10,16,9,12.5166666666667,10.157,0.01,3.456,115.784,0.904,4.77
2019,10,16,12,12.9833333333333,12.083,0.03,4.224,620.072,0.759,4.58
2019,10,16,15,12.9416666666667,12.954,0,3.646,734.589,0.71,4.73
2019,10,16,18,12.9083333333333,11.875,0,2.347,107.313,0.793,4.87
2019,10,16,21,12.8,10.442,0,1.984,0,0.852,5.42
2019,10,17,0,12.525,9.024,0,1.521,0,0.869,5.32
2019,10,17,3,12.1833333333333,8.236,0,1.551,0,0.873,4.91
2019,10,17,6,11.925,8.228,0,1.544,0,0.865,4.62
2019,10,17,9,11.875,10.015,0,1.783,129.353,0.832,4.83
2019,10,17,12,12.1916666666667,14.491,0,2.558,750.588,0.691,4.79
2019,10,17,15,12.3333333333333,16.056,0.124,2.072,801.115,0.668,4.91
2019,10,17,18,12.425,12.951,0.127,1.218,235.159,0.848,4.58
2019,10,17,21,12.4666666666667,11.692,0.084,1.185,0,0.897,4.5
2019,10,18,0,12.4,12.169,0.158,1.979,0,0.917,3.9
2019,10,18,3,12.375,12.163,0.164,2.163,0,0.956,4.22
2019,10,18,6,12.258333333333301,11.985,0,1.63,0,0.963,4.2
2019,10,18,9,12.3083333333333,12.54,2.692,2.238,86.581,0.94,4.36
2019,10,18,12,12.7666666666667,16.1,0.03,3.393,686.497,0.785,4.22
2019,10,18,15,12.633333333333301,17.251,0.003,3.504,717.178,0.69,4.12
2019,10,18,18,12.633333333333301,12.354,0.566,2.83,135.503,0.898,4.28
2019,10,18,21,12.6,9.916,0.079,1.305,0,0.963,4.54
2019,10,19,0,12.6416666666667,9.548,0.345,1.145,0,0.963,4.58
2019,10,19,3,12.6416666666667,10.401,0.927,1.661,0,0.961,5
2019,10,19,6,12.5583333333333,10.862,0.039,2.537,0,0.949,5.06
2019,10,19,9,12.3583333333333,11.001,0.104,2.139,88.14,0.95,5.21
2019,10,19,12,12.5833333333333,12.336,0.082,2.772,357.383,0.924,4.77
2019,10,19,15,12.625,13.632,0.071,3.491,630.282,0.804,5.1
2019,10,19,18,12.6916666666667,12.039,0.062,2.424,191.474,0.887,4.91
2019,10,19,21,12.7666666666667,11.719,0.057,2.139,0,0.878,5
2019,10,20,0,12.5666666666667,10.453,0.022,1.144,0,0.958,4.87
2019,10,20,3,12.45,10.003,0.047,1.039,0,0.966,4.96
2019,10,20,6,12.258333333333301,9.463,0.011,1.083,0.743,0.966,4.87
2019,10,20,9,12.2666666666667,12.07,0,1.74,205.368,0.874,5.04
2019,10,20,12,12.758333333333301,15.994,0,2.465,1012.232,0.728,4.91
2019,10,20,15,12.7833333333333,19.022,0,3.102,1032.792,0.631,4.56
2019,10,20,18,12.7,14.787,0,2.095,197.897,0.815,4.22
2019,10,20,21,12.7,11.453,0,1.527,0,0.921,4.24
2019,10,21,0,12.6166666666667,10.168,0,1.653,0,0.944,4.16
2019,10,21,3,12.383333333333301,8.71,0.002,1.213,0,0.969,4.32
2019,10,21,6,12.15,7.386,0,0.751,0,0.976,4.26
2019,10,21,9,12.1,9.769,0,0.894,121.079,0.964,4.2
2019,10,21,12,12.2,12.54,0,0.824,301.019,0.895,4.32
2019,10,21,15,12.3333333333333,16.57,0,1.141,645.117,0.738,4.08
2019,10,21,18,12.3,12.928,0,0.855,173.178,0.929,3.91
2019,10,21,21,12.275,10.245,0,0.798,0,0.964,4.17
2019,10,22,0,12.2416666666667,9.25,0,1.096,0,0.964,3.91
2019,10,22,3,12.15,8.726,0,0.745,0,0.977,3.86
2019,10,22,6,12.05,7.623,0,0.943,0,0.978,3.86
2019,10,22,9,12.0416666666667,9.472,0,0.872,137.73,0.962,3.77
2019,10,22,12,12.325,14.581,0,1.977,729.491,0.835,3.84
2019,10,22,15,12.175,15.933,0,1.264,638.729,0.791,3.79
2019,10,22,18,12.008333333333301,12.363,0,0.61,139.897,0.944,3.68
2019,10,22,21,12,9.432,0,0.492,0,0.974,3.82
2019,10,23,0,11.975,9.001,0,0.748,0,0.981,3.77
2019,10,23,3,11.775,9.26,0.002,1.054,0,0.975,3.64
2019,10,23,6,11.5416666666667,9.699,0,1.448,0,0.975,3.64
2019,10,23,9,11.625,11.298,0,1.167,60.687,0.969,3.79
2019,10,23,12,12.1,14.668,0,2.881,436.578,0.892,3.95
2019,10,23,15,11.9833333333333,16.252,0,2.789,654.634,0.809,3.86
2019,10,23,18,11.8,12.068,0,1.027,179.923,0.946,3.77
2019,10,23,21,11.8,9.699,0,1.258,0,0.979,3.75
2019,10,24,0,11.75,8.919,0.002,1.284,0,0.982,3.73
2019,10,24,3,11.5583333333333,8.586,0,1.282,0,0.983,3.54
2019,10,24,6,11.425,7.913,0,1.466,0.188,0.984,3.64
2019,10,24,9,11.425,8.757,0,1.071,113.809,0.981,3.79
2019,10,24,12,11.5916666666667,13.476,0,1.714,628.847,0.872,3.97
2019,10,24,15,11.5166666666667,12.797,0,2.278,611.866,0.886,3.81
2019,10,24,18,11.5333333333333,11.371,0,1.122,143.916,0.954,3.95
2019,10,24,21,11.6,10.653,0,0.773,0,0.966,3.59
2019,10,25,0,11.6,10.434,0,1.257,0,0.971,3.99
2019,10,25,3,11.625,10.765,0,1.294,0,0.949,4.32
2019,10,25,6,11.525,10.454,0,1.01,0,0.952,4.79
2019,10,25,9,11.575,12.075,0,1.954,108.862,0.91,4.72
2019,10,25,12,12.2,14.901,0,3.914,816.66,0.721,3.86
2019,10,25,15,11.9416666666667,14.974,0,2.888,744.246,0.712,3.71
2019,10,25,18,11.725,11.233,0,1.219,117.208,0.889,3.5
2019,10,25,21,11.6833333333333,7.899,0,1.252,0,0.961,3.68
2019,10,26,0,11.5333333333333,6.937,0,0.798,0,0.969,3.66
2019,10,26,3,11.2666666666667,6.632,0,0.923,0,0.973,3.43
2019,10,26,6,11.15,5.933,0,1.02,0,0.975,3.43
2019,10,26,9,11.2916666666667,8.742,0,1.223,173.949,0.965,3.73
2019,10,26,12,12.008333333333301,15.919,0,2.259,912.082,0.765,3.8
2019,10,26,15,11.75,17.708,0,2.655,1019.517,0.704,3.57
2019,10,26,18,11.425,12.651,0,1.838,207.465,0.949,3.43
2019,10,26,21,11.4583333333333,10.109,0,1.74,0,0.969,3.55
2019,10,27,0,11.4666666666667,9.817,0,1.82,0,0.971,3.35
2019,10,27,3,11.3166666666667,8.555,0,1.191,0,0.968,3.41
2019,10,27,6,11.15,7.878,0,1.471,0,0.936,3.43
2019,10,27,9,11.175,10.573,0.156,1.691,183.213,0.884,3.52
2019,10,27,12,11.7666666666667,16.192,2.074,3.355,640.378,0.713,3.52
2019,10,27,15,11.5916666666667,15.188,1.367,3.506,479.121,0.788,3.43
2019,10,27,18,11.3416666666667,11.52,0.548,2.035,48.285,0.936,3.43
2019,10,27,21,11.3,7.23,0.256,1.735,0,0.954,3.52
2019,10,28,0,11.1833333333333,5.835,0.129,1.184,0,0.952,3.99
2019,10,28,3,11.0833333333333,5.07,0.002,1.23,0,0.947,3.86
2019,10,28,6,11.2666666666667,2.603,0,0.774,0,0.97,3.97
2019,10,28,9,11.225,2.785,0,0.635,86.328,0.959,4.11
2019,10,28,12,11.1916666666667,6.727,0,1.747,706.66,0.851,4.54
2019,10,28,15,10.7416666666667,8.204,0,1.939,917.283,0.782,4.81
2019,10,28,18,10.4916666666667,4.263,0,0.815,153.567,0.94,4.6
2019,10,28,21,10.3166666666667,1.693,0,0.723,0,0.967,4.32
2019,10,29,0,10.125,0.718,0,0.607,0,0.984,4.07
2019,10,29,3,9.9,1.028,0,0.872,0,0.966,3.81
2019,10,29,6,9.60833333333333,1.918,0,0.901,0,0.967,3.64
2019,10,29,9,9.61666666666667,3.806,0,1.357,88.065,0.952,3.68
2019,10,29,12,9.70833333333333,6.708,0,2.877,487.573,0.831,3.71
2019,10,29,15,9.59166666666667,6.789,0,2.433,341.459,0.789,3.55
2019,10,29,18,9.3,4.32,0,1.454,79.121,0.867,3.73
2019,10,29,21,9.08333333333333,1.864,0,1.253,0,0.927,3.79
2019,10,30,0,8.8,0.104,0,0.95,0,0.96,3.4
2019,10,30,3,8.38333333333333,-0.699,0,0.953,0,0.974,3.28
2019,10,30,6,7.95833333333333,-1.756,0,0.941,0,0.968,3.23
2019,10,30,9,7.875,0.407,0,0.964,168.4,0.905,3.47
2019,10,30,12,8.55833333333333,5.973,0,3.431,973.762,0.693,3.42
2019,10,30,15,8.10833333333333,6.9,0,3.115,896.618,0.609,3.33
2019,10,30,18,7.66666666666667,2.837,0,1.294,114.95,0.804,3.38
2019,10,30,21,7.725,0.65,0,1.251,0,0.883,3.56
2019,10,31,0,7.46666666666667,-0.708,0,1.217,0,0.919,3.54
2019,10,31,3,7.09166666666667,-2.1,0,1.317,0,0.934,3.17
2019,10,31,6,6.75,-3.217,0,0.889,0,0.945,3.21
2019,10,31,9,6.63333333333333,-0.83,0,1.463,164.012,0.896,3.35
2019,10,31,12,7.25833333333333,4.95,0,3.364,972.709,0.655,3.52
2019,10,31,15,6.825,6.872,0,2.976,1007.855,0.57,3.43
2019,10,31,18,6.48333333333333,2.584,0,1.475,173.758,0.796,3.43
2019,10,31,21,6.45833333333333,0.174,0,1.43,0,0.913,3.36
2019,11,1,0,6.29166666666667,-1.022,0,1.506,0,0.943,3.04
2019,11,1,3,6.09166666666667,-0.73,0,1.84,0,0.96,3.17
2019,11,1,6,5.775,-1.283,0,1.647,0,0.932,3.04
2019,11,1,9,5.75833333333333,0.585,0.013,2.45,40.33,0.96,3.25
2019,11,1,12,5.9,2.569,1.338,3.074,213.078,0.935,3.27
2019,11,1,15,5.85,3.459,0.158,2.748,180.404,0.948,3.12
2019,11,1,18,5.70833333333333,3.917,0.786,2.415,22.394,0.965,3.23
2019,11,1,21,5.775,4.626,2.872,2.021,0,0.968,3.33
2019,11,2,0,5.9,5.739,3.236,1.775,0,0.972,3.38
2019,11,2,3,5.95,7.129,2.03,2.4,0,0.973,3.28
2019,11,2,6,6.29166666666667,8.039,0.995,2.552,0,0.976,3.48
2019,11,2,9,6.30833333333333,9.062,0.366,2.798,30.105,0.977,3.94
2019,11,2,12,6.79166666666667,11.564,0.052,2.949,181.198,0.959,4.32
2019,11,2,15,7.31666666666667,13.387,0.778,2.653,260.211,0.939,4.5
2019,11,2,18,7.04166666666667,11.926,0.013,1.655,53.628,0.975,4.95
2019,11,2,21,6.9,11.576,3.767,1.692,0,0.972,6.66
2019,11,3,0,6.98333333333333,10.773,1.804,2.525,0,0.961,6.75
2019,11,3,3,7.075,10.872,1.218,2.594,0,0.952,7.05
2019,11,3,6,7.18333333333333,9.814,0.586,1.768,0,0.97,6.93
2019,11,3,9,7.35,9.701,0.214,1.749,31.447,0.957,7.75
2019,11,3,12,8.28333333333333,11.19,0.031,2.384,324.284,0.936,8.33
2019,11,3,15,8.48333333333333,11.051,2.149,2.54,323.126,0.936,8.89
2019,11,3,18,8.525,9.372,3.843,1.391,51.281,0.964,10.21
2019,11,3,21,8.83333333333333,8.619,0.895,1.203,0,0.962,10.53
2019,11,4,0,9.24166666666667,8.8,0.56,1.765,0,0.964,10.73
2019,11,4,3,9.55833333333333,8.94,0.763,2.756,0,0.955,10.73
2019,11,4,6,9.88333333333333,8.267,0.371,3.586,0,0.939,11.13
2019,11,4,9,9.81666666666667,8.341,1.7,2.748,45.496,0.937,10.53
2019,11,4,12,9.8,9.386,0.574,2.98,316.868,0.91,11.6
2019,11,4,15,9.8,8.948,1.708,2.565,279.499,0.927,12.67
2019,11,4,18,9.75833333333333,8.806,1.414,2.401,32.238,0.939,13.66
2019,11,4,21,9.73333333333333,8.45,0.082,2.216,0,0.948,14.17
2019,11,5,0,9.675,7.769,0.08,1.946,0,0.955,14.1
2019,11,5,3,9.65,7.823,0.158,2.874,0,0.936,13.86
2019,11,5,6,9.55,6.643,0.102,2.467,0,0.932,13.88
2019,11,5,9,9.48333333333333,6.702,0.064,1.771,31.664,0.921,14
2019,11,5,12,9.55,8.059,0.006,2.618,421.709,0.855,14
2019,11,5,15,9.6,8.371,0.002,2.337,420.402,0.828,13.83
2019,11,5,18,9.55,4.895,0,1.209,89.645,0.949,13.3
2019,11,5,21,9.275,2.294,0,1.443,0,0.975,12.98
2019,11,6,0,9,2.22,0.015,0.845,0,0.973,12.5
2019,11,6,3,8.825,3.09,0.002,0.938,0,0.971,11.87
2019,11,6,6,8.66666666666667,3.239,0.873,0.894,0,0.969,11.2
2019,11,6,9,8.6,5.21,0.45,1.536,47.662,0.966,10.93
2019,11,6,12,8.65833333333333,7.235,0.035,2.472,303.627,0.932,10.53
2019,11,6,15,8.7,7.9,0.147,2.462,380.313,0.883,10.12
2019,11,6,18,8.6,5.866,0.213,1.257,62.529,0.949,9.76
2019,11,6,21,8.50833333333333,6.29,0.267,1.849,0,0.945,9.61
2019,11,7,0,8.35,6.005,0.056,1.671,0,0.959,9.27
2019,11,7,3,8.25833333333333,6.013,0.002,1.9,0,0.951,9.73
2019,11,7,6,8.3,5.751,0.076,1.819,0,0.959,10.04
2019,11,7,9,8.31666666666667,5.595,0,1.788,38.908,0.961,9.22
2019,11,7,12,8.48333333333333,6.857,0.005,3.136,375.262,0.908,8.9
2019,11,7,15,8.60833333333333,8.177,0.007,2.726,400.227,0.844,8.51
2019,11,7,18,8.7,7.79,0,2.132,46.496,0.853,8.2
2019,11,7,21,8.66666666666667,6.607,0.002,1.571,0,0.899,8.33
2019,11,8,0,8.50833333333333,4.895,0,0.757,0,0.955,8.16
2019,11,8,3,8.39166666666667,4.517,0,0.691,0,0.965,8.03
2019,11,8,6,8.3,4.252,0.281,0.477,0,0.971,7.74
2019,11,8,9,8.24166666666667,5.074,1.499,1.404,27.433,0.944,7.68
2019,11,8,12,8.3,6.426,0.857,2.29,183.098,0.887,7.58
2019,11,8,15,8.4,5.98,0.257,2.194,148.614,0.948,7.04
2019,11,8,18,8.4,5.638,0.205,1.176,42.014,0.967,6.81
2019,11,8,21,8.45,5.472,0.219,0.869,0,0.975,7.55
2019,11,9,0,8.54166666666667,5.265,0.314,0.868,0,0.971,7.8
2019,11,9,3,8.43333333333333,5.152,0.236,1.699,0,0.954,7.83
2019,11,9,6,8.34166666666667,4.243,0.144,2.396,0,0.958,8.16
2019,11,9,9,8.14166666666667,3.398,0.076,3.097,7.55,0.957,8.08
2019,11,9,12,8.14166666666667,3.713,0,3.192,151.923,0.941,8.13
2019,11,9,15,8.225,4.958,0,2.385,343.058,0.893,7.99
2019,11,9,18,8.08333333333333,3.019,0,1.044,94.949,0.952,7.83
2019,11,9,21,7.81666666666667,0.572,0,1.025,0,0.969,7.68
2019,11,10,0,7.59166666666667,-0.083,0,0.461,0,0.968,7.6
2019,11,10,3,7.34166666666667,-0.374,0,0.541,0,0.966,7.38
2019,11,10,6,7.175,0.147,0,1.053,0,0.967,7.38
2019,11,10,9,7.1,1.026,0,1.017,51.936,0.965,7.1
2019,11,10,12,7.16666666666667,2.931,0,1.6,469.621,0.927,7.19
2019,11,10,15,7.14166666666667,5.402,0,1.323,755.671,0.855,7.05
2019,11,10,18,7.03333333333333,1.277,0,0.912,117.967,0.954,6.76
2019,11,10,21,6.975,-0.592,0,0.59,0,0.958,6.66
2019,11,11,0,6.8,-0.715,0,0.93,0,0.958,6.74
2019,11,11,3,6.6,-0.316,0,1.199,0,0.968,6.61
2019,11,11,6,6.43333333333333,0.078,0,1.459,0,0.962,6.47
2019,11,11,9,6.35833333333333,0.143,0,2.424,16.753,0.953,6.36
2019,11,11,12,6.3,0.754,0,2.933,179.496,0.941,6.34
2019,11,11,15,6.29166666666667,1.838,0,2.779,293.046,0.907,5.97
2019,11,11,18,6.225,0.917,0.097,2.406,38.11,0.937,6.02
2019,11,11,21,6.05833333333333,0.731,0.167,2.196,0,0.938,5.88
2019,11,12,0,5.99166666666667,0.783,0.048,2.354,0,0.944,6.16
2019,11,12,3,5.88333333333333,1.274,0,2.305,0,0.957,6.06
2019,11,12,6,5.8,1.946,0.019,2.449,0,0.967,5.99
2019,11,12,9,5.8,2.887,0,2.279,27.964,0.954,5.92
2019,11,12,12,5.925,4.534,0,2.69,322.463,0.886,6.24
2019,11,12,15,6.06666666666667,5.359,0,2.709,373.732,0.788,5.83
2019,11,12,18,5.99166666666667,3.555,0,1.931,76.207,0.917,5.9
2019,11,12,21,5.94166666666667,3.189,0.069,1.818,0,0.935,5.88
2019,11,13,0,5.9,2.672,0.005,1.397,0,0.945,6.08
2019,11,13,3,5.81666666666667,2.729,0.008,1.484,0,0.949,5.76
2019,11,13,6,5.8,2.461,0,1.671,0,0.959,5.88
2019,11,13,9,5.84166666666667,2.813,0,1.551,19.866,0.947,5.62
2019,11,13,12,6.075,4.227,0.002,2.209,345.473,0.838,5.79
2019,11,13,15,6.2,4.882,0,2.558,381.409,0.74,5.65
2019,11,13,18,6.23333333333333,3.218,0,1.252,51.431,0.86,5.65
2019,11,13,21,6.2,3.107,0,1.524,0,0.902,5.53
2019,11,14,0,6.2,3.108,0,1.755,0,0.919,5.97
2019,11,14,3,6.10833333333333,2.618,0,1.274,0,0.941,5.34
2019,11,14,6,6.1,1.511,0,2.075,0,0.955,5.6
2019,11,14,9,6.1,2.152,0,2.568,39.858,0.908,5.6
2019,11,14,12,6.28333333333333,5.46,0,3.394,747.051,0.736,5.55
2019,11,14,15,6.33333333333333,6.342,0,3.237,686.645,0.664,5.41
2019,11,14,18,6.35833333333333,2.643,0,3.323,86.803,0.871,5.39
2019,11,14,21,6.24166666666667,1.837,0,3.194,0,0.889,5.25
2019,11,15,0,6,1.517,0,3.065,0,0.904,5.48
2019,11,15,3,5.73333333333333,1.984,0,3.027,0,0.918,5.19
2019,11,15,6,5.6,2.684,0,2.74,0,0.925,5.06
2019,11,15,9,5.61666666666667,3.559,0,3.29,40.602,0.908,5.17
2019,11,15,12,5.84166666666667,6.727,0,3.145,416.031,0.836,5.13
2019,11,15,15,5.94166666666667,6.889,0.367,1.262,249.31,0.872,5.28
2019,11,15,18,6,5.287,0.157,1.338,37.7,0.943,5.06
2019,11,15,21,5.975,5.045,1.506,1.016,0,0.966,5.02
2019,11,16,0,5.88333333333333,4.77,0.049,1.239,0,0.972,4.89
2019,11,16,3,5.83333333333333,5.534,0.186,1.991,0,0.968,4.85
2019,11,16,6,5.825,3.508,0.037,2.702,0,0.955,5.02
2019,11,16,9,5.85833333333333,2.963,0,2.485,36.06,0.943,5.39
2019,11,16,12,6.26666666666667,3.546,0,1.848,211.162,0.924,5.72
2019,11,16,15,6.55,4.507,0,1.475,240.153,0.889,5.76
2019,11,16,18,6.41666666666667,2.423,0,0.96,39.446,0.948,5.62
2019,11,16,21,6.16666666666667,0.119,0,0.62,0,0.99,5.44
2019,11,17,0,5.95,-0.243,0.007,0.67,0,0.986,5.6
2019,11,17,3,5.78333333333333,0.189,0.003,0.972,0,0.983,5.24
2019,11,17,6,5.7,1.671,0,1.105,0,0.97,5.06
2019,11,17,9,5.71666666666667,3.369,0.025,1.751,20.169,0.969,5.02
2019,11,17,12,5.83333333333333,5.426,0,2.252,159.69,0.945,5.33
2019,11,17,15,6,6.215,0.002,2.571,159.708,0.941,4.71
2019,11,17,18,6.15,6.285,0,2.298,31.801,0.95,4.83
2019,11,17,21,6.16666666666667,6.59,0.003,1.951,0,0.944,4.87
2019,11,18,0,6.1,5.244,0.124,1.453,0,0.971,4.81
2019,11,18,3,6.05833333333333,6.035,0,1.627,0,0.966,4.73
2019,11,18,6,6,4.789,0.002,2.396,0,0.958,4.81
2019,11,18,9,6,3.866,0,2.409,2.913,0.944,4.81
2019,11,18,12,6.1,4.584,0,2.528,168.861,0.891,5.04
2019,11,18,15,6.15833333333333,5.25,0,3.084,255.416,0.769,4.94
2019,11,18,18,6.2,2.963,0,2.136,43.392,0.793,5.04
2019,11,18,21,6.08333333333333,2.394,0,2.869,0,0.84,4.67
2019,11,19,0,6,2.171,0,3.074,0,0.861,4.52
2019,11,19,3,6,3.322,0,2.983,0,0.824,4.64
2019,11,19,6,6,3.35,0,2.234,0,0.843,4.81
2019,11,19,9,5.99166666666667,3.053,0.023,1.652,6.042,0.897,4.75
2019,11,19,12,6,4.215,0.361,1.482,178.295,0.858,4.96
2019,11,19,15,6.125,4.499,0.373,0.976,171.859,0.864,4.81
2019,11,19,18,6.2,3.589,0,0.557,16.018,0.943,4.64
2019,11,19,21,6.2,3.086,0.021,0.5,0,0.967,4.56
2019,11,20,0,6.1,2.587,0,0.553,0,0.97,4.77
2019,11,20,3,5.99166666666667,2.405,0,0.632,0,0.974,4.67
2019,11,20,6,5.89166666666667,1.744,0,0.982,0,0.975,4.3
2019,11,20,9,5.85833333333333,1.553,0,0.824,16.64,0.971,4.08
2019,11,20,12,5.91666666666667,3.463,0,1.931,196.225,0.917,4.61
2019,11,20,15,6.025,3.79,0.002,1.696,213.976,0.927,5
2019,11,20,18,6.1,3.355,0,1.548,15.794,0.951,4.5
2019,11,20,21,6.19166666666667,3.452,0.01,0.939,0,0.962,4.34
2019,11,21,0,6.16666666666667,3.681,0.055,0.999,0,0.97,4.62
2019,11,21,3,6.1,3.895,0.223,0.836,0,0.971,4.36
2019,11,21,6,6.1,4.192,0.038,0.733,0,0.973,4.44
2019,11,21,9,6.01666666666667,4.662,0.007,0.671,7.758,0.974,4.32
2019,11,21,12,6.14166666666667,5.604,0.04,0.896,126.347,0.966,4.6
2019,11,21,15,6.25833333333333,6.219,0.018,1.154,188.09,0.957,4.56
2019,11,21,18,6.48333333333333,5.702,0.003,1.135,19.342,0.973,4.56
2019,11,21,21,6.675,5.09,0,1.464,0,0.972,4.46
2019,11,22,0,6.59166666666667,4.334,0.002,1.534,0,0.963,4.48
2019,11,22,3,6.475,3.218,0,1.947,0,0.956,4.32
2019,11,22,6,6.4,2.411,0,1.799,0,0.966,4.32
2019,11,22,9,6.4,2.096,0,2.197,5.03,0.965,4.32
2019,11,22,12,6.425,3.042,0,2.224,173.273,0.953,4.58
2019,11,22,15,6.51666666666667,4.441,0,2.649,212.154,0.926,4.56
2019,11,22,18,6.525,4.141,0,2.431,23.754,0.941,4.48
2019,11,22,21,6.35833333333333,2.854,0,2.165,0,0.961,4.3
2019,11,23,0,6.16666666666667,3.676,0,1.901,0,0.95,4.22
2019,11,23,3,5.94166666666667,3.949,0,2.024,0,0.941,4.32
2019,11,23,6,5.71666666666667,3.776,0,2.724,0,0.932,4.28
2019,11,23,9,5.51666666666667,4.181,0,2.567,54.913,0.917,4.32
2019,11,23,12,5.775,7.871,0,3.554,637.19,0.798,4.4
2019,11,23,15,5.8,8.003,0,3.588,593.038,0.793,4.3
2019,11,23,18,5.86666666666667,4.945,0,3.234,41.795,0.906,4.08
2019,11,23,21,5.84166666666667,4.183,0,3.134,0,0.926,4.2
2019,11,24,0,5.60833333333333,3.872,0,3.004,0,0.945,4.28
2019,11,24,3,5.36666666666667,3.503,0,2.626,0,0.952,4.32
2019,11,24,6,5.125,3.202,0,2.428,0,0.961,4.18
2019,11,24,9,5,3.421,0,1.861,31.496,0.96,4.08
2019,11,24,12,5.125,6.233,0,2.089,354.328,0.915,4.22
2019,11,24,15,5.29166666666667,7.124,0,2.071,379.742,0.889,4.14
2019,11,24,18,5.3,4.132,0,1.468,43.047,0.961,4.24
2019,11,24,21,5.275,2.491,0,1.205,0,0.979,4.16
2019,11,25,0,5.14166666666667,1.38,0,1.178,0,0.975,4.16
2019,11,25,3,5.1,1.957,0,1.085,0,0.978,4.02
2019,11,25,6,5.08333333333333,2.009,0,1.447,0,0.974,3.86
2019,11,25,9,5.00833333333333,2.023,0,1.134,18.255,0.974,4.02
2019,11,25,12,5.1,3.325,0,1.059,187.349,0.959,4.08
2019,11,25,15,5.10833333333333,3.665,0,1.186,172.929,0.959,4.08
2019,11,25,18,5.28333333333333,3.366,0,1.437,18.204,0.974,4.08
2019,11,25,21,5.40833333333333,3.059,0,1.55,0,0.968,4.08
2019,11,26,0,5.5,2.743,0.05,1.667,0,0.977,3.93
2019,11,26,3,5.41666666666667,2.814,0,1.676,0,0.969,3.95
2019,11,26,6,5.4,2.972,0.002,1.736,0,0.971,4.08
2019,11,26,9,5.4,3.137,0,1.819,10.05,0.969,4.08
2019,11,26,12,5.525,5.102,0,2.142,199.852,0.937,4.2
2019,11,26,15,5.76666666666667,6.135,0,1.936,232.471,0.941,4.08
2019,11,26,18,5.95,5.444,0,2.028,24.217,0.964,4.08
2019,11,26,21,6.1,4.634,0,2.485,0,0.971,3.97
2019,11,27,0,6.1,3.89,0,2.702,0,0.971,4.14
2019,11,27,3,6.1,3.472,0.419,2.939,0,0.971,3.88
2019,11,27,6,6.04166666666667,3.447,3.267,2.574,0,0.958,3.86
2019,11,27,9,6.00833333333333,4.101,0,2.471,4.665,0.946,3.9
2019,11,27,12,6.1,4.6,0.25,2.043,110.187,0.964,4.12
2019,11,27,15,6.15,6.621,0.392,2.215,306.205,0.942,4.22
2019,11,27,18,6.28333333333333,5.867,0,2.866,40.985,0.965,4.73
2019,11,27,21,6.84166666666667,6.528,0.037,3.065,0,0.953,4.62
2019,11,28,0,6.90833333333333,6.867,0.054,3.12,0,0.941,4.81
2019,11,28,3,6.79166666666667,6.755,0,3.084,0,0.915,5.06
2019,11,28,6,6.78333333333333,7.639,0.836,3.595,0,0.866,5.69
2019,11,28,9,6.63333333333333,7.821,0.816,3.592,16.485,0.879,5.76
2019,11,28,12,6.73333333333333,8.418,0.203,4.382,205.201,0.867,5.07
2019,11,28,15,6.875,7.882,2.245,4.078,165.264,0.91,4.94
2019,11,28,18,7.04166666666667,7.861,2.763,4.394,23.308,0.882,4.71
2019,11,28,21,7.25,7.156,4.648,4.851,0,0.917,4.87
2019,11,29,0,7.35,6.846,2.61,4.41,0,0.932,5.37
2019,11,29,3,7.36666666666667,6.808,1.231,4.099,0,0.936,5.76
2019,11,29,6,7.36666666666667,6.372,0.751,3.407,0,0.948,6.64
2019,11,29,9,7.89166666666667,5.672,0.292,3.114,19.664,0.944,8.22
2019,11,29,12,7.93333333333333,3.614,0.081,3.199,197.454,0.88,10.05
2019,11,29,15,7.675,4.009,0.11,3.41,379.296,0.819,12.48
2019,11,29,18,7.51666666666667,2.744,0.237,2.675,43.972,0.846,17.52
2019,11,29,21,7.35,2.253,0.285,2.866,0,0.885,19.9
2019,11,30,0,7.2,1.433,0.095,2.346,0,0.925,18.74
2019,11,30,3,7,1.13,0.002,1.385,0,0.953,17.22
2019,11,30,6,6.76666666666667,1.308,0.025,1.986,0,0.952,15.7
2019,11,30,9,6.625,0.235,0.002,1.341,23.54,0.95,14.15
2019,11,30,12,6.54166666666667,3.016,0,2.221,481.175,0.833,12.8
2019,11,30,15,6.575,3.171,0,1.396,562.882,0.766,11.93
2019,11,30,18,6.61666666666667,1.058,0,0.707,29.787,0.929,10.93
2019,11,30,21,6.41666666666667,-0.673,0,0.588,0,0.953,10.63
2019,12,1,0,6.06666666666667,-2.29,0,0.525,0,0.973,10.1
2019,12,1,3,5.775,-3.244,0,0.668,0,0.973,9.82
2019,12,1,6,5.44166666666667,-3.239,0,0.843,0,0.958,9.13
2019,12,1,9,5.15,-2.667,0,1.549,14.659,0.923,9.05
2019,12,1,12,5.1,0.284,0,2.746,241.166,0.867,8.4
2019,12,1,15,5.00833333333333,1.118,0,2.54,224.735,0.803,8.63
2019,12,1,18,4.95,0.353,0,2.105,19.738,0.845,7.91
2019,12,1,21,4.8,-0.119,0,1.58,0,0.892,7.94
2019,12,2,0,4.55833333333333,-0.35,0,0.983,0,0.915,8.03
2019,12,2,3,4.41666666666667,-0.413,0,1.477,0,0.911,7.94
2019,12,2,6,4.33333333333333,-0.343,0,1.595,0,0.908,7.71
2019,12,2,9,4.3,-0.603,0,1.488,12.049,0.904,7.68
2019,12,2,12,4.36666666666667,1.564,0.023,2.379,270.293,0.783,7.74
2019,12,2,15,4.53333333333333,2.13,0.004,2.743,274.891,0.804,7.45
2019,12,2,18,4.6,1.512,0,2.17,22.693,0.882,7.38
2019,12,2,21,4.6,1.213,0.016,2.613,0,0.922,7.13
2019,12,3,0,4.55833333333333,0.948,0.003,2.26,0,0.926,7.05
2019,12,3,3,4.5,0.643,0.011,1.626,0,0.942,7.05
2019,12,3,6,4.50833333333333,0.541,0.157,1.676,0,0.955,7.05
2019,12,3,9,4.55833333333333,0.847,0,1.331,10.567,0.944,7.03
2019,12,3,12,4.63333333333333,1.919,0.012,1.526,171.446,0.932,6.78
2019,12,3,15,4.775,2.19,0.003,1.483,197.885,0.932,6.76
2019,12,3,18,4.81666666666667,1.49,0,0.994,18.577,0.952,6.61
2019,12,3,21,4.75833333333333,0.045,0,0.695,0,0.973,6.26
2019,12,4,0,4.7,-1.125,0,0.631,0,0.967,6.57
2019,12,4,3,4.65833333333333,-2.373,0,0.838,0,0.966,6.69
2019,12,4,6,4.59166666666667,-2.957,0,0.842,0,0.97,6.47
2019,12,4,9,4.50833333333333,-2.757,0,1.005,16.978,0.967,6.47
2019,12,4,12,4.575,1.007,0,1.3,448.717,0.884,6.47
2019,12,4,15,4.625,2.028,0,1.443,538.674,0.853,6.15
2019,12,4,18,4.6,-0.566,0,1.112,43.171,0.928,6.15
2019,12,4,21,4.525,-1.235,0,0.936,0,0.938,6.15
2019,12,5,0,4.4,-2.562,0,1.292,0,0.932,6.1
2019,12,5,3,4.13333333333333,-4.016,0,0.915,0,0.937,5.9
2019,12,5,6,3.89166666666667,-4.507,0,0.942,0,0.949,6.15
2019,12,5,9,3.66666666666667,-3.717,0,0.924,24.445,0.949,6.15
2019,12,5,12,3.68333333333333,-1.046,0,1.982,406.169,0.897,6.06
2019,12,5,15,3.7,-1.082,0,2.066,291.072,0.929,5.97
2019,12,5,18,3.65,-1.511,0,2.069,21.242,0.935,5.79
2019,12,5,21,3.525,-1.741,0,1.996,0,0.951,5.62
2019,12,6,0,3.4,-1.638,0,2.342,0,0.943,5.69
2019,12,6,3,3.3,-1.515,0,2.461,0,0.939,5.76
2019,12,6,6,3.16666666666667,-1.121,0,2.486,0,0.928,5.6
2019,12,6,9,3.1,-1.96,0,2.65,7.636,0.931,5.6
2019,12,6,12,3.275,0.532,0,2.75,461.816,0.819,5.6
2019,12,6,15,3.35833333333333,1.936,0.516,3.062,509.148,0.832,5.6
2019,12,6,18,3.51666666666667,0.859,2.842,2.195,40.531,0.896,5.6
2019,12,6,21,3.475,0.84,1.166,2.543,0,0.884,5.51
2019,12,7,0,3.425,1.89,0.648,2.828,0,0.946,5.37
2019,12,7,3,3.50833333333333,3.733,0.588,3.857,0,0.957,5.65
2019,12,7,6,3.725,5.691,0.231,4.333,0,0.955,5.9
2019,12,7,9,4.2,6.287,0.281,4.291,4.156,0.924,6.41
2019,12,7,12,4.5,6.653,0.079,4.449,156.374,0.904,6.98
2019,12,7,15,4.68333333333333,6.746,0.387,3.813,200.503,0.89,7.19
2019,12,7,18,4.64166666666667,5.459,0.322,2.863,23.903,0.922,7.78
2019,12,7,21,4.63333333333333,5.407,0.017,2.306,0,0.935,7.83
2019,12,8,0,4.75,5.578,0.121,2.609,0,0.946,7.53
2019,12,8,3,4.86666666666667,5.608,0.016,3.128,0,0.927,7.38
2019,12,8,6,4.98333333333333,5.919,0,3.577,0,0.9,7.38
2019,12,8,9,5.16666666666667,6.317,0.515,4.011,3.765,0.84,7.13
2019,12,8,12,5.31666666666667,7.436,0.634,3.919,147.053,0.783,7.38
2019,12,8,15,5.50833333333333,7.975,0.848,4.275,142.266,0.811,7.38
2019,12,8,18,5.66666666666667,7.347,1.118,4.076,9.008,0.922,6.96
2019,12,8,21,5.84166666666667,7.406,0.041,3.407,0,0.952,6.98
2019,12,9,0,5.98333333333333,7.071,0.958,4.343,0,0.915,7.21
2019,12,9,3,6.04166666666667,6.05,0.054,3.666,0,0.873,7.51
2019,12,9,6,6.16666666666667,5.36,0.214,3.494,0,0.912,7.51
2019,12,9,9,6.3,4.82,2.278,3.853,6.69,0.881,7.99
2019,12,9,12,6.45833333333333,6.112,0.601,3.89,314.019,0.819,8.78
2019,12,9,15,6.65,5.77,0.768,3.55,226.794,0.852,9.36
2019,12,9,18,6.6,3.577,0.778,2.564,22.421,0.944,9.44
2019,12,9,21,6.54166666666667,3.948,0.11,2.467,0,0.957,9.73
2019,12,10,0,6.53333333333333,3.885,0.105,3.249,0,0.942,10.01
2019,12,10,3,6.43333333333333,2.232,0.146,2.364,0,0.915,10.3
2019,12,10,6,6.33333333333333,1.405,0,2.711,0,0.912,10.6
2019,12,10,9,6.15,1.353,0,2.698,6.22,0.916,11.17
2019,12,10,12,6.03333333333333,2.326,0.003,3.059,232.023,0.883,11.2
2019,12,10,15,5.99166666666667,2.37,0,2.53,340.528,0.821,11.17
2019,12,10,18,5.83333333333333,-0.394,0,1.27,43.592,0.935,10.8
2019,12,10,21,5.59166666666667,-1.539,0,1.37,0,0.943,10.5
2019,12,11,0,5.3,-1.739,0,1.387,0,0.94,10.15
2019,12,11,3,5.05833333333333,-1.648,0.02,1.449,0,0.913,9.73
2019,12,11,6,4.85833333333333,-1.408,0,1.752,0,0.9,9.73
2019,12,11,9,4.63333333333333,-1.387,0,1.814,14.685,0.872,9.73
2019,12,11,12,4.6,0.126,0.514,2.851,243.723,0.789,9.58
2019,12,11,15,4.6,0.694,1.839,2.363,235.205,0.771,9.08
2019,12,11,18,4.475,0.457,1.043,2.568,18.1,0.792,8.96
2019,12,11,21,4.29166666666667,-0.562,0.703,1.861,0,0.943,8.15
2019,12,12,0,4.13333333333333,-0.156,0.486,2.241,0,0.961,8.93
2019,12,12,3,3.98333333333333,0.229,0.18,1.675,0,0.96,8.84
2019,12,12,6,3.9,0.159,0.219,1.143,0,0.968,8.69
2019,12,12,9,3.9,0.417,0.043,1.391,4.121,0.974,8.69
2019,12,12,12,4.05833333333333,1.238,0.141,1.711,134.272,0.957,8.9
2019,12,12,15,4.08333333333333,1.696,0.014,2.179,217.469,0.953,8.87
2019,12,12,18,4.325,1.403,0.004,2.071,18.702,0.962,9.32
2019,12,12,21,4.40833333333333,1.125,0.012,1.719,0,0.952,9.43
2019,12,13,0,4.275,0.793,0,2.984,0,0.944,9.73
2019,12,13,3,4.16666666666667,0.434,0.018,3.788,0,0.92,9.98
2019,12,13,6,4.19166666666667,0.125,1.637,4.138,0,0.901,9.98
2019,12,13,9,4.10833333333333,0.094,2.284,3.65,5.087,0.929,9.41
2019,12,13,12,4.1,0.711,1.133,3.353,168.995,0.893,9.18
2019,12,13,15,4.15833333333333,0.631,1.529,3.268,147.504,0.962,9.26
2019,12,13,18,4.26666666666667,1.876,2.536,3.174,25.316,0.959,9.43
2019,12,13,21,4.50833333333333,2.575,0.239,3.408,0,0.949,9.79
2019,12,14,0,4.41666666666667,1.691,1.503,4.129,0,0.949,10.47
2019,12,14,3,4.425,2.803,2.94,3.683,0,0.932,11.4
2019,12,14,6,4.36666666666667,2.353,0.213,2.907,0,0.921,12.62
2019,12,14,9,4.325,1.119,1.11,3.53,5.924,0.96,14
2019,12,14,12,4.675,5.015,0.576,6.835,158.352,0.884,16.04
2019,12,14,15,4.80833333333333,3.651,0.448,5.423,242.123,0.898,17.36
2019,12,14,18,4.7,4.213,0.02,3.892,38.855,0.86,18.57
2019,12,14,21,4.71666666666667,5.225,1.002,4.604,0,0.761,20.45
2019,12,15,0,4.91666666666667,4.391,4.032,4.085,0,0.842,22.5
2019,12,15,3,5,3.184,2.26,1.806,0,0.924,24.46
2019,12,15,6,5,4.066,4.411,2.673,0,0.971,25.33
2019,12,15,9,5.09166666666667,6.093,1.795,3.089,1.927,0.968,26
2019,12,15,12,5.325,8.292,0.363,2.945,117.314,0.95,27.88
2019,12,15,15,5.475,6.944,0.527,4.451,133.475,0.916,31.56
2019,12,15,18,5.575,5.831,0.076,2.103,12.092,0.949,37.52
2019,12,15,21,5.70833333333333,5.827,0.15,2.316,0,0.941,44.53
2019,12,16,0,5.75833333333333,4.798,0.05,2.025,0,0.955,48.8
2019,12,16,3,5.7,4.503,0.027,1.36,0,0.977,50.7
2019,12,16,6,5.73333333333333,5.463,0.005,1.894,0,0.977,52.31
2019,12,16,9,5.81666666666667,5.863,0.016,2.342,8.896,0.949,52.52
2019,12,16,12,5.98333333333333,8.309,0,1.933,477.189,0.827,51.17
2019,12,16,15,6.24166666666667,9.608,0,2.02,598.999,0.774,47.56
2019,12,16,18,6.38333333333333,5.093,0,1.241,47.913,0.919,43.13
2019,12,16,21,6.39166666666667,3.161,0,1.492,0,0.946,39.66
2019,12,17,0,6.26666666666667,3.372,0,1.541,0,0.928,36.94
2019,12,17,3,6.13333333333333,4.06,0,1.728,0,0.905,34.6
2019,12,17,6,6.00833333333333,4.683,0,1.719,0,0.872,33.16
2019,12,17,9,5.9,2.941,0,1.187,4.926,0.926,31.98
2019,12,17,12,5.83333333333333,7.011,0,1.867,395.663,0.779,30.29
2019,12,17,15,5.95,7.478,0,1.541,562.433,0.808,28.71
2019,12,17,18,5.94166666666667,4.57,0,0.954,48.227,0.905,27.83
2019,12,17,21,5.9,3.686,0,0.851,0,0.926,26.93
2019,12,18,0,5.9,3.92,0,1.4,0,0.897,25.55
2019,12,18,3,5.83333333333333,4.464,0.214,1.562,0,0.865,24.5
2019,12,18,6,5.725,4.937,0.033,1.343,0,0.89,23.75
2019,12,18,9,5.625,6.196,0.01,1.435,3.541,0.91,22.88
2019,12,18,12,5.73333333333333,7.892,0.054,2.015,162.517,0.943,21.96
2019,12,18,15,5.875,8.842,0,1.828,162.671,0.938,21.14
2019,12,18,18,6,6.077,0,0.974,19.702,0.969,20.08
2019,12,18,21,6.03333333333333,3.648,0,1.007,0,0.983,19.2
2019,12,19,0,6.09166666666667,3.07,0,0.703,0,0.971,18.91
2019,12,19,3,6.1,3.03,0,0.748,0,0.973,18.04
2019,12,19,6,6.01666666666667,1.501,0,0.61,0,0.969,17.4
2019,12,19,9,5.86666666666667,2.571,0,1.369,4.311,0.978,17.47
2019,12,19,12,5.76666666666667,5.626,0,2.042,381.249,0.933,17.36
2019,12,19,15,5.71666666666667,6.196,0,2.961,487.214,0.903,16.67
2019,12,19,18,5.68333333333333,3.786,0,2.057,50.153,0.955,16.68
2019,12,19,21,5.525,2.062,0,1.849,0,0.962,16.1
2019,12,20,0,5.35833333333333,2.14,0,1.809,0,0.954,16.1
2019,12,20,3,5.25833333333333,1.74,0.03,1.701,0,0.96,15.83
2019,12,20,6,5.13333333333333,1.752,0,2.34,0,0.97,15.37
2019,12,20,9,5.01666666666667,2.671,0,2.799,10.777,0.945,14.9
2019,12,20,12,4.98333333333333,6.408,0.444,2.56,451.587,0.843,14.8
2019,12,20,15,5.06666666666667,7.833,0.011,1.617,329.293,0.817,14.8
2019,12,20,18,5.1,6.472,2.94,1.121,23.017,0.907,14.43
2019,12,20,21,5.1,6.41,0.213,1.734,0,0.937,14.4
2019,12,21,0,5.19166666666667,6.622,0.028,1.751,0,0.949,14.33
2019,12,21,3,5.34166666666667,6.298,0.228,2.277,0,0.94,14.03
2019,12,21,6,5.5,4.192,0,1.529,0,0.966,14.47
2019,12,21,9,5.625,3.823,0,1.513,0,0.975,14.8
2019,12,21,12,5.84166666666667,4.738,0,1.492,150.377,0.952,15.07
2019,12,21,15,6.05833333333333,4.694,0,2.183,171.846,0.952,15.97
2019,12,21,18,6.1,3.44,0,1.369,27.547,0.968,15.82
2019,12,21,21,6.1,2.899,0,1.668,0,0.973,15.2
2019,12,22,0,6.1,3.15,0.01,2.462,0,0.969,14.97
2019,12,22,3,6.1,3.692,0,2.755,0,0.954,14.17
2019,12,22,6,6.1,3.804,0.004,1.853,0,0.953,14
2019,12,22,9,6.1,3.841,0.124,2.364,0.369,0.952,14
2019,12,22,12,6.2,4.693,1.19,2.222,135.795,0.943,13.67
2019,12,22,15,6.375,5.521,0.448,2.029,260.578,0.927,13.28
2019,12,22,18,6.4,5.091,1.008,1.988,17.57,0.97,13.1
2019,12,22,21,6.34166666666667,6.07,0.346,3.449,0,0.932,12.8
2019,12,23,0,6.3,4.953,0.256,4.917,0,0.94,12.9
2019,12,23,3,6.3,5.032,0.465,4.462,0,0.919,13.1
2019,12,23,6,6.3,4.681,0.43,3.946,0,0.917,13.1
2019,12,23,9,6.29166666666667,4.784,0.224,3.636,4.163,0.937,13.1
2019,12,23,12,6.38333333333333,5.39,0.177,3.767,171.072,0.922,13.4
2019,12,23,15,6.5,5.638,0.418,4.015,206.056,0.918,13.5
2019,12,23,18,6.40833333333333,4.152,0.061,2.698,34.714,0.91,13.27
2019,12,23,21,6.4,4.561,0.275,2.376,0,0.939,13.18
2019,12,24,0,6.39166666666667,4.873,0.115,3.462,0,0.929,13.4
2019,12,24,3,6.4,4.516,0.015,3.143,0,0.929,13.1
2019,12,24,6,6.33333333333333,4.097,0.193,2.96,0,0.92,13.47
2019,12,24,9,6.325,4.087,2.803,2.123,0.769,0.942,13.5
2019,12,24,12,6.4,5.382,0.092,3.003,285.741,0.883,13.5
2019,12,24,15,6.4,3.82,0.424,2.883,202.177,0.928,13.37
2019,12,24,18,6.4,4.56,0.875,3.388,20.6,0.946,13
2019,12,24,21,6.4,5.51,0.306,4.112,0,0.924,13.1
2019,12,25,0,6.41666666666667,5.962,0.103,4.605,0,0.912,13.93
2019,12,25,3,6.5,5.749,0.333,3.945,0,0.92,14.87
2019,12,25,6,6.4,5.772,1.408,3.167,0,0.922,15.2
2019,12,25,9,6.4,5.821,0.365,2.913,4.91,0.935,15.32
2019,12,25,12,6.50833333333333,5.708,0.179,3.325,131.22,0.929,15.83
2019,12,25,15,6.575,5.286,0.116,3.824,213.799,0.907,15.32
2019,12,25,18,6.575,3.969,0.326,2.629,22.299,0.92,15.93
2019,12,25,21,6.5,2.539,0.298,2.411,0,0.956,16.43
2019,12,26,0,6.5,2.98,0.006,2.177,0,0.948,16.7
2019,12,26,3,6.40833333333333,2.826,0.085,1.894,0,0.955,16.75
2019,12,26,6,6.33333333333333,2.444,0.019,1.497,0,0.965,17.07
2019,12,26,9,6.2,2.251,0.004,1.132,1.212,0.963,16.53
2019,12,26,12,6.2,3.515,0,1.447,192.952,0.892,15.93
2019,12,26,15,6.2,3.668,0,1.475,251.256,0.774,15.87
2019,12,26,18,6.16666666666667,1.555,0,0.544,20.198,0.937,15.15
2019,12,26,21,6.025,0.843,0,0.517,0,0.954,14.67
2019,12,27,0,5.90833333333333,1.278,0,1.032,0,0.94,14.4
2019,12,27,3,5.81666666666667,1.293,0,0.854,0,0.962,14.4
2019,12,27,6,5.74166666666667,1.492,0,0.644,0,0.955,14.1
2019,12,27,9,5.625,1.283,0,0.824,1.956,0.972,13.88
2019,12,27,12,5.6,3.116,0,1.901,271.402,0.86,13.5
2019,12,27,15,5.6,3.189,0,2.672,454.071,0.714,13.5
2019,12,27,18,5.45833333333333,-0.175,0,1.206,45.467,0.855,13.37
2019,12,27,21,5.29166666666667,-0.109,0,1.598,0,0.888,13.02
2019,12,28,0,5.2,0.369,0.002,1.675,0,0.841,13.1
2019,12,28,3,5.15833333333333,-0.797,0,0.832,0,0.891,12.88
2019,12,28,6,5.03333333333333,-0.401,0,1.192,0,0.88,12.63
2019,12,28,9,4.90833333333333,-0.321,0,1.711,3.794,0.852,12.4
2019,12,28,12,4.9,0.052,0,2.241,225.843,0.728,12.1
2019,12,28,15,4.88333333333333,0.049,0,2.03,381.956,0.71,12
2019,12,28,18,4.75833333333333,-1.623,0,1.663,31.226,0.775,11.7
2019,12,28,21,4.525,-3.368,0,1.179,0,0.866,11.5
2019,12,29,0,4.3,-4.607,0,0.551,0,0.921,11.6
2019,12,29,3,4.08333333333333,-5.873,0,0.727,0,0.939,11.6
2019,12,29,6,3.81666666666667,-6.421,0,0.609,0,0.945,11.57
2019,12,29,9,3.53333333333333,-6.49,0,0.708,21.564,0.958,11.3
2019,12,29,12,3.4,-1.083,0,1.35,666.282,0.735,11.2
2019,12,29,15,3.30833333333333,0.663,0,1.12,669.792,0.651,10.93
2019,12,29,18,3.18333333333333,-2.984,0,0.779,60.052,0.88,10.8
2019,12,29,21,2.875,-4.356,0,0.621,0,0.922,10.8
2019,12,30,0,2.575,-4.13,0,0.773,0,0.915,10.8
2019,12,30,3,2.43333333333333,-4.872,0,0.726,0,0.923,10.8
2019,12,30,6,2.31666666666667,-4.164,0,0.975,0,0.915,10.4
2019,12,30,9,2.20833333333333,-3.308,0,1.144,11.284,0.872,10.38
2019,12,30,12,2.275,0.731,0,1.638,554.68,0.692,10.4
2019,12,30,15,2.4,2.7,0,1.762,549.205,0.627,10.22
2019,12,30,18,2.4,-0.319,0,1.1,56.49,0.762,10.1
2019,12,30,21,2.39166666666667,0.204,0,1.256,0,0.758,10.1
2019,12,31,0,2.25833333333333,-1.462,0,1.444,0,0.8,10.1
2019,12,31,3,2.20833333333333,-2.352,0,1.679,0,0.822,10.1
2019,12,31,6,2.13333333333333,-2.016,0,1.367,0,0.773,10.1
2019,12,31,9,2.06666666666667,-1.934,0,1.973,10.977,0.826,10.01
2019,12,31,12,2.24166666666667,1.04,0,2.088,177.595,0.817,9.73
2019,12,31,15,2.43333333333333,1.469,0,1.461,220.419,0.805,9.73
2019,12,31,18,2.525,0.566,0,0.99,29.58,0.887,9.73
2019,12,31,21,2.43333333333333,-1.991,0,1.05,0,0.935,9.7
2020,1,1,0,2.25833333333333,-4.15,0,0.717,0,0.97,9.55
2020,1,1,3,2.15,-4.596,0,0.877,0,0.953,9.37
2020,1,1,6,2.1,-5.413,0,0.703,0,0.99,9.37
2020,1,1,9,2.04166666666667,-5.906,0,0.475,12.057,0.95,9.29
2020,1,1,12,2.10833333333333,-0.374,0,0.841,619.172,0.862,9.16
2020,1,1,15,2.19166666666667,2.484,0,1.263,654.632,0.786,9.1
2020,1,1,18,2.175,-2.225,0,0.631,67.104,0.946,9.13
2020,1,1,21,1.99166666666667,-3.98,0,0.937,0,0.922,8.69
2020,1,2,0,1.69166666666667,-4.753,0,0.999,0,0.903,8.9
2020,1,2,3,1.525,-5.532,0,0.729,0,0.883,8.93
2020,1,2,6,1.39166666666667,-5.906,0,0.644,0,0.861,8.84
2020,1,2,9,1.21666666666667,-5.636,0,1.114,21.752,0.865,8.54
2020,1,2,12,1.25,1.086,0,1.855,661.349,0.753,7.93
2020,1,2,15,1.425,-0.165,0,2.539,505.078,0.889,8.33
2020,1,2,18,1.5,-1.521,0,1.394,26.195,0.979,8.36
2020,1,2,21,1.5,-0.712,0.061,1.501,0,0.992,8.33
2020,1,3,0,1.475,0.069,0.039,2.113,0,0.972,8.33
2020,1,3,3,1.49166666666667,0.297,0.003,2.245,0,0.966,8.33
2020,1,3,6,1.60833333333333,0.131,0.003,2.439,0,0.961,8.33
2020,1,3,9,1.75833333333333,0.704,0.188,2.613,0.608,0.954,8.33
2020,1,3,12,1.98333333333333,2.192,0.028,3.009,120.859,0.928,8.66
2020,1,3,15,2.325,4.055,0.541,2.992,173.148,0.907,8.45
2020,1,3,18,2.6,4.41,1.936,3.441,11.182,0.949,8.16
2020,1,3,21,2.85833333333333,5.64,0.466,4.488,0,0.941,8.3
2020,1,4,0,3.09166666666667,5.84,0.225,4.126,0,0.957,8.36
2020,1,4,3,3.31666666666667,4.429,0.212,3.481,0,0.946,8.66
2020,1,4,6,3.41666666666667,1.964,0,2.346,0,0.938,8.69
2020,1,4,9,3.525,1.247,0.375,2.973,3.642,0.939,8.96
2020,1,4,12,3.68333333333333,2.042,0.655,3.915,140.426,0.905,9.22
2020,1,4,15,3.89166666666667,2.358,2.108,5.338,123.322,0.893,9.91
2020,1,4,18,4,2.37,0.186,5.013,7.037,0.929,10.25
2020,1,4,21,4.09166666666667,2.591,0.208,4.576,0,0.935,10.12
2020,1,5,0,4.16666666666667,1.472,0.195,2.816,0,0.948,10.15
2020,1,5,3,4.275,0.682,0.007,1.415,0,0.932,10.4
2020,1,5,6,4.15,0.138,0,1.274,0,0.926,10.73
2020,1,5,9,4.1,-0.424,0,1.112,0.741,0.925,11.13
2020,1,5,12,4.11666666666667,1.288,0,1.217,253.453,0.81,10.93
2020,1,5,15,4.16666666666667,1.804,0.011,1.261,335.473,0.759,11.03
2020,1,5,18,4.2,0.426,0,0.832,34.073,0.932,10.57
2020,1,5,21,4.2,-0.067,0,0.959,0,0.963,10.1
2020,1,6,0,4.18333333333333,0.014,0.008,0.983,0,0.962,9.98
2020,1,6,3,4.1,0.277,0,0.882,0,0.956,10.01
2020,1,6,6,4.06666666666667,0.301,0,0.82,0,0.959,9.73
2020,1,6,9,4,0.323,0,0.9,4.123,0.951,9.49
2020,1,6,12,4.08333333333333,2.556,0,2.106,392.376,0.867,9.37
2020,1,6,15,4.16666666666667,3.583,0,2.169,653.79,0.78,9.37
2020,1,6,18,4.2,-0.243,0,1.293,72.531,0.931,9.24
2020,1,6,21,4.04166666666667,-1.862,0,1.02,0,0.943,9.24
2020,1,7,0,3.775,-2.034,0,1.236,0,0.962,9.29
2020,1,7,3,3.55833333333333,-2.492,0.33,1.275,0,0.983,9.05
2020,1,7,6,3.49166666666667,-0.7,0.047,1.967,0,0.952,8.78
2020,1,7,9,3.4,0.148,0,2.281,1.945,0.966,8.69
2020,1,7,12,3.4,0.878,0.029,2.12,117.628,0.959,8.69
2020,1,7,15,3.49166666666667,1.543,0.043,1.658,150.846,0.956,8.69
2020,1,7,18,3.45833333333333,1.328,0,1.556,28.233,0.969,8.69
2020,1,7,21,3.4,1.646,0.002,1.39,0,0.974,8.51
2020,1,8,0,3.325,1.589,0,1.797,0,0.965,8.69
2020,1,8,3,3.20833333333333,0.151,0.365,1.492,0,0.971,8.69
2020,1,8,6,3.2,0.984,1.089,1.979,0,0.953,8.69
2020,1,8,9,3.28333333333333,1.197,0.284,1.922,1.937,0.951,8.33
2020,1,8,12,3.41666666666667,2.177,0.159,2.055,107.136,0.951,8.33
2020,1,8,15,3.65,2.562,0.334,1.948,141.619,0.969,8.36
2020,1,8,18,3.875,2.675,0.099,2.016,18.955,0.975,8.42
2020,1,8,21,3.94166666666667,2.733,0.779,1.489,0,0.981,9.01
2020,1,9,0,4.05833333333333,2.838,0.837,1.287,0,0.977,9.37
2020,1,9,3,4.1,2.978,0.306,1.289,0,0.978,9.37
2020,1,9,6,4.1,3.275,0.73,1.268,0,0.978,9.37
2020,1,9,9,4.26666666666667,3.718,0.074,1.804,0.467,0.973,9.7
2020,1,9,12,4.55,4.603,0.203,2.057,93.094,0.975,10.15
2020,1,9,15,4.69166666666667,5.753,0.333,2.739,149.802,0.967,10.7
2020,1,9,18,4.88333333333333,6.152,0.253,2.075,29.67,0.966,11.27
2020,1,9,21,4.925,6.093,0.769,2.128,0,0.963,11.8
2020,1,10,0,5.08333333333333,5.823,0.421,2.119,0,0.952,12.33
2020,1,10,3,5.11666666666667,5.332,0.009,1.657,0,0.953,12.4
2020,1,10,6,5.23333333333333,6.087,0.132,3.06,0,0.938,12.37
2020,1,10,9,5.41666666666667,6.321,0.236,3.532,5.115,0.932,12.47
2020,1,10,12,5.69166666666667,7.162,0.643,2.767,174.708,0.899,12.92
2020,1,10,15,5.875,7.484,0.097,2.821,185.83,0.862,12.83
2020,1,10,18,5.925,6.763,0.423,2.978,17.263,0.898,12.8
2020,1,10,21,5.90833333333333,5.614,0.1,3.482,0,0.927,12.8
2020,1,11,0,5.95833333333333,4.653,0.018,3.311,0,0.922,12.8
2020,1,11,3,5.93333333333333,2.779,0.034,2.35,0,0.917,12.8
2020,1,11,6,5.86666666666667,1.215,0,1.561,0,0.943,12.8
2020,1,11,9,5.725,1.123,0,1.224,0.735,0.949,12.8
2020,1,11,12,5.775,2.729,0.003,1.597,168.93,0.864,12.47
2020,1,11,15,5.8,2.886,0,1.759,245.03,0.772,12.17
2020,1,11,18,5.675,1.552,0,1.594,30.887,0.841,12.17
2020,1,11,21,5.41666666666667,-1.192,0,1.217,0,0.938,12
2020,1,12,0,5.11666666666667,-1.781,0,1.194,0,0.941,12
2020,1,12,3,4.85833333333333,-1.383,0,1.252,0,0.921,11.83
2020,1,12,6,4.575,-1.78,0,1.159,0,0.948,11.6
2020,1,12,9,4.30833333333333,-1.602,0,1.171,8.128,0.956,11.2
2020,1,12,12,4.2,0.727,0.003,2.364,422.825,0.918,11.2
2020,1,12,15,4.2,0.394,0.093,3.212,221.191,0.948,11.2
2020,1,12,18,4.15833333333333,0.148,0,3.429,31.342,0.913,11.2
2020,1,12,21,3.95833333333333,0.198,0.008,2.419,0,0.956,10.9
2020,1,13,0,3.9,1.014,0,1.93,0,0.959,10.9
2020,1,13,3,3.9,1.587,0,2.033,0,0.959,10.83
2020,1,13,6,3.99166666666667,1.778,0,1.554,0,0.961,10.83
2020,1,13,9,4.03333333333333,1.787,0.004,1.751,0.522,0.969,10.8
2020,1,13,12,4.175,2.2,0.162,2.114,103.673,0.965,10.8
2020,1,13,15,4.3,2.496,0.017,2.103,149.97,0.959,10.63
2020,1,13,18,4.36666666666667,2.242,0,1.988,34.044,0.962,10.57
2020,1,13,21,4.35833333333333,2.29,0.005,2.149,0,0.966,10.4
2020,1,14,0,4.3,1.327,0,1.763,0,0.959,10.4
2020,1,14,3,4.24166666666667,0.418,0,1.79,0,0.958,10.4
2020,1,14,6,4.14166666666667,0.348,0,2.18,0,0.945,10.4
2020,1,14,9,4.1,0.486,0,1.9,5.91,0.907,10.4
2020,1,14,12,4.26666666666667,3.546,0,2.951,459.606,0.798,10.53
2020,1,14,15,4.4,5.128,0,2.384,543.692,0.757,10.4
2020,1,14,18,4.4,4.093,0,2.124,60.881,0.809,10.25
2020,1,14,21,4.30833333333333,4.279,0,2.723,0,0.783,10.1
2020,1,15,0,4.3,4.48,0,2.629,0,0.765,10.1
2020,1,15,3,4.38333333333333,3.403,0,2.132,0,0.799,10.01
2020,1,15,6,4.4,2.06,0,1.656,0,0.848,10.1
2020,1,15,9,4.39166666666667,1.753,0,1.61,13.079,0.818,9.82
2020,1,15,12,4.51666666666667,6.375,0,2.146,520.561,0.613,10.01
2020,1,15,15,4.72222222222222,8.74,0,2.324,740.774,0.57,9.82
2020,1,15,18,4.8,3.64,0,1.456,101.554,0.794,9.73
2020,1,15,21,4.69166666666667,2.408,0,1.399,0,0.868,9.4
2020,1,16,0,4.56666666666667,3.406,0,1.993,0,0.842,9.73
2020,1,16,3,4.6,3.19,0,1.727,0,0.869,9.4
2020,1,16,6,4.6,2.887,0,1.439,0,0.886,9.37
2020,1,16,9,4.6,3.141,0,1.332,0.185,0.89,9.37
2020,1,16,12,4.7,5.637,0,1.75,328.29,0.818,9.37
2020,1,16,15,4.85,8.519,0,1.992,719.743,0.732,9.37
2020,1,16,18,4.94166666666667,4.23,0,1.255,113.784,0.895,9.09
2020,1,16,21,4.925,1.393,0,1.156,0,0.964,8.69
2020,1,17,0,4.69166666666667,1.054,0,1.223,0,0.965,9.05
2020,1,17,3,4.53333333333333,0.713,0,1.161,0,0.968,9.05
2020,1,17,6,4.45,-0.3,0,1.276,0,0.97,9.05
2020,1,17,9,4.31666666666667,-1.024,0,1.333,21.057,0.977,9.02
2020,1,17,12,4.3,1.471,0,2.009,437.176,0.948,8.72
2020,1,17,15,4.38333333333333,1.463,0.014,2.406,304.04,0.949,9.05
2020,1,17,18,4.3,0.467,0.061,1.862,65.903,0.971,8.69
2020,1,17,21,4.24166666666667,1.62,0.01,1.889,0,0.965,8.69
2020,1,18,0,4.15833333333333,2.677,0.01,1.843,0,0.972,8.07
2020,1,18,3,4,3.413,0.014,1.782,0,0.958,8.69
2020,1,18,6,3.9,2.589,0,2.439,0,0.948,8.69
2020,1,18,9,3.84166666666667,2.128,0.029,1.838,5.361,0.955,8.69
2020,1,18,12,4.04166666666667,3.85,0.092,3.012,229.647,0.859,8.45
2020,1,18,15,4.29166666666667,4.262,0.03,3.084,336.342,0.783,8.33
2020,1,18,18,4.4,2.535,0.445,1.817,78.242,0.869,8.33
2020,1,18,21,4.40833333333333,1.623,0.03,1.772,0,0.929,8.33
2020,1,19,0,4.4,1.418,0,1.808,0,0.935,8.33
2020,1,19,3,4.30833333333333,0.594,0.106,1.61,0,0.948,8.33
2020,1,19,6,4.3,0.072,0.267,1.174,0,0.951,8.33
2020,1,19,9,4.33333333333333,-0.185,0.165,1.171,5.143,0.954,8.28
2020,1,19,12,4.43333333333333,1.291,0.021,1.41,199.963,0.922,8.05
2020,1,19,15,4.6,2.075,0.078,1.729,254.404,0.905,8.18
2020,1,19,18,4.64166666666667,0.676,0.042,0.931,51.151,0.945,8.26
2020,1,19,21,4.63333333333333,0.699,0.047,0.976,0,0.953,8.03
2020,1,20,0,4.49166666666667,0.171,0.008,0.923,0,0.962,8.03
2020,1,20,3,4.39166666666667,-0.411,0,0.71,0,0.968,8.2
2020,1,20,6,4.3,-0.077,0.001,0.867,0,0.971,8.08
2020,1,20,9,4.23333333333333,0.017,0,0.434,1.118,0.97,8.03
2020,1,20,12,4.325,1.713,0,0.936,215.787,0.907,8.03
2020,1,20,15,4.475,2.49,0,1.549,313.412,0.771,7.77
2020,1,20,18,4.375,-0.807,0,0.701,69.701,0.903,7.68
2020,1,20,21,4.225,-3.118,0,0.435,0,0.948,7.6
2020,1,21,0,3.9,-4.32,0,0.585,0,0.956,7.45
2020,1,21,3,3.61666666666667,-4.854,0,0.487,0,0.968,7.68
2020,1,21,6,3.40833333333333,-5.685,0,0.48,0,0.976,7.68
2020,1,21,9,3.225,-5.621,0,0.63,22.654,0.955,7.53
2020,1,21,12,3.20833333333333,0.26,0,0.952,775.255,0.816,7.38
2020,1,21,15,3.2,3.115,0,1.014,852.82,0.718,7.38
2020,1,21,18,3.1,-1.746,0,1.096,147.477,0.941,7.38
2020,1,21,21,2.925,-3.726,0,1.077,0,0.967,7.08
2020,1,22,0,2.575,-5.11,0,0.727,0,0.97,7.27
2020,1,22,3,2.26666666666667,-4.789,0,0.901,0,0.967,7.38
2020,1,22,6,2.2,-4.768,0,0.964,0,0.953,7.3
2020,1,22,9,2.1,-4.771,0,1.214,8.514,0.929,7.05
2020,1,22,12,2.125,-2.653,0,1.501,211.424,0.913,7.05
2020,1,22,15,2.2,-1.772,0,1.78,293.206,0.922,7.19
2020,1,22,18,2.2,-1.942,0,1.346,60.884,0.974,7.05
2020,1,22,21,2.2,-1.315,0,0.943,0,0.975,6.95
2020,1,23,0,2.2,-1.325,0,0.558,0,0.953,7.05
2020,1,23,3,2.2,-1.246,0,0.477,0,0.948,7.05
2020,1,23,6,2.2,-1.368,0,0.767,0,0.94,7.05
2020,1,23,9,2.20833333333333,-1.278,0,0.913,4.344,0.942,7.05
2020,1,23,12,2.425,0.503,0,2.289,400.52,0.868,7.05
2020,1,23,15,2.63333333333333,2.675,0,1.85,708.732,0.753,7.05
2020,1,23,18,2.65,-1.33,0,1.101,141.302,0.915,7
2020,1,23,21,2.65833333333333,-2.773,0,0.969,0,0.947,6.76
2020,1,24,0,2.43333333333333,-4.122,0,1.056,0,0.95,6.98
2020,1,24,3,2.30833333333333,-5.279,0,0.866,0,0.957,7.05
2020,1,24,6,2.21666666666667,-5.752,0,0.975,0,0.954,7.05
2020,1,24,9,2.2,-3.327,0,1.14,1.485,0.967,6.93
2020,1,24,12,2.225,-1.986,0,1.953,107.587,0.948,6.83
2020,1,24,15,2.3,-1.777,0,2.105,172.665,0.938,6.88
2020,1,24,18,2.28333333333333,-2.017,0,1.675,40,0.943,6.76
2020,1,24,21,2.21666666666667,-1.946,0,1.515,0,0.951,6.64
2020,1,25,0,2.19166666666667,-1.923,0,1.382,0,0.962,6.49
2020,1,25,3,2.1,-1.723,0,1.391,0,0.963,6.76
2020,1,25,6,2.04166666666667,-1.437,0,0.85,0,0.97,6.76
2020,1,25,9,2.03333333333333,-1.238,0,1.154,2.139,0.979,6.57
2020,1,25,12,2.15,-0.557,0,1.368,167.589,0.966,6.59
2020,1,25,15,2.275,-0.292,0,1.446,233.081,0.949,6.76
2020,1,25,18,2.39166666666667,-0.998,0,1.077,55.762,0.943,6.57
2020,1,25,21,2.48333333333333,-1.657,0,1.093,0,0.952,6.61
2020,1,26,0,2.50833333333333,-1.659,0,1.218,0,0.973,6.47
2020,1,26,3,2.6,-1.358,0,0.915,0,0.964,6.66
2020,1,26,6,2.6,-0.988,0,0.91,0,0.969,6.74
2020,1,26,9,2.65833333333333,-0.422,0,0.786,5.997,0.969,6.47
2020,1,26,12,2.86666666666667,1.313,0,1.254,227.813,0.958,6.76
2020,1,26,15,3.11666666666667,2.964,0.011,1.402,338.244,0.951,6.74
2020,1,26,18,3.29166666666667,1.914,0,1.271,70.726,0.973,6.26
2020,1,26,21,3.4,1.449,0,1.166,0,0.976,6.47
2020,1,27,0,3.30833333333333,0.69,0,1.284,0,0.993,6.47
2020,1,27,3,3.3,0.112,0.144,1.177,0,0.991,6.57
2020,1,27,6,3.3,0.11,0,1.315,0,0.991,6.59
2020,1,27,9,3.34166666666667,0.817,0.004,1.688,3.538,0.982,6.49
2020,1,27,12,3.61666666666667,2.928,0.557,2.416,314.546,0.954,6.76
2020,1,27,15,3.90833333333333,4.48,1.066,2.67,417.528,0.92,6.76
2020,1,27,18,4.08333333333333,3.713,1.213,2.225,87.121,0.944,6.66
2020,1,27,21,4.1,4.35,2.685,3.326,0,0.96,6.49
2020,1,28,0,4.10833333333333,4.217,1.609,3.153,0,0.961,6.88
2020,1,28,3,4.3,4.399,1.905,3.941,0,0.949,7.13
2020,1,28,6,4.40833333333333,4.59,3.452,3.959,0,0.94,7.35
2020,1,28,9,4.54166666666667,4.72,0.692,3.494,5.335,0.925,7.64
2020,1,28,12,4.675,4.115,1.564,4.862,144.608,0.936,8.58
2020,1,28,15,4.8,2.007,0.403,6.116,258.317,0.916,9.73
2020,1,28,18,5.125,1.08,0.18,4.609,84.772,0.926,11.03
2020,1,28,21,4.78333333333333,0.966,1.308,4.569,0,0.895,12.97
2020,1,29,0,4.58333333333333,0.669,0.392,4.021,0,0.889,15.7
2020,1,29,3,4.4,0.287,0.013,1.939,0,0.919,17.78
2020,1,29,6,4.275,0.356,0.23,2.733,0,0.95,18.3
2020,1,29,9,4.275,0.754,0.361,3.703,3.905,0.938,17.44
2020,1,29,12,4.38333333333333,1.28,0.651,3.899,165.9,0.918,17.03
2020,1,29,15,4.4,1.994,0.1,3.748,262.934,0.882,16.5
2020,1,29,18,4.29166666666667,1.338,0.181,3.513,61.798,0.921,15.57
2020,1,29,21,4.1,1.109,0.018,3.668,0,0.907,14.87
2020,1,30,0,3.94166666666667,1.041,0,3.055,0,0.929,14.6
2020,1,30,3,3.74166666666667,1.505,0,2.611,0,0.931,13.94
2020,1,30,6,3.7,2.12,0,2.767,0,0.943,13.23
2020,1,30,9,3.7,2.963,0,3.382,9.1,0.928,12.72
2020,1,30,12,3.83333333333333,4.397,0,4.286,259.708,0.875,12.37
2020,1,30,15,4.075,5.912,0.055,3.033,413.017,0.788,11.77
2020,1,30,18,4.2,4.221,1.707,2.236,99.903,0.858,11.07
2020,1,30,21,4.2,3.932,1.061,2.867,0,0.889,11.2
2020,1,31,0,4.21666666666667,4.977,0.923,3.277,0,0.957,11.53
2020,1,31,3,4.38333333333333,7.704,0.502,4.421,0,0.962,11.23
2020,1,31,6,4.73333333333333,9.492,0.151,5.008,0,0.957,11.83
2020,1,31,9,4.96666666666667,9.865,0.017,5.392,15.337,0.944,12.23
2020,1,31,12,5.35833333333333,10.742,0.001,4.769,217.735,0.899,13.25
2020,1,31,15,5.81666666666667,11.63,0,4.455,424.78,0.813,14.82
2020,1,31,18,6.14166666666667,10.778,0,3.184,137.632,0.858,17.16
2020,1,31,21,6.375,10.479,0,3.713,0,0.878,18.37
2020,2,1,0,6.53333333333333,10.235,0,3.65,0,0.888,18.16
2020,2,1,3,6.65833333333333,10.204,0,3.419,0,0.881,17.53
2020,2,1,6,6.75,10.241,0.262,3.846,0,0.866,17.07
2020,2,1,9,6.83333333333333,10.023,4.449,3.42,4.834,0.861,16.73
2020,2,1,12,7.04166666666667,11.101,3.386,4.011,187.495,0.825,16.2
2020,2,1,15,7.23333333333333,10.477,3.147,4.306,218.936,0.925,15.8
2020,2,1,18,7.375,9.672,0.943,5.045,25.033,0.945,15.53
2020,2,1,21,7.54166666666667,8.56,0.374,4.301,0,0.936,16.07
2020,2,2,0,7.5,6.739,0.266,5.521,0,0.854,17.34
2020,2,2,3,7.375,5.404,0.177,4.26,0,0.876,20.77
2020,2,2,6,7.175,4.31,2.902,4.244,0,0.854,25.71
2020,2,2,9,7.00833333333333,4.374,1.927,2.503,22.248,0.891,29.68
2020,2,2,12,6.9,6.169,1.069,1.959,174.004,0.964,31.6
2020,2,2,15,7.01666666666667,8.985,0.344,4.192,175.582,0.953,31.87
2020,2,2,18,7.03333333333333,10.433,0.429,5.822,28.016,0.949,32.41
2020,2,2,21,6.95,10.457,3.154,5.38,0,0.879,33.51
2020,2,3,0,6.9,9.526,0.671,4.585,0,0.844,34.92
2020,2,3,3,6.9,7.773,0.68,4.356,0,0.91,36.07
2020,2,3,6,7,6.538,0.484,4.642,0,0.936,37.55
2020,2,3,9,7.025,6.886,0.556,4.411,3.332,0.931,38.7
2020,2,3,12,7.05,7.857,1.26,4.759,200.306,0.895,39.25
2020,2,3,15,7.15833333333333,8.413,0.67,4.479,365.294,0.847,39.76
2020,2,3,18,7.19166666666667,7.35,7.202,4.172,64.937,0.907,39.8
2020,2,3,21,7.13333333333333,6.959,7.55,3.192,0,0.93,39.8
2020,2,4,0,7.15,6.09,2.575,2.275,0,0.944,39.37
2020,2,4,3,7.08333333333333,4.782,1.831,2.102,0,0.975,39.83
2020,2,4,6,6.91666666666667,1.828,1.251,4.378,0,0.95,45.27
2020,2,4,9,6.625,1.812,0.732,4.896,17.984,0.924,52.14
2020,2,4,12,6.31666666666667,2.697,0.055,4.543,391.03,0.888,56.98
2020,2,4,15,6.125,3.128,0.025,4.164,600.641,0.845,61.48
2020,2,4,18,5.94166666666667,1.454,0.119,4.234,125.246,0.909,67.09
2020,2,4,21,5.48333333333333,1.05,0.251,3.307,0,0.911,71.01
2020,2,5,0,5.21666666666667,1.576,0.016,3.671,0,0.9,76.15
2020,2,5,3,4.875,1.769,0,4.401,0,0.877,81.24
2020,2,5,6,4.575,1.287,0.01,4.666,0,0.789,90.42
2020,2,5,9,4.35833333333333,0.695,0,4.038,19.664,0.82,90.24
2020,2,5,12,4.45833333333333,1.567,0,3.562,447.801,0.71,83.69
2020,2,5,15,4.86666666666667,2.866,0,2.956,853.011,0.606,78.34
2020,2,5,18,5.00833333333333,-0.272,0,1.108,245.435,0.792,71.08
2020,2,5,21,4.725,-2.009,0,1.004,0,0.91,66.58
2020,2,6,0,4.56666666666667,-1.464,0,1.699,0,0.886,60.2
2020,2,6,3,4.44166666666667,-2.418,0,1.17,0,0.916,53.66
2020,2,6,6,4.23333333333333,-2.718,0.001,1.684,0,0.915,47.76
2020,2,6,9,4.125,-2.069,0,1.644,32.139,0.935,42.91
2020,2,6,12,4.13333333333333,0.38,0,1.41,256.36,0.866,39.46
2020,2,6,15,4.275,1.197,0,1.408,262.564,0.833,37.13
2020,2,6,18,4.3,0.837,0,1.519,70.601,0.848,35.97
2020,2,6,21,4.35833333333333,0.448,0,1.169,0,0.881,34.73
2020,2,7,0,4.425,0.122,0,0.888,0,0.916,33.58
2020,2,7,3,4.5,0.249,0,1.327,0,0.913,32.91
2020,2,7,6,4.5,0.057,0,0.553,0,0.928,31.89
2020,2,7,9,4.5,0.314,0,0.659,12.28,0.92,30.89
2020,2,7,12,4.63333333333333,2.493,0,1.472,241.994,0.805,30.43
2020,2,7,15,4.81666666666667,3.249,0,2.349,308.46,0.77,29.7
2020,2,7,18,4.9,2.578,0,2.403,83.631,0.809,28.75
2020,2,7,21,4.9,0.765,0,1.987,0,0.868,27.79
2020,2,8,0,4.825,-0.854,0,1.282,0,0.939,27.4
2020,2,8,3,4.675,-1.876,0,0.951,0,0.939,27.13
2020,2,8,6,4.45833333333333,-2.414,0,1.236,0,0.948,26.6
2020,2,8,9,4.21666666666667,-1.355,0,1.236,67.903,0.938,25.98
2020,2,8,12,4.175,3.799,0,2.382,828.838,0.745,25.33
2020,2,8,15,4.43333333333333,5.988,0,1.807,948.273,0.665,24.58
2020,2,8,18,4.49166666666667,2.093,0,1.089,195.129,0.867,24.33
2020,2,8,21,4.35833333333333,0.138,0,0.87,0,0.943,23.83
2020,2,9,0,4.3,0.154,0,0.946,0,0.941,23.17
2020,2,9,3,4.3,-0.065,0,1.036,0,0.926,23
2020,2,9,6,4.19166666666667,-0.373,0,1.43,0,0.929,22.75
2020,2,9,9,4.04166666666667,0.642,0,1.968,52.546,0.919,22.5
2020,2,9,12,4.18333333333333,6.141,0,3.932,659.051,0.755,21.88
2020,2,9,15,4.575,10.895,0,4.847,997.28,0.629,21.5
2020,2,9,18,4.925,8.904,0.035,4.108,178.867,0.65,21.08
2020,2,9,21,5,9.103,0.635,5.317,0,0.561,20.35
2020,2,10,0,5.2,9.875,12.114,5.162,0,0.516,20.1
2020,2,10,3,5.51666666666667,11.211,1.192,6.375,0,0.621,20.27
2020,2,10,6,5.81666666666667,6.767,1.302,7.936,0,0.947,20.07
2020,2,10,9,6.16666666666667,5.908,1.623,6.304,20.975,0.927,21.87
2020,2,10,12,6.31666666666667,6.518,0.093,9.812,447.26,0.788,26.14
2020,2,10,15,6.55,4.357,2.203,7.279,611.49,0.839,33.45
2020,2,10,18,6.35,4.592,0.204,6.027,171.198,0.777,41.16
2020,2,10,21,6.04166666666667,3.616,0.307,3.339,0,0.912,46.05
2020,2,11,0,6.1,4.056,0.33,5.809,0,0.923,49.34
2020,2,11,3,5.93333333333333,4.336,0.319,7.031,0,0.768,55.4
2020,2,11,6,5.575,2.144,0.25,6.988,0,0.74,54.2
2020,2,11,9,5.275,1.728,0.285,5.581,40.068,0.785,54.1
2020,2,11,12,5.2,3.539,0.392,6.863,402.282,0.687,52.83
2020,2,11,15,5.21666666666667,3.86,1.067,6.774,623.728,0.682,50.5
2020,2,11,18,5.15833333333333,2.582,1.296,6.103,280.501,0.734,49.3
2020,2,11,21,4.95,1.03,0.029,3.791,0,0.918,46.87
2020,2,12,0,4.76666666666667,0.336,0.075,5.018,0,0.918,44.63
2020,2,12,3,4.625,0.776,0.165,4.842,0,0.858,43.02
2020,2,12,6,4.39166666666667,1.074,0.313,5.121,0,0.838,40.73
2020,2,12,9,4.18333333333333,1.257,0.209,4.904,32.841,0.842,39.36
2020,2,12,12,4.13333333333333,2.047,0.03,5.973,420.292,0.854,38.32
2020,2,12,15,4.4,2.92,0.003,5.508,672.114,0.786,33.75
2020,2,12,18,4.45833333333333,1.998,0.028,4.202,197.895,0.853,31.16
2020,2,12,21,4.28333333333333,1.125,0,4.371,0,0.888,30.56
2020,2,13,0,4.2,1.176,0,3.784,0,0.894,29.95
2020,2,13,3,4.15833333333333,1.067,0,2.751,0,0.908,29.77
2020,2,13,6,4.1,0.869,0,1.861,0,0.924,28.58
2020,2,13,9,4.14166666666667,0.767,2.437,2.472,34.637,0.941,27.85
2020,2,13,12,4.34166666666667,2.443,2.037,3.347,348.432,0.888,27.1
2020,2,13,15,4.525,4.208,0.528,4.316,483.47,0.767,26.57
2020,2,13,18,4.6,1.539,4.478,2.76,30.382,0.96,26.23
2020,2,13,21,4.675,2.323,1.965,2.414,0,0.965,27.07
2020,2,14,0,4.7,3.222,0.357,1.831,0,0.952,27.92
2020,2,14,3,4.8,2.784,0.933,2.095,0,0.961,29.76
2020,2,14,6,4.8,3.165,0.39,2.598,0,0.955,33.81
2020,2,14,9,4.75,3.692,0.328,2.944,12.584,0.949,40.51
2020,2,14,12,4.825,5.079,0.368,3.621,260.467,0.908,45.87
2020,2,14,15,5.04166666666667,4.862,0.035,3.652,398.656,0.893,47.17
2020,2,14,18,5.19166666666667,3.801,0.14,3.131,107.634,0.929,47.26
2020,2,14,21,5.2,3.347,0,1.763,0,0.935,46.62
2020,2,15,0,5.25,2.71,0,1.11,0,0.963,45.8
2020,2,15,3,5.23333333333333,2.462,0,1.136,0,0.969,44.88
2020,2,15,6,5.15833333333333,1.468,0,0.974,0,0.979,43.7
2020,2,15,9,5.01666666666667,1.336,0,1.095,68.836,0.977,42.16
2020,2,15,12,5.13333333333333,6.239,0,2.506,677.915,0.874,40.44
2020,2,15,15,5.45,8.438,0,3.232,843.893,0.742,38.64
2020,2,15,18,5.6,6.068,0,1.833,288.254,0.869,36.94
2020,2,15,21,5.525,4.15,0,1.733,0,0.921,35.5
2020,2,16,0,5.53333333333333,4.641,0,2.582,0,0.899,34.37
2020,2,16,3,5.58333333333333,4.635,0,2.604,0,0.848,33.32
2020,2,16,6,5.5,4.897,0.326,2.522,0,0.796,32.74
2020,2,16,9,5.48333333333333,5.569,0.046,2.868,32.927,0.762,31.99
2020,2,16,12,5.58333333333333,9.5,0.019,3.381,366.053,0.654,31.55
2020,2,16,15,5.81666666666667,10.869,0.02,3.457,393.92,0.646,30.98
2020,2,16,18,5.94166666666667,10.136,0,3.294,178.521,0.578,30.56
2020,2,16,21,6.04166666666667,11.444,1.592,4.212,0,0.486,29.57
2020,2,17,0,6.16666666666667,11.647,0.638,4.347,0,0.486,29
2020,2,17,3,6.33333333333333,12.589,0.024,4.666,0,0.517,29
2020,2,17,6,6.4,7.955,0.979,3.595,0,0.957,28.54
2020,2,17,9,6.5,7.219,2.205,3.241,32.07,0.929,29.04
2020,2,17,12,6.61666666666667,7.4,0.113,3.48,281.78,0.832,29.33
2020,2,17,15,6.78333333333333,5.67,1.11,2.751,257.157,0.946,29.5
2020,2,17,18,6.875,5.72,0.256,2.639,72.519,0.963,29.5
2020,2,17,21,6.825,5.678,0.258,3.286,0,0.947,29.6
2020,2,18,0,6.78333333333333,5.351,0.388,3.084,0,0.919,30.48
2020,2,18,3,6.7,5.486,0.022,4.549,0,0.871,31.17
2020,2,18,6,6.59166666666667,4.482,0.306,4.535,0,0.885,31.91
2020,2,18,9,6.475,4.263,0.039,4.921,33.688,0.851,31.95
2020,2,18,12,6.51666666666667,4.883,0.056,5.597,382.688,0.778,31.3
2020,2,18,15,6.66666666666667,5.472,0.021,5.159,484.641,0.657,30.68
2020,2,18,18,6.6,4.545,0.002,3.731,119.592,0.758,30.6
2020,2,18,21,6.4,4.258,0.012,3.126,0,0.757,29.9
2020,2,19,0,6.25,4.224,0.648,3.076,0,0.759,29.08
2020,2,19,3,6.11666666666667,4.007,1.478,3.253,0,0.783,28.46
2020,2,19,6,5.975,2.974,0.965,3.432,0,0.9,27.57
2020,2,19,9,5.9,2.858,0.267,4.349,20.421,0.941,27
2020,2,19,12,5.95833333333333,3.262,0.164,5.373,288.525,0.921,27
2020,2,19,15,6.01666666666667,3.981,0.071,4.919,642.49,0.771,26.8
2020,2,19,18,6.01666666666667,3.381,0,4.066,192.698,0.745,26.9
2020,2,19,21,5.85833333333333,2.553,0.017,2.748,0,0.741,27.43
2020,2,20,0,5.73333333333333,0.986,0.169,1.916,0,0.834,28.29
2020,2,20,3,5.51666666666667,0.226,0.145,1.824,0,0.893,28.08
2020,2,20,6,5.4,0.889,0.226,2.086,0,0.936,27.6
2020,2,20,9,5.30833333333333,1.575,0.006,2.42,24.067,0.936,27.03
2020,2,20,12,5.30833333333333,3.281,0.04,2.679,247.902,0.924,26.32
2020,2,20,15,5.4,4.719,0.01,2.77,253.469,0.933,25.86
2020,2,20,18,5.44166666666667,5.55,2.57,2.634,146.202,0.898,25.4
2020,2,20,21,5.5,5.333,1.133,2.59,0,0.852,25.3
2020,2,21,0,5.5,5.707,0.106,3.648,0,0.808,25.03
2020,2,21,3,5.55833333333333,4.224,0.521,6.344,0,0.918,24.58
2020,2,21,6,5.60833333333333,1.577,0.194,4.962,0,0.894,25.16
2020,2,21,9,5.5,1.777,0,4.361,50.754,0.861,25.94
2020,2,21,12,5.64166666666667,3.855,0,4.363,557.762,0.731,26.95
2020,2,21,15,5.8,5.003,0,4.285,867.285,0.649,28.08
2020,2,21,18,5.78333333333333,4.045,0,2.65,249.605,0.682,28.54
2020,2,21,21,5.7,3.537,0,2.249,0,0.739,28.24
2020,2,22,0,5.69166666666667,3.948,0,2.6,0,0.766,27.2
2020,2,22,3,5.63333333333333,3.044,0,2.892,0,0.785,26.41
2020,2,22,6,5.44166666666667,2.533,0,3.403,0,0.815,25.77
2020,2,22,9,5.3,3.472,0,3.446,120.64,0.765,25.03
2020,2,22,12,5.43333333333333,6.427,0.017,4.018,759.541,0.644,24.25
2020,2,22,15,5.71666666666667,9.835,0,4.925,1021.098,0.458,23.54
2020,2,22,18,5.89166666666667,9.717,0.305,4.872,164.708,0.429,23.04
2020,2,22,21,5.8,9.004,0.066,5.227,0,0.541,22.25
2020,2,23,0,5.91666666666667,7.577,1.211,5.287,0,0.794,22
2020,2,23,3,6.05,7.375,0.828,6.086,0,0.872,22
2020,2,23,6,6.19166666666667,7.056,0.156,5.403,0,0.937,21.62
2020,2,23,9,6.3,6.974,0.316,5.263,18.544,0.923,21.13
2020,2,23,12,6.46666666666667,8.06,0.311,5.923,145.791,0.928,21.54
2020,2,23,15,6.71666666666667,10.413,2.644,8.14,191.856,0.843,21.3
2020,2,23,18,6.975,9.995,0.118,7.491,75.675,0.916,21.43
2020,2,23,21,7.15833333333333,10.2,0.01,8.255,0,0.879,21.58
2020,2,24,0,7.2,5.465,0.446,4.918,0,0.893,22.25
2020,2,24,3,7.10833333333333,2.874,0,3.319,0,0.779,23.33
2020,2,24,6,6.85,0.979,0.04,2.008,0,0.889,24.33
2020,2,24,9,6.7,2.132,1.295,2.245,51.404,0.875,25.05
2020,2,24,12,6.7,4.295,0.055,2.26,334.603,0.798,25.33
2020,2,24,15,6.625,3.482,0.108,2.504,317.567,0.926,25.23
2020,2,24,18,6.49166666666667,4.299,0.203,2.994,103.998,0.969,25
2020,2,24,21,6.4,6.366,2.174,3.121,0,0.962,24.21
2020,2,25,0,6.45833333333333,8.471,1.192,4.567,0,0.919,23.92
2020,2,25,3,6.51666666666667,7.874,2.254,3.839,0,0.88,24.58
2020,2,25,6,6.575,6.764,1.876,3.938,0,0.944,24.96
2020,2,25,9,6.60833333333333,6.405,2.097,3.964,29.105,0.947,25.13
2020,2,25,12,6.78333333333333,6.544,0.471,4.826,253.058,0.936,25.69
2020,2,25,15,7.03333333333333,6.778,0.051,4.504,272.335,0.918,27.46
2020,2,25,18,7.1,5.459,0.451,4.456,85.719,0.919,29.62
2020,2,25,21,7.01666666666667,4.367,0.001,2.745,0,0.936,33.14
2020,2,26,0,6.81666666666667,4.331,0.887,3.884,0,0.904,37.31
2020,2,26,3,6.58333333333333,3.559,0.13,3.982,0,0.894,39.92
2020,2,26,6,6.34166666666667,2.136,0.713,4.334,0,0.915,40.35
2020,2,26,9,6.125,0.966,1.128,5.15,49.425,0.877,39.31
2020,2,26,12,6.15,2.135,0.355,5.285,435.885,0.811,37.93
2020,2,26,15,6.18333333333333,1.269,0.042,5.286,368.476,0.928,36.75
2020,2,26,18,5.98333333333333,0.993,0.228,4.282,124.54,0.943,35.65
2020,2,26,21,5.74166666666667,1.009,0.635,3.825,0,0.921,34.95
2020,2,27,0,5.54166666666667,0.956,0.139,4.208,0,0.917,34.51
2020,2,27,3,5.35,0.964,0.023,3.545,0,0.907,34.25
2020,2,27,6,5.18333333333333,0.542,0.107,2.794,0,0.913,33.49
2020,2,27,9,5.1,0.745,0.018,2.945,51.301,0.909,32.78
2020,2,27,12,5.13333333333333,2.214,2.228,2.956,455.97,0.836,32.24
2020,2,27,15,5.275,3.126,3.511,3.036,466.246,0.741,31.5
2020,2,27,18,5.26666666666667,0.849,0.362,3.097,90.013,0.926,31.1
2020,2,27,21,5.04166666666667,0.083,0.922,2.632,0,0.976,30.64
2020,2,28,0,4.925,0.221,0.417,2.251,0,0.949,30.77
2020,2,28,3,4.875,0.015,0.062,2.209,0,0.943,31.15
2020,2,28,6,4.675,0.212,0.04,2.603,0,0.932,31.1
2020,2,28,9,4.51666666666667,0.214,0.008,3.781,67.393,0.912,31.1
2020,2,28,12,4.61666666666667,0.936,0,4.149,473.11,0.889,31.1
2020,2,28,15,4.83333333333333,1.955,0,3.589,768.025,0.829,31.02
2020,2,28,18,5,0.932,0.578,1.792,317.549,0.868,31.1
2020,2,28,21,4.925,0.408,1.497,2.48,0,0.905,31.2
2020,2,29,0,4.875,1.023,1.745,2.85,0,0.837,31.73
2020,2,29,3,4.75833333333333,0.375,0.354,2.83,0,0.944,31.74
2020,2,29,6,4.625,0.845,0.291,2.641,0,0.96,31.7
2020,2,29,9,4.74166666666667,1.804,0.127,3.302,54.715,0.959,32.32
2020,2,29,12,4.90833333333333,4.091,0.694,3.425,595.314,0.917,32.82
2020,2,29,15,5.175,6.616,3.157,3.049,872.162,0.805,33.63
2020,2,29,18,5.3,6.394,0.001,3.593,245.168,0.808,35.38
2020,2,29,21,5.45,6.791,0.444,5.384,0,0.924,36.83
2020,3,1,0,5.66666666666667,5.007,0.167,3.275,0,0.918,38.02
2020,3,1,3,5.675,4.875,0,3.322,0,0.915,40.35
2020,3,1,6,5.65833333333333,4.728,0.93,3.629,0,0.857,43.22
2020,3,1,9,5.60833333333333,5.634,0,4.296,97.779,0.844,45.11
2020,3,1,12,5.83333333333333,7.365,0,4.732,649.211,0.715,46.79
2020,3,1,15,6.2,7.499,0.148,3.728,800.485,0.786,47.55
2020,3,1,18,6.24166666666667,6.256,1.082,2.01,439.989,0.779,47.3
2020,3,1,21,6.14166666666667,3.1,0.325,1.487,0,0.93,47.3
2020,3,2,0,6.25833333333333,5.551,0.106,3.441,0,0.894,47.45
2020,3,2,3,6.21666666666667,3.371,0.252,6.262,0,0.848,48.45
2020,3,2,6,5.91666666666667,2.536,0.035,5.246,0,0.862,49.55
2020,3,2,9,5.70833333333333,2.831,0,2.274,146.187,0.838,49.7
2020,3,2,12,5.9,6.943,0,2.199,1152.579,0.655,48.7
2020,3,2,15,6.4,9.262,0,4.112,1290.266,0.522,46.43
2020,3,2,18,6.55833333333333,7.814,0.043,2.645,237.407,0.589,43.85
2020,3,2,21,6.5,5.981,0.656,1.204,0,0.694,41.47
2020,3,3,0,6.5,4.435,2.561,0.639,0,0.837,39.69
2020,3,3,3,6.5,4.791,1.938,1.589,0,0.83,38.22
2020,3,3,6,6.5,4.167,0.362,2.246,0,0.954,37.2
2020,3,3,9,6.44166666666667,2.978,0.431,3.898,34.503,0.948,36.75
2020,3,3,12,6.50833333333333,2.94,0.311,5.021,359.058,0.921,37.15
2020,3,3,15,6.56666666666667,3.848,0,3.882,527.674,0.787,37.94
2020,3,3,18,6.50833333333333,3.163,0.007,2.732,250.046,0.821,39.46
2020,3,3,21,6.325,0.725,0.046,1.599,0,0.947,40.6
2020,3,4,0,6.075,-1.115,0,1.368,0,0.953,41.33
2020,3,4,3,5.81666666666667,-1.48,0.068,1.432,0,0.957,40.9
2020,3,4,6,5.46666666666667,-1.154,0.155,1.252,0,0.959,39.73
2020,3,4,9,5.19166666666667,0.231,0.208,1.759,74.883,0.937,38.59
2020,3,4,12,5.1,2.007,0.012,2.603,343.837,0.921,37.26
2020,3,4,15,5.1,2.588,0.013,3.032,278.725,0.927,36.07
2020,3,4,18,5.1,2.886,0.019,1.81,139.309,0.92,34.83
2020,3,4,21,5.16666666666667,0.693,0,1.25,0,0.961,33.72
2020,3,5,0,5.125,-0.114,0,1.024,0,0.971,32.91
2020,3,5,3,5.05,-1.147,0,1.021,0,0.981,32.62
2020,3,5,6,4.91666666666667,-0.475,0,1.472,0,0.969,32.24
2020,3,5,9,4.9,1.075,0.006,2.388,104.043,0.909,31.87
2020,3,5,12,5.05,5.444,1.74,4.292,903.818,0.699,31.25
2020,3,5,15,5.35,6.578,2.865,3.768,612.221,0.664,30.6
2020,3,5,18,5.45833333333333,4.383,0.745,4.09,119.166,0.825,30.52
2020,3,5,21,5.55833333333333,2.924,0.704,3.703,0,0.955,29.65
2020,3,6,0,5.775,4.133,1.021,2.773,0,0.967,31.01
2020,3,6,3,5.8,5.155,0.719,2.368,0,0.969,32.28
2020,3,6,6,5.8,5.768,1.253,3.607,0,0.927,33.73
2020,3,6,9,5.80833333333333,5.007,1.267,3.906,67.447,0.915,36.11
2020,3,6,12,5.975,4.626,0.818,4.641,316.76,0.907,37.3
2020,3,6,15,6.15,4.117,0.146,4.213,304.71,0.918,38.49
2020,3,6,18,6.16666666666667,3.062,0.297,3.962,107.249,0.93,38.7
2020,3,6,21,6.1,2.808,0.341,4.16,0,0.924,39.78
2020,3,7,0,5.975,3.06,0.361,4.436,0,0.915,41.56
2020,3,7,3,5.83333333333333,2.514,0.15,4.767,0,0.921,42.23
2020,3,7,6,5.66666666666667,1.962,0.246,4.379,0,0.94,42.6
2020,3,7,9,5.59166666666667,1.999,0.064,3.784,56.8,0.939,42.27
2020,3,7,12,5.675,3.716,0.009,3.656,574.257,0.852,41.38
2020,3,7,15,5.8,3.762,0,3.896,515.968,0.81,40.45
2020,3,7,18,5.8,3.107,0,1.844,202.334,0.794,39.04
2020,3,7,21,5.8,1.981,0,1.03,0,0.91,37.65
2020,3,8,0,5.70833333333333,1.416,0,1.393,0,0.931,36.71
2020,3,8,3,5.58333333333333,0.706,0.007,1.38,0,0.948,35.64
2020,3,8,6,5.43333333333333,0.294,0.025,1.549,0,0.943,34.68
2020,3,8,9,5.31666666666667,1.753,0,1.857,69.794,0.884,33.91
2020,3,8,12,5.3,4.418,0.007,2.552,359.447,0.787,33.03
2020,3,8,15,5.44166666666667,6.735,0,3.132,449.437,0.697,32.49
2020,3,8,18,5.58333333333333,6.326,0,2.468,231.792,0.706,31.87
2020,3,8,21,5.6,4.081,0.622,1.632,0,0.827,31.08
2020,3,9,0,5.625,4.064,0.457,1.615,0,0.807,30.73
2020,3,9,3,5.7,4.025,0.267,1.565,0,0.808,30.56
2020,3,9,6,5.7,3.234,0.313,1.771,0,0.962,30.14
2020,3,9,9,5.78333333333333,4.14,0.525,1.599,67.697,0.962,30.1
2020,3,9,12,6.06666666666667,6.302,0.113,3.13,443.951,0.878,30.1
2020,3,9,15,6.45,6.98,0.039,3.603,942.196,0.802,30.1
2020,3,9,18,6.7,6.935,0.003,2.202,492.142,0.753,30
2020,3,9,21,6.7,4.027,0.008,1.516,0,0.907,29.6
2020,3,10,0,6.60833333333333,2.984,0.438,1.842,0,0.926,29.42
2020,3,10,3,6.475,1.964,1.656,2.373,0,0.944,29.25
2020,3,10,6,6.29166666666667,3.04,1.323,3.406,0,0.911,29.04
2020,3,10,9,6.15,3.037,2.861,3.994,70.718,0.922,29
2020,3,10,12,6.1,3.384,3.773,4.548,284.464,0.94,28.88
2020,3,10,15,6.1,3.81,1.107,3.42,293.694,0.948,28.75
2020,3,10,18,6.125,5.585,0.801,3.53,102.703,0.956,29.4
2020,3,10,21,6.25,7.022,2.258,3.87,0,0.958,31.32
2020,3,11,0,6.3,9.023,1.308,5.652,0,0.952,35.77
2020,3,11,3,6.35833333333333,9.802,1.08,6.248,0,0.948,40.68
2020,3,11,6,6.53333333333333,10.01,0.318,6.199,0,0.949,44.62
2020,3,11,9,6.83333333333333,10.165,0.526,5.974,42.036,0.941,47.57
2020,3,11,12,7.225,10.725,0.876,5.725,269.384,0.905,50.1
2020,3,11,15,7.6,11.213,0.631,5.151,315.529,0.896,51.86
2020,3,11,18,7.75833333333333,10.853,0.069,4.356,130.538,0.927,53.4
2020,3,11,21,7.925,10.521,0.035,4.125,0,0.916,54.7
2020,3,12,0,8,10.467,0.023,3.694,0,0.868,56.15
2020,3,12,3,7.975,10.09,0.121,3.751,0,0.816,57.75
2020,3,12,6,7.9,10.142,0.875,3.795,0,0.783,58.3
2020,3,12,9,7.89166666666667,11.144,0.493,5.519,172.655,0.75,58.45
2020,3,12,12,8.10833333333333,12.167,0.084,6.691,670.842,0.713,58.05
2020,3,12,15,8.4,9.631,0.377,5.81,657.055,0.874,57.05
2020,3,12,18,8.5,7.485,0.023,3.19,236.973,0.877,55.01
2020,3,12,21,8.49166666666667,6.829,0,2.595,0,0.902,52.62
2020,3,13,0,8.31666666666667,6.015,0.002,3.018,0,0.821,50
2020,3,13,3,7.98333333333333,4.487,0,3.226,0,0.857,48.05
2020,3,13,6,7.61666666666667,3.485,0.003,3.671,0,0.748,46.65
2020,3,13,9,7.29166666666667,3.809,0,5.269,162.52,0.712,45.1
2020,3,13,12,7.16666666666667,5.269,0,5.708,655.03,0.667,43.7
2020,3,13,15,7.19166666666667,7.015,0,5.871,856.029,0.58,42.53
2020,3,13,18,7.14166666666667,6.341,0,5.168,443.767,0.581,41.35
2020,3,13,21,6.95833333333333,3.909,0,2.612,0.154,0.74,40.16
2020,3,14,0,6.75833333333333,1.136,0,1.59,0,0.9,38.81
2020,3,14,3,6.53333333333333,-0.021,0,0.962,0,0.954,37.5
2020,3,14,6,6.20833333333333,-0.592,0,0.823,0,0.963,36.83
2020,3,14,9,5.95,2.127,0,0.69,280.95,0.867,36.15
2020,3,14,12,6.175,6.528,0,1.956,1297.207,0.613,35.77
2020,3,14,15,6.59166666666667,7.341,0,1.781,1011.068,0.558,34.45
2020,3,14,18,6.66666666666667,6.03,0,1.357,470.728,0.628,33.41
2020,3,14,21,6.65833333333333,0.936,0,0.909,3.561,0.866,33.2
2020,3,15,0,6.55,0.103,0,1.073,0,0.883,33.12
2020,3,15,3,6.25833333333333,-0.494,0,1.392,0,0.884,32.32
2020,3,15,6,5.86666666666667,-1.019,0,1.334,0,0.904,31.78
2020,3,15,9,5.6,3.031,0,3.649,340.585,0.655,31.1
2020,3,15,12,5.80833333333333,8.076,0,4.529,1448.675,0.449,30.89
2020,3,15,15,6.33333333333333,10.893,0,4.292,1548.148,0.316,30.35
2020,3,15,18,6.55833333333333,9.808,0,2.867,660.854,0.293,29.9
2020,3,15,21,6.55,4.199,0,1.151,0,0.545,29.5
2020,3,16,0,6.48333333333333,2.064,0,1.227,0,0.668,29.38
2020,3,16,3,6.31666666666667,1.751,0,0.996,0,0.685,28.79
2020,3,16,6,5.975,0.304,0,0.846,0,0.757,28.38
2020,3,16,9,5.71666666666667,3.856,0,1.478,299.797,0.608,28
2020,3,16,12,5.975,11.288,0,2.182,1388.089,0.447,27.82
2020,3,16,15,6.64166666666667,15.538,0,2.746,1585.48,0.432,27.17
2020,3,16,18,7.025,13.97,0,1.572,657.072,0.51,26.9
2020,3,16,21,7.1,7.583,0,0.848,0.081,0.803,26.4
2020,3,17,0,7.15,5.515,0.027,1.031,0,0.881,26.19
2020,3,17,3,7.3,6.488,0,1.057,0,0.881,25.52
2020,3,17,6,7.3,6.555,0.007,0.489,0,0.896,25.1
2020,3,17,9,7.3,8.78,0.07,1.112,170.518,0.815,24.62
2020,3,17,12,7.44166666666667,12.389,0,2.637,665.327,0.667,24.46
2020,3,17,15,7.84166666666667,12.633,0.003,2.381,881.302,0.688,24.08
2020,3,17,18,8.05833333333333,11.48,0,1.387,439.929,0.761,23.58
2020,3,17,21,8.075,6.03,0,1.135,0.001,0.966,23.33
2020,3,18,0,7.94166666666667,4.483,0,0.968,0,0.972,23
2020,3,18,3,7.84166666666667,2.515,0,0.728,0,0.974,22.92
2020,3,18,6,7.69166666666667,1.454,0,0.77,0,0.975,22.5
2020,3,18,9,7.50833333333333,4.21,0,0.992,204.964,0.968,22
2020,3,18,12,7.725,11.436,0,2.192,1056.516,0.815,21.88
2020,3,18,15,8.225,14.712,0,2.666,1332.643,0.585,21.55
2020,3,18,18,8.575,13.464,0,1.216,513.852,0.658,21.23
2020,3,18,21,8.44166666666667,7.622,0,0.918,2.917,0.922,20.85
2020,3,19,0,8.35833333333333,5.144,0,1.067,0,0.962,21.17
2020,3,19,3,8.45833333333333,5.71,0,0.68,0,0.964,21.02
2020,3,19,6,8.45833333333333,5.799,0,0.489,0,0.967,20.6
2020,3,19,9,8.4,8.307,0,0.488,174.685,0.929,20.27
2020,3,19,12,8.58333333333333,13.916,0,1.349,1065.041,0.622,19.9
2020,3,19,15,9.10833333333333,15.963,0,1.418,1249.326,0.519,19.9
2020,3,19,18,9.475,14.164,0,0.949,475.654,0.629,19.7
2020,3,19,21,9.45833333333333,8.576,0,1.056,0.566,0.901,19.66
2020,3,20,0,9.275,6.868,0.057,0.86,0,0.899,19.7
2020,3,20,3,9.14166666666667,5.177,0.368,0.84,0,0.932,19.28
2020,3,20,6,8.975,5.864,0.17,0.837,0,0.939,18.74
2020,3,20,9,8.8,7.032,0.144,1.087,72.174,0.939,18.7
2020,3,20,12,8.7,8.902,0.066,1.378,296.427,0.873,18.57
2020,3,20,15,8.775,9.899,0.04,2.744,531.98,0.865,18.3
2020,3,20,18,8.8,7.109,0.009,3.284,214.351,0.924,18.3
2020,3,20,21,8.68333333333333,4.396,0.032,3.651,0,0.902,18.3
2020,3,21,0,8.43333333333333,3.168,0.138,3.889,0,0.85,18.22
2020,3,21,3,8.24166666666667,2.748,0.105,3.739,0,0.885,17.8
2020,3,21,6,8.00833333333333,2.34,0.005,3.872,0,0.874,17.8
2020,3,21,9,7.81666666666667,2.614,0.007,4.163,104.916,0.862,17.8
2020,3,21,12,7.725,3.764,0.002,5.011,499.627,0.799,17.63
2020,3,21,15,7.675,3.154,0,5.239,405.131,0.759,17.63
2020,3,21,18,7.45,2.265,0,5.39,192.353,0.671,17.19
2020,3,21,21,7.08333333333333,1.002,0,4.534,0.203,0.635,16.9
2020,3,22,0,6.68333333333333,-0.187,0,3.974,0,0.63,16.9
2020,3,22,3,6.25833333333333,-1.684,0,3.261,0,0.661,16.9
2020,3,22,6,5.83333333333333,-3.115,0,2.818,0,0.683,16.53
2020,3,22,9,5.51666666666667,-0.042,0,4.288,417.003,0.485,16.5
2020,3,22,12,5.75,2.755,0,4.795,1582.891,0.42,16.1
2020,3,22,15,6.225,3.854,0,4.896,1732.013,0.394,16
2020,3,22,18,6.34166666666667,2.271,0,4.687,825.134,0.419,15.7
2020,3,22,21,5.96666666666667,-0.873,0,3.005,14.034,0.533,15.57
2020,3,23,0,5.6,-2.602,0,2.495,0,0.57,15.7
2020,3,23,3,5.30833333333333,-3.977,0,1.925,0,0.6,15.49
2020,3,23,6,4.98333333333333,-5.36,0,1.348,0,0.668,15.2
2020,3,23,9,4.80833333333333,-1.632,0,3.429,449.988,0.503,15.2
2020,3,23,12,5.1,2.281,0,4.02,1622.599,0.352,15.13
2020,3,23,15,5.53333333333333,4.36,0,3.413,1762.307,0.293,15.07
2020,3,23,18,5.64166666666667,3.443,0,3.005,797.556,0.333,14.83
2020,3,23,21,5.36666666666667,-1.148,0,1.877,8.94,0.513,15.07
2020,3,24,0,5.03333333333333,-3.151,0,1.228,0,0.62,14.93
2020,3,24,3,4.8,-4.63,0,1.339,0,0.693,14.8
2020,3,24,6,4.51666666666667,-6.299,0,1.007,0,0.773,14.8
2020,3,24,9,4.33333333333333,-1.113,0,2.515,432.791,0.513,14.63
2020,3,24,12,4.69166666666667,3.78,0,3.86,1606.515,0.318,14.33
2020,3,24,15,5.175,6.283,0,4.172,1807.431,0.232,14.67
2020,3,24,18,5.36666666666667,5.055,0,3.683,843.093,0.241,14.53
2020,3,24,21,5.075,0.225,0,1.656,14.91,0.439,14.4
2020,3,25,0,4.725,-1.723,0,1.711,0,0.493,14.27
2020,3,25,3,4.55,-3.77,0,1.326,0,0.613,14.07
2020,3,25,6,4.33333333333333,-3.837,0,1.973,0,0.612,14.2
2020,3,25,9,4.225,-0.433,0,3.402,421.396,0.47,14.34
2020,3,25,12,4.61666666666667,3.715,0,4.84,1602.378,0.35,16.1
2020,3,25,15,5.1,6.127,0,5.254,1824.005,0.297,15.29
2020,3,25,18,5.225,4.952,0,5.307,861.955,0.301,13.78
2020,3,25,21,4.95,1.613,0,3.778,17.741,0.4,13.5
2020,3,26,0,4.66666666666667,0.365,0,3.738,0,0.507,13.71
2020,3,26,3,4.55833333333333,-0.505,0,4.015,0,0.588,13.5
2020,3,26,6,4.44166666666667,-1.581,0,4.27,0,0.703,13.5
2020,3,26,9,4.36666666666667,1.271,0,5.17,393.877,0.623,13.5
2020,3,26,12,4.80833333333333,6.346,0,5.783,1422.119,0.478,13.5
2020,3,26,15,5.33333333333333,7.668,0,5.22,1320.789,0.446,13.5
2020,3,26,18,5.46666666666667,6.295,0,4.534,458.077,0.496,13.5
2020,3,26,21,5.26666666666667,4.692,0,3.198,14.71,0.519,13.17
2020,3,27,0,5.1,3.694,0,3.025,0,0.568,13.1
2020,3,27,3,5.1,4.08,0,3.255,0,0.566,13.1
2020,3,27,6,5.1,3.494,0,2.642,0,0.61,13.05
2020,3,27,9,5.29166666666667,8.398,0,4.176,493.192,0.491,13.1
2020,3,27,12,5.98333333333333,13.549,0,4.788,1577.498,0.396,12.8
2020,3,27,15,6.76666666666667,16.21,0,4.806,1696.864,0.345,13.1
2020,3,27,18,7.16666666666667,14.776,0,4.054,784.349,0.357,13.08
2020,3,27,21,7.125,8.48,0,2.043,10.651,0.56,12.8
2020,3,28,0,6.94166666666667,4.606,0,1.284,0,0.726,12.8
2020,3,28,3,6.9,2.699,0,1.036,0,0.813,12.8
2020,3,28,6,6.91666666666667,1.687,0,1.108,0,0.858,12.8
2020,3,28,9,7.01666666666667,7.951,0,2.65,470.094,0.641,12.63
2020,3,28,12,7.625,12.862,0,3.809,1618.181,0.451,12.4
2020,3,28,15,8.21666666666667,14.189,0,3.301,1767.44,0.387,12.3
2020,3,28,18,8.39166666666667,12.003,0,2.941,762.136,0.411,12.4
2020,3,28,21,8.11666666666667,6.322,0,1.27,16.69,0.581,12.4
2020,3,29,0,7.775,2.321,0,0.998,0,0.75,12.27
2020,3,29,3,7.55,0.939,0,1.449,0,0.832,12.3
2020,3,29,6,7.43333333333333,-0.071,0,1.337,0,0.898,12
2020,3,29,9,7.4,3.402,0.003,2.218,270.129,0.794,12
2020,3,29,12,7.4,4.423,0.132,2.981,454.384,0.697,12
2020,3,29,15,7.36666666666667,4.833,0.058,3.63,660.195,0.641,11.97
2020,3,29,18,7.1,2.725,0.003,3.737,299.833,0.813,11.63
2020,3,29,21,6.65,0.429,0,4.357,6.39,0.838,11.73
2020,3,30,0,6.275,-0.583,0,4.603,0,0.815,11.8
2020,3,30,3,5.88333333333333,-2.797,0,3.279,0,0.764,11.53
2020,3,30,6,5.55,-4.947,0,2.258,0,0.785,11.57
2020,3,30,9,5.44166666666667,-1.766,0,2.751,509.127,0.562,11.27
2020,3,30,12,5.95,1.746,0,2.349,1710.885,0.362,11.43
2020,3,30,15,6.425,4.026,0,2.259,1837.007,0.282,11.23
2020,3,30,18,6.49166666666667,4.122,0,1.775,861.26,0.318,11.2
2020,3,30,21,6.29166666666667,0.786,0,1.321,22.877,0.558,11.2
2020,3,31,0,5.975,0.024,0.023,1.028,0,0.768,11.2
2020,3,31,3,5.80833333333333,-0.526,0.026,1.192,0,0.879,11.2
2020,3,31,6,5.7,-0.608,0,1.685,0,0.849,11.2
2020,3,31,9,5.65833333333333,0.411,0,2.903,327.06,0.781,10.97
2020,3,31,12,5.86666666666667,1.586,0,4.137,835.316,0.571,11.17
2020,3,31,15,6.28333333333333,3.109,0,3.908,1588.744,0.379,11.2
2020,3,31,18,6.3,1.889,0,2.998,910.919,0.399,10.9
2020,3,31,21,6.08333333333333,-2.35,0,1.007,21.151,0.597,10.8
2020,4,1,0,5.61666666666667,-5.062,0,0.846,0,0.773,10.8
2020,4,1,3,5.2,-6.608,0,0.901,0,0.855,10.8
2020,4,1,6,4.95833333333333,-7.536,0,0.918,0,0.9,10.73
2020,4,1,9,4.96666666666667,-0.296,0,1.243,584.884,0.593,10.5
2020,4,1,12,5.55833333333333,5.975,0,2.031,1691.282,0.373,10.63
2020,4,1,15,6.14166666666667,8.942,0,1.999,1808.788,0.299,10.7
2020,4,1,18,6.275,7.504,0,1.72,878.259,0.311,10.43
2020,4,1,21,5.95,-0.5,0,1.37,19.921,0.617,10.4
2020,4,2,0,5.425,-2.963,0,1.202,0,0.747,10.4
2020,4,2,3,5.10833333333333,-4.728,0,1.049,0,0.82,10.4
2020,4,2,6,4.93333333333333,-5.783,0,1.033,0,0.873,10.4
2020,4,2,9,5.01666666666667,2.602,0,1.15,539.437,0.549,10.4
2020,4,2,12,5.76666666666667,9.185,0,2.308,1680.295,0.302,10.4
2020,4,2,15,6.44166666666667,11.595,0,3.289,1835.914,0.279,10.4
2020,4,2,18,6.7,10.682,0,3.325,907.022,0.289,10.4
2020,4,2,21,6.45,2.555,0,1.737,26.501,0.591,9.91
2020,4,3,0,6,0.027,0,1.883,0,0.701,10.41
2020,4,3,3,5.73333333333333,-1.502,0.002,1.424,0,0.819,10.19
2020,4,3,6,5.6,-1.578,0.041,2.024,0,0.854,10.38
2020,4,3,9,5.66666666666667,2.522,0,2.095,227.796,0.764,10.27
2020,4,3,12,5.8,4.768,0.003,2.331,435.792,0.739,10.1
2020,4,3,15,6.13333333333333,6.995,0,2.971,546.095,0.715,10.12
2020,4,3,18,6.19166666666667,7.716,0,1.718,340.14,0.673,10.15
2020,4,3,21,6.025,5.115,0,1.357,5.888,0.806,10.1
2020,4,4,0,5.79166666666667,3.391,0,0.99,0,0.891,10.1
2020,4,4,3,5.53333333333333,0.237,0,1.013,0,0.955,10.1
2020,4,4,6,5.425,-1.482,0,0.922,0,0.956,10.1
2020,4,4,9,5.575,4.759,0,1.034,384.92,0.811,10.04
2020,4,4,12,6.4,9.039,0,1.635,1193.721,0.505,9.79
2020,4,4,15,7.18333333333333,11.756,0,1.848,1751.24,0.418,10.01
2020,4,4,18,7.675,11.413,0,1.603,889.044,0.435,9.67
2020,4,4,21,7.63333333333333,5.104,0,1.528,28.476,0.698,9.49
2020,4,5,0,7.18333333333333,2.558,0,1.328,0,0.827,9.73
2020,4,5,3,6.875,1.419,0,1.002,0,0.923,9.73
2020,4,5,6,6.73333333333333,0.824,0,1.143,0,0.939,9.58
2020,4,5,9,6.89166666666667,7.796,0,3.42,612.324,0.66,9.37
2020,4,5,12,7.76666666666667,12.675,0,5.01,1715.128,0.366,9.37
2020,4,5,15,8.525,15.12,0,5.051,1836.108,0.306,9.32
2020,4,5,18,8.85833333333333,14.973,0,4.231,930.029,0.292,9.32
2020,4,5,21,8.70833333333333,9.863,0,2.437,27.403,0.416,9.08
2020,4,6,0,8.23333333333333,7.702,0,2.79,0,0.494,9.32
2020,4,6,3,7.85,3.805,0,1.497,0,0.643,9.24
2020,4,6,6,7.63333333333333,1.956,0,1.9,0.13,0.728,9.05
2020,4,6,9,7.8,10.241,0,2.383,658.42,0.459,9.05
2020,4,6,12,8.71666666666667,16.409,0,2.207,1751.92,0.314,9.05
2020,4,6,15,9.48333333333333,19.372,0,1.957,1839.865,0.265,8.64
2020,4,6,18,9.83333333333333,18.067,0,1.723,914.933,0.319,8.9
2020,4,6,21,9.71666666666667,8.787,0,1.359,25.807,0.609,8.69
2020,4,7,0,9.25,5.773,0,1.441,0,0.74,8.69
2020,4,7,3,8.85,3.694,0,1.416,0,0.822,8.69
2020,4,7,6,8.63333333333333,2.328,0,1.254,0,0.888,8.69
2020,4,7,9,8.84166666666667,11.865,0,1.238,590.161,0.555,8.54
2020,4,7,12,9.74166666666667,19.338,0,2.054,1718.909,0.324,8.63
2020,4,7,15,10.508333333333301,20.792,0,2.275,1866.692,0.268,8.57
2020,4,7,18,10.825,18.657,0,3.802,932.129,0.421,8.26
2020,4,7,21,10.8,13.588,0,2.824,34.47,0.707,8.6
2020,4,8,0,10.4333333333333,8.759,0,1.564,0,0.818,8.66
2020,4,8,3,10.008333333333301,6.016,0,1.145,0,0.828,8.39
2020,4,8,6,9.81666666666667,3.808,0,0.859,0.21,0.842,8.33
2020,4,8,9,10.025,12.37,0,2.206,617.112,0.499,8.33
2020,4,8,12,10.9,17.787,0,1.86,1793.781,0.27,8.3
2020,4,8,15,11.6083333333333,20.407,0,2.257,1890.672,0.231,8.33
2020,4,8,18,11.8666666666667,19.497,0,1.511,937.738,0.272,8.28
2020,4,8,21,11.775,9.884,0,1.162,38.416,0.534,8.33
2020,4,9,0,11.2916666666667,6.741,0,1.411,0,0.649,8.33
2020,4,9,3,10.758333333333301,4.242,0,1.452,0,0.757,8.33
2020,4,9,6,10.4416666666667,2.629,0,1.232,1.005,0.818,8.33
2020,4,9,9,10.5666666666667,12.521,0,1.145,620.241,0.513,8.23
2020,4,9,12,11.3583333333333,19.612,0,2.358,1641.793,0.302,8.3
2020,4,9,15,11.9833333333333,20.746,0,2.659,1660.683,0.272,8.13
2020,4,9,18,12.175,18.541,0,2.46,715.865,0.408,8.03
2020,4,9,21,12.0666666666667,12.873,0,1.282,29.823,0.665,8.13
2020,4,10,0,11.6416666666667,8.176,0,0.939,0,0.872,8.03
2020,4,10,3,11.175,6.149,0,0.862,0,0.936,8.03
2020,4,10,6,10.85,3.786,0,0.822,0.711,0.957,8.03
2020,4,10,9,11.0166666666667,11.785,0,1.196,619.549,0.672,7.83
2020,4,10,12,11.9166666666667,17.051,0,2.051,1720.031,0.406,7.71
2020,4,10,15,12.5666666666667,18.769,0,2.569,1773.069,0.34,7.63
2020,4,10,18,12.7333333333333,17.547,0,2.573,966.586,0.354,7.61
2020,4,10,21,12.5833333333333,11.696,0,1.369,46.396,0.578,7.68
2020,4,11,0,12.1416666666667,7.609,0,1.538,0,0.769,7.68
2020,4,11,3,11.5916666666667,4.243,0,1.241,0,0.815,7.94
2020,4,11,6,11.2666666666667,2.124,0,1.014,0.166,0.883,7.68
2020,4,11,9,11.383333333333301,9.861,0,1.7,616.489,0.577,7.61
2020,4,11,12,12.2083333333333,15.126,0,1.794,1767.509,0.358,7.53
2020,4,11,15,12.7333333333333,17.751,0,1.64,1927.878,0.285,7.38
2020,4,11,18,12.775,16.91,0,1.63,1021.867,0.307,7.56
2020,4,11,21,12.5666666666667,8.595,0,1.003,56.659,0.575,7.61
2020,4,12,0,12.0833333333333,6.254,0,0.884,0,0.702,7.55
2020,4,12,3,11.45,3.831,0,1.371,0,0.843,7.68
2020,4,12,6,11,1.889,0,0.998,0.919,0.931,7.5
2020,4,12,9,11.1583333333333,11.937,0,1.434,645.184,0.578,7.38
2020,4,12,12,12.0166666666667,19.3,0,2.379,1681.438,0.305,7.38
2020,4,12,15,12.375,20.704,0.031,2.353,1682.562,0.3,7.38
2020,4,12,18,12.5,19.576,0.019,1.73,657.524,0.344,7.19
2020,4,12,21,12.3333333333333,12.492,0,1.229,25.98,0.608,7.38
2020,4,13,0,12.05,11.776,0,1.715,0,0.653,7.38
2020,4,13,3,11.633333333333301,7.235,0,1.393,0,0.85,7.38
2020,4,13,6,11.35,5.352,0.61,1.327,0.872,0.891,7.38
2020,4,13,9,11.5833333333333,13.493,0.423,1.815,716.638,0.574,7.35
2020,4,13,12,12.0416666666667,14.302,0,3.575,1399.934,0.581,7.38
2020,4,13,15,12.0166666666667,6.308,0.061,3.987,450.085,0.857,7.5
2020,4,13,18,11.7833333333333,6.397,0.018,3.388,654.484,0.53,7.38
2020,4,13,21,11.4166666666667,2.872,0,2.22,68.132,0.57,7.38
2020,4,14,0,10.85,-0.305,0.077,1.709,0,0.683,7.19
2020,4,14,3,10.3,-1.315,0.042,1.816,0,0.671,7.38
2020,4,14,6,9.9,-1.599,0,1.673,0.058,0.776,7.38
2020,4,14,9,9.8,1.876,0,2.869,484.394,0.694,7.38
2020,4,14,12,9.99166666666667,4.287,0,2.288,1111.962,0.482,7.1
2020,4,14,15,10.225,6.445,0,2.191,1300.137,0.387,7.05
2020,4,14,18,9.94166666666667,7.251,0,1.864,965.59,0.35,6.95
2020,4,14,21,9.59166666666667,0.313,0,1.193,62.628,0.695,6.86
2020,4,15,0,9.175,-1.775,0,1.087,0,0.824,7.38
2020,4,15,3,8.56666666666667,-2.721,0,0.877,0,0.893,7.38
2020,4,15,6,8.04166666666667,-3.055,0,0.81,3.038,0.91,7.16
2020,4,15,9,8.03333333333333,4.34,0,1.643,603.536,0.612,6.88
2020,4,15,12,8.85,10.32,0,2.398,1675.348,0.398,7.03
2020,4,15,15,9.49166666666667,14.177,0,2.19,1840.359,0.326,7.05
2020,4,15,18,9.59166666666667,15.022,0,1.626,864.827,0.351,6.91
2020,4,15,21,9.49166666666667,6.551,0,1.031,54.257,0.684,7.03
2020,4,16,0,9.10833333333333,3.24,0,1.112,0,0.854,7.05
2020,4,16,3,8.625,1.367,0,1.037,0,0.911,7.05
2020,4,16,6,8.33333333333333,0.258,0,0.931,8.394,0.946,7.05
2020,4,16,9,8.65833333333333,10.42,0,1.626,730.319,0.546,6.88
2020,4,16,12,9.75,18.05,0,2.462,1852.03,0.308,7.03
2020,4,16,15,10.4916666666667,20.645,0,3.258,1983.693,0.236,7.21
2020,4,16,18,10.7,19.654,0,3.389,998.632,0.262,6.88
2020,4,16,21,10.6833333333333,11.3,0,1.801,59.389,0.553,7.05
2020,4,17,0,10.375,8.303,0,1.172,0,0.662,7
2020,4,17,3,10.008333333333301,5.929,0,1.115,0,0.796,7.05
2020,4,17,6,9.81666666666667,4.639,0,0.872,4.748,0.88,6.98
2020,4,17,9,10.1666666666667,12.369,0,1.064,611.063,0.58,6.74
2020,4,17,12,11.2166666666667,19.548,0,2.005,1661.729,0.376,6.88
2020,4,17,15,11.7916666666667,20.826,0,2.518,1724.245,0.346,6.88
2020,4,17,18,12.0833333333333,19.473,0,2.283,745.235,0.4,6.76
2020,4,17,21,11.9833333333333,12.915,0,1.023,50.522,0.625,6.69
2020,4,18,0,11.758333333333301,9.704,0,0.817,0,0.765,6.93
2020,4,18,3,11.3916666666667,7.31,0,0.669,0,0.899,6.98
2020,4,18,6,11.2,6.237,0.117,0.789,5.164,0.92,6.76
2020,4,18,9,11.525,13.3,0,1.806,694.159,0.617,6.76
2020,4,18,12,12.008333333333301,17.956,0.002,1.495,1236.162,0.493,6.64
2020,4,18,15,12.3916666666667,18.307,1.406,2.084,732.152,0.549,6.58
2020,4,18,18,12.508333333333301,18.176,2.93,1.279,527.522,0.528,6.69
2020,4,18,21,12.4,12.908,0.063,0.914,24.23,0.83,6.47
2020,4,19,0,12.2166666666667,11.73,0.931,1.654,0,0.953,6.52
2020,4,19,3,12.008333333333301,9.949,0.01,0.8,0,0.966,6.95
2020,4,19,6,12,9.176,0.071,1.753,2.524,0.934,7.19
2020,4,19,9,12.0583333333333,8.813,0,2.075,208.273,0.866,7.38
2020,4,19,12,12.0833333333333,9.97,0,2.746,689.923,0.794,7.73
2020,4,19,15,12.1833333333333,12.244,0,3.763,1093.356,0.647,8.57
2020,4,19,18,12.1083333333333,12.689,0,4.136,708.894,0.49,8.66
2020,4,19,21,11.9166666666667,8.143,0,2.597,64.342,0.565,8.33
2020,4,20,0,11.6583333333333,6.235,0,3.265,0,0.597,7.91
2020,4,20,3,11.2666666666667,4.663,0,3.359,0,0.618,7.53
2020,4,20,6,10.7416666666667,4.105,0,3.892,10.615,0.563,7.35
2020,4,20,9,10.6833333333333,8.729,0,5.787,799.1,0.419,7.27
2020,4,20,12,11.4916666666667,12.73,0,6.887,1939.957,0.346,7.21
2020,4,20,15,12.05,15.027,0,6.714,2086.069,0.29,7.1
2020,4,20,18,11.9833333333333,13.745,0,5.834,1137.729,0.259,6.88
2020,4,20,21,11.7916666666667,9.912,0,4.485,79.266,0.349,6.64
2020,4,21,0,11.383333333333301,8.191,0,4.931,0,0.47,6.91
2020,4,21,3,10.8333333333333,6.365,0,4.239,0,0.507,6.71
2020,4,21,6,10.4583333333333,4.8,0,4.794,17.191,0.545,6.47
2020,4,21,9,10.675,10.349,0,5.815,835.773,0.404,6.47
2020,4,21,12,11.5833333333333,14.932,0,7.078,1950.23,0.311,6.47
2020,4,21,15,12.15,16.704,0,6.953,2068.886,0.279,6.47
2020,4,21,18,12.1,15.45,0,6.228,1128.776,0.298,6.31
2020,4,21,21,11.9583333333333,11.721,0,4.903,79.371,0.393,6.28
2020,4,22,0,11.6583333333333,9.688,0,5.106,0,0.435,6.2
2020,4,22,3,11.1583333333333,7.361,0,3.61,0,0.506,6.47
2020,4,22,6,10.7833333333333,5.946,0,2.969,27.486,0.539,6.28
2020,4,22,9,11.0583333333333,11.54,0,4.476,927.682,0.403,6.15
2020,4,22,12,12.05,16.293,0,6.041,1963.134,0.307,6.18
2020,4,22,15,12.675,17.855,0,5.539,2023.928,0.29,6.11
2020,4,22,18,12.6416666666667,16.491,0,5.168,1097.883,0.304,5.9
2020,4,22,21,12.508333333333301,11.18,0,3.386,74.424,0.408,5.88
2020,4,23,0,12.15,7.794,0,1.78,0,0.547,5.9
2020,4,23,3,11.7,4.766,0,1.31,0,0.709,6.04
2020,4,23,6,11.25,2.745,0,1.141,24.997,0.809,6.02
2020,4,23,9,11.525,11.386,0,3.179,920.01,0.469,5.9
2020,4,23,12,12.6416666666667,16.183,0,3.711,1956.592,0.342,5.97
2020,4,23,15,13.258333333333301,18.774,0,3.512,2029.464,0.29,5.95
2020,4,23,18,13.3,18.592,0,2,1104.862,0.296,5.88
2020,4,23,21,13.0916666666667,9.467,0,1.147,74.244,0.59,5.88
2020,4,24,0,12.6416666666667,6.085,0,1.115,0,0.739,5.88
2020,4,24,3,12.05,4.015,0,1.008,0,0.862,5.93
2020,4,24,6,11.5833333333333,3.019,0,1.165,19.973,0.902,5.95
2020,4,24,9,11.8666666666667,12.231,0,1.514,749.896,0.546,6.08
2020,4,24,12,12.6833333333333,17.803,0,3.346,1682.466,0.349,5.88
2020,4,24,15,13.1583333333333,19.296,0,4.829,1582.713,0.335,5.88
2020,4,24,18,13.175,18.713,0,4.556,902.874,0.322,5.88
2020,4,24,21,12.9916666666667,11.383,0,1.692,79.685,0.583,5.88
2020,4,25,0,12.6083333333333,7.998,0,1.647,0,0.7,5.83
2020,4,25,3,12.05,5.403,0,1.467,0,0.8,5.88
2020,4,25,6,11.575,4.729,0,2.136,20.407,0.781,5.88
2020,4,25,9,11.758333333333301,7.461,0,3.118,775.596,0.619,5.88
2020,4,25,12,12.6166666666667,10.782,0,2.604,1825.49,0.493,5.88
2020,4,25,15,13.275,13.311,0,2.456,1948.583,0.429,5.97
2020,4,25,18,13.258333333333301,12.391,0,2.734,991.747,0.459,5.76
2020,4,25,21,12.9416666666667,6.442,0,1.4,84.086,0.703,5.6
2020,4,26,0,12.383333333333301,2.615,0,0.976,0,0.914,5.6
2020,4,26,3,11.7833333333333,0.478,0,0.998,0,0.963,5.72
2020,4,26,6,11.2166666666667,-0.24,0,0.674,23.048,0.981,5.72
2020,4,26,9,11.4166666666667,10.136,0,1.508,850.173,0.574,5.6
2020,4,26,12,12.5416666666667,14.249,0,2.043,1951.234,0.369,5.62
2020,4,26,15,13.1083333333333,16.69,0,2.069,2084.549,0.31,5.83
2020,4,26,18,13.1,16.901,0,1.486,1181.413,0.278,5.83
2020,4,26,21,12.8916666666667,8.233,0,1.185,99.371,0.572,5.58
2020,4,27,0,12.425,4.415,0,1.023,0,0.754,5.37
2020,4,27,3,11.7333333333333,2.264,0,1.007,0,0.881,5.6
2020,4,27,6,11.1083333333333,1.538,0,0.798,29.963,0.909,5.6
2020,4,27,9,11.3166666666667,12.32,0,1.711,869.429,0.497,5.58
2020,4,27,12,12.525,17.327,0,3.446,1773.906,0.378,5.74
2020,4,27,15,13.175,19.254,0,3.638,1877.102,0.354,5.88
2020,4,27,18,13.2916666666667,19.073,0,2.491,984.623,0.371,5.81
2020,4,27,21,13.1666666666667,11.263,0,1.327,90.381,0.649,5.51
2020,4,28,0,12.875,11.034,0,1.097,0,0.73,4.94
2020,4,28,3,12.3666666666667,8.382,0,0.873,0,0.902,5.51
2020,4,28,6,11.8416666666667,6.838,0,0.88,27.015,0.929,5.88
2020,4,28,9,12.133333333333301,15.211,0.003,1.625,711.444,0.608,5.62
2020,4,28,12,12.55,17.738,0.008,3.194,1256.121,0.469,5.69
2020,4,28,15,12.9666666666667,16.94,0.013,3.103,1094.963,0.591,5.6
2020,4,28,18,13.133333333333301,15.674,0.008,3.551,614.875,0.663,5.6
2020,4,28,21,13.008333333333301,12.879,0,2.08,62.25,0.864,5.6
2020,4,29,0,12.6666666666667,10.427,0.026,1.74,0,0.899,5.51
2020,4,29,3,12.3416666666667,9.844,0.022,1.694,0,0.908,5.48
2020,4,29,6,12.1083333333333,9.563,0.04,1.785,8.253,0.912,5.6
2020,4,29,9,12.3083333333333,11.472,0.36,3.097,351.059,0.854,5.78
2020,4,29,12,12.9,14.218,0,3.364,1039.261,0.662,5.85
2020,4,29,15,13.225,14.724,0.019,3.705,1250.173,0.627,5.46
2020,4,29,18,13.3,14.534,0.042,3.231,826.342,0.591,5.62
2020,4,29,21,13.25,9.476,0,1.419,112.738,0.846,5.79
2020,4,30,0,12.9666666666667,8.684,0.425,2.133,0,0.902,5.6
2020,4,30,3,12.633333333333301,7.556,0.544,1.286,0,0.945,5.6
2020,4,30,6,12.383333333333301,7.825,0.379,1.461,21.068,0.946,5.6
2020,4,30,9,12.5,11.447,0.026,3.075,470.959,0.806,5.6
2020,4,30,12,12.8666666666667,12.161,0.944,3.676,578.77,0.826,5.62
2020,4,30,15,13.1416666666667,14.413,1.661,3.702,928.853,0.645,5.6
2020,4,30,18,13.0416666666667,12.703,0.04,3.004,356.566,0.748,5.62
2020,4,30,21,12.875,10.667,0.033,3.016,20.543,0.831,5.58
2020,5,1,0,12.5583333333333,9.131,0.065,2.719,0,0.87,5.88
2020,5,1,3,12.258333333333301,7.212,0.488,2.141,0,0.931,5.88
2020,5,1,6,11.95,7.533,1.612,2.711,21.772,0.873,6.06
2020,5,1,9,12.075,10.543,1.465,3.974,652.993,0.739,6.15
2020,5,1,12,12.5666666666667,11.918,0.203,4.859,1353.768,0.68,6.57
2020,5,1,15,12.675,11.67,0.118,2.776,1267.669,0.708,7.15
2020,5,1,18,12.633333333333301,8.52,0.152,2.968,575.606,0.875,7.02
2020,5,1,21,12.65,6.151,0,1.532,107.844,0.954,7.47
2020,5,2,0,12.2833333333333,5.651,0.17,1.673,0,0.958,7.05
2020,5,2,3,11.883333333333301,6.105,0.592,1.867,0,0.951,7.14
2020,5,2,6,11.633333333333301,6.768,0.088,3.357,13.953,0.945,7.38
2020,5,2,9,11.6583333333333,6.778,0.423,3.869,456.419,0.935,7.16
2020,5,2,12,12.3083333333333,10.545,0.261,5.024,1455.079,0.631,6.81
2020,5,2,15,12.3083333333333,10.796,0.021,6.302,1446.353,0.51,6.36
2020,5,2,18,12.1416666666667,7.137,0.057,4.1,804.757,0.808,6.2
2020,5,2,21,11.9166666666667,4.345,0.015,1.994,111.645,0.947,6.28
2020,5,3,0,11.625,5,0,2.044,0,0.949,6.57
2020,5,3,3,11.3,5.012,0.003,1.937,0,0.956,6.51
2020,5,3,6,11,4.617,0,1.161,23.885,0.958,6.08
2020,5,3,9,11.258333333333301,8.633,0,2.049,731.737,0.809,5.88
2020,5,3,12,11.8666666666667,11.651,0,2.966,1400.521,0.59,5.48
2020,5,3,15,12.15,12.287,0.006,2.878,1119.295,0.547,5.81
2020,5,3,18,12.2083333333333,12.921,0,2.084,817.129,0.495,5.88
2020,5,3,21,12.0916666666667,7.837,0,0.997,57.796,0.841,5.67
2020,5,4,0,11.8166666666667,5.32,0,0.746,0,0.935,5.79
2020,5,4,3,11.45,4.894,0,0.579,0,0.953,5.53
2020,5,4,6,11.1666666666667,6.095,0.034,0.582,14.818,0.921,5.24
2020,5,4,9,11.5333333333333,10.985,1.484,1.606,506.632,0.708,5.74
2020,5,4,12,12.175,16.216,1.196,2.935,1599.732,0.461,5.6
2020,5,4,15,12.3083333333333,12.478,0.046,3.075,851.812,0.818,5.6
2020,5,4,18,12.4166666666667,9.914,0.483,2.288,302.711,0.929,5.76
2020,5,4,21,12.258333333333301,7.669,0.001,2.714,19.39,0.92,5.83
2020,5,5,0,11.95,5.307,0,1.166,0,0.948,5.88
2020,5,5,3,11.4916666666667,2.268,0,0.838,0,0.964,5.88
2020,5,5,6,11.1166666666667,2.467,0,0.898,38.433,0.962,6.04
2020,5,5,9,11.2916666666667,5.559,0,1.71,751.941,0.891,6.36
2020,5,5,12,11.9583333333333,9.175,0,2.538,1607.096,0.628,6.02
2020,5,5,15,12.325,11.324,0,2.66,1754.398,0.428,5.69
2020,5,5,18,12.1833333333333,10.799,0,3.2,1068.229,0.378,5.67
2020,5,5,21,12.0666666666667,5.365,0,1.158,124.571,0.634,5.97
2020,5,6,0,11.8,1.762,0,0.99,0,0.856,5.88
2020,5,6,3,11.25,-0.276,0,1.451,0,0.957,5.83
2020,5,6,6,10.7333333333333,-0.769,0,0.881,44.856,0.927,5.6
2020,5,6,9,10.875,7.644,0,2.036,925.536,0.598,5.46
2020,5,6,12,11.525,10.348,0,2.445,1654.493,0.474,5.35
2020,5,6,15,11.758333333333301,11.492,0,1.705,1202.062,0.447,5.06
2020,5,6,18,11.7416666666667,11.969,0,1.41,732.328,0.454,5.31
2020,5,6,21,11.525,6,0,1.365,119.695,0.798,5.6
2020,5,7,0,11.2666666666667,3.227,0,1.166,0,0.937,5.48
2020,5,7,3,10.75,1.268,0,1.226,0,0.967,5.32
2020,5,7,6,10.2083333333333,0.896,0,0.882,41.827,0.974,5.32
2020,5,7,9,10.4083333333333,11.042,0,2.335,1010.796,0.57,5.32
2020,5,7,12,11.5583333333333,15.442,0,2.562,2110.503,0.354,5.41
2020,5,7,15,12.3,18.576,0,2.698,2209.718,0.293,5.37
2020,5,7,18,12.35,19.002,0,1.993,1281.291,0.283,5.32
2020,5,7,21,12.4,10.933,0,1.193,135.519,0.586,5.19
2020,5,8,0,12.2,6.575,0,0.94,0,0.821,5.04
2020,5,8,3,11.8,5.666,0,0.76,0,0.895,4.87
2020,5,8,6,11.3583333333333,5.337,0,0.803,34.238,0.911,5.02
2020,5,8,9,11.6,15.26,0,1.847,909.014,0.498,5.23
2020,5,8,12,12.825,20.867,0,1.991,2027.311,0.324,5.19
2020,5,8,15,13.6083333333333,22.883,0,2.723,2132.745,0.277,5.13
2020,5,8,18,13.7833333333333,21.553,0,2.006,1020.764,0.308,5.06
2020,5,8,21,13.9,16.1,0,1.024,84.245,0.517,5.17
2020,5,9,0,13.8,11.698,0,0.846,0,0.683,5.06
2020,5,9,3,13.4333333333333,9.286,0,0.796,0,0.741,5.06
2020,5,9,6,13.0416666666667,8.624,0.001,0.798,52.528,0.784,5.06
2020,5,9,9,13.0916666666667,16.11,0.089,1.536,762.926,0.501,5.06
2020,5,9,12,13.2416666666667,19.589,0.057,1.885,1111.258,0.444,5.06
2020,5,9,15,13.6,18.895,0.119,1.751,750.709,0.512,5.06
2020,5,9,18,13.7916666666667,16.508,0,1.52,375.942,0.704,4.96
2020,5,9,21,13.9,13.973,0,0.516,46.264,0.852,4.98
2020,5,10,0,13.7666666666667,12.306,0.001,0.646,0,0.928,5.06
2020,5,10,3,13.5916666666667,10.897,0.031,0.553,0,0.955,5.06
2020,5,10,6,13.375,10.788,0.069,0.612,34.047,0.95,4.94
2020,5,10,9,13.425,15.158,0.049,1.158,441.555,0.835,4.94
2020,5,10,12,14.0333333333333,18.227,0,2.57,995.481,0.726,5.06
2020,5,10,15,14.5333333333333,20.478,0.836,3.052,1431.473,0.608,5.06
2020,5,10,18,14.6583333333333,20.462,0.376,2.326,960.763,0.593,5.06
2020,5,10,21,14.7166666666667,14.809,0,0.864,107.523,0.854,5.06
2020,5,11,0,14.7416666666667,13.884,0.183,1.004,0,0.921,5.06
2020,5,11,3,14.5166666666667,11.317,0.091,0.783,0,0.964,5.26
2020,5,11,6,14.2416666666667,11.952,4.815,1.847,24.922,0.963,5.72
2020,5,11,9,14,7.873,7.138,4.06,244.931,0.915,5.6
2020,5,11,12,13.5833333333333,4.51,2.075,4.495,314.98,0.937,5.55
2020,5,11,15,13.258333333333301,3.936,1.196,5.132,280.903,0.925,5.53
2020,5,11,18,12.9583333333333,2.367,0.746,3.683,256.436,0.928,7.21
2020,5,11,21,12.6666666666667,2.191,0.109,3.067,56.815,0.92,8.42
2020,5,12,0,12.2916666666667,0.457,0.042,1.713,0,0.959,9.77
2020,5,12,3,11.6,-1.352,0,0.938,0,0.975,11.13
2020,5,12,6,10.825,-1.378,0,0.801,85.941,0.977,14.29
2020,5,12,9,10.7833333333333,4.583,0,1.255,1037.076,0.67,13.43
2020,5,12,12,11.133333333333301,7.45,0,2.098,1807.448,0.48,11.43
2020,5,12,15,11.525,9.397,0,2.028,1883.118,0.437,9.9
2020,5,12,18,11.7833333333333,10.075,0,1.634,1103.335,0.421,8.72
2020,5,12,21,11.8666666666667,4.229,0,0.868,117.413,0.816,8.72
2020,5,13,0,11.275,1.779,0,0.944,0,0.948,8.28
2020,5,13,3,10.5,0.072,0,0.74,0,0.974,7.75
2020,5,13,6,9.95,0.075,0,0.391,84.554,0.976,7.24
2020,5,13,9,10.0333333333333,9.021,0,1.425,1118.81,0.554,6.83
2020,5,13,12,10.6416666666667,11.889,0.217,1.779,2010.015,0.418,6.69
2020,5,13,15,10.9083333333333,12.526,0.019,1.697,1131.238,0.422,6.26
2020,5,13,18,11.133333333333301,11.46,0.004,1.506,308.875,0.524,5.99
2020,5,13,21,11.1666666666667,7.9,0.006,1.542,28.881,0.893,5.88
2020,5,14,0,11.0166666666667,6.557,0,0.679,0,0.939,5.93
2020,5,14,3,10.7666666666667,5.792,0,0.864,0,0.913,5.88
2020,5,14,6,10.425,5.217,0,1.634,33.21,0.892,5.88
2020,5,14,9,10.55,9.427,0,3.263,784.128,0.684,5.81
2020,5,14,12,11.25,11.279,0,3.502,1772.764,0.585,5.86
2020,5,14,15,11.8666666666667,12.632,0,3.408,1620.706,0.511,5.88
2020,5,14,18,12.0166666666667,11.462,0,3.189,805.527,0.555,5.69
2020,5,14,21,11.9166666666667,8.352,0,2.558,82.202,0.717,5.58
2020,5,15,0,11.7083333333333,7.252,0,2.41,0,0.775,5.32
2020,5,15,3,11.45,5.503,0,1.699,0,0.83,5.32
2020,5,15,6,11.1166666666667,4.166,0,1.18,56.871,0.882,5.32
2020,5,15,9,11.3416666666667,10.461,0,3.271,1002.063,0.605,5.32
2020,5,15,12,11.9416666666667,12.061,0,2.88,1542.113,0.485,5.3
2020,5,15,15,12.3666666666667,13.2,0,2.335,1526.226,0.433,5.23
2020,5,15,18,12.6833333333333,13.421,0,1.697,1002.377,0.398,5.19
2020,5,15,21,12.6583333333333,8.289,0,1.019,129.546,0.662,5.32
2020,5,16,0,12.375,3.876,0,0.709,0,0.886,5.32
2020,5,16,3,11.975,1.969,0,0.968,0,0.927,5.15
2020,5,16,6,11.5166666666667,2.415,0,0.536,63.907,0.918,5.06
2020,5,16,9,11.758333333333301,11.145,0,1.454,1036.213,0.543,5.06
2020,5,16,12,12.9,14.662,0,2.505,2155.892,0.421,5.06
2020,5,16,15,13.4333333333333,17.015,0,2.494,2275.345,0.365,5.02
2020,5,16,18,13.3083333333333,17.258,0,1.948,1346.367,0.332,4.87
2020,5,16,21,13.3,9.288,0,1.356,169.782,0.674,4.81
2020,5,17,0,13.1583333333333,7.081,0,1.092,0,0.806,4.81
2020,5,17,3,12.7416666666667,4.048,0,1.108,0,0.955,4.81
2020,5,17,6,12.2083333333333,3.674,0,0.846,89.887,0.953,4.81
2020,5,17,9,12.4166666666667,13.434,0,1.926,1170.694,0.518,4.6
2020,5,17,12,13.3916666666667,15.607,0,2.554,1873.367,0.421,4.77
2020,5,17,15,13.758333333333301,17.276,0,2.892,1957.481,0.382,4.89
2020,5,17,18,13.825,17.154,0,2.753,1224.671,0.379,5.02
2020,5,17,21,13.8583333333333,10.737,0,1.355,171.171,0.673,4.81
2020,5,18,0,13.633333333333301,6.731,0,0.901,0,0.885,4.58
2020,5,18,3,13.225,4.36,0,1.145,0,0.963,4.56
2020,5,18,6,12.7166666666667,4.371,0,0.781,79.9,0.96,4.56
2020,5,18,9,12.9083333333333,14.441,0,1.154,1096.572,0.536,4.56
2020,5,18,12,14.025,18.298,0,2.849,2143.854,0.399,4.83
2020,5,18,15,14.6166666666667,20.364,0,3.096,2242.06,0.367,4.58
2020,5,18,18,14.4166666666667,20.098,0,2.579,1227.319,0.398,4.46
2020,5,18,21,14.4916666666667,13.828,0,1.583,181.588,0.671,4.52
2020,5,19,0,14.4,10.598,0,1.01,0,0.825,4.85
2020,5,19,3,14.1083333333333,7.855,0,0.91,0,0.949,4.6
2020,5,19,6,13.6833333333333,8.276,0,0.684,70.525,0.941,4.56
2020,5,19,9,14,17.484,0,1.411,1000.165,0.568,4.56
2020,5,19,12,15.133333333333301,20.977,0,2.851,2002.909,0.317,4.71
2020,5,19,15,15.5666666666667,22.357,0,3.347,2093.413,0.342,4.6
2020,5,19,18,15.3083333333333,20.001,0,3.096,923.526,0.479,4.56
2020,5,19,21,15.4666666666667,16.189,0,2.008,99.082,0.596,4.58
2020,5,20,0,15.4583333333333,12.114,0,1.409,0,0.794,4.81
2020,5,20,3,15.2833333333333,10.208,0,0.752,0,0.883,4.3
2020,5,20,6,15.0416666666667,11.605,0,0.654,34.145,0.87,4.08
2020,5,20,9,15.0166666666667,14.476,0,1.398,357.737,0.734,4.1
2020,5,20,12,15.0833333333333,16.56,0,2.137,871.905,0.652,4.5
2020,5,20,15,15.25,16.922,0.002,2.242,844.589,0.673,4.73
2020,5,20,18,15.375,17.019,0,2.43,698.842,0.642,4.77
2020,5,20,21,15.2,13.418,0,1.4,108.064,0.795,4.28
2020,5,21,0,14.9916666666667,9.789,0,0.824,0,0.948,4.3
2020,5,21,3,14.6833333333333,7.431,0,0.739,0,0.971,4.26
2020,5,21,6,14.3416666666667,7.46,0,0.487,75.891,0.952,4.54
2020,5,21,9,14.758333333333301,15.517,0,1.579,1079.808,0.562,4.56
2020,5,21,12,15.975,18.316,0,2.155,2096.743,0.422,4.56
2020,5,21,15,16.3416666666667,20.344,0,2.087,2160.754,0.358,4.56
2020,5,21,18,16.1,20.575,0,1.743,1229.125,0.386,4.36
2020,5,21,21,16.0166666666667,15.23,0,1.053,189.544,0.59,4.16
2020,5,22,0,15.8166666666667,11.278,0,0.865,0,0.752,4.1
2020,5,22,3,15.5166666666667,8.723,0,0.564,0,0.892,4.32
2020,5,22,6,15.225,8.386,0,0.622,62.988,0.895,4.1
2020,5,22,9,15.5,15.932,0.23,1.61,838.612,0.582,4.28
2020,5,22,12,15.6833333333333,21.081,0,2.359,1312.296,0.5,4.32
2020,5,22,15,15.883333333333301,22.605,0.532,3.09,1124.376,0.506,4.32
2020,5,22,18,15.85,21.464,3.441,2.215,484.256,0.523,4.32
2020,5,22,21,15.9083333333333,17.638,2.253,1.215,34.848,0.661,4.24
2020,5,23,0,15.9083333333333,14.539,0.588,0.756,0,0.933,4.26
2020,5,23,3,15.8333333333333,14.114,0.397,0.826,0,0.964,4.26
2020,5,23,6,15.6083333333333,13.441,2.295,2.293,18.984,0.942,4.96
2020,5,23,9,15.5333333333333,14.253,1.395,1.858,329.813,0.863,5.23
2020,5,23,12,15.375,14.206,0,2.29,703.953,0.806,5.74
2020,5,23,15,15.2,10.169,0.297,2.109,416.954,0.915,6.06
2020,5,23,18,15.2,10.153,0.006,4.219,351.15,0.871,6.95
2020,5,23,21,15.075,8.87,0,3.22,79.435,0.916,7.56
2020,5,24,0,14.6583333333333,8.503,0,2.725,0,0.949,7.6
2020,5,24,3,14.3083333333333,8.404,0.019,2.529,0,0.945,7.38
2020,5,24,6,14.125,8.158,0.466,2.857,45.197,0.938,7.01
2020,5,24,9,14.225,11.134,0.003,4.089,826.829,0.76,6.41
2020,5,24,12,14.5,13.299,1.005,4.701,1351.853,0.627,5.99
2020,5,24,15,14.75,14.588,0.242,5.352,1405.081,0.525,5.55
2020,5,24,18,14.6083333333333,12.982,0.932,3.576,689.598,0.607,5.32
2020,5,24,21,14.4583333333333,10.153,1.49,1.427,70.126,0.911,5.3
2020,5,25,0,14.275,10.127,0.055,2.804,0,0.908,5.06
2020,5,25,3,14.05,9.765,1.047,2.565,0,0.959,4.87
2020,5,25,6,13.825,9.633,0.182,2.341,50.741,0.947,5.23
2020,5,25,9,13.883333333333301,11.524,0.011,3.599,467.103,0.881,5.34
2020,5,25,12,14.275,13.414,0.22,4.103,1262.915,0.745,5.65
2020,5,25,15,14.5916666666667,15.237,0,4.095,1361.966,0.58,6.15
2020,5,25,18,14.5416666666667,14.763,0,3.757,1038.552,0.545,6.56
2020,5,25,21,14.45,10.972,0,1.654,158.445,0.736,6.43
2020,5,26,0,14.2,7.21,0,1.323,0,0.919,6.31
2020,5,26,3,13.7166666666667,5.119,0,0.772,0,0.964,5.99
2020,5,26,6,13.35,6.569,0,1.068,69.138,0.954,5.48
2020,5,26,9,13.45,10.636,0,2.238,576.975,0.84,5.02
2020,5,26,12,13.6583333333333,13.189,0,2.708,1273.591,0.599,5.06
2020,5,26,15,14.1416666666667,14.898,0,2.508,1440.887,0.545,5.06
2020,5,26,18,14.075,15.677,0,2.197,1151.636,0.499,4.81
2020,5,26,21,13.8916666666667,9.867,0,1.102,178.536,0.835,4.81
2020,5,27,0,13.6416666666667,7.062,0,1.182,0,0.959,4.81
2020,5,27,3,13.2666666666667,5.091,0,1.157,0,0.968,4.75
2020,5,27,6,12.8583333333333,5.828,0,0.576,91.308,0.957,4.36
2020,5,27,9,13.25,15.438,0,1.207,1118.533,0.653,4.5
2020,5,27,12,14.0166666666667,17.537,0,1.949,1780.366,0.478,4.71
2020,5,27,15,14.525,19.556,0,2.274,1732.812,0.395,4.6
2020,5,27,18,14.5833333333333,18.932,0,1.814,1076.605,0.419,4.52
2020,5,27,21,14.5166666666667,14.375,0.164,1.089,97.898,0.718,4.12
2020,5,28,0,14.525,11.802,0.409,1.192,0,0.809,4.46
2020,5,28,3,14.45,11.344,0.017,1.163,0,0.865,4.3
2020,5,28,6,14.3083333333333,11.289,0.013,2.453,26.301,0.906,4.08
2020,5,28,9,14.4666666666667,12.724,0.008,3.53,749.19,0.764,4.28
2020,5,28,12,15.2166666666667,14.947,0,3.938,1701.725,0.489,4.48
2020,5,28,15,15.65,16.409,0,3.975,2028.194,0.378,4.56
2020,5,28,18,15.3083333333333,15.259,0,3.778,1133.234,0.405,4.42
2020,5,28,21,15.2333333333333,10.645,0,1.168,186.321,0.626,4.1
2020,5,29,0,14.9583333333333,7.999,0,1.183,0,0.813,3.66
2020,5,29,3,14.5833333333333,6.02,0,1.092,0,0.91,4.03
2020,5,29,6,14.3,7.193,0,0.84,97.693,0.871,4.34
2020,5,29,9,14.7166666666667,13.498,0,2.957,1181.907,0.62,3.97
2020,5,29,12,15.4333333333333,14.96,0,3.348,1535.193,0.51,4.06
2020,5,29,15,15.7083333333333,17.124,0,2.978,1756.927,0.38,4.08
2020,5,29,18,15.375,16.839,0,3.541,1231.505,0.36,3.97
2020,5,29,21,15.2416666666667,12.404,0,2.294,252.803,0.513,4.16
2020,5,30,0,14.9666666666667,7.542,0,1.289,0,0.783,3.38
2020,5,30,3,14.8333333333333,8.748,0,0.827,0,0.82,3.97
2020,5,30,6,14.5666666666667,10.382,0,1.891,107.758,0.708,3.91
2020,5,30,9,14.8166666666667,13.264,0,3.896,1264.761,0.535,4.02
2020,5,30,12,15.4,14.79,0,4.124,1803.385,0.428,4.08
2020,5,30,15,15.2833333333333,15.048,0,4.207,1642.666,0.393,3.97
2020,5,30,18,14.85,13.776,0,3.589,773.035,0.455,3.86
2020,5,30,21,14.875,10.862,0,1.193,112.906,0.597,3.68
2020,5,31,0,14.6833333333333,7.781,0,1.166,0,0.793,3.71
2020,5,31,3,14.2416666666667,5.084,0,0.909,0,0.905,3.64
2020,5,31,6,14.0333333333333,6.454,0,0.749,60.704,0.863,3.64
2020,5,31,9,14.3583333333333,12.048,0,2.921,912.462,0.635,3.64
2020,5,31,12,15.0416666666667,13.397,0,3.552,1392.71,0.539,3.82
2020,5,31,15,15.2666666666667,14.95,0,3.106,1599.981,0.508,3.97
2020,5,31,18,14.7416666666667,14.284,0,2.373,708.976,0.554,3.91
2020,5,31,21,14.6833333333333,12.137,0,0.911,125.794,0.721,3.59
2020,6,1,0,14.45,8.228,0,1.258,0,0.945,3.47
2020,6,1,3,14.133333333333301,6.978,0,1.225,0,0.943,3.77
2020,6,1,6,13.8583333333333,8.115,0,1.131,103.913,0.928,3.86
2020,6,1,9,14.625,16.226,0,1.892,1154.546,0.606,3.66
2020,6,1,12,16.3916666666667,20.217,0,3.256,2157.232,0.408,3.64
2020,6,1,15,16.5583333333333,21.764,0,3.46,2316.176,0.349,3.73
2020,6,1,18,15.5916666666667,21.316,0,3.519,1457.335,0.395,3.71
2020,6,1,21,15.55,16.827,0,1.458,254.301,0.536,3.61
2020,6,2,0,15.4916666666667,11.048,0,0.855,0,0.798,3.64
2020,6,2,3,15.1833333333333,8.622,0,1.028,0,0.869,3.64
2020,6,2,6,14.85,9.458,0,0.588,108.837,0.818,3.6
2020,6,2,9,15.633333333333301,18.169,0,2.095,1179.919,0.451,3.43
2020,6,2,12,17.2833333333333,21.336,0,2.47,2212.137,0.379,3.64
2020,6,2,15,17.4333333333333,23.107,0,2.291,2311.518,0.323,3.9
2020,6,2,18,16.525,23.168,0,2.216,1297.851,0.304,3.64
2020,6,2,21,16.3833333333333,15.892,0,0.883,213.095,0.576,3.52
2020,6,3,0,16.275,11.301,0,1.108,0,0.805,3.48
2020,6,3,3,16.05,9.139,0,1.076,0,0.918,3.43
2020,6,3,6,15.8333333333333,9.604,0,0.873,122.039,0.899,3.55
2020,6,3,9,16.5,18.325,0.137,1.706,1054.249,0.57,3.86
2020,6,3,12,17.8666666666667,23.895,0.706,1.973,1979.202,0.332,3.86
2020,6,3,15,18.0666666666667,25.106,0.001,2.106,1809.536,0.29,3.54
2020,6,3,18,16.95,18.693,0.053,3.168,802.642,0.579,3.46
2020,6,3,21,16.7833333333333,15.033,0,0.972,188.889,0.753,3.59
2020,6,4,0,16.7,12.1,0.055,0.963,0,0.873,4.07
2020,6,4,3,16.5416666666667,11.39,0.837,0.977,0,0.902,4.23
2020,6,4,6,16.4583333333333,12.128,2.357,0.743,54.168,0.878,3.17
2020,6,4,9,16.6083333333333,15.216,3.537,1.69,435.557,0.778,3.58
2020,6,4,12,16.5583333333333,15.949,0.641,2.521,537.184,0.855,4.32
2020,6,4,15,16.55,15.185,0.44,2.08,505.726,0.935,4.16
2020,6,4,18,16.225,15.177,1.194,1.898,336.98,0.937,4.08
2020,6,4,21,16.0333333333333,13.417,0.251,2.052,43.911,0.951,3.93
2020,6,5,0,15.95,12.676,0.004,2.186,0,0.955,3.86
2020,6,5,3,15.8583333333333,11.26,0.024,2.712,0,0.95,4.39
2020,6,5,6,15.625,9.93,0.031,2.902,47.007,0.917,6.3
2020,6,5,9,15.5583333333333,11.608,0.682,3.824,715.997,0.789,7.37
2020,6,5,12,15.5833333333333,13.467,0.392,4.184,1411.258,0.589,7.03
2020,6,5,15,15.5833333333333,10.721,3.958,3.626,839.416,0.843,6.76
2020,6,5,18,15.675,11.649,0.019,3.442,666.938,0.826,6.69
2020,6,5,21,15.4818181818182,10.725,0.498,4.137,80.986,0.89,6.58
2020,6,6,0,15.2,8.969,1.772,2.737,0,0.931,6
2020,6,6,3,NA,8.665,0.84,1.964,0,0.945,6.49
2020,6,6,6,14.75,8.619,0.429,2.032,35.578,0.947,5.9
2020,6,6,9,NA,9.13,0.183,1.745,320.567,0.947,5.97
2020,6,6,12,14.4,10.818,0.088,2.49,695.74,0.923,6.39
2020,6,6,15,NA,13.26,0.008,3.591,1076.545,0.802,6.61
2020,6,6,18,14.55,13.984,0,2.925,817.97,0.706,5.95
2020,6,6,21,NA,11.381,0.602,1.54,126.095,0.865,5.83
2020,6,7,0,NA,10.002,2.606,1.178,0,0.919,5.86
2020,6,8,0,13.5,8.275,0,0.741,0,0.978,6.69
2020,6,8,3,NA,8.07,0,0.559,0,0.977,6.98
2020,6,8,6,13.1,8.179,0,0.722,53.214,0.978,6.69
2020,6,8,9,13.9,11.429,0,1.287,587.508,0.904,6.02
2020,6,8,12,13.7,15.129,0,1.184,1293.998,0.618,5.76
2020,6,8,15,13.8583333333333,14.862,0,0.888,778.298,0.597,5.65
2020,6,8,18,14.05,15.178,0,1.761,496.632,0.578,5.32
2020,6,8,21,NA,12.481,0,0.879,123.268,0.784,5.06
2020,6,9,0,NA,10.198,0.013,0.708,0,0.898,5.06
2020,6,9,3,NA,10.379,0.015,0.629,0,0.903,4.98
2020,6,9,6,NA,11.288,1.353,1.063,24.798,0.854,4.77
2020,6,9,9,NA,13.37,3.178,1.735,259.867,0.749,4.56
2020,6,9,12,NA,15.172,1.729,2.252,554.419,0.709,4.56
2020,6,9,15,NA,13.547,0.733,1.621,432.359,0.938,4.36
2020,6,9,18,NA,12.943,0.368,2.138,345.908,0.944,4.69
2020,6,9,21,NA,11.992,0.302,1.806,55.788,0.961,5.46
2020,6,10,0,13.8,11.686,0.651,1.868,0,0.962,5.6
2020,6,10,3,NA,11.48,0.409,1.896,0,0.966,5.62
2020,6,10,6,NA,11.555,0.639,1.926,15.225,0.95,6.91
2020,6,10,9,13.5,12.279,2.414,2.322,171.094,0.944,7.38
2020,6,10,12,NA,14.074,3.744,2.756,647.47,0.845,7.35
2020,6,10,15,13.8166666666667,13.485,2.965,2.44,615.666,0.889,6.32
2020,6,10,18,13.8583333333333,11.826,1.486,1.745,259.364,0.945,6.04
2020,6,10,21,13.8333333333333,11.209,1.254,1.244,29.193,0.965,6.64
2020,6,11,0,13.8416666666667,11.201,1.532,1.19,0,0.972,8.76
2020,6,11,3,13.7833333333333,11.274,0.219,1.397,0,0.974,9.13
2020,6,11,6,13.5333333333333,11.55,0.229,1.09,31.934,0.974,10.49
2020,6,11,9,13.4083333333333,12.771,0.03,1.364,257.318,0.959,12.59
2020,6,11,12,13.625,15.232,0.379,1.437,572.489,0.871,13.5
2020,6,11,15,14.133333333333301,18.137,0.301,1.423,1312.211,0.733,13.08
2020,6,11,18,14.4583333333333,18.043,0,1.731,943.924,0.767,11.93
2020,6,11,21,14.4,14.619,0.002,1.27,137.599,0.957,10.8
2020,6,12,0,14.2666666666667,12.71,0.014,1.004,0,0.977,10.2
2020,6,12,3,14.0333333333333,11.746,0.002,0.681,0,0.977,9.15
2020,6,12,6,13.8083333333333,11.99,0,0.905,94.876,0.975,9.13
2020,6,12,9,14.0583333333333,18.69,0,2.414,1105.877,0.807,9.03
2020,6,12,12,15.0666666666667,22.779,0,3.537,2113.119,0.553,8.33
2020,6,12,15,16.0333333333333,25.103,0,3.527,2214.313,0.411,7.64
2020,6,12,18,16.4416666666667,25.32,0,3.385,1413.321,0.385,6.74
2020,6,12,21,16.525,21.156,0,1.75,252.876,0.593,6.46
2020,6,13,0,16.5083333333333,17.361,0,1.183,0,0.819,6.59
2020,6,13,3,16.1833333333333,14.677,0,0.862,0,0.961,6.18
2020,6,13,6,15.8333333333333,15.726,0,0.799,146.96,0.937,5.95
2020,6,13,9,16.175,22.532,0.004,1.756,1206.976,0.695,5.6
2020,6,13,12,17.3333333333333,25.353,0.146,2.225,2053.761,0.54,5.58
2020,6,13,15,18.0666666666667,27.407,0,2.377,1988.883,0.457,5.34
2020,6,13,18,18.2,26.75,0.432,1.64,1189.411,0.458,5.15
2020,6,13,21,18.3666666666667,21.852,0.423,1.128,223.659,0.737,4.62
2020,6,14,0,18.425,18.732,13.099,1.174,0,0.854,4.96
2020,6,14,3,18.4083333333333,17.446,1.293,1.859,0,0.934,5.06
2020,6,14,6,18.2666666666667,16.86,0.433,1.8,28.159,0.958,4.91
2020,6,14,9,17.9,17.195,1.654,2.143,252.456,0.952,5.59
2020,6,14,12,17.5166666666667,18.635,7.644,2.276,521.576,0.907,7.9
2020,6,14,15,17.8,19.812,11.545,2.172,732.37,0.846,10.07
2020,6,14,18,17.7083333333333,18.366,5.671,2.712,389.341,0.929,13.1
2020,6,14,21,17.725,16.479,1.925,2.592,46.518,0.966,21.82
2020,6,15,0,17.6833333333333,15.601,1.038,2.665,0,0.965,23.96
2020,6,15,3,17.45,15.235,0.915,1.585,0,0.973,25.32
2020,6,15,6,16.95,15.269,0.071,1.581,17.216,0.964,30.93
2020,6,15,9,16.6833333333333,15.863,0.139,1.566,207.234,0.949,42.95
2020,6,15,12,16.4583333333333,16.821,0.102,1.937,461.549,0.924,47.42
2020,6,15,15,16.3,16.837,0.003,2.409,513.669,0.914,48.95
2020,6,15,18,16.3416666666667,16.603,0.002,2.247,381.873,0.926,52.59
2020,6,15,21,16.3666666666667,15.472,0,1.622,101.923,0.947,57.03
2020,6,16,0,16.25,14.754,0,1.137,0,0.968,58.75
2020,6,16,3,16.2,14.441,0,0.778,0,0.97,59.82
2020,6,16,6,16.1,14.517,0,0.865,28.293,0.959,63.72
2020,6,16,9,16.0416666666667,15.879,0.221,0.96,269.124,0.897,63.92
2020,6,16,12,16.3,18.385,1.986,1.243,829.774,0.779,60.29
2020,6,16,15,17.1166666666667,20.742,4.971,1.624,1736.719,0.662,54.87
2020,6,16,18,17.8166666666667,20.337,0.855,1.532,882.893,0.701,50.04
2020,6,16,21,17.625,16.835,0.177,1.258,141.634,0.923,42.73
2020,6,17,0,16.95,15.161,0.459,0.94,0,0.977,34.72
2020,6,17,3,16.575,14.436,0.047,0.806,0,0.977,28.81
2020,6,17,6,16.3583333333333,14.387,0.004,0.707,57.232,0.979,25.73
2020,6,17,9,16.1166666666667,19.373,0.002,1.779,885.96,0.792,30.95
2020,6,17,12,16.3083333333333,21.99,0.022,2.443,1668.684,0.589,35.86
2020,6,17,15,16.7666666666667,22.791,0.056,2.873,1262.081,0.542,34.47
2020,6,17,18,16.9,22.36,0.07,2.681,882.729,0.529,30.95
2020,6,17,21,16.825,17.742,0.709,1.2,125.771,0.815,28.71
2020,6,18,0,16.5666666666667,16.303,0.123,2.03,0,0.879,25.46
2020,6,18,3,16.4,15.157,0.475,2.718,0,0.934,22.96
2020,6,18,6,16.325,13.338,1.423,3.248,15.497,0.965,20.3
2020,6,18,9,16.3,13.237,0.566,2.715,211.252,0.948,18.85
2020,6,18,12,16.3333333333333,14.115,0.042,2.65,494.532,0.923,17.85
2020,6,18,15,16.3166666666667,15.865,0.079,2.031,620.471,0.869,16.79
2020,6,18,18,16.2666666666667,17.189,0.024,2.213,633.665,0.772,16.17
2020,6,18,21,16.0666666666667,13.505,0.013,0.789,156.289,0.953,15.62
2020,6,19,0,15.633333333333301,10.941,0,1.464,0,0.972,15.17
2020,6,19,3,15.1916666666667,10.143,0,1.034,0,0.972,15
2020,6,19,6,14.9333333333333,11.54,0.366,1.351,86.806,0.939,14.8
2020,6,19,9,15.0666666666667,17.278,0.715,1.803,1085.5,0.783,14.63
2020,6,19,12,15.675,20.287,2.227,3.587,1724.812,0.601,14.08
2020,6,19,15,16.0666666666667,17.258,0.447,3.194,1176.398,0.774,13.43
2020,6,19,18,16.2416666666667,16.657,1.28,1.769,625.292,0.813,13.6
2020,6,19,21,15.9916666666667,14.222,0.498,1.53,113.75,0.927,13.58
2020,6,20,0,15.633333333333301,13.71,0.04,1.335,0,0.957,13.21
2020,6,20,3,15.325,13.342,0.114,1.703,0,0.965,13.75
2020,6,20,6,15.2916666666667,13.102,0.119,1.112,29.17,0.971,13.97
2020,6,20,9,15.2083333333333,15.091,0.074,1.924,408.893,0.915,13.4
2020,6,20,12,15.425,17.92,0,2.254,1057.079,0.715,13.74
2020,6,20,15,15.758333333333301,19.089,0.13,2.009,957.659,0.666,14.8
2020,6,20,18,16.025,18.551,0.097,1.623,685.565,0.693,14.7
2020,6,20,21,16.0083333333333,15.688,0,1.473,108.204,0.857,14.83
2020,6,21,0,15.8083333333333,14.087,0,1.5,0,0.927,14.03
2020,6,21,3,15.4666666666667,11.939,0,1.092,0,0.967,12.38
2020,6,21,6,15.2083333333333,12.102,0,1.085,82.391,0.934,11.87
2020,6,21,9,15.35,17.892,0,1.899,1033.255,0.698,11.47
2020,6,21,12,15.725,19.179,0,2.564,1417.637,0.634,11.1
2020,6,21,15,16.25,21.465,0,2.697,1700.018,0.518,10.97
2020,6,21,18,16.4,21.015,0,2.287,1002.803,0.516,10.5
2020,6,21,21,16.3583333333333,15.792,0,1.07,244.147,0.809,10.5
2020,6,22,0,16.1916666666667,12.552,0,1.642,0,0.934,10.13
2020,6,22,3,15.7333333333333,10.903,0,1.003,0,0.951,9.73
2020,6,22,6,15.325,12.55,0.01,0.779,118.466,0.927,9.61
2020,6,22,9,15.4,19.268,0,2.087,871.744,0.695,9.29
2020,6,22,12,16.1166666666667,22.136,0,2.236,1711.464,0.574,9.32
2020,6,22,15,16.5583333333333,22.541,0,2.815,1316.224,0.576,9.13
2020,6,22,18,16.8166666666667,21.949,0,2.432,924.295,0.591,8.66
2020,6,22,21,16.8833333333333,18.254,0,1.357,178.45,0.751,8.51
2020,6,23,0,16.45,14.816,0,0.855,0,0.894,8.6
2020,6,23,3,16.0416666666667,11.442,0,0.832,0,0.948,8.36
2020,6,23,6,15.6833333333333,12.569,0,0.712,93.214,0.921,8.32
2020,6,23,9,15.8,19.291,0,1.653,1129.084,0.562,8.16
2020,6,23,12,16.525,21.835,0,2.193,2074.537,0.431,8.28
2020,6,23,15,17.2833333333333,23.361,0,2.406,2173.062,0.402,8.03
2020,6,23,18,17.5416666666667,22.663,0,2.58,1444.759,0.419,7.74
2020,6,23,21,17.7083333333333,16.786,0,0.984,261.457,0.661,7.68
2020,6,24,0,17.425,12.328,0,0.891,0,0.867,7.58
2020,6,24,3,16.7833333333333,9.569,0.007,1.027,0,0.947,7.86
2020,6,24,6,16.3,10.884,0.009,0.445,125.82,0.877,7.53
2020,6,24,9,16.3833333333333,19.162,0,2.341,1166.639,0.502,7.19
2020,6,24,12,17.2333333333333,21.647,0,2.832,2095.579,0.44,6.86
2020,6,24,15,17.8583333333333,22.804,0,2.87,1995.61,0.43,7.01
2020,6,24,18,18.15,21.987,0,3.282,1203.843,0.48,7.08
2020,6,24,21,18.2,18.331,0.348,1.819,168.2,0.658,6.76
2020,6,25,0,17.95,14.282,0.055,0.941,0,0.885,7.05
2020,6,25,3,17.4083333333333,12.942,0,0.975,0,0.953,6.64
2020,6,25,6,17.025,13.9,0.065,0.568,39.441,0.957,6.66
2020,6,25,9,16.9,16.159,0.003,1.695,503.004,0.894,6.61
2020,6,25,12,17.3,19.881,0.001,2.664,1281.231,0.667,6.69
2020,6,25,15,17.6666666666667,22.115,0,3.074,1849.58,0.497,6.49
2020,6,25,18,17.8166666666667,22.109,0,2.855,1370.41,0.476,6.47
2020,6,25,21,18.075,18.533,0,1.814,284.56,0.642,6.49
2020,6,26,0,17.925,14.079,0,1.024,0,0.886,6.74
2020,6,26,3,17.4916666666667,11.859,0.013,0.462,0,0.964,6.41
2020,6,26,6,17.0416666666667,12.422,0.011,0.653,90.71,0.945,6.26
2020,6,26,9,17.1833333333333,19.499,0.002,1.973,1105.152,0.664,6.47
2020,6,26,12,17.9416666666667,22.578,0.001,2.134,2062.817,0.522,6.18
2020,6,26,15,18.425,23.986,0,1.669,1965.371,0.46,6.15
2020,6,26,18,18.45,25.087,0,1.472,1340.794,0.42,6.02
2020,6,26,21,18.5,18.632,0,0.909,225.189,0.734,6.15
2020,6,27,0,18.475,15.845,0,0.783,0,0.845,6.06
2020,6,27,3,18.2,14.253,0,0.965,0,0.907,5.88
2020,6,27,6,17.7333333333333,16.002,0.051,0.715,82.912,0.901,5.88
2020,6,27,9,17.9,21.964,3.732,2.606,902.879,0.712,5.88
2020,6,27,12,18.7333333333333,25.44,0.137,3.421,1950.74,0.566,5.88
2020,6,27,15,18.9083333333333,24.385,0.046,2.961,1717.655,0.618,5.88
2020,6,27,18,19.075,23.262,0.18,1.48,874.756,0.719,5.88
2020,6,27,21,19.1,19.899,0.219,0.895,195.864,0.907,6.06
2020,6,28,0,19.0333333333333,17.458,0,1.451,0,0.94,6.2
2020,6,28,3,18.7166666666667,16.314,0.806,0.847,0,0.964,6.49
2020,6,28,6,18.325,16.999,0.513,0.765,129.125,0.928,6.99
2020,6,28,9,18.15,20.408,0.141,2.201,794.236,0.836,7.02
2020,6,28,12,18.2583333333333,20.754,0.084,2.425,696.638,0.839,6.95
2020,6,28,15,18.6,23.152,0.021,3.238,1059.205,0.743,6.69
2020,6,28,18,18.6166666666667,23.372,0.738,2.745,1045.031,0.665,6.47
2020,6,28,21,18.45,17.844,0.126,1.963,132.006,0.721,6.44
2020,6,29,0,18.3333333333333,15.242,0,1.208,0,0.791,6.15
2020,6,29,3,18.05,13.054,0.085,1.343,0,0.96,6.28
2020,6,29,6,17.8,12.866,0.28,0.792,25.519,0.956,6.31
2020,6,29,9,17.7416666666667,14.997,0.076,1.858,290.26,0.862,5.97
2020,6,29,12,18.1416666666667,17.914,0.003,3.487,1182.612,0.71,6.13
2020,6,29,15,18.4833333333333,17.412,0.175,2.864,1657.09,0.741,6.1
2020,6,29,18,18.35,19.16,0,2.439,1279.791,0.61,5.6
2020,6,29,21,18.2333333333333,15.091,0,1.046,251.137,0.825,6.08
2020,6,30,0,18.0166666666667,13.706,0.018,1.36,0,0.897,6.15
2020,6,30,3,17.65,12.036,0.029,1.295,0,0.931,5.99
2020,6,30,6,17.325,12.784,0.011,1.24,112.319,0.855,5.67
2020,6,30,9,17.4666666666667,17.996,0.004,3.575,1031.861,0.612,5.6
2020,6,30,12,17.9083333333333,19.941,0,4.593,1813.55,0.489,5.6
2020,6,30,15,17.9916666666667,20.622,0,4.174,1747.218,0.518,5.58
2020,6,30,18,17.9916666666667,20.015,0,3.948,993.073,0.548,5.32
2020,6,30,21,17.7833333333333,16.095,0,1.575,255.642,0.723,5.39
2020,7,1,0,17.5,12.792,0.004,1.171,0,0.919,5.32
2020,7,1,3,17.1916666666667,11.841,0,1.185,0,0.951,5.26
2020,7,1,6,16.925,13.445,0,1.348,117.265,0.898,5.23
2020,7,1,9,17.2416666666667,20.568,0,3.134,1088.727,0.679,5.06
2020,7,1,12,17.9666666666667,24.085,0,3.763,1772.345,0.583,5.35
2020,7,1,15,18.6,26.835,0.002,3.635,1944.432,0.489,5.15
2020,7,1,18,18.5166666666667,27.028,0.669,3.465,1288.421,0.452,5.06
2020,7,1,21,18.5833333333333,21.755,0.171,1.257,222.58,0.658,5.19
2020,7,2,0,18.5083333333333,17.505,0.43,1.48,0,0.845,4.79
2020,7,2,3,18.3583333333333,17.21,1.077,1.537,0,0.896,5.06
2020,7,2,6,18.1416666666667,17.369,0,1.362,71.944,0.892,4.81
2020,7,2,9,18.1583333333333,17.724,0.202,1.808,743.121,0.864,4.81
2020,7,2,12,18.7166666666667,19.724,0,2.542,1161.385,0.709,5.06
2020,7,2,15,19.1333333333333,22.172,0.333,3.185,1667.187,0.566,5.02
2020,7,2,18,19.1083333333333,21.633,0.42,3.029,1036.057,0.565,4.96
2020,7,2,21,19.0583333333333,18.586,0,1.871,177.183,0.701,5.21
2020,7,3,0,19,16.087,0.098,2.507,0,0.832,6.05
2020,7,3,3,18.7416666666667,13.676,0.001,2.06,0,0.945,6.47
2020,7,3,6,18.375,12.994,0,1.327,67.642,0.932,6.23
2020,7,3,9,18.4833333333333,16.405,0.007,2.35,907.543,0.729,5.74
2020,7,3,12,18.8,18.282,0,3.007,1455.958,0.585,5.55
2020,7,3,15,19.175,19.837,0,2.986,1429.888,0.499,5.37
2020,7,3,18,19.0166666666667,20.339,0,2.784,1087.634,0.47,5
2020,7,3,21,18.7333333333333,14.606,0,1.109,266.219,0.764,4.81
2020,7,4,0,18.4416666666667,11.316,0,0.755,0,0.932,4.79
2020,7,4,3,18.1333333333333,9.822,0,1.228,0,0.945,4.62
2020,7,4,6,17.8,10.844,0,1.139,83.841,0.926,4.87
2020,7,4,9,18.0583333333333,18.486,0,2.839,933.749,0.615,4.66
2020,7,4,12,18.8,21.379,0,4.134,1896.671,0.491,4.69
2020,7,4,15,19.2333333333333,23.614,0,4.356,2105.062,0.418,4.56
2020,7,4,18,18.8583333333333,23.895,0,3.657,1321.924,0.396,4.52
2020,7,4,21,18.8,20.574,0,1.983,168.834,0.486,4.32
2020,7,5,0,18.75,18.647,0,1.625,0,0.579,4.54
2020,7,5,3,18.5166666666667,16.727,0,1.651,0,0.707,4.36
2020,7,5,6,18.4,17.674,0,1.923,104.441,0.698,4.32
2020,7,5,9,18.5916666666667,20.313,0,3.739,813.162,0.671,4.32
2020,7,5,12,18.4416666666667,21.175,0,4.264,1162.874,0.674,4.22
2020,7,5,15,18.55,21.555,0,3.532,773.956,0.681,4.32
2020,7,5,18,18.65,23.21,0,3.497,896.395,0.63,4.32
2020,7,5,21,18.5,20.683,0.838,2.189,241.692,0.689,4.22
2020,7,6,0,18.4666666666667,20.003,2.099,2.051,0,0.724,3.86
2020,7,6,3,18.2916666666667,19.181,0.002,2.991,0,0.757,3.86
2020,7,6,6,18.1083333333333,16.016,0.116,2.323,35.231,0.966,4.18
2020,7,6,9,18.3416666666667,17.052,0.07,3.805,736.055,0.767,4.14
2020,7,6,12,19.4083333333333,18.301,0.024,5.013,1961.898,0.483,4.46
2020,7,6,15,19.3166666666667,18.243,0,4.781,1810.977,0.41,4.32
2020,7,6,18,18.7333333333333,17.47,0,4.444,1075.638,0.416,4.48
2020,7,6,21,18.4083333333333,12.115,0,2.101,147.105,0.673,4.85
2020,7,7,0,18.075,9.436,0,1.958,0,0.86,5.3
2020,7,7,3,17.6,6.913,0,0.959,0,0.954,4.96
2020,7,7,6,17.1583333333333,7.655,0,0.786,82.168,0.939,4.71
2020,7,7,9,17.2666666666667,13.636,0,2.114,932.103,0.664,4.56
2020,7,7,12,17.675,15.952,0,2.777,1600.033,0.531,4.34
2020,7,7,15,18.0833333333333,17.911,0,2.85,1516.594,0.438,4.44
2020,7,7,18,17.8083333333333,17.875,0,2.719,953.295,0.428,4.32
2020,7,7,21,17.5166666666667,12.963,0,1.155,203.924,0.692,4.2
2020,7,8,0,17.325,10.22,0.008,0.671,0,0.832,4.48
2020,7,8,3,17.1,11.137,0.037,0.976,0,0.825,4.07
2020,7,8,6,16.925,12.316,0.698,1.099,19.373,0.789,3.77
2020,7,8,9,16.9416666666667,14.941,2.657,2.163,359.613,0.681,3.86
2020,7,8,12,16.8,14.875,1.389,2.603,559.243,0.765,3.93
2020,7,8,15,16.5416666666667,13.831,0.402,2.455,546.817,0.912,4.1
2020,7,8,18,16.4333333333333,13.541,0.375,2.189,229.807,0.946,4.4
2020,7,8,21,16.2833333333333,13.236,0.037,1.461,37.548,0.952,4.96
2020,7,9,0,16.3416666666667,13.081,0.029,0.925,0,0.961,5.06
2020,7,9,3,16.1833333333333,13.076,0.011,1.219,0,0.963,5.06
2020,7,9,6,15.9166666666667,13.686,0.002,1.303,17.486,0.969,5.32
2020,7,9,9,15.8,16.435,0,2.216,410.715,0.913,5.81
2020,7,9,12,16.1416666666667,20.379,0,3.005,1114.878,0.765,5.95
2020,7,9,15,16.625,23.224,0,3.058,1268.376,0.628,5.44
2020,7,9,18,16.7416666666667,25.266,0,3.17,1170.313,0.485,5.32
2020,7,9,21,16.775,19.515,0,1.225,188.972,0.755,4.92
2020,7,10,0,16.825,16.513,0,1.324,0,0.849,5
2020,7,10,3,16.8,14.654,0,0.637,0,0.929,5.06
2020,7,10,6,16.6833333333333,15.947,0,1.419,64.234,0.858,4.54
2020,7,10,9,17.0833333333333,23.937,0,3.351,911.476,0.569,4.5
2020,7,10,12,17.6333333333333,26.013,0,5.238,1863.403,0.477,4.77
2020,7,10,15,18.1,24.663,0,5.669,1700.216,0.483,4.5
2020,7,10,18,17.875,21.08,0,4.433,967.522,0.525,4.56
2020,7,10,21,17.8666666666667,17.771,0.01,2.271,108.208,0.652,4.34
2020,7,11,0,17.7833333333333,14.773,0.003,1.645,0,0.775,4.44
2020,7,11,3,17.6333333333333,13.314,0,1.019,0,0.854,4.22
2020,7,11,6,17.4333333333333,12.599,0.002,1.508,11.997,0.881,4.08
2020,7,11,9,17.5333333333333,13.899,0,2.177,377.184,0.784,4.08
2020,7,11,12,18.1583333333333,16.471,0,2.23,1207.703,0.6,4.08
2020,7,11,15,18.45,18.404,0,2.587,1652.458,0.445,4.16
2020,7,11,18,17.95,18.3,0,2.274,1223.868,0.409,4.08
2020,7,11,21,17.7166666666667,12.854,0,0.922,207.184,0.658,3.77
2020,7,12,0,17.4,9.116,0,0.871,0,0.876,3.55
2020,7,12,3,16.9166666666667,7.001,0,1.112,0,0.929,3.33
2020,7,12,6,16.575,7.906,0,0.49,69.494,0.904,3.64
2020,7,12,9,17.0833333333333,16.313,0,1.472,1069.746,0.537,3.71
2020,7,12,12,18.2333333333333,18.479,0,1.632,1747.724,0.423,3.86
2020,7,12,15,18.1833333333333,19.809,0,1.857,1677.835,0.397,3.91
2020,7,12,18,17.7083333333333,19.323,0,1.848,1077.863,0.426,3.64
2020,7,12,21,17.475,14.294,0,0.988,251.893,0.661,3.59
2020,7,13,0,17.3,9.81,0,0.671,0,0.885,3.64
2020,7,13,3,16.9083333333333,7.669,0,0.799,0,0.933,3.59
2020,7,13,6,16.525,8.651,0,0.48,81.538,0.902,3.54
2020,7,13,9,17.0083333333333,18.056,0,1.956,1076.617,0.512,3.5
2020,7,13,12,18.6166666666667,20.746,0,2.03,1947.478,0.387,3.43
2020,7,13,15,18.55,22.511,0,2.055,2025.395,0.357,3.52
2020,7,13,18,17.8083333333333,22.39,0,1.46,1265.261,0.366,3.66
2020,7,13,21,17.5,15.837,0,1.068,240.334,0.676,3.43
2020,7,14,0,17.4333333333333,11.14,0,0.741,0,0.885,3.86
2020,7,14,3,17.1083333333333,9.294,0,0.629,0,0.94,3.82
2020,7,14,6,16.8333333333333,9.725,0,0.63,84.886,0.904,3.57
2020,7,14,9,17.475,19.625,0,2.001,1113.696,0.521,3.47
2020,7,14,12,18.4666666666667,22.537,0,1.963,1803.357,0.38,3.8
2020,7,14,15,18.2416666666667,24.056,0,2.027,1816.046,0.325,3.59
2020,7,14,18,17.925,23.407,0,1.637,879.124,0.349,3.77
2020,7,14,21,17.6333333333333,16.319,0.112,1.156,150.629,0.678,3.84
2020,7,15,0,17.5,14.306,0.338,0.551,0,0.745,3.79
2020,7,15,3,17.4583333333333,14.722,1.815,1.23,0,0.738,3.43
2020,7,15,6,17.4666666666667,13.946,2.382,0.894,15.514,0.884,3.22
2020,7,15,9,17.675,15.248,1.528,1.669,233.766,0.877,3.04
2020,7,15,12,17.9083333333333,14.809,2.057,2.811,555.523,0.94,3.28
2020,7,15,15,17.6916666666667,16.887,0.124,2.843,891.798,0.819,3.68
2020,7,15,18,17.3166666666667,15.085,0.5,1.629,575.502,0.923,4.54
2020,7,15,21,17.3333333333333,13.908,0.102,1.172,112.234,0.953,5.41
2020,7,16,0,17.2,11.205,0.003,0.953,0,0.962,5.67
2020,7,16,3,17,11.01,0.103,0.78,0,0.961,5.51
2020,7,16,6,16.625,11.874,0.534,0.603,42.902,0.953,5.74
2020,7,16,9,16.4333333333333,14.3,0.156,1.302,360.202,0.864,5.46
2020,7,16,12,16.55,14.635,0.245,2.507,606.111,0.845,6.16
2020,7,16,15,16.7416666666667,14.664,0.01,2.503,666.263,0.81,6.04
2020,7,16,18,16.725,13.919,0.514,1.799,337.846,0.874,5.2
2020,7,16,21,16.6666666666667,12.986,0.04,0.972,76.498,0.951,5.17
2020,7,17,0,16.4583333333333,12.441,0,0.646,0,0.97,5.44
2020,7,17,3,16.3666666666667,11.713,0,0.843,0,0.971,5.23
2020,7,17,6,16.2083333333333,11.723,0,0.754,40.562,0.969,4.83
2020,7,17,9,16.3583333333333,15.267,0,1.867,709.831,0.776,4.94
2020,7,17,12,16.55,17.682,0,2.215,1469.931,0.563,5.06
2020,7,17,15,16.7833333333333,19.037,0.011,2.176,1142.796,0.477,4.94
2020,7,17,18,16.8666666666667,19.315,0,1.998,891.517,0.469,4.6
2020,7,17,21,16.8083333333333,14.631,0,0.986,162.474,0.777,4.44
2020,7,18,0,16.725,13.048,0,0.908,0,0.903,4.32
2020,7,18,3,16.5916666666667,12.615,0,0.595,0,0.935,4.32
2020,7,18,6,16.5583333333333,12.719,0,0.653,57.475,0.918,4.12
2020,7,18,9,16.9833333333333,18.593,0,2.131,936.413,0.66,4.08
2020,7,18,12,17.7833333333333,20.75,0,2.553,1571.021,0.536,4.12
2020,7,18,15,18.3666666666667,23.413,0,1.939,1719.302,0.413,4.24
2020,7,18,18,18.0083333333333,23.067,0,1.903,1054.186,0.431,3.99
2020,7,18,21,17.9,17.109,0,0.848,145.427,0.773,4.08
2020,7,19,0,17.7333333333333,13.795,0,0.984,0,0.904,4.06
2020,7,19,3,17.3416666666667,12.068,0,0.814,0,0.93,3.62
2020,7,19,6,17.1083333333333,12.17,0,0.795,58.192,0.933,3.23
2020,7,19,9,17.6416666666667,21.106,0.375,1.004,894.724,0.604,3.23
2020,7,19,12,18.9333333333333,23.994,0.133,1.543,1732.855,0.502,3.47
2020,7,19,15,18.475,25.678,0,1.52,1623.068,0.449,3.82
2020,7,19,18,18.4333333333333,24.788,0,1.404,869.843,0.505,4.04
2020,7,19,21,18.375,19.579,0,1.061,121.152,0.767,3.59
2020,7,20,0,18.2583333333333,16.277,0,0.91,0,0.889,4.02
2020,7,20,3,18.0666666666667,14.237,0,0.881,0,0.929,3.51
2020,7,20,6,17.925,13.364,0,0.822,47.023,0.94,3.2
2020,7,20,9,18.5416666666667,21.725,0.044,1.412,867.839,0.634,3.43
2020,7,20,12,19.725,25.635,0,2.885,1748.477,0.418,3.75
2020,7,20,15,19.8916666666667,24.801,0,3.351,1860.239,0.428,3.86
2020,7,20,18,19.375,23.582,0.239,1.88,1137.828,0.5,4.02
2020,7,20,21,19.1583333333333,18.714,0,1.202,175.997,0.703,3.65
2020,7,21,0,19.0416666666667,16.345,0,1.516,0,0.841,3.1
2020,7,21,3,18.9083333333333,13.783,0.002,0.814,0,0.936,2.9
2020,7,21,6,18.7583333333333,13.771,0,0.671,41.804,0.935,2.89
2020,7,21,9,19.0916666666667,18.482,0,1.683,812.402,0.719,3.43
2020,7,21,12,20.125,21.211,0,1.88,1583.62,0.59,3.8
2020,7,21,15,20.5333333333333,23.722,0,3.019,1914.629,0.419,3.7
2020,7,21,18,19.6166666666667,23.157,0,2.496,1307.316,0.369,3.4
2020,7,21,21,19.125,16.813,0,1.144,223.739,0.555,3.23
2020,7,22,0,18.775,13.595,0,1.167,0,0.647,3.3
2020,7,22,3,18.25,10.66,0,1.038,0,0.768,2.88
2020,7,22,6,18.025,10.472,0,0.732,53.855,0.795,3.01
2020,7,22,9,18.825,18.042,0,1.722,1002.914,0.496,3.25
2020,7,22,12,20.6416666666667,21.59,0,1.796,2076.968,0.377,3.35
2020,7,22,15,20.7666666666667,23.861,0,2.159,2286.885,0.302,3.33
2020,7,22,18,19.6333333333333,23.586,0,2.122,1406.186,0.275,3.7
2020,7,22,21,19.1333333333333,15.338,0,0.976,211.139,0.62,3.28
2020,7,23,0,18.75,12.53,0,0.954,0,0.741,3.17
2020,7,23,3,18.2333333333333,10.376,0,0.994,0,0.834,2.89
2020,7,23,6,17.9666666666667,10.308,0,0.665,54.828,0.846,3.23
2020,7,23,9,18.8416666666667,18.472,0,1.709,999.858,0.519,3.43
2020,7,23,12,20.8416666666667,22.68,0,2.133,2017.577,0.384,3.2
2020,7,23,15,21.1166666666667,24.297,0,2.19,1966.668,0.346,2.77
2020,7,23,18,19.85,23.733,0,2.111,1284.437,0.367,2.96
2020,7,23,21,19.2333333333333,17.154,0,0.995,174.341,0.644,3.17
2020,7,24,0,18.9416666666667,13.535,0,0.809,0,0.817,3.43
2020,7,24,3,18.6583333333333,11.449,0,0.701,0,0.909,3.48
2020,7,24,6,18.5083333333333,12.419,0.006,0.35,34.13,0.917,3.21
2020,7,24,9,19.3916666666667,20.245,0,1.166,766.431,0.561,2.53
2020,7,24,12,20.9333333333333,24.482,0,2.779,1641.14,0.368,2.61
2020,7,24,15,21.1666666666667,25.927,0,3.32,1930.334,0.319,2.95
2020,7,24,18,20.15,24.76,0,3.151,978.895,0.35,3.21
2020,7,24,21,19.4333333333333,20.212,0,1.649,101.941,0.492,3.04
2020,7,25,0,19.15,16.356,0,1.166,0,0.711,3.04
2020,7,25,3,18.7416666666667,13.641,0,1.084,0,0.822,3.2
2020,7,25,6,18.6416666666667,13.738,0,0.868,56.22,0.843,3.17
2020,7,25,9,19.3416666666667,20.342,0,2.04,799.371,0.584,2.9
2020,7,25,12,20.5166666666667,23.297,0,3.007,1618.79,0.479,3.18
2020,7,25,15,20.95,24.613,0,3.258,1483.199,0.427,3.35
2020,7,25,18,20.1916666666667,24.736,0,2.515,1064.864,0.4,2.76
2020,7,25,21,19.4666666666667,17.261,0,1.008,202.001,0.719,2.8
2020,7,26,0,19.0666666666667,14.38,1.376,0.568,0,0.834,2.74
2020,7,26,3,18.8416666666667,15.266,0.215,0.692,0,0.811,2.86
2020,7,26,6,18.7,17.078,0.888,1.617,14.209,0.774,2.98
2020,7,26,9,19.0666666666667,16.663,4.076,1.693,191.668,0.92,3.04
2020,7,26,12,20.2333333333333,20.006,0,2.655,994.355,0.764,3.12
2020,7,26,15,20.35,20.59,0.837,3.22,1458.127,0.721,3.43
2020,7,26,18,19.55,20.707,0.01,2.387,833.721,0.718,3.64
2020,7,26,21,19.0666666666667,16.171,0,1.274,160.19,0.912,4.98
2020,7,27,0,18.9583333333333,14.979,0.002,1.129,0,0.933,4.62
2020,7,27,3,18.725,12.437,0,0.568,0,0.97,4.62
2020,7,27,6,18.425,11.493,0,0.599,48.581,0.97,4.48
2020,7,27,9,18.675,18.715,0,1.601,915.225,0.801,5.14
2020,7,27,12,19.2416666666667,23.686,0,2.315,1890.788,0.477,5.69
2020,7,27,15,19.5333333333333,25.404,0,2.358,1745.375,0.393,4.77
2020,7,27,18,19.3416666666667,25.601,0,2.458,951.621,0.413,4.32
2020,7,27,21,19.2333333333333,20.666,0,1.487,182.027,0.626,4.08
2020,7,28,0,19.1666666666667,19.621,0,1.61,0,0.667,4.02
2020,7,28,3,19.1,17.858,0,1.384,0,0.737,3.86
2020,7,28,6,19.0916666666667,17.711,0,1.468,43.109,0.771,3.52
2020,7,28,9,19.9,24.595,0,3.241,856.295,0.514,2.81
2020,7,28,12,20.475,25.151,0,5.331,1618.622,0.481,2.74
2020,7,28,15,20.5083333333333,25.644,0,5.036,1568.068,0.447,3.04
2020,7,28,18,19.7166666666667,24.669,0,3.392,941.163,0.42,3.73
2020,7,28,21,19.4833333333333,20.603,0,1.919,106.849,0.522,3.64
2020,7,29,0,19.2666666666667,16.63,0,1.826,0,0.683,2.97
2020,7,29,3,18.9833333333333,14.004,0,0.801,0,0.86,2.7
2020,7,29,6,18.5666666666667,11.703,0,1.236,41.049,0.939,2.81
2020,7,29,9,19.425,18.992,0,2.848,1007.399,0.542,2.63
2020,7,29,12,21.45,21.546,0,3.671,1995.738,0.416,2.67
2020,7,29,15,21.2833333333333,23.848,0,3.593,2159.539,0.334,2.81
2020,7,29,18,19.925,23.896,0,2.362,1272.241,0.327,3.28
2020,7,29,21,19.4666666666667,15.391,0,1.307,192.434,0.667,3.13
2020,7,30,0,19.0416666666667,12.053,0,1.003,0,0.849,3.04
2020,7,30,3,18.6666666666667,10.392,0,0.768,0,0.889,3.01
2020,7,30,6,18.375,9.974,0,0.427,39.502,0.915,2.98
2020,7,30,9,19.175,20.076,0,1.086,934.175,0.515,2.86
2020,7,30,12,21.1166666666667,24.884,0,2.198,2013.658,0.33,2.94
2020,7,30,15,21.3833333333333,27.288,0,2.462,2185.481,0.27,3.04
2020,7,30,18,20.2916666666667,27.281,0,1.988,1322.146,0.27,2.9
2020,7,30,21,19.7666666666667,18.928,0,1.282,184.651,0.584,2.86
2020,7,31,0,19.3916666666667,15.286,0,0.873,0,0.704,2.7
2020,7,31,3,19.025,13.113,0,1.082,0,0.783,2.52
2020,7,31,6,18.7583333333333,12.814,0,0.715,46.03,0.816,2.52
2020,7,31,9,19.5833333333333,22.454,0,1.336,956.27,0.442,2.6
2020,7,31,12,21.65,27.324,0,1.883,2010.08,0.316,3.02
2020,7,31,15,22.0666666666667,30.086,0,2.036,2164.33,0.281,2.98
2020,7,31,18,20.9583333333333,30.11,0,1.909,1322.32,0.291,2.79
2020,7,31,21,20.45,21.786,0,0.998,190.144,0.53,2.79
2020,8,1,0,20.0583333333333,17.689,0,0.981,0,0.71,2.86
2020,8,1,3,19.6333333333333,14.544,0,0.658,0,0.864,2.86
2020,8,1,6,19.3166666666667,13.452,0,0.677,50.351,0.912,2.7
2020,8,1,9,20.2083333333333,24.359,0,1.624,996.792,0.474,2.35
2020,8,1,12,22.5333333333333,30.469,0,1.918,1949.063,0.313,2.45
2020,8,1,15,22.8666666666667,32.908,0.034,2.043,2019.225,0.241,2.36
2020,8,1,18,21.6416666666667,31.581,0,1.765,1114.754,0.269,2.55
2020,8,1,21,21.2083333333333,26.763,0,2.258,45.511,0.432,2.68
2020,8,2,0,21,23.116,0,1.897,0,0.554,2.83
2020,8,2,3,20.5833333333333,17.968,0.155,1.046,0,0.768,2.7
2020,8,2,6,20.3916666666667,16.663,0.324,0.876,38.756,0.85,2.65
2020,8,2,9,21.0666666666667,24.453,0.925,2.19,754.698,0.544,2.52
2020,8,2,12,21.0583333333333,22.894,0.89,2.335,1330.301,0.64,2.57
2020,8,2,15,21.175,21.86,0.042,2.048,583.524,0.721,2.68
2020,8,2,18,20.9083333333333,19.41,0.138,1.763,340.901,0.92,2.8
2020,8,2,21,20.475,17.72,0,0.851,49.296,0.966,2.76
2020,8,3,0,20.125,17.169,0,1.162,0,0.939,3.06
2020,8,3,3,19.8333333333333,15.629,0,0.958,0,0.948,2.83
2020,8,3,6,19.5916666666667,15.604,0,1.861,8.338,0.932,2.68
2020,8,3,9,19.8416666666667,15.606,0,2.662,224.607,0.851,2.79
2020,8,3,12,19.9583333333333,17.76,0,2.565,941.393,0.706,3.19
2020,8,3,15,20.4083333333333,18.353,0,3.169,1046.098,0.658,3.3
2020,8,3,18,19.8083333333333,18.126,0,3.053,711.419,0.631,3.12
2020,8,3,21,19.4166666666667,16.223,0.053,1.552,79.715,0.651,3.04
2020,8,4,0,19.2083333333333,14.611,0.515,1.545,0,0.723,2.88
2020,8,4,3,18.9833333333333,13.987,0.047,1.665,0,0.737,2.76
2020,8,4,6,18.8,13.046,0.039,1.603,7.599,0.818,2.76
2020,8,4,9,NA,14.338,0.096,2.172,252.622,0.802,2.86
2020,8,4,12,NA,17.731,0,2.846,995.273,0.615,2.86
2020,8,4,15,NA,17.567,0,1.965,756.333,0.607,2.8
2020,8,4,18,NA,17.747,0,1.516,303.441,0.645,2.85
2020,8,4,21,NA,14.756,0.01,1.323,74.666,0.858,2.98
2020,8,5,0,NA,11.312,0.003,0.805,0,0.96,2.73
2020,8,7,0,19.0714285714286,16.017,0,0.736,0,0.768,2.52
2020,8,7,3,18.825,13.926,0,0.522,0,0.887,2.67
2020,8,7,6,18.5416666666667,13.847,0,0.511,30.188,0.92,2.6
2020,8,7,9,19.3833333333333,23.688,0,1.512,869.357,0.583,2.52
2020,8,7,12,21.65,28.109,0,2.504,1921.336,0.422,2.52
2020,8,7,15,21.9,30.44,0,2.208,2062.188,0.354,2.56
2020,8,7,18,20.7,30.375,0,2.277,1197.511,0.374,2.64
2020,8,7,21,20.4083333333333,22.351,0,0.931,134.62,0.64,2.4
2020,8,8,0,20.1166666666667,18.437,0,0.948,0,0.815,2.53
2020,8,8,3,19.8833333333333,16.102,0,1.109,0,0.889,2.56
2020,8,8,6,19.625,14.983,0,0.568,29.485,0.911,2.4
2020,8,8,9,20.4,25.214,0,1.037,944.975,0.515,2.36
2020,8,8,12,22.4916666666667,30.328,0,2.283,1947.87,0.302,2.47
2020,8,8,15,22.6,32.066,0,2.134,2055.343,0.27,2.59
2020,8,8,18,21.45,31.491,0,1.713,1152.837,0.292,2.55
2020,8,8,21,21.1,22.42,0,0.76,119.494,0.571,2.43
2020,8,9,0,20.8166666666667,19.011,0,0.839,0,0.727,2.39
2020,8,9,3,20.4083333333333,16.398,0,0.756,0,0.862,2.53
2020,8,9,6,20.0583333333333,15.472,0,0.709,21.466,0.89,2.48
2020,8,9,9,20.875,25.299,0.002,0.967,859.107,0.51,2.27
2020,8,9,12,23.2166666666667,31.556,0.014,1.946,1828.314,0.295,2.22
2020,8,9,15,23.3333333333333,32.599,0,1.833,1711.823,0.271,2.4
2020,8,9,18,22.3166666666667,31.511,0.332,1.671,959.605,0.307,2.44
2020,8,9,21,21.95,24.578,0,1.085,44.369,0.579,2.33
2020,8,10,0,21.8166666666667,21.069,0,0.541,0,0.724,2.21
2020,8,10,3,21.5,18.739,0,0.647,0,0.797,2.23
2020,8,10,6,21.15,17.661,0,0.873,20.151,0.838,2.31
2020,8,10,9,21.9083333333333,25.5,0.074,2.03,797.289,0.528,2.52
2020,8,10,12,23.4166666666667,30.046,0,2.866,1812.158,0.387,2.52
2020,8,10,15,23.175,29.176,0,4.212,1623.499,0.447,2.39
2020,8,10,18,22.525,27.307,0,3.693,1040.394,0.499,2.4
2020,8,10,21,22.1333333333333,22.207,0,2.041,109.636,0.666,2.47
2020,8,11,0,21.8666666666667,19.474,0.003,1.231,0,0.762,2.36
2020,8,11,3,21.6166666666667,18.645,0,1.318,0,0.801,2.25
2020,8,11,6,21.5,17.649,0,0.748,11.165,0.853,2.21
2020,8,11,9,22.0416666666667,23.288,0,1.988,570.042,0.646,2.21
2020,8,11,12,23.5416666666667,27.552,0.798,3.157,1462.439,0.488,2.35
2020,8,11,15,23.8083333333333,29.973,0,2.294,1803.88,0.385,2.47
2020,8,11,18,22.525,25.97,0.727,3.337,709.775,0.543,2.45
2020,8,11,21,22.0833333333333,19.662,0.258,1.031,36.294,0.817,2.36
2020,8,12,0,21.85,17.857,0,0.648,0,0.898,2.36
2020,8,12,3,21.5166666666667,16.442,0,0.586,0,0.927,2.26
2020,8,12,6,21.1666666666667,15.729,0.205,0.687,22.626,0.934,2.15
2020,8,12,9,22,23.789,0.411,2.369,778.54,0.636,2.13
2020,8,12,12,23.875,28.68,0,2.871,1770.511,0.446,2.36
2020,8,12,15,23.5083333333333,29.761,0.086,3.083,1763.025,0.381,2.82
2020,8,12,18,22.6083333333333,29.519,0,2.33,1056.469,0.357,2.9
2020,8,12,21,22.2666666666667,22.162,0,0.634,78.801,0.646,2.53
2020,8,13,0,21.9666666666667,19.289,0,0.842,0,0.742,2.43
2020,8,13,3,21.65,17.487,0,0.612,0,0.819,2.3
2020,8,13,6,21.4,16.4,0.271,1.127,26.891,0.871,2.18
2020,8,13,9,22.025,25.482,0.012,1.743,1075.811,0.514,2.43
2020,8,13,12,22.9,29.81,0.001,2.452,1569.472,0.371,2.74
2020,8,13,15,22.6333333333333,25.987,0.884,3.433,973.903,0.544,2.7
2020,8,13,18,22.325,22.419,3.921,2.519,550.749,0.659,2.57
2020,8,13,21,21.9666666666667,19.974,0.84,1.218,59.926,0.81,2.52
2020,8,14,0,21.75,19.013,1.421,1.79,0,0.901,2.52
2020,8,14,3,21.4666666666667,18.123,1.618,0.956,0,0.951,2.51
2020,8,14,6,21.2583333333333,17.653,1.189,1.047,2.906,0.953,2.59
2020,8,14,9,21.2416666666667,18.885,0.293,1.518,227.475,0.919,3.18
2020,8,14,12,21.1333333333333,19.835,0.132,1.716,573.378,0.897,3.61
2020,8,14,15,21.3,20.197,2.915,2.274,829.691,0.865,4.18
2020,8,14,18,21.1,21.192,4.202,1.879,551.488,0.784,5.21
2020,8,14,21,20.875,18.878,1.057,0.835,61.857,0.93,5.17
2020,8,15,0,20.65,18.271,2.695,1.113,0,0.954,5.08
2020,8,15,3,20.35,17.98,1.23,1.303,0,0.96,8.6
2020,8,15,6,20.1916666666667,17.82,1.335,0.873,5.541,0.963,9.15
2020,8,15,9,20.1,18.838,0.002,1.239,253.363,0.934,8.32
2020,8,15,12,20.1166666666667,20.604,0.034,1.568,683.068,0.853,7.8
2020,8,15,15,20.3583333333333,22.21,0.1,2.393,940.539,0.754,7.88
2020,8,15,18,20.4,21.849,0,1.684,597.17,0.772,7.39
2020,8,15,21,20.4,19.33,0,0.532,48.312,0.933,6
2020,8,16,0,20.325,17.777,0,0.396,0,0.966,5.24
2020,8,16,3,20.125,16.453,0,0.549,0,0.969,4.46
2020,8,16,6,19.9916666666667,16.197,0,0.481,13.485,0.969,4.46
2020,8,16,9,20.1166666666667,20.713,0,2.016,504.466,0.854,4.56
2020,8,16,12,20.7833333333333,25.201,0,3.449,1699.734,0.604,4.73
2020,8,16,15,21.1083333333333,27.049,0,2.952,1662.608,0.491,4.11
2020,8,16,18,20.8583333333333,26.485,0,2.486,869.556,0.491,3.73
2020,8,16,21,20.875,20.058,0,0.696,87.917,0.8,3.73
2020,8,17,0,20.6916666666667,17.098,0,0.752,0,0.902,3.49
2020,8,17,3,20.5083333333333,16.17,0,0.709,0,0.912,3.31
2020,8,17,6,20.3666666666667,15.72,0.905,1.139,11.088,0.93,3.4
2020,8,17,9,20.85,20.896,0.642,1.892,461.684,0.768,3.2
2020,8,17,12,20.9166666666667,22.065,0.08,2.839,1012.033,0.737,2.92
2020,8,17,15,21.2333333333333,21.508,0.151,2.942,850.039,0.75,3.12
2020,8,17,18,20.6416666666667,21.192,0,1.228,825.623,0.747,4.09
2020,8,17,21,20.2083333333333,18.125,0.01,0.638,67.17,0.937,3.97
2020,8,18,0,19.9583333333333,15.646,0,0.779,0,0.966,3.55
2020,8,18,3,19.8,14.378,0,0.803,0,0.968,3.28
2020,8,18,6,19.7166666666667,13.873,0.206,0.924,7.55,0.963,3.04
2020,8,18,9,20.15,18.105,0,1.852,485.729,0.856,2.96
2020,8,18,12,21.05,22.447,0,3.316,1473.177,0.587,3.07
2020,8,18,15,20.9666666666667,23.61,0.019,3.4,1538.451,0.494,3.26
2020,8,18,18,20.35,23.471,0.223,3.08,922.902,0.459,3.36
2020,8,18,21,20.1583333333333,17.547,0,1.298,72.13,0.773,3.23
2020,8,19,0,19.9416666666667,14.934,0.023,1.193,0,0.914,3.1
2020,8,19,3,19.5666666666667,13.38,0.002,1.182,0,0.945,2.86
2020,8,19,6,19.25,11.681,0,0.63,8.996,0.953,2.85
2020,8,19,9,19.7666666666667,18.493,0,1.396,707.141,0.736,2.86
2020,8,19,12,20.975,22.29,0,2.001,1795.25,0.532,3.07
2020,8,19,15,20.9833333333333,23.992,0,2.182,1872.436,0.438,2.92
2020,8,19,18,20.2916666666667,24.264,0,1.479,965.093,0.426,2.86
2020,8,19,21,19.9916666666667,16.62,0,0.847,77.39,0.801,2.81
2020,8,20,0,19.7416666666667,14.393,0,0.721,0,0.922,2.86
2020,8,20,3,19.4583333333333,13.074,0,0.805,0,0.943,2.86
2020,8,20,6,19.3416666666667,13.712,0,0.952,17.546,0.939,2.76
2020,8,20,9,20.0166666666667,20.121,0,1.613,472.705,0.714,2.68
2020,8,20,12,21.625,26.387,0,2.997,1725.881,0.459,2.77
2020,8,20,15,21.6666666666667,28.704,0,2.977,1875.031,0.411,2.86
2020,8,20,18,20.8,28.952,0,1.902,1055.259,0.435,2.86
2020,8,20,21,20.5333333333333,21.479,0,0.843,76.891,0.77,2.66
2020,8,21,0,20.2833333333333,19.079,0,0.984,0,0.873,2.52
2020,8,21,3,20,17.381,0,1.034,0,0.887,2.68
2020,8,21,6,19.75,16.561,0,1.049,13.36,0.884,2.6
2020,8,21,9,20.4416666666667,24.929,0,2.896,779.644,0.529,2.52
2020,8,21,12,22.5083333333333,30.542,0,3.257,1819.153,0.395,2.52
2020,8,21,15,22.5083333333333,33.299,0,3.402,1867.444,0.308,2.51
2020,8,21,18,21.7083333333333,32.018,0.038,1.941,855.955,0.337,2.53
2020,8,21,21,21.5,25.207,0,1.15,40.664,0.595,2.59
2020,8,22,0,21.3833333333333,21.91,4.13,1.167,0,0.725,2.13
2020,8,22,3,21.1083333333333,19.606,3.695,1.058,0,0.829,2.24
2020,8,22,6,20.8416666666667,20.677,4.632,2.847,1.336,0.785,2.4
2020,8,22,9,20.7666666666667,18.279,0.462,1.093,278.365,0.943,2.82
2020,8,22,12,20.7333333333333,18.367,0.765,1.997,290.675,0.935,4.88
2020,8,22,15,20.9,20.294,0.285,2.838,736.335,0.85,7.72
2020,8,22,18,20.6666666666667,21.602,0,2.558,1073.712,0.698,6.74
2020,8,22,21,20.4333333333333,15.466,0,1.298,128.527,0.919,7.1
2020,8,23,0,20.0416666666667,14.164,0,1.564,0,0.922,7.05
2020,8,23,3,19.6583333333333,13.066,0,1.059,0,0.922,7.08
2020,8,23,6,19.175,13.056,1.41,1.089,4.907,0.94,5.82
2020,8,23,9,19.1666666666667,16.865,0,2.068,343.571,0.802,5.6
2020,8,23,12,19.5,21.096,0,3.531,1395.639,0.621,5.17
2020,8,23,15,19.525,20.694,0.05,3.391,1094.946,0.629,4.44
2020,8,23,18,19.4416666666667,20.28,0,3.418,740.243,0.553,3.96
2020,8,23,21,19.125,14.373,0,1.362,59.012,0.803,3.5
2020,8,24,0,18.8416666666667,11.32,0,1.353,0,0.917,3.55
2020,8,24,3,18.4833333333333,9.906,0,1.332,0,0.942,3.45
2020,8,24,6,18.2583333333333,9.433,0,0.848,6.303,0.95,3.84
2020,8,24,9,18.6083333333333,15.985,0,2.009,654.166,0.731,4.03
2020,8,24,12,18.95,19.199,0,3.685,1498.664,0.589,3.95
2020,8,24,15,18.825,19.083,0,3.487,1069.562,0.52,3.77
2020,8,24,18,18.5166666666667,19.036,0,2.947,708.162,0.514,3.33
2020,8,24,21,18.1083333333333,13.004,0,1.314,70.812,0.842,3.1
2020,8,25,0,17.725,10.841,0,1.118,0,0.937,2.6
2020,8,25,3,17.375,9.046,0,0.804,0,0.95,2.56
2020,8,25,6,17.0416666666667,7.783,0,0.682,4.329,0.954,2.95
2020,8,25,9,17.4666666666667,16.583,0,1.81,742.401,0.71,3.02
2020,8,25,12,18.875,20.697,0,3.025,1720.747,0.49,3.13
2020,8,25,15,18.5583333333333,21.416,0,2.666,1285.8,0.448,3.17
2020,8,25,18,18.1416666666667,21.314,0,2.853,628.407,0.479,3.04
2020,8,25,21,17.95,18.232,0,1.656,28.991,0.646,2.99
2020,8,26,0,17.8,17.518,0,2.38,0,0.631,2.96
2020,8,26,3,17.6916666666667,17.267,0,2.665,0,0.61,2.59
2020,8,26,6,17.6,18.926,0,4.01,0.084,0.581,2.52
2020,8,26,9,17.9583333333333,20.158,0,6.561,532.629,0.524,2.7
2020,8,26,12,19.1083333333333,20.385,0,7.098,1343.895,0.472,3.04
2020,8,26,15,19.0166666666667,20.447,0,7.411,1173.512,0.453,2.97
2020,8,26,18,18.1083333333333,19.515,0,6.492,521.002,0.468,2.7
2020,8,26,21,17.7833333333333,18.69,0,4.316,24.276,0.509,2.68
2020,8,27,0,17.5,15.95,0,3.98,0,0.649,2.55
2020,8,27,3,17.2166666666667,14.329,0,3.158,0,0.736,2.52
2020,8,27,6,16.9333333333333,11.762,0,2.378,2.983,0.894,2.52
2020,8,27,9,17.4,15.62,0,3.417,694.37,0.69,2.52
2020,8,27,12,18.2583333333333,18.464,0,3.225,1624.998,0.53,2.44
2020,8,27,15,18.2416666666667,19.079,0,2.689,1011.345,0.499,2.37
2020,8,27,18,17.5583333333333,19.711,0,1.698,830.887,0.484,2.44
2020,8,27,21,17.0916666666667,12.347,0.01,0.828,47.95,0.818,2.51
2020,8,28,0,16.8666666666667,10.111,1.1,0.915,0,0.915,2.36
2020,8,28,3,16.7666666666667,11.21,0.002,1.413,0,0.857,2.44
2020,8,28,6,16.7,12.778,0.031,1.834,0.666,0.82,2.37
2020,8,28,9,17.1833333333333,16.303,5.363,1.78,472.393,0.766,2.37
2020,8,28,12,18.1083333333333,21.175,0.041,3.762,1307.077,0.593,2.45
2020,8,28,15,17.95,21.721,0.538,2.943,1018.357,0.59,2.52
2020,8,28,18,17.5916666666667,17.106,0.497,1.778,296.29,0.926,2.49
2020,8,28,21,17.3666666666667,16.115,0.179,2.133,20.984,0.928,2.63
2020,8,29,0,17.1583333333333,14.034,0.065,1.659,0,0.919,3.02
2020,8,29,3,16.85,13.586,0,1.546,0,0.921,3.07
2020,8,29,6,16.9,13.3,0,1.393,0.732,0.949,3.2
2020,8,29,9,17.0333333333333,15.241,0,2.106,251.324,0.863,4.33
2020,8,29,12,17.4666666666667,17.776,0.01,2.533,932.68,0.726,5.08
2020,8,29,15,17.2666666666667,18.608,0,2.862,763.895,0.659,4.96
2020,8,29,18,17.175,16.96,0,2.334,237.323,0.75,4.52
2020,8,29,21,17.0333333333333,14.804,0,1.387,14.474,0.88,4.48
2020,8,30,0,16.9,13.622,0,0.618,0,0.939,4.01
2020,8,30,3,16.7916666666667,12.57,0.747,0.592,0,0.954,3.54
2020,8,30,6,16.6916666666667,12.893,3.44,0.793,2.562,0.952,3.41
2020,8,30,9,16.7666666666667,14.587,7.929,1.22,197.815,0.904,3.4
2020,8,30,12,16.8666666666667,14.976,9.71,1.817,354.475,0.912,3.31
2020,8,30,15,16.7666666666667,14.5,9.432,2.328,311.329,0.946,2.92
2020,8,30,18,16.5,13.742,8.421,2.563,157.279,0.954,3.71
2020,8,30,21,16.625,12.824,4.409,3.972,1.354,0.949,7.73
2020,8,31,0,16.5666666666667,11.975,1.183,4.719,0,0.944,11.2
2020,8,31,3,16.0833333333333,11.705,0.666,3.644,0,0.947,16.03
2020,8,31,6,15.6583333333333,11.516,0.224,1.197,0,0.955,21.98
2020,8,31,9,15.5583333333333,12.684,0.017,1.498,143.06,0.938,30.07
2020,8,31,12,15.4916666666667,14.857,0,1.626,515.839,0.841,34.01
2020,8,31,15,15.6,16.23,0.048,1.396,802.112,0.759,33.52
2020,8,31,18,15.6,15.641,0.223,0.963,258.085,0.832,30.29
2020,8,31,21,15.525,13.744,0.486,0.777,21.378,0.922,26.12
2020,9,1,0,15.275,12.885,0.131,1.172,0,0.953,21.24
2020,9,1,3,15.133333333333301,12.508,0.85,1.138,0,0.957,16.7
2020,9,1,6,15,12.336,0.84,1.106,0,0.963,14.04
2020,9,1,9,15,13.013,0.872,1.351,120.038,0.93,11.7
2020,9,1,12,15.1,13.907,0.02,1.484,392.906,0.88,9.91
2020,9,1,15,15.2333333333333,13.399,0.083,1.913,616.099,0.873,9.01
2020,9,1,18,15.2833333333333,13.596,0,1.498,371.234,0.827,8.78
2020,9,1,21,15.2166666666667,11.074,0,0.544,20.76,0.949,8.19
2020,9,2,0,15.15,9.739,0.017,0.857,0,0.966,7.68
2020,9,2,3,14.9833333333333,8.204,0,0.759,0,0.975,7.83
2020,9,2,6,14.758333333333301,7.696,0.148,0.682,0.223,0.977,7.53
2020,9,2,9,14.7416666666667,11.395,0.255,0.943,354.873,0.879,6.51
2020,9,2,12,15.1833333333333,15.929,0.008,1.62,1452.493,0.581,6.59
2020,9,2,15,15.275,15.318,0.007,2.055,1262.856,0.629,6.21
2020,9,2,18,15.4833333333333,15.216,0,1.204,556.194,0.68,6.11
2020,9,2,21,15.5666666666667,11.143,0.002,0.629,34.551,0.938,6.07
2020,9,3,0,15.2666666666667,9.164,0.002,0.808,0,0.962,6.27
2020,9,3,3,14.883333333333301,7.221,0,0.526,0,0.963,5.62
2020,9,3,6,14.4166666666667,6.118,0,0.74,0.882,0.964,5.58
2020,9,3,9,14.3083333333333,13.854,0,1.379,619.554,0.797,5.39
2020,9,3,12,14.8416666666667,19.166,0.002,2.941,1558.393,0.54,5.11
2020,9,3,15,15.133333333333301,20.271,0.01,2.984,1359.848,0.472,4.65
2020,9,3,18,15.225,19.101,0.013,1.59,429.256,0.542,4.75
2020,9,3,21,15.3666666666667,16.449,0,1.673,13.296,0.737,4.58
2020,9,4,0,15.4,15.763,0,1.497,0,0.784,4.58
2020,9,4,3,15.35,14.812,0,1.542,0,0.879,4.3
2020,9,4,6,15.2833333333333,14.718,0,1.567,0.6,0.864,4.4
2020,9,4,9,15.475,17.799,0,2.249,296.083,0.732,3.99
2020,9,4,12,15.9083333333333,22.19,0,3.275,1195.485,0.548,3.8
2020,9,4,15,15.883333333333301,23.376,0,2.682,1036.069,0.526,3.93
2020,9,4,18,15.9333333333333,23.018,0,1.225,744.152,0.567,4.2
2020,9,4,21,16.0333333333333,17.272,0,0.373,12.579,0.876,4.28
2020,9,5,0,16.05,15.485,0,0.584,0,0.922,4.2
2020,9,5,3,15.9333333333333,14.763,0.035,0.755,0,0.933,4.01
2020,9,5,6,15.85,13.34,0.034,0.711,0,0.954,3.9
2020,9,5,9,16.0666666666667,19.451,0.065,1.508,420.014,0.793,3.79
2020,9,5,12,16.3333333333333,21.107,0.134,3.008,797.901,0.687,3.84
2020,9,5,15,16.6666666666667,21.87,0.022,3.645,1196.625,0.625,3.8
2020,9,5,18,16.4166666666667,17.894,0.078,2.387,455.915,0.785,3.43
2020,9,5,21,16.275,15.013,0.005,1.184,7.643,0.843,3.42
2020,9,6,0,16.3,13.434,0,1.168,0,0.848,3.86
2020,9,6,3,16.2333333333333,11.373,0,0.878,0,0.925,3.68
2020,9,6,6,15.9416666666667,8.177,0,0.872,0.002,0.964,3.55
2020,9,6,9,16.0833333333333,14.43,0,1.038,530.683,0.716,3.43
2020,9,6,12,16.9416666666667,16.258,0,2.372,1449.812,0.565,3.38
2020,9,6,15,16.8083333333333,17.214,0,2.431,1312.383,0.482,3.4
2020,9,6,18,16.3166666666667,15.896,0,1.432,606.523,0.549,3.59
2020,9,6,21,16.0666666666667,9.982,0,0.899,23.963,0.875,3.52
2020,9,7,0,15.8583333333333,8.539,0,0.957,0,0.935,3.3
2020,9,7,3,15.508333333333301,6.85,0,0.698,0,0.946,3.02
2020,9,7,6,15.1916666666667,5.478,0,1.203,0.028,0.959,3.12
2020,9,7,9,15.3916666666667,12.922,0,1.039,537.393,0.768,3.31
2020,9,7,12,16.7083333333333,17.67,0,2.138,1652.527,0.464,3.43
2020,9,7,15,16.375,18.615,0,1.563,1480.517,0.418,3.31
2020,9,7,18,15.9083333333333,16.919,0,0.909,745.622,0.55,3.25
2020,9,7,21,15.75,10.234,0,1.081,25.227,0.889,3.4
2020,9,8,0,15.5333333333333,7.699,0,1.087,0,0.949,3.25
2020,9,8,3,15.2666666666667,6.259,0,0.832,0,0.958,3.2
2020,9,8,6,14.9333333333333,5.449,0,0.8,0,0.972,3.12
2020,9,8,9,15.1083333333333,13.696,0,1.175,503.428,0.782,3.12
2020,9,8,12,16.425,19.802,0,2.951,1648.901,0.489,3.35
2020,9,8,15,16.475,21.593,0,3.025,1839.898,0.412,3.14
2020,9,8,18,15.6666666666667,21.041,0,1.79,893.131,0.435,2.94
2020,9,8,21,15.4333333333333,12.919,0,0.993,19.744,0.864,3.04
2020,9,9,0,15.3583333333333,10.592,0,0.759,0,0.932,3.47
2020,9,9,3,15.1833333333333,9.179,0,0.779,0,0.955,3.14
2020,9,9,6,15.025,8.329,0,0.827,0,0.964,2.86
2020,9,9,9,15.4083333333333,16.05,0,1.304,522.985,0.737,2.86
2020,9,9,12,16.9,21.982,0,2.687,1634.613,0.535,2.99
2020,9,9,15,16.6583333333333,23.824,0,2.96,1801.425,0.423,3.09
2020,9,9,18,15.95,22.761,0,1.803,839.951,0.471,3.06
2020,9,9,21,15.8416666666667,15.36,0,1.389,13.238,0.837,3.15
2020,9,10,0,15.8,12.705,0.11,1.378,0,0.925,3.12
2020,9,10,3,15.775,14.356,0.209,0.805,0,0.915,2.94
2020,9,10,6,15.725,14.495,0.003,1.248,0,0.929,2.85
2020,9,10,9,16.0916666666667,15.256,0.029,1.939,219.151,0.888,2.83
2020,9,10,12,16.675,16.84,0.047,1.906,925.559,0.778,3.07
2020,9,10,15,16.9333333333333,19.276,0,1.371,1270.706,0.621,3.15
2020,9,10,18,16.4166666666667,18.815,0,1.268,685.393,0.651,3.04
2020,9,10,21,16.1666666666667,12.444,0,0.69,17.979,0.932,3.04
2020,9,11,0,16.1833333333333,12.269,0,0.58,0,0.924,2.92
2020,9,11,3,16.0833333333333,12.942,0,0.606,0,0.918,2.96
2020,9,11,6,15.9083333333333,12.183,0,0.761,0,0.921,3.07
2020,9,11,9,16.375,15.083,0,0.98,280.363,0.825,2.95
2020,9,11,12,17.7833333333333,20.605,0,1.67,1180.816,0.662,2.9
2020,9,11,15,17.45,22.94,0,1.951,1569.046,0.546,3.15
2020,9,11,18,16.8166666666667,20.941,0,0.822,674.592,0.656,3.23
2020,9,11,21,16.675,14.612,0,0.803,8.986,0.94,3.17
2020,9,12,0,16.425,12.375,0,0.62,0,0.957,2.76
2020,9,12,3,16.2333333333333,11.187,0,0.865,0,0.964,2.68
2020,9,12,6,16.1,10.096,0,0.528,0,0.971,2.86
2020,9,12,9,16.5,16.075,0,0.921,469.305,0.89,2.86
2020,9,12,12,17.6166666666667,22.839,0,2.143,1423.195,0.642,2.86
2020,9,12,15,17.65,23.986,0,2.719,1430.289,0.524,2.86
2020,9,12,18,17.1333333333333,22.038,0,1.163,628.274,0.637,2.83
2020,9,12,21,16.825,15.447,0,0.933,8.277,0.943,2.79
2020,9,13,0,16.6583333333333,12.632,0,0.726,0,0.958,3.21
2020,9,13,3,16.425,12.027,0,0.905,0,0.964,2.92
2020,9,13,6,16.1416666666667,10.324,0,0.488,0,0.973,2.65
2020,9,13,9,16.575,16.719,0,0.742,495.554,0.819,2.57
2020,9,13,12,18.1666666666667,24.016,0,2.049,1533.1,0.537,2.85
2020,9,13,15,17.975,25.737,0,1.873,1587.514,0.429,2.7
2020,9,13,18,17.3166666666667,22.204,0,0.97,674.821,0.618,2.56
2020,9,13,21,16.9916666666667,15.362,0,0.825,5.727,0.905,2.7
2020,9,14,0,16.85,13.087,0,0.69,0,0.961,2.71
2020,9,14,3,16.5916666666667,12.077,0,0.813,0,0.964,2.68
2020,9,14,6,16.3166666666667,11.073,0,0.87,0,0.968,2.68
2020,9,14,9,16.7083333333333,17.17,0,0.685,455.096,0.837,2.67
2020,9,14,12,18.3666666666667,25.716,0,2.995,1533.751,0.503,2.77
2020,9,14,15,18.075,28.138,0,2.509,1648.853,0.385,3.02
2020,9,14,18,17.4833333333333,25.89,0,1.461,716.162,0.434,2.86
2020,9,14,21,17.4,17.564,0,0.881,9.214,0.807,2.73
2020,9,15,0,17.2583333333333,15.927,0,0.727,0,0.83,2.68
2020,9,15,3,16.9166666666667,13.811,0,0.734,0,0.904,2.68
2020,9,15,6,16.5666666666667,12.163,0,0.893,0,0.96,2.56
2020,9,15,9,16.9666666666667,18.716,0,1.198,469.482,0.765,2.52
2020,9,15,12,18.825,25.441,0,2.52,1554.98,0.507,2.6
2020,9,15,15,18.4583333333333,27.707,0,1.717,1660.787,0.43,2.68
2020,9,15,18,17.725,24.308,0,0.984,700.698,0.568,2.52
2020,9,15,21,17.55,16.305,0,0.909,2.964,0.899,2.49
2020,9,16,0,17.375,14.617,0,0.662,0,0.945,2.67
2020,9,16,3,17.175,13.104,0,1.007,0,0.967,2.8
2020,9,16,6,16.9333333333333,12.036,0,0.67,0,0.969,2.68
2020,9,16,9,17.2333333333333,18.542,0.001,0.542,400.717,0.835,2.68
2020,9,16,12,18.5666666666667,24.753,0,1.77,1330.095,0.568,2.67
2020,9,16,15,18.4416666666667,26.01,0,1.82,1205.137,0.499,2.74
2020,9,16,18,17.9583333333333,22.8,0,1.16,512.572,0.614,2.73
2020,9,16,21,17.9,18.393,0.015,0.835,0,0.824,2.68
2020,9,17,0,17.7666666666667,17.128,0,1.501,0,0.836,2.51
2020,9,17,3,17.55,16.619,0,2.236,0,0.818,2.37
2020,9,17,6,17.425,15.097,0,2.735,0,0.852,2.61
2020,9,17,9,17.4916666666667,14.517,0,3.508,174.628,0.85,2.4
2020,9,17,12,18.0583333333333,15.197,0,3.824,691.637,0.702,2.4
2020,9,17,15,18.0666666666667,17.796,0,3.678,1561.454,0.496,3.06
2020,9,17,18,17.1083333333333,15.451,0,3.283,745.494,0.569,2.48
2020,9,17,21,16.7583333333333,11.284,0,2.363,3.49,0.714,2.41
2020,9,18,0,16.4083333333333,8.355,0,1.392,0,0.846,2.51
2020,9,18,3,16.125,6.893,0,1.243,0,0.894,2.48
2020,9,18,6,15.6833333333333,6.356,0,1.284,0,0.911,2.4
2020,9,18,9,15.8916666666667,12.004,0,3.075,424.774,0.654,2.66
2020,9,18,12,17.6333333333333,16.948,0,4.239,1573.528,0.429,2.73
2020,9,18,15,17.0666666666667,19.57,0,3.656,1704.136,0.35,2.48
2020,9,18,18,16.0916666666667,17.663,0,2.407,711.01,0.401,2.49
2020,9,18,21,15.8083333333333,10.11,0,1.182,0,0.679,2.65
2020,9,19,0,15.5333333333333,8.524,0,0.95,0,0.727,2.45
2020,9,19,3,15.258333333333301,6.871,0,0.841,0,0.786,2.36
2020,9,19,6,14.8083333333333,5.748,0,0.798,0,0.853,2.39
2020,9,19,9,15.15,12.156,0,2.128,522.572,0.609,2.36
2020,9,19,12,17.0833333333333,18.933,0,3.223,1537.414,0.385,2.36
2020,9,19,15,16.5166666666667,21.916,0,3.349,1615.475,0.306,2.36
2020,9,19,18,15.5166666666667,19.43,0,2.369,642.501,0.384,2.41
2020,9,19,21,15.3,12.719,0,0.813,0,0.651,2.52
2020,9,20,0,15.2083333333333,9.423,0,0.937,0,0.825,2.68
2020,9,20,3,14.875,7.659,0,0.518,0,0.91,2.51
2020,9,20,6,14.5416666666667,6.74,0,0.724,0,0.911,2.37
2020,9,20,9,14.8333333333333,13.363,0,2.294,457.157,0.65,2.36
2020,9,20,12,16.7083333333333,19.024,0,3.44,1529.238,0.436,2.36
2020,9,20,15,16.0416666666667,21.599,0,3.022,1609.107,0.356,2.45
2020,9,20,18,15.1,19.183,0,2.377,638.443,0.423,2.53
2020,9,20,21,14.883333333333301,11.849,0,1.264,0,0.721,2.49
2020,9,21,0,14.7666666666667,9.33,0,0.713,0,0.819,2.4
2020,9,21,3,14.4583333333333,7.679,0,0.556,0,0.889,2.36
2020,9,21,6,14.3,6.776,0,0.656,0,0.927,2.31
2020,9,21,9,14.5416666666667,13.911,0,0.994,424.04,0.67,2.21
2020,9,21,12,16.1,20.325,0,1.581,1468.098,0.492,2.33
2020,9,21,15,15.625,23.07,0,1.359,1549.941,0.42,2.4
2020,9,21,18,14.775,20.072,0,0.816,589.502,0.573,2.53
2020,9,21,21,14.633333333333301,12.962,0,0.943,0.152,0.908,2.52
2020,9,22,0,14.6916666666667,10.759,0,0.845,0,0.95,2.41
2020,9,22,3,14.5,9.11,0,0.81,0,0.964,2.36
2020,9,22,6,14.1583333333333,8.275,0,0.91,0,0.966,2.36
2020,9,22,9,14.5416666666667,14.529,0,1,389.829,0.803,2.36
2020,9,22,12,16.225,22.666,0,2.415,1417.077,0.547,2.4
2020,9,22,15,15.85,24.776,0,2.268,1503.409,0.444,2.52
2020,9,22,18,15.0833333333333,21.321,0,0.758,531.229,0.587,2.56
2020,9,22,21,14.9916666666667,15.967,0,0.764,0.213,0.839,2.52
2020,9,23,0,15,12.705,0,0.648,0,0.932,2.47
2020,9,23,3,14.8916666666667,11.232,0.936,0.826,0,0.957,2.43
2020,9,23,6,14.7,11.305,0.36,0.69,0,0.959,2.36
2020,9,23,9,14.825,15.21,0,1.149,173.578,0.887,2.36
2020,9,23,12,15.875,17.246,0.392,1.57,519.407,0.846,2.45
2020,9,23,15,15.675,19.995,0,2.554,996.034,0.724,2.73
2020,9,23,18,15.1666666666667,18.547,0,1.583,595.68,0.662,2.95
2020,9,23,21,15.1083333333333,12.964,0,1.245,0.05,0.888,3.02
2020,9,24,0,15.1583333333333,10.968,0.002,0.638,0,0.937,2.81
2020,9,24,3,14.9416666666667,10.638,0.429,1.107,0,0.96,2.64
2020,9,24,6,14.8,11.683,0,1.836,0,0.956,2.57
2020,9,24,9,14.9416666666667,14.749,0.064,2.419,167.64,0.9,2.79
2020,9,24,12,15.25,17.936,0,3.474,818.963,0.713,3.41
2020,9,24,15,15.5166666666667,19.551,1.41,2.899,1149.932,0.548,3.3
2020,9,24,18,15.2166666666667,17.021,13.372,1.143,418.082,0.696,2.97
2020,9,24,21,15.175,14.268,0.495,1.157,0,0.865,2.77
2020,9,25,0,15.3666666666667,14.095,1.762,2.893,0,0.94,2.51
2020,9,25,3,15.075,12.538,1.064,1.549,0,0.96,2.75
2020,9,25,6,14.8083333333333,12.433,0.022,1.441,0,0.96,5.26
2020,9,25,9,15.45,11.151,0.676,3.371,114.416,0.864,6.04
2020,9,25,12,14.9333333333333,11.165,0.968,3.797,576.17,0.761,8.93
2020,9,25,15,14.633333333333301,10.52,0.377,3.368,565.215,0.699,12.17
2020,9,25,18,14.5,7.91,0.166,1.38,89.288,0.925,11.63
2020,9,25,21,14.45,7.401,1.063,1.133,0,0.947,9.36
2020,9,26,0,14.3083333333333,7.532,0.884,1.519,0,0.94,8.11
2020,9,26,3,14.1666666666667,7.632,0.912,1.862,0,0.944,6.51
2020,9,26,6,14.0333333333333,7.351,2.548,2.489,0,0.934,5.76
2020,9,26,9,13.9916666666667,7.288,2.481,3.185,115.944,0.931,5.44
2020,9,26,12,13.7833333333333,7.033,3.401,2.693,263.423,0.933,5.67
2020,9,26,15,13.75,7.158,2.249,2.275,242.783,0.937,5.46
2020,9,26,18,13.65,7.057,0.988,1.154,73.458,0.948,4.77
2020,9,26,21,13.6,6.989,0.679,0.685,0,0.959,6.29
2020,9,27,0,13.508333333333301,6.629,0.326,1.511,0,0.959,7.86
2020,9,27,3,13.1,6.525,0.06,1.443,0,0.962,8.13
2020,9,27,6,12.5666666666667,6.87,0.011,2.997,0,0.951,9.41
2020,9,27,9,12.3,7.356,0.01,2.178,133.906,0.921,10
2020,9,27,12,12.3583333333333,9.903,0,2.371,638.731,0.813,10.19
2020,9,27,15,12.4,11.45,0,2.507,768.928,0.735,9.01
2020,9,27,18,12.3916666666667,9.568,0.001,0.74,309.5,0.859,8.36
2020,9,27,21,12.25,5.826,0,0.743,0,0.969,7.88
2020,9,28,0,12.0666666666667,4.443,0,1.256,0,0.965,6.91
2020,9,28,3,11.75,3.261,0,0.834,0,0.966,6.74
2020,9,28,6,11.4083333333333,2.289,0,1.279,0,0.963,6.34
2020,9,28,9,11.3166666666667,7.444,0.049,0.707,278.205,0.914,5.34
2020,9,28,12,11.8,13.171,0,1.567,970.499,0.701,4.96
2020,9,28,15,11.9166666666667,13.834,0.005,1.44,1046.403,0.605,4.85
2020,9,28,18,11.925,11.822,0,0.916,296.227,0.784,3.9
2020,9,28,21,12.0666666666667,9.528,0,0.761,0,0.942,4.32
2020,9,29,0,12.0583333333333,8.297,0,0.637,0,0.953,4.56
2020,9,29,3,11.8083333333333,6.793,0,0.684,0,0.966,4.56
2020,9,29,6,11.633333333333301,4.702,0,0.929,0,0.97,4.32
2020,9,29,9,11.6416666666667,8.59,0,0.836,409.702,0.915,4.24
2020,9,29,12,12.175,14.772,0,2.084,1341.941,0.648,4.22
2020,9,29,15,11.9583333333333,15.009,0,2.64,1016.708,0.637,4.24
2020,9,29,18,11.875,11.99,0,1.967,323.128,0.839,3.84
2020,9,29,21,11.925,9.679,0,0.826,0,0.961,3.4
2020,9,30,0,12,9.513,0,0.703,0,0.961,3.4
2020,9,30,3,12.075,9.273,0,0.533,0,0.971,3.86
2020,9,30,6,12.0166666666667,9.682,0,0.462,0,0.968,3.75
2020,9,30,9,12.1,10.837,0,0.83,140.678,0.947,3.55
2020,9,30,12,12.383333333333301,13.01,0,1.248,493.368,0.857,3.46
2020,9,30,15,12.5333333333333,14.745,0,1.268,679.12,0.757,3.35
2020,9,30,18,12.2416666666667,12.105,0.007,0.797,362.447,0.881,3.33
2020,9,30,21,12.125,8.005,0.003,1.066,0,0.97,3.36
2020,10,1,0,12.1,7.037,0.01,0.6,0,0.978,3.43
2020,10,1,3,12.05,5.896,0,0.731,0,0.979,3.48
2020,10,1,6,11.8583333333333,4.894,0,0.682,0,0.98,3.33
2020,10,1,9,11.975,7.776,0,1.135,287.239,0.954,3.31
2020,10,1,12,12.6916666666667,15.625,0,2.801,1343.57,0.718,3.54
2020,10,1,15,12.525,17.182,0,2.283,1239.21,0.616,3.52
2020,10,1,18,12.4,14.103,0.025,0.875,248.102,0.861,3.41
2020,10,1,21,12.5,12.557,0,0.934,0,0.945,3.26
2020,10,2,0,12.6,12.017,0.017,1.472,0,0.951,3.38
2020,10,2,3,12.5416666666667,9.703,0,0.402,0,0.981,3.43
2020,10,2,6,12.5,9.471,0,0.859,0,0.984,3.47
2020,10,2,9,12.7166666666667,12.361,0,1.566,197.666,0.913,3.57
2020,10,2,12,13.4333333333333,17.046,0,4.416,1009.763,0.681,3.33
2020,10,2,15,13.3166666666667,18.155,0,4.648,1124.653,0.637,3.43
2020,10,2,18,13.1666666666667,16.03,0,3.667,353.909,0.732,3.31
2020,10,2,21,13.2083333333333,15.163,0,3.752,0,0.794,3.04
2020,10,3,0,13.3,13.99,0,2.555,0,0.84,3.3
2020,10,3,3,13.275,12.92,0,1.879,0,0.872,3.23
2020,10,3,6,13.15,13.025,0,1.734,0,0.834,2.94
2020,10,3,9,13.3333333333333,14.661,0.014,2.025,197.362,0.763,2.86
2020,10,3,12,13.7666666666667,18.921,0.029,2.546,764.912,0.622,3.11
2020,10,3,15,13.5583333333333,13.706,0,4.622,500.165,0.848,3.52
2020,10,3,18,13.375,11.037,0.002,1.353,167.526,0.884,3.54
2020,10,3,21,13.15,6.884,0.002,0.94,0,0.976,3.07
2020,10,4,0,12.85,5.915,0.167,0.963,0,0.982,2.88
2020,10,4,3,12.7416666666667,6.266,0,0.922,0,0.985,2.9
2020,10,4,6,12.6166666666667,7.299,0.006,2.292,0.17,0.968,2.89
2020,10,4,9,12.7333333333333,10.542,0.013,3.057,310.933,0.85,2.86
2020,10,4,12,13.375,12.761,0,4.743,915.445,0.669,2.92
2020,10,4,15,13.1166666666667,14.663,0,3.515,1077.295,0.536,3.23
2020,10,4,18,12.8166666666667,11.683,0,1.573,431.802,0.672,3.23
2020,10,4,21,12.758333333333301,7.815,0.002,0.93,0,0.882,3.06
2020,10,5,0,12.6416666666667,6.822,0.017,0.586,0,0.942,2.86
2020,10,5,3,12.4833333333333,7.584,0.225,1.096,0,0.933,2.86
2020,10,5,6,12.4,7.709,0,1.016,0,0.949,2.86
2020,10,5,9,12.5333333333333,9.013,0.019,1.65,74.804,0.926,2.88
2020,10,5,12,12.95,12.867,0.094,3.376,767.921,0.73,3.23
2020,10,5,15,12.825,13.576,0.064,3.434,886.171,0.61,3.43
2020,10,5,18,12.5833333333333,11.691,0.109,2.21,240.783,0.713,3.3
2020,10,5,21,12.6083333333333,10.471,1.626,2.25,0,0.782,3.55
2020,10,6,0,12.5833333333333,9.73,2.838,3.098,0,0.876,3.03
2020,10,6,3,12.4333333333333,9.574,0.521,3.229,0,0.887,2.74
2020,10,6,6,12.4,9.388,0.578,3.72,0,0.957,3.02
2020,10,6,9,12.4666666666667,9.826,0.875,4.115,65.831,0.933,3.11
2020,10,6,12,12.5833333333333,11.394,1.064,3.494,539.75,0.84,3.48
2020,10,6,15,12.7416666666667,11.982,0.013,3.83,397.589,0.804,3.37
2020,10,6,18,12.8,10.397,0.684,3.229,95.124,0.95,2.6
2020,10,6,21,12.5333333333333,10.194,1.155,2.677,0,0.925,2.91
2020,10,7,0,12.425,9.937,0.153,3.057,0,0.897,4.67
2020,10,7,3,12.4,9.457,0.414,2.812,0,0.94,4.6
2020,10,7,6,12.225,9.335,0.946,3.164,0,0.941,4.34
2020,10,7,9,12.1583333333333,9.749,1.233,3.332,73.403,0.927,4.14
2020,10,7,12,12.2666666666667,11.13,0.253,3.495,455.046,0.891,4.86
2020,10,7,15,12.275,11.173,0.284,4.207,623.756,0.894,4.53
2020,10,7,18,12.25,10.84,0.043,2.412,236.735,0.888,5.68
2020,10,7,21,12.1583333333333,10.178,0.036,3.118,0,0.896,4.44
2020,10,8,0,12.1666666666667,9.886,0.007,2.194,0,0.929,4.7
2020,10,8,3,12.4416666666667,9.555,0.006,2.723,0,0.926,5.09
2020,10,8,6,12.125,8.89,0.001,2.482,0,0.934,4.18
2020,10,8,9,12.1833333333333,10.031,0.003,2.827,130.685,0.904,4.54
2020,10,8,12,12.1666666666667,12.538,0.029,3.573,593.001,0.806,4.77
2020,10,8,15,12.3083333333333,13.24,0.245,3.449,474.465,0.776,4.5
2020,10,8,18,12.3,12.696,0.149,2.427,86.798,0.881,4.01
2020,10,8,21,12.3,12.75,0.081,3.493,0,0.868,3.9
2020,10,9,0,12.35,12.404,0.273,2.933,0,0.907,3.9
2020,10,9,3,12.4,12.704,0.463,3.013,0,0.894,3.88
2020,10,9,6,12.475,12.272,0.118,2.431,0,0.933,3.73
2020,10,9,9,12.5333333333333,12.537,0.012,2.422,82.504,0.943,3.84
2020,10,9,12,12.7416666666667,14.048,0.161,2.578,460.19,0.887,3.9
2020,10,9,15,12.725,15.115,0.164,2.157,457.099,0.831,4.26
2020,10,9,18,12.8,14.253,0.573,1.429,132.622,0.849,3.9
2020,10,9,21,12.883333333333301,13.167,1.336,1.7,0,0.883,3.5
2020,10,10,0,12.8416666666667,12.616,0.125,2.253,0,0.934,3.52
2020,10,10,3,12.775,11.301,0.239,2.168,0,0.965,3.91
2020,10,10,6,12.7166666666667,10.235,0.133,2.647,0,0.946,4.03
2020,10,10,9,12.7,9.272,0,2.982,113.437,0.918,4.32
2020,10,10,12,12.9083333333333,9.504,0,3.186,335.191,0.89,4.44
2020,10,10,15,12.975,9.421,0.002,3.084,520.518,0.758,4.81
2020,10,10,18,12.5583333333333,6.879,0,1.34,225.12,0.855,3.52
2020,10,10,21,12.2166666666667,3.021,0,0.86,0,0.973,3.79
2020,10,11,0,11.9333333333333,2.431,0.124,0.834,0,0.979,4.38
2020,10,11,3,11.633333333333301,2.624,0,1.311,0,0.981,3.96
2020,10,11,6,11.4166666666667,2.461,0,1.183,0,0.975,3.98
2020,10,11,9,11.3583333333333,5.606,0.028,1.406,209.035,0.94,3.62
2020,10,11,12,11.45,7.295,0,1.844,594.36,0.838,3.6
2020,10,11,15,11.3,8.183,0,1.652,391.054,0.772,3.57
2020,10,11,18,11.225,6.938,0,1.001,208.204,0.853,3.22
2020,10,11,21,11.0416666666667,3.381,0,0.805,0,0.967,3.43
2020,10,12,0,10.9083333333333,1.483,0.085,0.914,0,0.972,3.29
2020,10,12,3,10.5916666666667,1.128,0.076,0.919,0,0.978,3.26
2020,10,12,6,10.375,2.669,0.005,0.714,0,0.966,3.22
2020,10,12,9,10.3083333333333,4.521,0.015,1.146,106.836,0.954,3.19
2020,10,12,12,10.4916666666667,7.426,0.085,2.159,524.733,0.894,3.32
2020,10,12,15,10.425,8.82,0,2.054,590.29,0.808,3.39
2020,10,12,18,10.2666666666667,6.989,0.135,1.098,163.924,0.917,3.24
2020,10,12,21,10.1833333333333,4.145,0,0.938,0,0.969,3.39
2020,10,13,0,10.1666666666667,2.714,0.107,0.837,0,0.976,3.08
2020,10,13,3,10.0583333333333,2.859,0.023,0.437,0,0.975,3.19
2020,10,13,6,9.85,3.378,0,0.484,0,0.968,3.27
2020,10,13,9,9.81666666666667,4.819,0,1.065,136.348,0.953,3.43
2020,10,13,12,10.3,8.993,0,1.904,744.855,0.787,3.6
2020,10,13,15,10.0333333333333,9.392,0,2.61,686.014,0.692,3.51
2020,10,13,18,9.84166666666667,6.995,0.001,1.616,257.544,0.805,3.29
2020,10,13,21,9.74166666666667,5.093,0.599,1.256,0,0.926,3.19
2020,10,14,0,9.74166666666667,5.431,1.39,1.73,0,0.929,3.19
2020,10,14,3,9.7,6.045,3.288,2.015,0,0.933,2.98
2020,10,14,6,9.54166666666667,5.735,4.329,2.303,0,0.953,2.82
2020,10,14,9,9.44166666666667,5.814,4.07,2.846,54.003,0.951,3.04
2020,10,14,12,9.375,6.498,3.526,3.352,220.372,0.948,3.85
2020,10,14,15,9.36666666666667,6.757,0.578,2.809,225.854,0.951,4.13
2020,10,14,18,9.63333333333333,6.198,0.356,2.826,51.053,0.955,4.72
2020,10,14,21,10.25,6.061,0.267,2.662,0,0.964,5.08
2020,10,15,0,10.225,6.142,0.103,2.115,0,0.968,6.61
2020,10,15,3,9.50833333333333,6.276,0.287,1.678,0,0.975,8.66
2020,10,15,6,9.10833333333333,6.609,0.005,1.083,0,0.97,12.04
2020,10,15,9,9.1,7.529,0.089,1.613,78.881,0.953,13.6
2020,10,15,12,9.20833333333333,8.814,0.156,2.682,344.425,0.936,14.57
2020,10,15,15,9.49166666666667,9.279,0.038,2.641,302.925,0.926,13.57
2020,10,15,18,9.79166666666667,8.684,0.022,2.709,62.94,0.939,11.02
2020,10,15,21,10,8.568,0.092,2.223,0,0.936,9.26
2020,10,16,0,10.025,8.375,0.037,1.973,0,0.939,8.75
2020,10,16,3,9.94166666666667,7.994,0.034,2.159,0,0.943,8.31
2020,10,16,6,9.775,7.95,0,2.371,0,0.941,7.75
2020,10,16,9,9.7,8.094,0.053,2.677,42.483,0.923,7.16
2020,10,16,12,9.78333333333333,8.428,0.087,3.145,305.575,0.855,6.53
2020,10,16,15,9.86666666666667,8.218,0.124,2.896,362.559,0.812,6.36
2020,10,16,18,9.89166666666667,6.782,0.15,1.531,83.438,0.883,5.55
2020,10,16,21,9.8,6.236,0.288,1.03,0,0.938,5.65
2020,10,17,0,9.71666666666667,6.214,0.164,1.147,0,0.952,5.65
2020,10,17,3,9.61666666666667,6.089,0.16,1.406,0,0.97,5.7
2020,10,17,6,9.51666666666667,5.965,0.008,1.364,0,0.969,5.29
2020,10,17,9,9.5,6.213,0.352,1.565,67.468,0.941,5.25
2020,10,17,12,9.64166666666667,7.227,0.086,1.62,297.049,0.892,5.34
2020,10,17,15,9.7,7.838,0,1.605,381.241,0.847,4.87
2020,10,17,18,9.7,6.224,0.003,0.954,64.727,0.95,4.76
2020,10,17,21,9.63333333333333,5.098,0.002,0.881,0,0.969,4.97
2020,10,18,0,9.55,3.906,0,0.939,0,0.979,5.14
2020,10,18,3,9.45,4.043,0,1.071,0,0.978,5.25
2020,10,18,6,9.30833333333333,4.86,0,1.404,0,0.974,5.06
2020,10,18,9,9.325,5.975,0,1.987,91.084,0.944,4.8
2020,10,18,12,9.46666666666667,7.848,0,3.197,611.348,0.794,4.8
2020,10,18,15,9.6,8.417,0,3.158,576.653,0.745,4.89
2020,10,18,18,9.6,6.973,0,2.118,158.44,0.814,4.54
2020,10,18,21,9.6,6.063,0,1.313,0,0.902,4.5
2020,10,19,0,9.55833333333333,5.685,0,1.562,0,0.918,4.42
2020,10,19,3,9.39166666666667,5.48,0,1.284,0,0.916,4.09
2020,10,19,6,9.25833333333333,5.185,0,0.978,0,0.91,3.96
2020,10,19,9,9.225,5.828,0,0.867,53.596,0.891,4.2
2020,10,19,12,9.41666666666667,8.374,0,1.89,380.749,0.736,4.4
2020,10,19,15,9.50833333333333,8.84,0,2.117,400.604,0.677,4.22
2020,10,19,18,9.56666666666667,6.9,0,0.728,92.147,0.817,3.53
2020,10,19,21,9.39166666666667,2.805,0,0.931,0,0.936,3.83
2020,10,20,0,9.225,1.36,0,0.838,0,0.959,3.83
2020,10,20,3,8.875,1.004,0,1.056,0,0.955,3.69
2020,10,20,6,8.63333333333333,1.367,0,1.833,0,0.961,3.96
2020,10,20,9,8.63333333333333,4.543,0,1.759,166.308,0.936,3.99
2020,10,20,12,8.91666666666667,8.937,0,2.624,772.921,0.749,4.01
2020,10,20,15,8.85833333333333,10.872,0,2.438,878.916,0.7,3.64
2020,10,20,18,8.93333333333333,8.031,0,1.584,199.452,0.857,3.83
2020,10,20,21,9.09166666666667,7.32,0,0.794,0,0.911,3.67
2020,10,21,0,9.1,7.441,0,1.212,0,0.923,3.76
2020,10,21,3,9.04166666666667,7.346,0,1.689,0,0.912,4.13
2020,10,21,6,8.96666666666667,7.002,0,1.639,0,0.937,3.65
2020,10,21,9,9.05833333333333,8.817,0,2.161,115.21,0.876,3.6
2020,10,21,12,9.36666666666667,13.959,0,2.537,779.736,0.618,3.6
2020,10,21,15,9.35833333333333,15.596,0,2.033,767.321,0.615,3.19
2020,10,21,18,9.2,13.317,0,1.903,164.81,0.75,3.76
2020,10,21,21,9.33333333333333,11.663,0,1.541,0,0.804,3.88
2020,10,22,0,9.625,10.669,0,1.402,0,0.87,3.96
2020,10,22,3,9.425,9.21,0,1.403,0,0.917,3.74
2020,10,22,6,9.4,9.126,0,1.528,0,0.899,3.48
2020,10,22,9,9.50833333333333,10.323,0,1.454,137.5,0.898,3.6
2020,10,22,12,9.93333333333333,17.253,0,3.015,892.299,0.644,3.81
2020,10,22,15,10.008333333333301,18.084,0.001,2.441,745.404,0.631,3.51
2020,10,22,18,10.0666666666667,14.181,0,1.258,189.275,0.821,3.46
2020,10,22,21,10.3333333333333,14.16,0.34,2.674,0,0.808,3.26
2020,10,23,0,10.5,12.834,1.353,1.589,0,0.896,3.1
2020,10,23,3,10.5416666666667,12.23,0.198,1.608,0,0.914,3.64
2020,10,23,6,10.6416666666667,11.97,0.173,1.843,0,0.982,3.24
2020,10,23,9,10.75,12.56,0.278,2.008,26.562,0.978,3.24
2020,10,23,12,10.875,13.868,3.592,2.352,304.58,0.936,3.69
2020,10,23,15,10.9583333333333,14.783,0.401,2.194,309.504,0.893,3.51
2020,10,23,18,11.1,13.726,0.19,2.434,45.577,0.946,3.58
2020,10,23,21,11.2333333333333,12.557,0.49,1.941,0,0.967,3.6
2020,10,24,0,11.2166666666667,12.184,0,2.363,0,0.966,4.69
2020,10,24,3,11.65,11.789,0,1.796,0,0.969,4.7
2020,10,24,6,11.6083333333333,10.211,0,1.732,0,0.966,4.28
2020,10,24,9,11.575,11.404,0,2.11,145.428,0.949,4.3
2020,10,24,12,11.7,13.296,0,2.974,754.737,0.829,5.75
2020,10,24,15,11.633333333333301,13.899,0,3.048,633.584,0.753,5.81
2020,10,24,18,11.7,9.891,0,1.026,131.697,0.935,5.52
2020,10,24,21,11.6166666666667,7.981,0,1.242,0,0.963,5.14
2020,10,25,0,11.4333333333333,6.279,0,0.9,0,0.977,5.12
2020,10,25,3,11.2333333333333,5.981,0,0.93,0,0.982,4.66
2020,10,25,6,11.1666666666667,6.787,0,1.468,0,0.981,4.13
2020,10,25,9,11.15,8.246,0.002,2.087,129.488,0.955,4.44
2020,10,25,12,11.4666666666667,11.996,0,3.368,780.343,0.81,4.24
2020,10,25,15,11.4833333333333,13.887,0,3.533,871.498,0.722,4.11
2020,10,25,18,11.4666666666667,10.305,0,1.269,134.183,0.887,4.03
2020,10,25,21,11.5416666666667,8.429,0,1.354,0,0.952,3.88
2020,10,26,0,11.4666666666667,7.878,0,1.548,0,0.962,4.01
2020,10,26,3,11.3166666666667,8.146,0.128,1.354,0,0.964,3.89
2020,10,26,6,11.1666666666667,7.763,0.226,1.044,0,0.973,3.74
2020,10,26,9,11.05,7.975,0.636,1.606,63.082,0.957,3.89
2020,10,26,12,11.0166666666667,8.76,0.27,1.856,198.145,0.939,4.05
2020,10,26,15,11,8.674,0.035,3.427,149.033,0.94,3.98
2020,10,26,18,11,8.019,0.052,1.925,43.246,0.938,4.01
2020,10,26,21,11,7.531,0.002,2.281,0,0.937,3.98
2020,10,27,0,10.9583333333333,6.962,0,1.897,0,0.941,3.74
2020,10,27,3,10.8416666666667,6.597,0,2.163,0,0.941,3.92
2020,10,27,6,10.6166666666667,5.745,0,1.834,0,0.951,3.67
2020,10,27,9,10.4916666666667,5.967,0,1.877,57.471,0.945,3.99
2020,10,27,12,10.65,7.877,0,2.756,388.246,0.87,4.24
2020,10,27,15,10.5166666666667,8.934,0,2.555,328.631,0.828,4.16
2020,10,27,18,10.4,7.49,0,2.382,97.204,0.889,4.16
2020,10,27,21,10.325,6.294,0.017,2.432,0,0.917,4.11
2020,10,28,0,10.1,5.77,0.597,2.905,0,0.926,3.96
2020,10,28,3,9.98333333333333,5.892,1.028,3.134,0,0.885,3.72
2020,10,28,6,9.85833333333333,5.935,1.76,2.837,0,0.954,3.44
2020,10,28,9,9.8,6.192,0.066,2.409,42.205,0.964,3.8
2020,10,28,12,9.84166666666667,7.617,0.229,2.347,210.08,0.969,4.03
2020,10,28,15,9.95,10.146,0.153,2.499,264.188,0.95,4.07
2020,10,28,18,9.95,9.946,0.553,2.254,55.459,0.905,3.72
2020,10,28,21,10.0333333333333,8.241,0.347,2.126,0,0.935,4
2020,10,29,0,10.0666666666667,8.5,1.552,2.823,0,0.91,4.85
2020,10,29,3,10.0416666666667,9.171,1.907,3.944,0,0.93,4.79
2020,10,29,6,9.78333333333333,9.125,2.258,3.943,0,0.941,4.3
2020,10,29,9,9.675,7.788,0.234,3.531,38.753,0.949,4.64
2020,10,29,12,9.775,6.785,0.304,3.797,376.292,0.902,5.01
2020,10,29,15,9.89166666666667,9.234,0.942,3.785,806.167,0.782,5.34
2020,10,29,18,10.275,7.57,1.972,2.094,72.509,0.908,6.27
2020,10,29,21,10.5333333333333,7.536,3.424,2.429,0,0.952,6.59
2020,10,30,0,9.91666666666667,7.719,1.478,2.117,0,0.965,7.11
2020,10,30,3,9.60833333333333,8.572,1.276,2.834,0,0.97,8.23
2020,10,30,6,9.65833333333333,9.999,0.998,3.735,0,0.966,9.09
2020,10,30,9,10.0583333333333,10.863,0.134,4.061,21.532,0.957,8.67
2020,10,30,12,10.025,11.445,0.456,4.38,156.87,0.951,8.67
2020,10,30,15,10.1166666666667,11.926,0.381,3.876,188.962,0.935,9.57
2020,10,30,18,10.1583333333333,11.421,0.565,3.603,53.686,0.951,10.91
2020,10,30,21,10.1,11.197,0.166,4.071,0,0.953,12.33
2020,10,31,0,10.1416666666667,10.699,0.127,3.216,0,0.964,12.73
2020,10,31,3,10.275,10.492,0.223,2.683,0,0.961,13.2
2020,10,31,6,10.4083333333333,10.122,0.017,2.158,0,0.961,12.53
2020,10,31,9,10.5583333333333,10.195,0.005,1.869,68.905,0.959,11.83
2020,10,31,12,10.8166666666667,11.637,0,1.803,337.71,0.901,11.53
2020,10,31,15,10.9,11.569,0,2.203,218.296,0.883,11.4
2020,10,31,18,10.8916666666667,10.077,0.655,1.834,46.117,0.935,10.54
2020,10,31,21,10.775,8.414,0.08,1.714,0,0.961,10.24
2020,11,1,0,10.6416666666667,6.866,0.081,1.107,0,0.964,10.12
2020,11,1,3,10.5416666666667,9.623,1.193,2.39,0,0.94,9.78
2020,11,1,6,10.5,9.773,2.036,2.585,0,0.951,9.06
2020,11,1,9,10.4083333333333,10.214,2.077,2.415,56.131,0.951,9
2020,11,1,12,10.4833333333333,10.96,0.675,2.429,216.327,0.966,8.59
2020,11,1,15,10.5333333333333,12.033,0.333,2.892,189.573,0.961,9.48
2020,11,1,18,10.6916666666667,12.724,0.284,3.325,23.345,0.964,9.06
2020,11,1,21,10.5666666666667,13.23,0.105,3.171,0,0.957,9.15
2020,11,2,0,10.6,13.589,0.095,3.109,0,0.951,10.43
2020,11,2,3,10.6,13.997,0,3.541,0,0.946,11.15
2020,11,2,6,10.6666666666667,14.559,0.004,3.919,0,0.935,10.78
2020,11,2,9,10.7833333333333,14.96,0,3.823,61.817,0.917,10.98
2020,11,2,12,11.0916666666667,16.186,0,4.077,255.556,0.853,10.75
2020,11,2,15,11.4583333333333,17.175,0,3.551,405.429,0.799,10.93
2020,11,2,18,11.6583333333333,16.083,0,2.968,71.741,0.834,10.53
2020,11,2,21,11.7083333333333,15.534,0.008,3.248,0,0.839,10.52
2020,11,3,0,11.7,14.9,0,2.826,0,0.857,10.59
2020,11,3,3,11.7666666666667,11.541,0.042,2.145,0,0.917,10.12
2020,11,3,6,11.875,9.672,0.046,1.847,0,0.901,9.57
2020,11,3,9,12,9.368,0,1.168,50.845,0.886,9.6
2020,11,3,12,12.1416666666667,10.988,0.148,1.278,350.606,0.724,9.18
2020,11,3,15,12.2,10.746,0,1.928,272.53,0.711,9
2020,11,3,18,12.2,9.225,0.05,1.951,31.738,0.809,8.31
2020,11,3,21,12.125,8.485,0.005,2.151,0,0.865,8.59
2020,11,4,0,11.8916666666667,7.797,0,1.791,0,0.901,8.39
2020,11,4,3,11.6833333333333,6.564,0,1.814,0,0.92,8.05
2020,11,4,6,11.5,4.97,0,1.552,0,0.922,7.96
2020,11,4,9,11.3583333333333,5.046,0,1.002,50.568,0.899,7.8
2020,11,4,12,11.3,7.062,0,1.638,250.576,0.749,7.75
2020,11,4,15,11.3,7.371,0,1.85,235.116,0.696,7.55
2020,11,4,18,11.1416666666667,3.931,0,1.281,31.686,0.889,7.3
2020,11,4,21,10.8416666666667,1.674,0,1.144,0,0.938,7.1
2020,11,5,0,10.4166666666667,0.842,0,1.257,0,0.971,7.36
2020,11,5,3,10.008333333333301,-0.329,0.018,1.164,0,0.985,7.18
2020,11,5,6,9.60833333333333,-0.853,0.018,1.487,0,0.989,6.93
2020,11,5,9,9.325,0.43,0,1.151,112.038,0.972,6.8
2020,11,5,12,9.35,6.189,0,1.067,712.663,0.73,6.75
2020,11,5,15,9.225,7.024,0,1.655,865.207,0.673,6.8
2020,11,5,18,9.075,2.128,0,1.233,103.356,0.914,6.52
2020,11,5,21,8.78333333333333,0.523,0,0.949,0,0.945,6.2
2020,11,6,0,8.39166666666667,-0.228,0,1.103,0,0.948,6.2
2020,11,6,3,7.93333333333333,-1.148,0.018,0.959,0,0.951,6.36
2020,11,6,6,7.5,-1.588,0.058,0.67,0,0.93,6.36
2020,11,6,9,7.25,0.612,0,0.924,136.35,0.861,6.13
2020,11,6,12,7.40833333333333,7.658,0,1.207,885.398,0.632,6.05
2020,11,6,15,7.45,8.682,0,1.631,848.676,0.576,6.05
2020,11,6,18,7.4,3.339,0,1.43,104.445,0.805,6.03
2020,11,6,21,7.18333333333333,1.852,0,1.693,0,0.833,5.58
2020,11,7,0,6.775,1.609,0,1.822,0,0.758,5.52
2020,11,7,3,6.38333333333333,1.309,0.008,1.873,0,0.745,5.58
2020,11,7,6,6.025,1.132,0,2.175,0,0.74,5.81
2020,11,7,9,5.90833333333333,2.662,0,2.257,177.459,0.715,5.58
2020,11,7,12,6.15833333333333,10.032,0,2.104,921.168,0.507,5.54
2020,11,7,15,6.2,9.482,0,1.562,835.413,0.613,5.76
2020,11,7,18,6.2,4.214,0,1.368,100.782,0.831,5.74
2020,11,7,21,6.1,2.422,0,1.87,0,0.882,5.58
2020,11,8,0,5.75,1.486,0,1.384,0,0.87,5.52
2020,11,8,3,5.41666666666667,1.928,0.008,1.694,0,0.836,5.41
2020,11,8,6,5.10833333333333,2.323,0.008,1.551,0,0.763,5.52
2020,11,8,9,5.03333333333333,3.81,0,1.606,118.64,0.795,5.5
2020,11,8,12,5.35833333333333,11.012,0,1.458,841.641,0.628,5.52
2020,11,8,15,5.56666666666667,11.225,0,0.994,791.41,0.713,5.43
2020,11,8,18,5.65,6.234,0,1.316,96.799,0.889,5.23
2020,11,8,21,5.65833333333333,4.988,0,1.344,0,0.855,4.99
2020,11,9,0,5.45,4.069,0,1.309,0,0.848,5.34
2020,11,9,3,5.20833333333333,3.347,0.008,0.939,0,0.909,5.25
2020,11,9,6,4.975,2.565,0.008,0.989,0,0.883,5.25
2020,11,9,9,4.975,3.634,0,0.951,146.94,0.872,5.19
2020,11,9,12,5.35,9.709,0,1.487,867.167,0.657,5.16
2020,11,9,15,5.48333333333333,9.824,0,1.108,803.958,0.687,5.08
2020,11,9,18,5.68333333333333,4.179,0,0.886,86.924,0.883,5.03
2020,11,9,21,5.7,1.991,0,1.335,0,0.956,5.01
2020,11,10,0,5.64166666666667,1.947,0,1.706,0,0.95,4.97
2020,11,10,3,5.45833333333333,1.186,0,1.618,0,0.962,4.99
2020,11,10,6,5.31666666666667,0.816,0,1.476,0,0.97,4.89
2020,11,10,9,5.325,1.307,0,1.303,43.32,0.969,4.89
2020,11,10,12,5.53333333333333,3.897,0,1.718,200.655,0.885,5.03
2020,11,10,15,5.71666666666667,5.018,0,1.342,177.802,0.878,5.01
2020,11,10,18,5.88333333333333,3.22,0,0.966,18.967,0.972,4.93
2020,11,10,21,5.99166666666667,3.233,0,1.146,0,0.979,4.95
2020,11,11,0,5.96666666666667,4.362,0,1.544,0,0.975,4.66
2020,11,11,3,5.88333333333333,4.372,0,1.297,0,0.968,4.54
2020,11,11,6,5.85833333333333,4.52,0,1.194,0,0.972,4.97
2020,11,11,9,5.925,5.389,0,1.063,47.626,0.953,4.97
2020,11,11,12,6.14166666666667,7.289,0,0.904,201.664,0.901,4.8
2020,11,11,15,6.38333333333333,7.924,0,1.037,176.795,0.878,4.74
2020,11,11,18,6.6,6.75,0,1.196,17.1,0.933,4.74
2020,11,11,21,6.75,6.138,0,1.566,0,0.948,4.74
2020,11,12,0,6.8,5.482,0,1.224,0,0.963,4.56
2020,11,12,3,6.70833333333333,5.04,0,2.458,0,0.933,4.72
2020,11,12,6,6.75,4.302,0,2.286,0,0.923,4.72
2020,11,12,9,6.73333333333333,4.601,0.017,2.553,43.458,0.925,4.56
2020,11,12,12,6.86666666666667,5.992,0.401,2.678,225.254,0.91,4.64
2020,11,12,15,7.075,6.562,0.057,2.389,181.863,0.929,4.7
2020,11,12,18,7.3,6.786,0,1.647,18.418,0.955,4.5
2020,11,12,21,7.3,6.321,0.025,1.652,0,0.963,4.5
2020,11,13,0,7.28333333333333,5.11,0,1.181,0,0.972,4.66
2020,11,13,3,7.3,4.551,0.004,1.733,0,0.982,4.5
2020,11,13,6,7.3,4.588,0,2.025,0,0.988,4.5
2020,11,13,9,7.35,5.956,0,2.396,35.742,0.96,4.54
2020,11,13,12,7.56666666666667,8.463,0,2.576,211.599,0.911,4.72
2020,11,13,15,7.75,9.735,0,2.516,372.327,0.856,4.58
2020,11,13,18,7.9,8.073,0.306,2.188,34.347,0.938,4.5
2020,11,13,21,7.99166666666667,8.23,0.043,2.389,0,0.938,4.5
2020,11,14,0,8,9.155,0,2.235,0,0.912,4.7
2020,11,14,3,8,9.224,0,2.046,0,0.94,4.5
2020,11,14,6,7.96666666666667,8.739,0,1.747,0,0.938,4.26
2020,11,14,9,7.95,8.807,0.004,2.316,60.625,0.917,4.46
2020,11,14,12,8.24166666666667,12.198,0,2.34,493.868,0.773,4.68
2020,11,14,15,8.375,13.302,0,2.001,667.139,0.718,4.52
2020,11,14,18,8.4,10.117,0,2.22,75.642,0.848,4.42
2020,11,14,21,8.36666666666667,7.849,0,2.49,0,0.879,4.64
2020,11,15,0,8.2,8.545,0,2.574,0,0.806,4.74
2020,11,15,3,8.00833333333333,6.57,0.063,2.64,0,0.879,4.7
2020,11,15,6,7.83333333333333,6.837,0.132,2.376,0,0.873,4.28
2020,11,15,9,7.775,6.887,0.046,2.105,114.57,0.903,4.26
2020,11,15,12,8.025,10.761,0,3.205,769.921,0.742,4.48
2020,11,15,15,8.05833333333333,11.645,0,3.193,682.999,0.737,4.54
2020,11,15,18,8.025,8.507,1.2,3.958,55.459,0.844,4.04
2020,11,15,21,8.1,6.874,1.441,3.262,0,0.881,3.72
2020,11,16,0,8.06666666666667,7.425,0.28,3.319,0,0.887,4.22
2020,11,16,3,7.90833333333333,7.141,0.2,2.911,0,0.953,4.26
2020,11,16,6,7.80833333333333,6.895,0.14,3.043,0,0.92,4.54
2020,11,16,9,7.70833333333333,7.155,0.741,3.204,49.432,0.909,5.14
2020,11,16,12,8.525,8.414,0.996,3.36,337.909,0.853,4.93
2020,11,16,15,8.58333333333333,8.406,0.219,3.154,294.959,0.857,5.27
2020,11,16,18,8.45,7.915,0,2.733,20.194,0.926,6.58
2020,11,16,21,8.475,8.168,0.01,2.545,0,0.933,7.08
2020,11,17,0,8.31666666666667,8.017,0,2.49,0,0.916,6.41
2020,11,17,3,8.2,7.506,0,2.364,0,0.913,5.77
2020,11,17,6,8.15833333333333,6.979,0,2.274,0,0.896,5.5
2020,11,17,9,8.15833333333333,7.225,0,2.719,32.547,0.905,5.38
2020,11,17,12,8.375,8.275,0,3.407,219.945,0.868,5.25
2020,11,17,15,8.54166666666667,8.733,0,3.053,169.595,0.862,5.25
2020,11,17,18,8.66666666666667,8.421,0,2.542,15.09,0.878,5.19
2020,11,17,21,8.6,7.931,0,2.243,0,0.896,4.78
2020,11,18,0,8.63333333333333,7.334,0,2.095,0,0.925,4.76
2020,11,18,3,8.6,7.025,0,1.469,0,0.963,4.74
2020,11,18,6,8.6,6.876,0,1.504,0,0.975,4.74
2020,11,18,9,8.6,6.948,0,2.334,92.85,0.947,4.58
2020,11,18,12,8.78333333333333,10.099,0,2.769,760.332,0.752,4.72
2020,11,18,15,8.8,11.125,0,2.43,695.512,0.685,4.74
2020,11,18,18,8.8,6.925,0,1.819,63.447,0.84,4.66
2020,11,18,21,8.75833333333333,6.79,0,2.358,0,0.816,4.74
2020,11,19,0,8.58333333333333,6.047,0.214,2.465,0,0.841,4.6
2020,11,19,3,8.35833333333333,5.352,1.034,3.371,0,0.876,4.44
2020,11,19,6,8.20833333333333,6.597,0.318,2.788,0,0.846,4.34
2020,11,19,9,8.2,7.118,0.163,2.806,29.68,0.926,4.38
2020,11,19,12,8.21666666666667,7.043,0.065,2.652,195.838,0.868,4.5
2020,11,19,15,8.3,6.715,0.982,2.645,216.77,0.785,4.72
2020,11,19,18,8.39166666666667,5.818,0.193,2.721,14.565,0.869,4.48
2020,11,19,21,8.45,5.464,0,2.7,0,0.91,4.5
2020,11,20,0,8.26666666666667,2.205,0.032,2.493,0,0.951,4.54
2020,11,20,3,7.86666666666667,1.788,0.019,2.278,0,0.935,4.62
2020,11,20,6,7.44166666666667,-0.267,0,1.604,0,0.961,4.82
2020,11,20,9,7.23333333333333,0.629,0.054,1.722,38.87,0.943,4.74
2020,11,20,12,7.09166666666667,2.989,0.007,2.322,308.121,0.82,4.82
2020,11,20,15,7.075,2.801,0,2.736,275.2,0.856,4.89
2020,11,20,18,7.19166666666667,1.608,0,1.505,19.73,0.944,4.95
2020,11,20,21,7.125,0.449,0,0.956,0,0.959,4.74
2020,11,21,0,6.88333333333333,-0.87,0,1.095,0,0.963,4.91
2020,11,21,3,6.69166666666667,-1.48,0,1.713,0,0.967,4.42
2020,11,21,6,6.53333333333333,-1.079,0,2.249,0,0.955,4.26
2020,11,21,9,6.39166666666667,-0.695,0,2.337,33.981,0.931,4.34
2020,11,21,12,6.49166666666667,1.377,0,2.845,306.448,0.836,4.44
2020,11,21,15,6.40833333333333,2.22,0,2.913,339.796,0.752,4.56
2020,11,21,18,6.26666666666667,0.274,0,2.183,68.731,0.84,4.6
2020,11,21,21,6.13333333333333,0.166,0,2.06,0,0.833,4.38
2020,11,22,0,5.875,-0.241,0,2.23,0,0.887,4.28
2020,11,22,3,5.65,0.327,0,2.072,0,0.877,4.26
2020,11,22,6,5.45833333333333,0.717,0,1.84,0,0.85,4.26
2020,11,22,9,5.39166666666667,0.991,0.116,2.533,29.288,0.881,4.26
2020,11,22,12,5.38333333333333,3.289,0.073,1.928,220.454,0.847,4.26
2020,11,22,15,5.43333333333333,4.046,0.037,2.47,172.63,0.886,4.38
2020,11,22,18,5.53333333333333,3.156,0.207,1.871,15.229,0.938,4.26
2020,11,22,21,5.6,3.432,0.277,1.811,0,0.946,4.3
2020,11,23,0,5.59166666666667,3.33,0.267,1.294,0,0.952,4.18
2020,11,23,3,5.53333333333333,3.431,0.122,1.731,0,0.957,4.16
2020,11,23,6,5.55833333333333,3.907,0,1.687,0,0.967,4.03
2020,11,23,9,5.5,4.026,0,1.382,36.446,0.971,4.22
2020,11,23,12,5.69166666666667,4.94,0.007,2.159,241.36,0.849,4.42
2020,11,23,15,5.775,4.685,0.007,1.444,597.332,0.807,4.74
2020,11,23,18,5.63333333333333,1.371,0,1.058,40.064,0.924,4.56
2020,11,23,21,5.56666666666667,-0.019,0,1.375,0,0.955,4.48
2020,11,24,0,5.48333333333333,0.617,0,1.819,0,0.981,4.36
2020,11,24,3,5.31666666666667,0.93,0,1.758,0,0.98,4.26
2020,11,24,6,5.26666666666667,0.408,0,1.895,0,0.986,4.28
2020,11,24,9,5.2,0.234,0,1.819,24.366,0.976,4.5
2020,11,24,12,5.34166666666667,1.833,0,2.297,169.94,0.942,4.58
2020,11,24,15,5.4,2.037,0,2.037,151.54,0.938,4.54
2020,11,24,18,5.50833333333333,0.987,0,1.969,10.876,0.97,4.48
2020,11,24,21,5.54166666666667,0.613,0,1.901,0,0.974,4.38
2020,11,25,0,5.5,0.802,0,2.167,0,0.954,4.4
2020,11,25,3,5.41666666666667,0.272,0,2.124,0,0.965,4.11
2020,11,25,6,5.35833333333333,-0.303,0,1.875,0,0.973,4.01
2020,11,25,9,5.275,-0.396,0,2.433,22.921,0.967,4.13
2020,11,25,12,5.2,1.559,0,2.355,166.558,0.923,4.46
2020,11,25,15,5.25,1.758,0,2.546,159.204,0.918,4.46
2020,11,25,18,5.3,0.611,0,2.16,12.009,0.953,4.26
2020,11,25,21,5.3,0.042,0,2.176,0,0.968,4.24
2020,11,26,0,5.25,-1.127,0,1.826,0,0.968,4.07
2020,11,26,3,5.13333333333333,-1.227,0,2.083,0,0.969,3.96
2020,11,26,6,5.03333333333333,-1.057,0,1.872,0,0.965,4.03
2020,11,26,9,4.96666666666667,-1,0,2.067,23.194,0.955,4.05
2020,11,26,12,4.9,1.393,0,2.018,235.343,0.902,4.26
2020,11,26,15,4.9,1.764,0,1.756,213.981,0.911,4.34
2020,11,26,18,4.95833333333333,0.696,0,2.03,15.019,0.963,4.3
2020,11,26,21,5,0.101,0,1.779,0,0.981,4.26
2020,11,27,0,4.975,-1.06,0,1.573,0,0.977,3.88
2020,11,27,3,4.73333333333333,-1.068,0,1.274,0,0.966,3.79
2020,11,27,6,4.60833333333333,0.411,0,1.875,0,0.948,4.03
2020,11,27,9,4.51666666666667,0.843,0,1.628,22.153,0.947,4.05
2020,11,27,12,4.54166666666667,2.556,0,1.525,168.611,0.9,4.24
2020,11,27,15,4.525,3.471,0,1.539,173.077,0.856,4.26
2020,11,27,18,4.58333333333333,1.046,0,0.957,12.736,0.961,4.13
2020,11,27,21,4.7,0.43,0,0.714,0,0.949,4.05
2020,11,28,0,4.50833333333333,-0.249,0,0.962,0,0.936,4.03
2020,11,28,3,4.33333333333333,-1.13,0,0.799,0,0.886,4.03
2020,11,28,6,4.21666666666667,-1.549,0,0.713,0,0.877,3.87
2020,11,28,9,4.1,-1.207,0,0.998,22.28,0.931,3.79
2020,11,28,12,4.1,0.412,0,1.549,200.748,0.953,4.07
2020,11,28,15,4.1,0.552,0,1.907,206.138,0.947,4.02
2020,11,28,18,4.11666666666667,-0.703,0,2.358,10.545,0.96,3.89
2020,11,28,21,4.2,-0.919,0,2.421,0,0.916,4.26
2020,11,29,0,4.10833333333333,-1.555,0,1.749,0,0.901,3.8
2020,11,29,3,4.025,-1.671,0,1.509,0,0.863,3.76
2020,11,29,6,4,-1.071,0,1.664,0,0.846,4.16
2020,11,29,9,3.95,-0.601,0,1.799,22.419,0.836,4.05
2020,11,29,12,4,0.346,0,1.665,180.307,0.778,4.09
2020,11,29,15,4,0.539,0,1.496,198.003,0.77,4.11
2020,11,29,18,3.85,-0.939,0,1.176,10.016,0.846,3.67
2020,11,29,21,3.88333333333333,-1.74,0,1.034,0,0.867,3.62
2020,11,30,0,3.76666666666667,-1.84,0,1.001,0,0.883,3.9
2020,11,30,3,3.50833333333333,-2.16,0,0.791,0,0.886,4.03
2020,11,30,6,3.24166666666667,-3.711,0,0.881,0,0.908,4.01
2020,11,30,9,3.025,-3.751,0,1.289,41.137,0.916,3.94
2020,11,30,12,3.15833333333333,0.36,0.054,2.326,638.71,0.761,3.88
2020,11,30,15,3.05833333333333,0.381,0,2.615,594.006,0.774,3.96
2020,11,30,18,3.06666666666667,-1.381,0.596,2.541,36.367,0.849,4.13
2020,11,30,21,3.1,-1.475,1.308,3.317,0,0.863,3.98
NA,NA,NA,NA,3.08333333333333,NA,NA,NA,NA,NA,NA
NA,NA,NA,NA,2.75833333333333,NA,NA,NA,NA,NA,NA
NA,NA,NA,NA,2.7,NA,NA,NA,NA,NA,NA
NA,NA,NA,NA,2.6,NA,NA,NA,NA,NA,NA
NA,NA,NA,NA,2.725,NA,NA,NA,NA,NA,NA
NA,NA,NA,NA,2.65,NA,NA,NA,NA,NA,NA
NA,NA,NA,NA,2.75,NA,NA,NA,NA,NA,NA
NA,NA,NA,NA,2.85,NA,NA,NA,NA,NA,NA
NA,NA,NA,NA,2.84166666666667,NA,NA,NA,NA,NA,NA
NA,NA,NA,NA,2.7,NA,NA,NA,NA,NA,NA
NA,NA,NA,NA,2.65,NA,NA,NA,NA,NA,NA
NA,NA,NA,NA,2.6,NA,NA,NA,NA,NA,NA
NA,NA,NA,NA,2.55,NA,NA,NA,NA,NA,NA
NA,NA,NA,NA,2.5,NA,NA,NA,NA,NA,NA
NA,NA,NA,NA,2.56666666666667,NA,NA,NA,NA,NA,NA
NA,NA,NA,NA,2.53333333333333,NA,NA,NA,NA,NA,NA
NA,NA,NA,NA,2.58333333333333,NA,NA,NA,NA,NA,NA
NA,NA,NA,NA,2.6,NA,NA,NA,NA,NA,NA
NA,NA,NA,NA,2.525,NA,NA,NA,NA,NA,NA
NA,NA,NA,NA,2.5,NA,NA,NA,NA,NA,NA
NA,NA,NA,NA,2.5,NA,NA,NA,NA,NA,NA
NA,NA,NA,NA,2.5,NA,NA,NA,NA,NA,NA
NA,NA,NA,NA,2.55,NA,NA,NA,NA,NA,NA
NA,NA,NA,NA,2.6,NA,NA,NA,NA,NA,NA
NA,NA,NA,NA,2.5,NA,NA,NA,NA,NA,NA
NA,NA,NA,NA,2.40833333333333,NA,NA,NA,NA,NA,NA
NA,NA,NA,NA,2.325,NA,NA,NA,NA,NA,NA
NA,NA,NA,NA,2.33333333333333,NA,NA,NA,NA,NA,NA
NA,NA,NA,NA,2.54166666666667,NA,NA,NA,NA,NA,NA
NA,NA,NA,NA,2.49166666666667,NA,NA,NA,NA,NA,NA
NA,NA,NA,NA,2.51666666666667,NA,NA,NA,NA,NA,NA
NA,NA,NA,NA,2.68333333333333,NA,NA,NA,NA,NA,NA
NA,NA,NA,NA,2.85833333333333,NA,NA,NA,NA,NA,NA
NA,NA,NA,NA,2.65,NA,NA,NA,NA,NA,NA
NA,NA,NA,NA,2.40833333333333,NA,NA,NA,NA,NA,NA
NA,NA,NA,NA,2.4,NA,NA,NA,NA,NA,NA
NA,NA,NA,NA,2.4,NA,NA,NA,NA,NA,NA
NA,NA,NA,NA,2.4,NA,NA,NA,NA,NA,NA
NA,NA,NA,NA,2.475,NA,NA,NA,NA,NA,NA
NA,NA,NA,NA,2.7,NA,NA,NA,NA,NA,NA
NA,NA,NA,NA,2.7,NA,NA,NA,NA,NA,NA
NA,NA,NA,NA,2.76666666666667,NA,NA,NA,NA,NA,NA
NA,NA,NA,NA,2.7,NA,NA,NA,NA,NA,NA
NA,NA,NA,NA,2.68333333333333,NA,NA,NA,NA,NA,NA
NA,NA,NA,NA,2.76666666666667,NA,NA,NA,NA,NA,NA
NA,NA,NA,NA,2.8,NA,NA,NA,NA,NA,NA
NA,NA,NA,NA,2.85,NA,NA,NA,NA,NA,NA
NA,NA,NA,NA,3.125,NA,NA,NA,NA,NA,NA
NA,NA,NA,NA,3.2,NA,NA,NA,NA,NA,NA
NA,NA,NA,NA,3.23333333333333,NA,NA,NA,NA,NA,NA
NA,NA,NA,NA,3.34166666666667,NA,NA,NA,NA,NA,NA
NA,NA,NA,NA,3.4,NA,NA,NA,NA,NA,NA
NA,NA,NA,NA,3.45,NA,NA,NA,NA,NA,NA
NA,NA,NA,NA,3.5,NA,NA,NA,NA,NA,NA
NA,NA,NA,NA,3.65833333333333,NA,NA,NA,NA,NA,NA
NA,NA,NA,NA,3.8,NA,NA,NA,NA,NA,NA
NA,NA,NA,NA,3.825,NA,NA,NA,NA,NA,NA
NA,NA,NA,NA,3.80833333333333,NA,NA,NA,NA,NA,NA
NA,NA,NA,NA,3.7,NA,NA,NA,NA,NA,NA
NA,NA,NA,NA,3.59166666666667,NA,NA,NA,NA,NA,NA
NA,NA,NA,NA,3.69166666666667,NA,NA,NA,NA,NA,NA
NA,NA,NA,NA,3.65833333333333,NA,NA,NA,NA,NA,NA
NA,NA,NA,NA,3.675,NA,NA,NA,NA,NA,NA
NA,NA,NA,NA,3.8,NA,NA,NA,NA,NA,NA
NA,NA,NA,NA,3.8,NA,NA,NA,NA,NA,NA
NA,NA,NA,NA,3.8,NA,NA,NA,NA,NA,NA
NA,NA,NA,NA,3.8,NA,NA,NA,NA,NA,NA
NA,NA,NA,NA,3.88333333333333,NA,NA,NA,NA,NA,NA
NA,NA,NA,NA,3.93333333333333,NA,NA,NA,NA,NA,NA
NA,NA,NA,NA,4.06666666666667,NA,NA,NA,NA,NA,NA
NA,NA,NA,NA,4.13333333333333,NA,NA,NA,NA,NA,NA
NA,NA,NA,NA,4.18333333333333,NA,NA,NA,NA,NA,NA
NA,NA,NA,NA,4.33333333333333,NA,NA,NA,NA,NA,NA
NA,NA,NA,NA,4.54166666666667,NA,NA,NA,NA,NA,NA
NA,NA,NA,NA,4.65,NA,NA,NA,NA,NA,NA
NA,NA,NA,NA,4.65,NA,NA,NA,NA,NA,NA
NA,NA,NA,NA,4.43333333333333,NA,NA,NA,NA,NA,NA
NA,NA,NA,NA,4.35,NA,NA,NA,NA,NA,NA
NA,NA,NA,NA,4.4,NA,NA,NA,NA,NA,NA
NA,NA,NA,NA,4.5,NA,NA,NA,NA,NA,NA
NA,NA,NA,NA,4.49166666666667,NA,NA,NA,NA,NA,NA
NA,NA,NA,NA,4.45833333333333,NA,NA,NA,NA,NA,NA
NA,NA,NA,NA,4.49166666666667,NA,NA,NA,NA,NA,NA
NA,NA,NA,NA,4.425,NA,NA,NA,NA,NA,NA
NA,NA,NA,NA,4.4,NA,NA,NA,NA,NA,NA
NA,NA,NA,NA,4.49166666666667,NA,NA,NA,NA,NA,NA
NA,NA,NA,NA,4.55833333333333,NA,NA,NA,NA,NA,NA
NA,NA,NA,NA,4.575,NA,NA,NA,NA,NA,NA
NA,NA,NA,NA,4.5,NA,NA,NA,NA,NA,NA
NA,NA,NA,NA,4.43333333333333,NA,NA,NA,NA,NA,NA
NA,NA,NA,NA,4.36666666666667,NA,NA,NA,NA,NA,NA
NA,NA,NA,NA,4.35,NA,NA,NA,NA,NA,NA
NA,NA,NA,NA,4.40833333333333,NA,NA,NA,NA,NA,NA
NA,NA,NA,NA,4.45,NA,NA,NA,NA,NA,NA
NA,NA,NA,NA,4.50833333333333,NA,NA,NA,NA,NA,NA
NA,NA,NA,NA,4.6,NA,NA,NA,NA,NA,NA
NA,NA,NA,NA,4.525,NA,NA,NA,NA,NA,NA
NA,NA,NA,NA,4.40833333333333,NA,NA,NA,NA,NA,NA
NA,NA,NA,NA,4.4,NA,NA,NA,NA,NA,NA
NA,NA,NA,NA,4.4,NA,NA,NA,NA,NA,NA
NA,NA,NA,NA,4.4,NA,NA,NA,NA,NA,NA
NA,NA,NA,NA,4.41666666666667,NA,NA,NA,NA,NA,NA
NA,NA,NA,NA,4.53333333333333,NA,NA,NA,NA,NA,NA
NA,NA,NA,NA,4.675,NA,NA,NA,NA,NA,NA
NA,NA,NA,NA,4.675,NA,NA,NA,NA,NA,NA
NA,NA,NA,NA,4.55833333333333,NA,NA,NA,NA,NA,NA
NA,NA,NA,NA,4.525,NA,NA,NA,NA,NA,NA
NA,NA,NA,NA,4.6,NA,NA,NA,NA,NA,NA
NA,NA,NA,NA,4.71666666666667,NA,NA,NA,NA,NA,NA
NA,NA,NA,NA,4.80833333333333,NA,NA,NA,NA,NA,NA
NA,NA,NA,NA,4.9,NA,NA,NA,NA,NA,NA
NA,NA,NA,NA,4.85833333333333,NA,NA,NA,NA,NA,NA
NA,NA,NA,NA,4.88333333333333,NA,NA,NA,NA,NA,NA
NA,NA,NA,NA,4.75,NA,NA,NA,NA,NA,NA
NA,NA,NA,NA,4.7,NA,NA,NA,NA,NA,NA
NA,NA,NA,NA,4.725,NA,NA,NA,NA,NA,NA
NA,NA,NA,NA,4.85833333333333,NA,NA,NA,NA,NA,NA
NA,NA,NA,NA,4.875,NA,NA,NA,NA,NA,NA
NA,NA,NA,NA,4.95833333333333,NA,NA,NA,NA,NA,NA
NA,NA,NA,NA,5.1,NA,NA,NA,NA,NA,NA
NA,NA,NA,NA,5.1,NA,NA,NA,NA,NA,NA
NA,NA,NA,NA,5.1,NA,NA,NA,NA,NA,NA
NA,NA,NA,NA,5.1,NA,NA,NA,NA,NA,NA
NA,NA,NA,NA,5.16666666666667,NA,NA,NA,NA,NA,NA
NA,NA,NA,NA,5.36666666666667,NA,NA,NA,NA,NA,NA
NA,NA,NA,NA,5.35,NA,NA,NA,NA,NA,NA
NA,NA,NA,NA,5.48333333333333,NA,NA,NA,NA,NA,NA
NA,NA,NA,NA,5.6,NA,NA,NA,NA,NA,NA
NA,NA,NA,NA,5.6,NA,NA,NA,NA,NA,NA
NA,NA,NA,NA,5.6,NA,NA,NA,NA,NA,NA
NA,NA,NA,NA,5.5,NA,NA,NA,NA,NA,NA
NA,NA,NA,NA,5.5,NA,NA,NA,NA,NA,NA
NA,NA,NA,NA,5.41666666666667,NA,NA,NA,NA,NA,NA
NA,NA,NA,NA,5.425,NA,NA,NA,NA,NA,NA
NA,NA,NA,NA,5.50833333333333,NA,NA,NA,NA,NA,NA
NA,NA,NA,NA,5.58333333333333,NA,NA,NA,NA,NA,NA
NA,NA,NA,NA,5.6,NA,NA,NA,NA,NA,NA
NA,NA,NA,NA,5.6,NA,NA,NA,NA,NA,NA
NA,NA,NA,NA,5.53333333333333,NA,NA,NA,NA,NA,NA
NA,NA,NA,NA,5.6,NA,NA,NA,NA,NA,NA
NA,NA,NA,NA,5.64166666666667,NA,NA,NA,NA,NA,NA
NA,NA,NA,NA,5.66666666666667,NA,NA,NA,NA,NA,NA
NA,NA,NA,NA,5.65,NA,NA,NA,NA,NA,NA
NA,NA,NA,NA,5.7,NA,NA,NA,NA,NA,NA
NA,NA,NA,NA,5.68333333333333,NA,NA,NA,NA,NA,NA
NA,NA,NA,NA,5.6,NA,NA,NA,NA,NA,NA
NA,NA,NA,NA,5.6,NA,NA,NA,NA,NA,NA
NA,NA,NA,NA,5.5,NA,NA,NA,NA,NA,NA
NA,NA,NA,NA,5.5,NA,NA,NA,NA,NA,NA
NA,NA,NA,NA,5.43333333333333,NA,NA,NA,NA,NA,NA
NA,NA,NA,NA,5.4,NA,NA,NA,NA,NA,NA
NA,NA,NA,NA,5.39166666666667,NA,NA,NA,NA,NA,NA
NA,NA,NA,NA,5.28333333333333,NA,NA,NA,NA,NA,NA
NA,NA,NA,NA,5.19166666666667,NA,NA,NA,NA,NA,NA
NA,NA,NA,NA,5.09166666666667,NA,NA,NA,NA,NA,NA
NA,NA,NA,NA,4.95833333333333,NA,NA,NA,NA,NA,NA
NA,NA,NA,NA,4.96666666666667,NA,NA,NA,NA,NA,NA
NA,NA,NA,NA,4.9,NA,NA,NA,NA,NA,NA
NA,NA,NA,NA,4.8,NA,NA,NA,NA,NA,NA
NA,NA,NA,NA,4.95,NA,NA,NA,NA,NA,NA
NA,NA,NA,NA,4.83333333333333,NA,NA,NA,NA,NA,NA
NA,NA,NA,NA,4.7,NA,NA,NA,NA,NA,NA
NA,NA,NA,NA,4.7,NA,NA,NA,NA,NA,NA
NA,NA,NA,NA,4.81666666666667,NA,NA,NA,NA,NA,NA
NA,NA,NA,NA,4.90833333333333,NA,NA,NA,NA,NA,NA
NA,NA,NA,NA,4.7,NA,NA,NA,NA,NA,NA
NA,NA,NA,NA,4.7,NA,NA,NA,NA,NA,NA
NA,NA,NA,NA,4.675,NA,NA,NA,NA,NA,NA
NA,NA,NA,NA,4.6,NA,NA,NA,NA,NA,NA
NA,NA,NA,NA,4.7,NA,NA,NA,NA,NA,NA
NA,NA,NA,NA,4.75,NA,NA,NA,NA,NA,NA
NA,NA,NA,NA,5.25833333333333,NA,NA,NA,NA,NA,NA
NA,NA,NA,NA,6.20833333333333,NA,NA,NA,NA,NA,NA
NA,NA,NA,NA,6.08333333333333,NA,NA,NA,NA,NA,NA
NA,NA,NA,NA,5.925,NA,NA,NA,NA,NA,NA
NA,NA,NA,NA,6.075,NA,NA,NA,NA,NA,NA
NA,NA,NA,NA,6.1,NA,NA,NA,NA,NA,NA
NA,NA,NA,NA,6.25833333333333,NA,NA,NA,NA,NA,NA
NA,NA,NA,NA,6.54166666666667,NA,NA,NA,NA,NA,NA
NA,NA,NA,NA,6.95833333333333,NA,NA,NA,NA,NA,NA
NA,NA,NA,NA,7.31666666666667,NA,NA,NA,NA,NA,NA
NA,NA,NA,NA,7.55,NA,NA,NA,NA,NA,NA
NA,NA,NA,NA,7.88333333333333,NA,NA,NA,NA,NA,NA
NA,NA,NA,NA,7.94166666666667,NA,NA,NA,NA,NA,NA
NA,NA,NA,NA,8.18333333333333,NA,NA,NA,NA,NA,NA
NA,NA,NA,NA,8.24166666666667,NA,NA,NA,NA,NA,NA
NA,NA,NA,NA,8.2,NA,NA,NA,NA,NA,NA
NA,NA,NA,NA,8.1,NA,NA,NA,NA,NA,NA
NA,NA,NA,NA,8.03333333333333,NA,NA,NA,NA,NA,NA
NA,NA,NA,NA,7.98333333333333,NA,NA,NA,NA,NA,NA
NA,NA,NA,NA,7.775,NA,NA,NA,NA,NA,NA
NA,NA,NA,NA,7.51666666666667,NA,NA,NA,NA,NA,NA
NA,NA,NA,NA,7.33333333333333,NA,NA,NA,NA,NA,NA
NA,NA,NA,NA,7.09166666666667,NA,NA,NA,NA,NA,NA
NA,NA,NA,NA,6.81666666666667,NA,NA,NA,NA,NA,NA
NA,NA,NA,NA,6.6,NA,NA,NA,NA,NA,NA
NA,NA,NA,NA,6.45833333333333,NA,NA,NA,NA,NA,NA
NA,NA,NA,NA,6.38333333333333,NA,NA,NA,NA,NA,NA
NA,NA,NA,NA,6.225,NA,NA,NA,NA,NA,NA
NA,NA,NA,NA,5.975,NA,NA,NA,NA,NA,NA
NA,NA,NA,NA,5.71666666666667,NA,NA,NA,NA,NA,NA
NA,NA,NA,NA,5.45833333333333,NA,NA,NA,NA,NA,NA
NA,NA,NA,NA,5.14166666666667,NA,NA,NA,NA,NA,NA
NA,NA,NA,NA,4.85,NA,NA,NA,NA,NA,NA
NA,NA,NA,NA,4.84166666666667,NA,NA,NA,NA,NA,NA
NA,NA,NA,NA,4.80833333333333,NA,NA,NA,NA,NA,NA
NA,NA,NA,NA,4.65833333333333,NA,NA,NA,NA,NA,NA
NA,NA,NA,NA,4.46666666666667,NA,NA,NA,NA,NA,NA
NA,NA,NA,NA,4.325,NA,NA,NA,NA,NA,NA
NA,NA,NA,NA,4.15833333333333,NA,NA,NA,NA,NA,NA
NA,NA,NA,NA,3.96666666666667,NA,NA,NA,NA,NA,NA
NA,NA,NA,NA,3.78333333333333,NA,NA,NA,NA,NA,NA
NA,NA,NA,NA,3.7,NA,NA,NA,NA,NA,NA
NA,NA,NA,NA,3.625,NA,NA,NA,NA,NA,NA
NA,NA,NA,NA,3.475,NA,NA,NA,NA,NA,NA
NA,NA,NA,NA,3.25,NA,NA,NA,NA,NA,NA
NA,NA,NA,NA,3.1,NA,NA,NA,NA,NA,NA
NA,NA,NA,NA,3,NA,NA,NA,NA,NA,NA
NA,NA,NA,NA,2.93333333333333,NA,NA,NA,NA,NA,NA
NA,NA,NA,NA,2.80833333333333,NA,NA,NA,NA,NA,NA
NA,NA,NA,NA,2.94166666666667,NA,NA,NA,NA,NA,NA
NA,NA,NA,NA,3.06666666666667,NA,NA,NA,NA,NA,NA
NA,NA,NA,NA,3.10833333333333,NA,NA,NA,NA,NA,NA
NA,NA,NA,NA,3.15833333333333,NA,NA,NA,NA,NA,NA
NA,NA,NA,NA,3.18333333333333,NA,NA,NA,NA,NA,NA
NA,NA,NA,NA,3.2,NA,NA,NA,NA,NA,NA
NA,NA,NA,NA,3.25,NA,NA,NA,NA,NA,NA
NA,NA,NA,NA,3.28333333333333,NA,NA,NA,NA,NA,NA
NA,NA,NA,NA,3.425,NA,NA,NA,NA,NA,NA
NA,NA,NA,NA,3.70833333333333,NA,NA,NA,NA,NA,NA
NA,NA,NA,NA,3.65,NA,NA,NA,NA,NA,NA
NA,NA,NA,NA,3.64166666666667,NA,NA,NA,NA,NA,NA
NA,NA,NA,NA,3.55833333333333,NA,NA,NA,NA,NA,NA
NA,NA,NA,NA,3.41666666666667,NA,NA,NA,NA,NA,NA
NA,NA,NA,NA,3.30833333333333,NA,NA,NA,NA,NA,NA
NA,NA,NA,NA,3.3,NA,NA,NA,NA,NA,NA
NA,NA,NA,NA,3.40833333333333,NA,NA,NA,NA,NA,NA
NA,NA,NA,NA,3.63333333333333,NA,NA,NA,NA,NA,NA
NA,NA,NA,NA,3.7,NA,NA,NA,NA,NA,NA
NA,NA,NA,NA,3.7,NA,NA,NA,NA,NA,NA
NA,NA,NA,NA,3.6,NA,NA,NA,NA,NA,NA
NA,NA,NA,NA,3.6,NA,NA,NA,NA,NA,NA
NA,NA,NA,NA,3.53333333333333,NA,NA,NA,NA,NA,NA
NA,NA,NA,NA,3.48333333333333,NA,NA,NA,NA,NA,NA
NA,NA,NA,NA,3.58333333333333,NA,NA,NA,NA,NA,NA
NA,NA,NA,NA,3.73333333333333,NA,NA,NA,NA,NA,NA
NA,NA,NA,NA,3.80833333333333,NA,NA,NA,NA,NA,NA
NA,NA,NA,NA,3.8,NA,NA,NA,NA,NA,NA
NA,NA,NA,NA,3.675,NA,NA,NA,NA,NA,NA
NA,NA,NA,NA,3.64166666666667,NA,NA,NA,NA,NA,NA
NA,NA,NA,NA,3.69166666666667,NA,NA,NA,NA,NA,NA
NA,NA,NA,NA,3.7,NA,NA,NA,NA,NA,NA
NA,NA,NA,NA,3.775,NA,NA,NA,NA,NA,NA
NA,NA,NA,NA,3.91666666666667,NA,NA,NA,NA,NA,NA
NA,NA,NA,NA,3.94166666666667,NA,NA,NA,NA,NA,NA
NA,NA,NA,NA,3.95,NA,NA,NA,NA,NA,NA
NA,NA,NA,NA,3.875,NA,NA,NA,NA,NA,NA
NA,NA,NA,NA,3.8,NA,NA,NA,NA,NA,NA
NA,NA,NA,NA,3.76666666666667,NA,NA,NA,NA,NA,NA
NA,NA,NA,NA,3.7,NA,NA,NA,NA,NA,NA
NA,NA,NA,NA,3.78333333333333,NA,NA,NA,NA,NA,NA
NA,NA,NA,NA,3.8,NA,NA,NA,NA,NA,NA
NA,NA,NA,NA,3.825,NA,NA,NA,NA,NA,NA
NA,NA,NA,NA,3.74166666666667,NA,NA,NA,NA,NA,NA
NA,NA,NA,NA,3.65,NA,NA,NA,NA,NA,NA
NA,NA,NA,NA,3.575,NA,NA,NA,NA,NA,NA
NA,NA,NA,NA,3.475,NA,NA,NA,NA,NA,NA
NA,NA,NA,NA,3.4,NA,NA,NA,NA,NA,NA
NA,NA,NA,NA,3.43333333333333,NA,NA,NA,NA,NA,NA
NA,NA,NA,NA,3.5,NA,NA,NA,NA,NA,NA
NA,NA,NA,NA,3.58333333333333,NA,NA,NA,NA,NA,NA
NA,NA,NA,NA,3.6,NA,NA,NA,NA,NA,NA
NA,NA,NA,NA,3.59166666666667,NA,NA,NA,NA,NA,NA
NA,NA,NA,NA,3.5,NA,NA,NA,NA,NA,NA
NA,NA,NA,NA,3.5,NA,NA,NA,NA,NA,NA
NA,NA,NA,NA,3.475,NA,NA,NA,NA,NA,NA
NA,NA,NA,NA,3.5,NA,NA,NA,NA,NA,NA
NA,NA,NA,NA,3.56666666666667,NA,NA,NA,NA,NA,NA
NA,NA,NA,NA,3.6,NA,NA,NA,NA,NA,NA
NA,NA,NA,NA,3.6,NA,NA,NA,NA,NA,NA
NA,NA,NA,NA,3.59166666666667,NA,NA,NA,NA,NA,NA
NA,NA,NA,NA,3.5,NA,NA,NA,NA,NA,NA
NA,NA,NA,NA,3.5,NA,NA,NA,NA,NA,NA
NA,NA,NA,NA,3.5,NA,NA,NA,NA,NA,NA
NA,NA,NA,NA,3.48333333333333,NA,NA,NA,NA,NA,NA
NA,NA,NA,NA,3.5,NA,NA,NA,NA,NA,NA
NA,NA,NA,NA,3.5,NA,NA,NA,NA,NA,NA
NA,NA,NA,NA,3.63333333333333,NA,NA,NA,NA,NA,NA
NA,NA,NA,NA,3.53333333333333,NA,NA,NA,NA,NA,NA
NA,NA,NA,NA,3.40833333333333,NA,NA,NA,NA,NA,NA
NA,NA,NA,NA,3.31666666666667,NA,NA,NA,NA,NA,NA
NA,NA,NA,NA,3.3,NA,NA,NA,NA,NA,NA
NA,NA,NA,NA,3.30833333333333,NA,NA,NA,NA,NA,NA
NA,NA,NA,NA,3.4,NA,NA,NA,NA,NA,NA
NA,NA,NA,NA,3.425,NA,NA,NA,NA,NA,NA
NA,NA,NA,NA,3.5,NA,NA,NA,NA,NA,NA
NA,NA,NA,NA,3.43333333333333,NA,NA,NA,NA,NA,NA
NA,NA,NA,NA,3.36666666666667,NA,NA,NA,NA,NA,NA
NA,NA,NA,NA,3.3,NA,NA,NA,NA,NA,NA
NA,NA,NA,NA,3.3,NA,NA,NA,NA,NA,NA
NA,NA,NA,NA,3.3,NA,NA,NA,NA,NA,NA
NA,NA,NA,NA,3.4,NA,NA,NA,NA,NA,NA
NA,NA,NA,NA,3.4,NA,NA,NA,NA,NA,NA
NA,NA,NA,NA,3.33333333333333,NA,NA,NA,NA,NA,NA
NA,NA,NA,NA,3.3,NA,NA,NA,NA,NA,NA
NA,NA,NA,NA,3.24166666666667,NA,NA,NA,NA,NA,NA
NA,NA,NA,NA,3.2,NA,NA,NA,NA,NA,NA
NA,NA,NA,NA,3.16666666666667,NA,NA,NA,NA,NA,NA
NA,NA,NA,NA,3.225,NA,NA,NA,NA,NA,NA
NA,NA,NA,NA,3.21666666666667,NA,NA,NA,NA,NA,NA
NA,NA,NA,NA,3.3,NA,NA,NA,NA,NA,NA
NA,NA,NA,NA,3.29166666666667,NA,NA,NA,NA,NA,NA
NA,NA,NA,NA,3.125,NA,NA,NA,NA,NA,NA
NA,NA,NA,NA,3.025,NA,NA,NA,NA,NA,NA
NA,NA,NA,NA,2.9,NA,NA,NA,NA,NA,NA
NA,NA,NA,NA,2.85833333333333,NA,NA,NA,NA,NA,NA
NA,NA,NA,NA,2.9,NA,NA,NA,NA,NA,NA
NA,NA,NA,NA,2.9,NA,NA,NA,NA,NA,NA
NA,NA,NA,NA,2.9,NA,NA,NA,NA,NA,NA
NA,NA,NA,NA,2.9,NA,NA,NA,NA,NA,NA
NA,NA,NA,NA,2.85,NA,NA,NA,NA,NA,NA
NA,NA,NA,NA,2.75833333333333,NA,NA,NA,NA,NA,NA
NA,NA,NA,NA,2.65833333333333,NA,NA,NA,NA,NA,NA
NA,NA,NA,NA,2.6,NA,NA,NA,NA,NA,NA
NA,NA,NA,NA,2.71666666666667,NA,NA,NA,NA,NA,NA
NA,NA,NA,NA,2.7,NA,NA,NA,NA,NA,NA
NA,NA,NA,NA,2.64166666666667,NA,NA,NA,NA,NA,NA
NA,NA,NA,NA,2.59166666666667,NA,NA,NA,NA,NA,NA
NA,NA,NA,NA,2.40833333333333,NA,NA,NA,NA,NA,NA
NA,NA,NA,NA,2.21666666666667,NA,NA,NA,NA,NA,NA
NA,NA,NA,NA,2.01666666666667,NA,NA,NA,NA,NA,NA
NA,NA,NA,NA,1.83333333333333,NA,NA,NA,NA,NA,NA
NA,NA,NA,NA,1.8,NA,NA,NA,NA,NA,NA
NA,NA,NA,NA,1.75,NA,NA,NA,NA,NA,NA
NA,NA,NA,NA,1.7,NA,NA,NA,NA,NA,NA
NA,NA,NA,NA,1.60833333333333,NA,NA,NA,NA,NA,NA
NA,NA,NA,NA,1.49166666666667,NA,NA,NA,NA,NA,NA
NA,NA,NA,NA,1.25,NA,NA,NA,NA,NA,NA
NA,NA,NA,NA,1.05833333333333,NA,NA,NA,NA,NA,NA
NA,NA,NA,NA,0.791666666666667,NA,NA,NA,NA,NA,NA
NA,NA,NA,NA,0.858333333333333,NA,NA,NA,NA,NA,NA
NA,NA,NA,NA,1.01666666666667,NA,NA,NA,NA,NA,NA
NA,NA,NA,NA,1.11666666666667,NA,NA,NA,NA,NA,NA
NA,NA,NA,NA,1.09166666666667,NA,NA,NA,NA,NA,NA
NA,NA,NA,NA,1,NA,NA,NA,NA,NA,NA
NA,NA,NA,NA,1.05,NA,NA,NA,NA,NA,NA
NA,NA,NA,NA,1.00833333333333,NA,NA,NA,NA,NA,NA
NA,NA,NA,NA,0.925,NA,NA,NA,NA,NA,NA
NA,NA,NA,NA,1.08333333333333,NA,NA,NA,NA,NA,NA
NA,NA,NA,NA,1.33333333333333,NA,NA,NA,NA,NA,NA
NA,NA,NA,NA,1.4,NA,NA,NA,NA,NA,NA
NA,NA,NA,NA,1.475,NA,NA,NA,NA,NA,NA
NA,NA,NA,NA,1.425,NA,NA,NA,NA,NA,NA
NA,NA,NA,NA,1.34166666666667,NA,NA,NA,NA,NA,NA
NA,NA,NA,NA,1.275,NA,NA,NA,NA,NA,NA
NA,NA,NA,NA,1.24166666666667,NA,NA,NA,NA,NA,NA
NA,NA,NA,NA,1.4,NA,NA,NA,NA,NA,NA
NA,NA,NA,NA,1.56666666666667,NA,NA,NA,NA,NA,NA
NA,NA,NA,NA,1.7,NA,NA,NA,NA,NA,NA
NA,NA,NA,NA,1.76666666666667,NA,NA,NA,NA,NA,NA
NA,NA,NA,NA,1.76666666666667,NA,NA,NA,NA,NA,NA
NA,NA,NA,NA,1.54166666666667,NA,NA,NA,NA,NA,NA
NA,NA,NA,NA,1.30833333333333,NA,NA,NA,NA,NA,NA
NA,NA,NA,NA,1.15833333333333,NA,NA,NA,NA,NA,NA
NA,NA,NA,NA,1.28333333333333,NA,NA,NA,NA,NA,NA
NA,NA,NA,NA,1.46666666666667,NA,NA,NA,NA,NA,NA
NA,NA,NA,NA,1.59166666666667,NA,NA,NA,NA,NA,NA
NA,NA,NA,NA,1.51666666666667,NA,NA,NA,NA,NA,NA
NA,NA,NA,NA,1.4,NA,NA,NA,NA,NA,NA
NA,NA,NA,NA,1.28333333333333,NA,NA,NA,NA,NA,NA
NA,NA,NA,NA,1.14166666666667,NA,NA,NA,NA,NA,NA
NA,NA,NA,NA,1.01666666666667,NA,NA,NA,NA,NA,NA
NA,NA,NA,NA,1.09166666666667,NA,NA,NA,NA,NA,NA
NA,NA,NA,NA,1.1,NA,NA,NA,NA,NA,NA
NA,NA,NA,NA,1.1,NA,NA,NA,NA,NA,NA
NA,NA,NA,NA,1.1,NA,NA,NA,NA,NA,NA
NA,NA,NA,NA,0.991666666666667,NA,NA,NA,NA,NA,NA
NA,NA,NA,NA,0.9,NA,NA,NA,NA,NA,NA
NA,NA,NA,NA,0.825,NA,NA,NA,NA,NA,NA
NA,NA,NA,NA,0.808333333333333,NA,NA,NA,NA,NA,NA
NA,NA,NA,NA,0.933333333333333,NA,NA,NA,NA,NA,NA
NA,NA,NA,NA,1.1,NA,NA,NA,NA,NA,NA
NA,NA,NA,NA,1.18333333333333,NA,NA,NA,NA,NA,NA
NA,NA,NA,NA,1.225,NA,NA,NA,NA,NA,NA
NA,NA,NA,NA,1.15,NA,NA,NA,NA,NA,NA
NA,NA,NA,NA,1.09166666666667,NA,NA,NA,NA,NA,NA
NA,NA,NA,NA,1.00833333333333,NA,NA,NA,NA,NA,NA
NA,NA,NA,NA,1.00833333333333,NA,NA,NA,NA,NA,NA
NA,NA,NA,NA,1.19166666666667,NA,NA,NA,NA,NA,NA
NA,NA,NA,NA,1.45,NA,NA,NA,NA,NA,NA
NA,NA,NA,NA,1.63333333333333,NA,NA,NA,NA,NA,NA
NA,NA,NA,NA,1.7,NA,NA,NA,NA,NA,NA
NA,NA,NA,NA,1.7,NA,NA,NA,NA,NA,NA
NA,NA,NA,NA,1.7,NA,NA,NA,NA,NA,NA
NA,NA,NA,NA,1.7,NA,NA,NA,NA,NA,NA
NA,NA,NA,NA,1.76666666666667,NA,NA,NA,NA,NA,NA
NA,NA,NA,NA,1.88333333333333,NA,NA,NA,NA,NA,NA
NA,NA,NA,NA,1.79166666666667,NA,NA,NA,NA,NA,NA
NA,NA,NA,NA,1.86666666666667,NA,NA,NA,NA,NA,NA
NA,NA,NA,NA,1.95,NA,NA,NA,NA,NA,NA
NA,NA,NA,NA,1.93333333333333,NA,NA,NA,NA,NA,NA
NA,NA,NA,NA,2.04166666666667,NA,NA,NA,NA,NA,NA
NA,NA,NA,NA,2.15,NA,NA,NA,NA,NA,NA
NA,NA,NA,NA,1.95,NA,NA,NA,NA,NA,NA
NA,NA,NA,NA,1.99166666666667,NA,NA,NA,NA,NA,NA
NA,NA,NA,NA,2.11666666666667,NA,NA,NA,NA,NA,NA
NA,NA,NA,NA,2.3,NA,NA,NA,NA,NA,NA
NA,NA,NA,NA,2.48333333333333,NA,NA,NA,NA,NA,NA
NA,NA,NA,NA,2.46666666666667,NA,NA,NA,NA,NA,NA
NA,NA,NA,NA,2.275,NA,NA,NA,NA,NA,NA
NA,NA,NA,NA,2.13333333333333,NA,NA,NA,NA,NA,NA
NA,NA,NA,NA,2.16666666666667,NA,NA,NA,NA,NA,NA
NA,NA,NA,NA,2.40833333333333,NA,NA,NA,NA,NA,NA
NA,NA,NA,NA,2.73333333333333,NA,NA,NA,NA,NA,NA
NA,NA,NA,NA,3.16666666666667,NA,NA,NA,NA,NA,NA
NA,NA,NA,NA,3.5,NA,NA,NA,NA,NA,NA
NA,NA,NA,NA,3.71666666666667,NA,NA,NA,NA,NA,NA
NA,NA,NA,NA,3.55,NA,NA,NA,NA,NA,NA
NA,NA,NA,NA,3.85833333333333,NA,NA,NA,NA,NA,NA
NA,NA,NA,NA,3.61666666666667,NA,NA,NA,NA,NA,NA
NA,NA,NA,NA,3.775,NA,NA,NA,NA,NA,NA
NA,NA,NA,NA,4.15833333333333,NA,NA,NA,NA,NA,NA
NA,NA,NA,NA,4.125,NA,NA,NA,NA,NA,NA
NA,NA,NA,NA,4.15,NA,NA,NA,NA,NA,NA
NA,NA,NA,NA,4.34166666666667,NA,NA,NA,NA,NA,NA
NA,NA,NA,NA,4.16666666666667,NA,NA,NA,NA,NA,NA
NA,NA,NA,NA,3.91666666666667,NA,NA,NA,NA,NA,NA
NA,NA,NA,NA,3.61666666666667,NA,NA,NA,NA,NA,NA
NA,NA,NA,NA,3.575,NA,NA,NA,NA,NA,NA
NA,NA,NA,NA,3.79166666666667,NA,NA,NA,NA,NA,NA
NA,NA,NA,NA,3.775,NA,NA,NA,NA,NA,NA
NA,NA,NA,NA,3.575,NA,NA,NA,NA,NA,NA
NA,NA,NA,NA,3.45,NA,NA,NA,NA,NA,NA
NA,NA,NA,NA,3.48333333333333,NA,NA,NA,NA,NA,NA
NA,NA,NA,NA,3.4,NA,NA,NA,NA,NA,NA
NA,NA,NA,NA,3.375,NA,NA,NA,NA,NA,NA
NA,NA,NA,NA,3.375,NA,NA,NA,NA,NA,NA
NA,NA,NA,NA,3.35833333333333,NA,NA,NA,NA,NA,NA
NA,NA,NA,NA,3.23333333333333,NA,NA,NA,NA,NA,NA
NA,NA,NA,NA,3.075,NA,NA,NA,NA,NA,NA
NA,NA,NA,NA,2.975,NA,NA,NA,NA,NA,NA
NA,NA,NA,NA,2.875,NA,NA,NA,NA,NA,NA
NA,NA,NA,NA,2.725,NA,NA,NA,NA,NA,NA
NA,NA,NA,NA,2.53333333333333,NA,NA,NA,NA,NA,NA
NA,NA,NA,NA,2.53333333333333,NA,NA,NA,NA,NA,NA
NA,NA,NA,NA,2.65833333333333,NA,NA,NA,NA,NA,NA
NA,NA,NA,NA,2.7,NA,NA,NA,NA,NA,NA
NA,NA,NA,NA,2.69166666666667,NA,NA,NA,NA,NA,NA
NA,NA,NA,NA,2.6,NA,NA,NA,NA,NA,NA
NA,NA,NA,NA,2.53333333333333,NA,NA,NA,NA,NA,NA
NA,NA,NA,NA,2.425,NA,NA,NA,NA,NA,NA
NA,NA,NA,NA,2.4,NA,NA,NA,NA,NA,NA
NA,NA,NA,NA,2.5,NA,NA,NA,NA,NA,NA
NA,NA,NA,NA,2.65833333333333,NA,NA,NA,NA,NA,NA
NA,NA,NA,NA,2.7,NA,NA,NA,NA,NA,NA
NA,NA,NA,NA,2.66666666666667,NA,NA,NA,NA,NA,NA
NA,NA,NA,NA,2.6,NA,NA,NA,NA,NA,NA
NA,NA,NA,NA,2.6,NA,NA,NA,NA,NA,NA
NA,NA,NA,NA,2.6,NA,NA,NA,NA,NA,NA
NA,NA,NA,NA,2.6,NA,NA,NA,NA,NA,NA
NA,NA,NA,NA,2.725,NA,NA,NA,NA,NA,NA
NA,NA,NA,NA,2.94166666666667,NA,NA,NA,NA,NA,NA
NA,NA,NA,NA,3.04166666666667,NA,NA,NA,NA,NA,NA
NA,NA,NA,NA,3.03333333333333,NA,NA,NA,NA,NA,NA
NA,NA,NA,NA,3,NA,NA,NA,NA,NA,NA
NA,NA,NA,NA,3.10833333333333,NA,NA,NA,NA,NA,NA
NA,NA,NA,NA,3.2,NA,NA,NA,NA,NA,NA
NA,NA,NA,NA,3.20833333333333,NA,NA,NA,NA,NA,NA
NA,NA,NA,NA,3.3,NA,NA,NA,NA,NA,NA
NA,NA,NA,NA,3.39166666666667,NA,NA,NA,NA,NA,NA
NA,NA,NA,NA,3.625,NA,NA,NA,NA,NA,NA
NA,NA,NA,NA,3.75,NA,NA,NA,NA,NA,NA
NA,NA,NA,NA,3.60833333333333,NA,NA,NA,NA,NA,NA
NA,NA,NA,NA,3.45833333333333,NA,NA,NA,NA,NA,NA
NA,NA,NA,NA,3.31666666666667,NA,NA,NA,NA,NA,NA
NA,NA,NA,NA,3.23333333333333,NA,NA,NA,NA,NA,NA
NA,NA,NA,NA,3.53333333333333,NA,NA,NA,NA,NA,NA
NA,NA,NA,NA,3.575,NA,NA,NA,NA,NA,NA
NA,NA,NA,NA,3.40833333333333,NA,NA,NA,NA,NA,NA
NA,NA,NA,NA,3.28333333333333,NA,NA,NA,NA,NA,NA
NA,NA,NA,NA,3.3,NA,NA,NA,NA,NA,NA
NA,NA,NA,NA,3.40833333333333,NA,NA,NA,NA,NA,NA
NA,NA,NA,NA,3.59166666666667,NA,NA,NA,NA,NA,NA
NA,NA,NA,NA,3.50833333333333,NA,NA,NA,NA,NA,NA
NA,NA,NA,NA,3.4,NA,NA,NA,NA,NA,NA
NA,NA,NA,NA,3.45833333333333,NA,NA,NA,NA,NA,NA
NA,NA,NA,NA,3.2,NA,NA,NA,NA,NA,NA
NA,NA,NA,NA,2.95833333333333,NA,NA,NA,NA,NA,NA
NA,NA,NA,NA,2.76666666666667,NA,NA,NA,NA,NA,NA
NA,NA,NA,NA,2.5,NA,NA,NA,NA,NA,NA
NA,NA,NA,NA,2.23333333333333,NA,NA,NA,NA,NA,NA
NA,NA,NA,NA,2.025,NA,NA,NA,NA,NA,NA
NA,NA,NA,NA,2.39166666666667,NA,NA,NA,NA,NA,NA
NA,NA,NA,NA,3.14166666666667,NA,NA,NA,NA,NA,NA
NA,NA,NA,NA,3.20833333333333,NA,NA,NA,NA,NA,NA
NA,NA,NA,NA,2.98333333333333,NA,NA,NA,NA,NA,NA
NA,NA,NA,NA,2.9,NA,NA,NA,NA,NA,NA
NA,NA,NA,NA,2.9,NA,NA,NA,NA,NA,NA
NA,NA,NA,NA,2.9,NA,NA,NA,NA,NA,NA
NA,NA,NA,NA,2.9,NA,NA,NA,NA,NA,NA
NA,NA,NA,NA,2.98333333333333,NA,NA,NA,NA,NA,NA
NA,NA,NA,NA,3.2,NA,NA,NA,NA,NA,NA
NA,NA,NA,NA,3.35,NA,NA,NA,NA,NA,NA
NA,NA,NA,NA,3.48333333333333,NA,NA,NA,NA,NA,NA
NA,NA,NA,NA,3.625,NA,NA,NA,NA,NA,NA
NA,NA,NA,NA,3.7,NA,NA,NA,NA,NA,NA
NA,NA,NA,NA,3.80833333333333,NA,NA,NA,NA,NA,NA
NA,NA,NA,NA,3.91666666666667,NA,NA,NA,NA,NA,NA
NA,NA,NA,NA,4.09166666666667,NA,NA,NA,NA,NA,NA
NA,NA,NA,NA,4.31666666666667,NA,NA,NA,NA,NA,NA
NA,NA,NA,NA,4.55,NA,NA,NA,NA,NA,NA
NA,NA,NA,NA,4.725,NA,NA,NA,NA,NA,NA
NA,NA,NA,NA,4.80833333333333,NA,NA,NA,NA,NA,NA
NA,NA,NA,NA,4.9,NA,NA,NA,NA,NA,NA
NA,NA,NA,NA,4.96666666666667,NA,NA,NA,NA,NA,NA
NA,NA,NA,NA,5.075,NA,NA,NA,NA,NA,NA
NA,NA,NA,NA,5.15833333333333,NA,NA,NA,NA,NA,NA
NA,NA,NA,NA,5.275,NA,NA,NA,NA,NA,NA
NA,NA,NA,NA,5.4,NA,NA,NA,NA,NA,NA
NA,NA,NA,NA,5.46666666666667,NA,NA,NA,NA,NA,NA
NA,NA,NA,NA,5.5,NA,NA,NA,NA,NA,NA
NA,NA,NA,NA,5.59166666666667,NA,NA,NA,NA,NA,NA
NA,NA,NA,NA,5.60833333333333,NA,NA,NA,NA,NA,NA
NA,NA,NA,NA,5.53333333333333,NA,NA,NA,NA,NA,NA
NA,NA,NA,NA,5.525,NA,NA,NA,NA,NA,NA
NA,NA,NA,NA,5.875,NA,NA,NA,NA,NA,NA
NA,NA,NA,NA,5.73333333333333,NA,NA,NA,NA,NA,NA
NA,NA,NA,NA,5.325,NA,NA,NA,NA,NA,NA
NA,NA,NA,NA,4.90833333333333,NA,NA,NA,NA,NA,NA
NA,NA,NA,NA,4.55,NA,NA,NA,NA,NA,NA
NA,NA,NA,NA,4.29166666666667,NA,NA,NA,NA,NA,NA
NA,NA,NA,NA,4.2,NA,NA,NA,NA,NA,NA
NA,NA,NA,NA,4.425,NA,NA,NA,NA,NA,NA
NA,NA,NA,NA,4.81666666666667,NA,NA,NA,NA,NA,NA
NA,NA,NA,NA,4.98333333333333,NA,NA,NA,NA,NA,NA
NA,NA,NA,NA,5.09166666666667,NA,NA,NA,NA,NA,NA
NA,NA,NA,NA,5.2,NA,NA,NA,NA,NA,NA
NA,NA,NA,NA,5.23333333333333,NA,NA,NA,NA,NA,NA
NA,NA,NA,NA,5.25,NA,NA,NA,NA,NA,NA
NA,NA,NA,NA,5.25833333333333,NA,NA,NA,NA,NA,NA
NA,NA,NA,NA,5.3,NA,NA,NA,NA,NA,NA
NA,NA,NA,NA,5.3,NA,NA,NA,NA,NA,NA
NA,NA,NA,NA,5.28333333333333,NA,NA,NA,NA,NA,NA
NA,NA,NA,NA,5.11666666666667,NA,NA,NA,NA,NA,NA
NA,NA,NA,NA,4.95833333333333,NA,NA,NA,NA,NA,NA
NA,NA,NA,NA,4.81666666666667,NA,NA,NA,NA,NA,NA
NA,NA,NA,NA,4.65833333333333,NA,NA,NA,NA,NA,NA
NA,NA,NA,NA,4.475,NA,NA,NA,NA,NA,NA
NA,NA,NA,NA,4.4,NA,NA,NA,NA,NA,NA
NA,NA,NA,NA,4.4,NA,NA,NA,NA,NA,NA
NA,NA,NA,NA,4.3,NA,NA,NA,NA,NA,NA
NA,NA,NA,NA,4.03333333333333,NA,NA,NA,NA,NA,NA
NA,NA,NA,NA,3.50833333333333,NA,NA,NA,NA,NA,NA
NA,NA,NA,NA,3.09166666666667,NA,NA,NA,NA,NA,NA
NA,NA,NA,NA,2.68333333333333,NA,NA,NA,NA,NA,NA
NA,NA,NA,NA,2.33333333333333,NA,NA,NA,NA,NA,NA
NA,NA,NA,NA,2.3,NA,NA,NA,NA,NA,NA
NA,NA,NA,NA,2.525,NA,NA,NA,NA,NA,NA
NA,NA,NA,NA,2.5,NA,NA,NA,NA,NA,NA
NA,NA,NA,NA,2.30833333333333,NA,NA,NA,NA,NA,NA
NA,NA,NA,NA,2.08333333333333,NA,NA,NA,NA,NA,NA
NA,NA,NA,NA,1.88333333333333,NA,NA,NA,NA,NA,NA
NA,NA,NA,NA,1.66666666666667,NA,NA,NA,NA,NA,NA
NA,NA,NA,NA,1.51666666666667,NA,NA,NA,NA,NA,NA
NA,NA,NA,NA,1.5,NA,NA,NA,NA,NA,NA
NA,NA,NA,NA,1.6,NA,NA,NA,NA,NA,NA
NA,NA,NA,NA,1.6,NA,NA,NA,NA,NA,NA
NA,NA,NA,NA,1.51666666666667,NA,NA,NA,NA,NA,NA
NA,NA,NA,NA,1.44166666666667,NA,NA,NA,NA,NA,NA
NA,NA,NA,NA,1.34166666666667,NA,NA,NA,NA,NA,NA
NA,NA,NA,NA,1.16666666666667,NA,NA,NA,NA,NA,NA
NA,NA,NA,NA,1.01666666666667,NA,NA,NA,NA,NA,NA
NA,NA,NA,NA,1.025,NA,NA,NA,NA,NA,NA
NA,NA,NA,NA,1.18333333333333,NA,NA,NA,NA,NA,NA
NA,NA,NA,NA,1.16666666666667,NA,NA,NA,NA,NA,NA
NA,NA,NA,NA,1,NA,NA,NA,NA,NA,NA
NA,NA,NA,NA,0.85,NA,NA,NA,NA,NA,NA
NA,NA,NA,NA,0.716666666666667,NA,NA,NA,NA,NA,NA
NA,NA,NA,NA,0.608333333333333,NA,NA,NA,NA,NA,NA
NA,NA,NA,NA,0.566666666666667,NA,NA,NA,NA,NA,NA
NA,NA,NA,NA,0.8,NA,NA,NA,NA,NA,NA
NA,NA,NA,NA,1.175,NA,NA,NA,NA,NA,NA
NA,NA,NA,NA,1.35833333333333,NA,NA,NA,NA,NA,NA
NA,NA,NA,NA,1.20833333333333,NA,NA,NA,NA,NA,NA
NA,NA,NA,NA,1.11666666666667,NA,NA,NA,NA,NA,NA
NA,NA,NA,NA,0.95,NA,NA,NA,NA,NA,NA
NA,NA,NA,NA,0.675,NA,NA,NA,NA,NA,NA
NA,NA,NA,NA,0.491666666666667,NA,NA,NA,NA,NA,NA
NA,NA,NA,NA,0.516666666666667,NA,NA,NA,NA,NA,NA
NA,NA,NA,NA,0.691666666666667,NA,NA,NA,NA,NA,NA
NA,NA,NA,NA,0.7,NA,NA,NA,NA,NA,NA
NA,NA,NA,NA,0.45,NA,NA,NA,NA,NA,NA
NA,NA,NA,NA,0.283333333333333,NA,NA,NA,NA,NA,NA
NA,NA,NA,NA,0.1,NA,NA,NA,NA,NA,NA
NA,NA,NA,NA,0,NA,NA,NA,NA,NA,NA
NA,NA,NA,NA,0,NA,NA,NA,NA,NA,NA
NA,NA,NA,NA,0.15,NA,NA,NA,NA,NA,NA
NA,NA,NA,NA,0.383333333333333,NA,NA,NA,NA,NA,NA
NA,NA,NA,NA,0.4,NA,NA,NA,NA,NA,NA
NA,NA,NA,NA,0.291666666666667,NA,NA,NA,NA,NA,NA
NA,NA,NA,NA,0.15,NA,NA,NA,NA,NA,NA
NA,NA,NA,NA,0.00833333333333333,NA,NA,NA,NA,NA,NA
NA,NA,NA,NA,0,NA,NA,NA,NA,NA,NA
NA,NA,NA,NA,0.025,NA,NA,NA,NA,NA,NA
NA,NA,NA,NA,0.1,NA,NA,NA,NA,NA,NA
NA,NA,NA,NA,0.341666666666667,NA,NA,NA,NA,NA,NA
NA,NA,NA,NA,0.291666666666667,NA,NA,NA,NA,NA,NA
NA,NA,NA,NA,0.0916666666666667,NA,NA,NA,NA,NA,NA
NA,NA,NA,NA,0,NA,NA,NA,NA,NA,NA
NA,NA,NA,NA,0,NA,NA,NA,NA,NA,NA
NA,NA,NA,NA,0,NA,NA,NA,NA,NA,NA
NA,NA,NA,NA,0.00833333333333333,NA,NA,NA,NA,NA,NA
NA,NA,NA,NA,0.133333333333333,NA,NA,NA,NA,NA,NA
NA,NA,NA,NA,0.466666666666667,NA,NA,NA,NA,NA,NA
NA,NA,NA,NA,0.433333333333333,NA,NA,NA,NA,NA,NA
NA,NA,NA,NA,0.4,NA,NA,NA,NA,NA,NA
NA,NA,NA,NA,0.416666666666667,NA,NA,NA,NA,NA,NA
NA,NA,NA,NA,0.5,NA,NA,NA,NA,NA,NA
NA,NA,NA,NA,0.566666666666667,NA,NA,NA,NA,NA,NA
NA,NA,NA,NA,0.716666666666667,NA,NA,NA,NA,NA,NA
NA,NA,NA,NA,0.991666666666667,NA,NA,NA,NA,NA,NA
NA,NA,NA,NA,1.45,NA,NA,NA,NA,NA,NA
NA,NA,NA,NA,1.825,NA,NA,NA,NA,NA,NA
NA,NA,NA,NA,2.09166666666667,NA,NA,NA,NA,NA,NA
NA,NA,NA,NA,2.26666666666667,NA,NA,NA,NA,NA,NA
NA,NA,NA,NA,2.45,NA,NA,NA,NA,NA,NA
NA,NA,NA,NA,2.51666666666667,NA,NA,NA,NA,NA,NA
NA,NA,NA,NA,2.68333333333333,NA,NA,NA,NA,NA,NA
NA,NA,NA,NA,3.10833333333333,NA,NA,NA,NA,NA,NA
NA,NA,NA,NA,3.49166666666667,NA,NA,NA,NA,NA,NA
NA,NA,NA,NA,3.55,NA,NA,NA,NA,NA,NA
NA,NA,NA,NA,3.44166666666667,NA,NA,NA,NA,NA,NA
NA,NA,NA,NA,3.38333333333333,NA,NA,NA,NA,NA,NA
NA,NA,NA,NA,3.23333333333333,NA,NA,NA,NA,NA,NA
NA,NA,NA,NA,3.13333333333333,NA,NA,NA,NA,NA,NA
NA,NA,NA,NA,2.84166666666667,NA,NA,NA,NA,NA,NA
NA,NA,NA,NA,2.75,NA,NA,NA,NA,NA,NA
NA,NA,NA,NA,3.11666666666667,NA,NA,NA,NA,NA,NA
NA,NA,NA,NA,3.38333333333333,NA,NA,NA,NA,NA,NA
NA,NA,NA,NA,3.425,NA,NA,NA,NA,NA,NA
NA,NA,NA,NA,3.56666666666667,NA,NA,NA,NA,NA,NA
NA,NA,NA,NA,3.7,NA,NA,NA,NA,NA,NA
NA,NA,NA,NA,3.8,NA,NA,NA,NA,NA,NA
NA,NA,NA,NA,3.84166666666667,NA,NA,NA,NA,NA,NA
NA,NA,NA,NA,4.025,NA,NA,NA,NA,NA,NA
NA,NA,NA,NA,4.425,NA,NA,NA,NA,NA,NA
NA,NA,NA,NA,4.675,NA,NA,NA,NA,NA,NA
NA,NA,NA,NA,4.55833333333333,NA,NA,NA,NA,NA,NA
NA,NA,NA,NA,4.5,NA,NA,NA,NA,NA,NA
NA,NA,NA,NA,4.425,NA,NA,NA,NA,NA,NA
NA,NA,NA,NA,4.275,NA,NA,NA,NA,NA,NA
NA,NA,NA,NA,4.11666666666667,NA,NA,NA,NA,NA,NA
NA,NA,NA,NA,4.26666666666667,NA,NA,NA,NA,NA,NA
NA,NA,NA,NA,4.70833333333333,NA,NA,NA,NA,NA,NA
NA,NA,NA,NA,4.98333333333333,NA,NA,NA,NA,NA,NA
NA,NA,NA,NA,4.91666666666667,NA,NA,NA,NA,NA,NA
NA,NA,NA,NA,4.825,NA,NA,NA,NA,NA,NA
NA,NA,NA,NA,4.85,NA,NA,NA,NA,NA,NA
NA,NA,NA,NA,4.74166666666667,NA,NA,NA,NA,NA,NA
NA,NA,NA,NA,4.6,NA,NA,NA,NA,NA,NA
NA,NA,NA,NA,4.73333333333333,NA,NA,NA,NA,NA,NA
NA,NA,NA,NA,5.13333333333333,NA,NA,NA,NA,NA,NA
NA,NA,NA,NA,5.4,NA,NA,NA,NA,NA,NA
NA,NA,NA,NA,5.26666666666667,NA,NA,NA,NA,NA,NA
NA,NA,NA,NA,5.09166666666667,NA,NA,NA,NA,NA,NA
NA,NA,NA,NA,5,NA,NA,NA,NA,NA,NA
NA,NA,NA,NA,4.925,NA,NA,NA,NA,NA,NA
NA,NA,NA,NA,4.8,NA,NA,NA,NA,NA,NA
NA,NA,NA,NA,4.725,NA,NA,NA,NA,NA,NA
NA,NA,NA,NA,4.79166666666667,NA,NA,NA,NA,NA,NA
NA,NA,NA,NA,4.8,NA,NA,NA,NA,NA,NA
NA,NA,NA,NA,4.65833333333333,NA,NA,NA,NA,NA,NA
NA,NA,NA,NA,4.45833333333333,NA,NA,NA,NA,NA,NA
NA,NA,NA,NA,4.35,NA,NA,NA,NA,NA,NA
NA,NA,NA,NA,4.2,NA,NA,NA,NA,NA,NA
NA,NA,NA,NA,4.1,NA,NA,NA,NA,NA,NA
NA,NA,NA,NA,4.31666666666667,NA,NA,NA,NA,NA,NA
NA,NA,NA,NA,4.725,NA,NA,NA,NA,NA,NA
NA,NA,NA,NA,4.99166666666667,NA,NA,NA,NA,NA,NA
NA,NA,NA,NA,4.975,NA,NA,NA,NA,NA,NA
NA,NA,NA,NA,4.9,NA,NA,NA,NA,NA,NA
NA,NA,NA,NA,5,NA,NA,NA,NA,NA,NA
NA,NA,NA,NA,4.925,NA,NA,NA,NA,NA,NA
NA,NA,NA,NA,4.91666666666667,NA,NA,NA,NA,NA,NA
NA,NA,NA,NA,5.19166666666667,NA,NA,NA,NA,NA,NA
NA,NA,NA,NA,5.625,NA,NA,NA,NA,NA,NA
NA,NA,NA,NA,5.96666666666667,NA,NA,NA,NA,NA,NA
NA,NA,NA,NA,5.89166666666667,NA,NA,NA,NA,NA,NA
NA,NA,NA,NA,5.8,NA,NA,NA,NA,NA,NA
NA,NA,NA,NA,5.8,NA,NA,NA,NA,NA,NA
NA,NA,NA,NA,5.725,NA,NA,NA,NA,NA,NA
NA,NA,NA,NA,5.7,NA,NA,NA,NA,NA,NA
NA,NA,NA,NA,5.94166666666667,NA,NA,NA,NA,NA,NA
NA,NA,NA,NA,6.31666666666667,NA,NA,NA,NA,NA,NA
NA,NA,NA,NA,6.575,NA,NA,NA,NA,NA,NA
NA,NA,NA,NA,6.41666666666667,NA,NA,NA,NA,NA,NA
NA,NA,NA,NA,6.21666666666667,NA,NA,NA,NA,NA,NA
NA,NA,NA,NA,6.125,NA,NA,NA,NA,NA,NA
NA,NA,NA,NA,5.95833333333333,NA,NA,NA,NA,NA,NA
NA,NA,NA,NA,5.86666666666667,NA,NA,NA,NA,NA,NA
NA,NA,NA,NA,6.04166666666667,NA,NA,NA,NA,NA,NA
NA,NA,NA,NA,6.29166666666667,NA,NA,NA,NA,NA,NA
NA,NA,NA,NA,6.3,NA,NA,NA,NA,NA,NA
NA,NA,NA,NA,6.05833333333333,NA,NA,NA,NA,NA,NA
NA,NA,NA,NA,5.925,NA,NA,NA,NA,NA,NA
NA,NA,NA,NA,5.75,NA,NA,NA,NA,NA,NA
NA,NA,NA,NA,5.625,NA,NA,NA,NA,NA,NA
NA,NA,NA,NA,5.56666666666667,NA,NA,NA,NA,NA,NA
NA,NA,NA,NA,5.56666666666667,NA,NA,NA,NA,NA,NA
NA,NA,NA,NA,5.6,NA,NA,NA,NA,NA,NA
NA,NA,NA,NA,5.55,NA,NA,NA,NA,NA,NA
NA,NA,NA,NA,5.36666666666667,NA,NA,NA,NA,NA,NA
NA,NA,NA,NA,5.21666666666667,NA,NA,NA,NA,NA,NA
NA,NA,NA,NA,5.125,NA,NA,NA,NA,NA,NA
NA,NA,NA,NA,4.95833333333333,NA,NA,NA,NA,NA,NA
NA,NA,NA,NA,4.86666666666667,NA,NA,NA,NA,NA,NA
NA,NA,NA,NA,5.09166666666667,NA,NA,NA,NA,NA,NA
NA,NA,NA,NA,5.48333333333333,NA,NA,NA,NA,NA,NA
NA,NA,NA,NA,5.70833333333333,NA,NA,NA,NA,NA,NA
NA,NA,NA,NA,5.54166666666667,NA,NA,NA,NA,NA,NA
NA,NA,NA,NA,5.20833333333333,NA,NA,NA,NA,NA,NA
NA,NA,NA,NA,5,NA,NA,NA,NA,NA,NA
NA,NA,NA,NA,4.75,NA,NA,NA,NA,NA,NA
NA,NA,NA,NA,4.575,NA,NA,NA,NA,NA,NA
NA,NA,NA,NA,4.85,NA,NA,NA,NA,NA,NA
NA,NA,NA,NA,5.21666666666667,NA,NA,NA,NA,NA,NA
NA,NA,NA,NA,5.475,NA,NA,NA,NA,NA,NA
NA,NA,NA,NA,5.38333333333333,NA,NA,NA,NA,NA,NA
NA,NA,NA,NA,5.16666666666667,NA,NA,NA,NA,NA,NA
NA,NA,NA,NA,5.05,NA,NA,NA,NA,NA,NA
NA,NA,NA,NA,4.88333333333333,NA,NA,NA,NA,NA,NA
NA,NA,NA,NA,4.75,NA,NA,NA,NA,NA,NA
NA,NA,NA,NA,5.075,NA,NA,NA,NA,NA,NA
NA,NA,NA,NA,5.51666666666667,NA,NA,NA,NA,NA,NA
NA,NA,NA,NA,5.79166666666667,NA,NA,NA,NA,NA,NA
NA,NA,NA,NA,5.55,NA,NA,NA,NA,NA,NA
NA,NA,NA,NA,5.21666666666667,NA,NA,NA,NA,NA,NA
NA,NA,NA,NA,5.05,NA,NA,NA,NA,NA,NA
NA,NA,NA,NA,4.86666666666667,NA,NA,NA,NA,NA,NA
NA,NA,NA,NA,4.725,NA,NA,NA,NA,NA,NA
NA,NA,NA,NA,4.95,NA,NA,NA,NA,NA,NA
NA,NA,NA,NA,5.2,NA,NA,NA,NA,NA,NA
NA,NA,NA,NA,5.225,NA,NA,NA,NA,NA,NA
NA,NA,NA,NA,5.04166666666667,NA,NA,NA,NA,NA,NA
NA,NA,NA,NA,4.9,NA,NA,NA,NA,NA,NA
NA,NA,NA,NA,4.9,NA,NA,NA,NA,NA,NA
NA,NA,NA,NA,4.9,NA,NA,NA,NA,NA,NA
NA,NA,NA,NA,4.925,NA,NA,NA,NA,NA,NA
NA,NA,NA,NA,5.35833333333333,NA,NA,NA,NA,NA,NA
NA,NA,NA,NA,5.90833333333333,NA,NA,NA,NA,NA,NA
NA,NA,NA,NA,6.23333333333333,NA,NA,NA,NA,NA,NA
NA,NA,NA,NA,6.24166666666667,NA,NA,NA,NA,NA,NA
NA,NA,NA,NA,6.25,NA,NA,NA,NA,NA,NA
NA,NA,NA,NA,6.3,NA,NA,NA,NA,NA,NA
NA,NA,NA,NA,6.3,NA,NA,NA,NA,NA,NA
NA,NA,NA,NA,6.3,NA,NA,NA,NA,NA,NA
NA,NA,NA,NA,6.4,NA,NA,NA,NA,NA,NA
NA,NA,NA,NA,6.5,NA,NA,NA,NA,NA,NA
NA,NA,NA,NA,6.46666666666667,NA,NA,NA,NA,NA,NA
NA,NA,NA,NA,6.25,NA,NA,NA,NA,NA,NA
NA,NA,NA,NA,5.85833333333333,NA,NA,NA,NA,NA,NA
NA,NA,NA,NA,5.48333333333333,NA,NA,NA,NA,NA,NA
NA,NA,NA,NA,5.03333333333333,NA,NA,NA,NA,NA,NA
NA,NA,NA,NA,4.64166666666667,NA,NA,NA,NA,NA,NA
NA,NA,NA,NA,4.73333333333333,NA,NA,NA,NA,NA,NA
NA,NA,NA,NA,4.93333333333333,NA,NA,NA,NA,NA,NA
NA,NA,NA,NA,4.93333333333333,NA,NA,NA,NA,NA,NA
NA,NA,NA,NA,4.55,NA,NA,NA,NA,NA,NA
NA,NA,NA,NA,4.05833333333333,NA,NA,NA,NA,NA,NA
NA,NA,NA,NA,3.66666666666667,NA,NA,NA,NA,NA,NA
NA,NA,NA,NA,3.35,NA,NA,NA,NA,NA,NA
NA,NA,NA,NA,3.19166666666667,NA,NA,NA,NA,NA,NA
NA,NA,NA,NA,3.49166666666667,NA,NA,NA,NA,NA,NA
NA,NA,NA,NA,3.875,NA,NA,NA,NA,NA,NA
NA,NA,NA,NA,4.075,NA,NA,NA,NA,NA,NA
NA,NA,NA,NA,3.86666666666667,NA,NA,NA,NA,NA,NA
NA,NA,NA,NA,3.56666666666667,NA,NA,NA,NA,NA,NA
NA,NA,NA,NA,3.31666666666667,NA,NA,NA,NA,NA,NA
NA,NA,NA,NA,3.16666666666667,NA,NA,NA,NA,NA,NA
NA,NA,NA,NA,3.1,NA,NA,NA,NA,NA,NA
NA,NA,NA,NA,3.2,NA,NA,NA,NA,NA,NA
NA,NA,NA,NA,3.475,NA,NA,NA,NA,NA,NA
NA,NA,NA,NA,3.475,NA,NA,NA,NA,NA,NA
NA,NA,NA,NA,3.35,NA,NA,NA,NA,NA,NA
NA,NA,NA,NA,3.15,NA,NA,NA,NA,NA,NA
NA,NA,NA,NA,2.95833333333333,NA,NA,NA,NA,NA,NA
NA,NA,NA,NA,2.825,NA,NA,NA,NA,NA,NA
NA,NA,NA,NA,2.825,NA,NA,NA,NA,NA,NA
NA,NA,NA,NA,3.19166666666667,NA,NA,NA,NA,NA,NA
NA,NA,NA,NA,3.55833333333333,NA,NA,NA,NA,NA,NA
NA,NA,NA,NA,3.79166666666667,NA,NA,NA,NA,NA,NA
NA,NA,NA,NA,3.7,NA,NA,NA,NA,NA,NA
NA,NA,NA,NA,3.6,NA,NA,NA,NA,NA,NA
NA,NA,NA,NA,3.6,NA,NA,NA,NA,NA,NA
NA,NA,NA,NA,3.6,NA,NA,NA,NA,NA,NA
NA,NA,NA,NA,3.725,NA,NA,NA,NA,NA,NA
NA,NA,NA,NA,4.01666666666667,NA,NA,NA,NA,NA,NA
NA,NA,NA,NA,4.475,NA,NA,NA,NA,NA,NA
NA,NA,NA,NA,4.58333333333333,NA,NA,NA,NA,NA,NA
NA,NA,NA,NA,4.5,NA,NA,NA,NA,NA,NA
NA,NA,NA,NA,4.4,NA,NA,NA,NA,NA,NA
NA,NA,NA,NA,4.4,NA,NA,NA,NA,NA,NA
NA,NA,NA,NA,4.44166666666667,NA,NA,NA,NA,NA,NA
NA,NA,NA,NA,4.51666666666667,NA,NA,NA,NA,NA,NA
NA,NA,NA,NA,4.65833333333333,NA,NA,NA,NA,NA,NA
NA,NA,NA,NA,4.975,NA,NA,NA,NA,NA,NA
NA,NA,NA,NA,5.175,NA,NA,NA,NA,NA,NA
NA,NA,NA,NA,5.2,NA,NA,NA,NA,NA,NA
NA,NA,NA,NA,5.30833333333333,NA,NA,NA,NA,NA,NA
NA,NA,NA,NA,5.475,NA,NA,NA,NA,NA,NA
NA,NA,NA,NA,5.39166666666667,NA,NA,NA,NA,NA,NA
NA,NA,NA,NA,5.40833333333333,NA,NA,NA,NA,NA,NA
NA,NA,NA,NA,5.55,NA,NA,NA,NA,NA,NA
NA,NA,NA,NA,5.78333333333333,NA,NA,NA,NA,NA,NA
NA,NA,NA,NA,5.93333333333333,NA,NA,NA,NA,NA,NA
NA,NA,NA,NA,6,NA,NA,NA,NA,NA,NA
NA,NA,NA,NA,5.93333333333333,NA,NA,NA,NA,NA,NA
NA,NA,NA,NA,5.8,NA,NA,NA,NA,NA,NA
NA,NA,NA,NA,5.8,NA,NA,NA,NA,NA,NA
NA,NA,NA,NA,5.8,NA,NA,NA,NA,NA,NA
NA,NA,NA,NA,5.875,NA,NA,NA,NA,NA,NA
NA,NA,NA,NA,5.94166666666667,NA,NA,NA,NA,NA,NA
NA,NA,NA,NA,5.9,NA,NA,NA,NA,NA,NA
NA,NA,NA,NA,5.8,NA,NA,NA,NA,NA,NA
NA,NA,NA,NA,5.575,NA,NA,NA,NA,NA,NA
NA,NA,NA,NA,5.45,NA,NA,NA,NA,NA,NA
NA,NA,NA,NA,5.375,NA,NA,NA,NA,NA,NA
NA,NA,NA,NA,5.3,NA,NA,NA,NA,NA,NA
NA,NA,NA,NA,5.49166666666667,NA,NA,NA,NA,NA,NA
NA,NA,NA,NA,5.8,NA,NA,NA,NA,NA,NA
NA,NA,NA,NA,5.95833333333333,NA,NA,NA,NA,NA,NA
NA,NA,NA,NA,5.825,NA,NA,NA,NA,NA,NA
NA,NA,NA,NA,5.55,NA,NA,NA,NA,NA,NA
NA,NA,NA,NA,5.41666666666667,NA,NA,NA,NA,NA,NA
NA,NA,NA,NA,5.325,NA,NA,NA,NA,NA,NA
NA,NA,NA,NA,5.3,NA,NA,NA,NA,NA,NA
NA,NA,NA,NA,5.4,NA,NA,NA,NA,NA,NA
NA,NA,NA,NA,5.61666666666667,NA,NA,NA,NA,NA,NA
NA,NA,NA,NA,5.78333333333333,NA,NA,NA,NA,NA,NA
NA,NA,NA,NA,5.70833333333333,NA,NA,NA,NA,NA,NA
NA,NA,NA,NA,5.525,NA,NA,NA,NA,NA,NA
NA,NA,NA,NA,5.35833333333333,NA,NA,NA,NA,NA,NA
NA,NA,NA,NA,5.28333333333333,NA,NA,NA,NA,NA,NA
NA,NA,NA,NA,5.2,NA,NA,NA,NA,NA,NA
NA,NA,NA,NA,5.28333333333333,NA,NA,NA,NA,NA,NA
NA,NA,NA,NA,5.39166666666667,NA,NA,NA,NA,NA,NA
NA,NA,NA,NA,5.4,NA,NA,NA,NA,NA,NA
NA,NA,NA,NA,5.34166666666667,NA,NA,NA,NA,NA,NA
NA,NA,NA,NA,5.18333333333333,NA,NA,NA,NA,NA,NA
NA,NA,NA,NA,5.06666666666667,NA,NA,NA,NA,NA,NA
NA,NA,NA,NA,4.95833333333333,NA,NA,NA,NA,NA,NA
NA,NA,NA,NA,4.96666666666667,NA,NA,NA,NA,NA,NA
NA,NA,NA,NA,5.14166666666667,NA,NA,NA,NA,NA,NA
NA,NA,NA,NA,5.30833333333333,NA,NA,NA,NA,NA,NA
NA,NA,NA,NA,5.36666666666667,NA,NA,NA,NA,NA,NA
NA,NA,NA,NA,5.10833333333333,NA,NA,NA,NA,NA,NA
NA,NA,NA,NA,4.84166666666667,NA,NA,NA,NA,NA,NA
NA,NA,NA,NA,4.64166666666667,NA,NA,NA,NA,NA,NA
NA,NA,NA,NA,4.475,NA,NA,NA,NA,NA,NA
NA,NA,NA,NA,4.425,NA,NA,NA,NA,NA,NA
NA,NA,NA,NA,4.75833333333333,NA,NA,NA,NA,NA,NA
NA,NA,NA,NA,5.13333333333333,NA,NA,NA,NA,NA,NA
NA,NA,NA,NA,5.24166666666667,NA,NA,NA,NA,NA,NA
NA,NA,NA,NA,5.075,NA,NA,NA,NA,NA,NA
NA,NA,NA,NA,4.96666666666667,NA,NA,NA,NA,NA,NA
NA,NA,NA,NA,4.9,NA,NA,NA,NA,NA,NA
NA,NA,NA,NA,4.825,NA,NA,NA,NA,NA,NA
NA,NA,NA,NA,4.85,NA,NA,NA,NA,NA,NA
NA,NA,NA,NA,4.98333333333333,NA,NA,NA,NA,NA,NA
NA,NA,NA,NA,5.20833333333333,NA,NA,NA,NA,NA,NA
NA,NA,NA,NA,5.1,NA,NA,NA,NA,NA,NA
NA,NA,NA,NA,4.9,NA,NA,NA,NA,NA,NA
NA,NA,NA,NA,4.66666666666667,NA,NA,NA,NA,NA,NA
NA,NA,NA,NA,4.35833333333333,NA,NA,NA,NA,NA,NA
NA,NA,NA,NA,4.1,NA,NA,NA,NA,NA,NA
NA,NA,NA,NA,3.925,NA,NA,NA,NA,NA,NA
NA,NA,NA,NA,4.15,NA,NA,NA,NA,NA,NA
NA,NA,NA,NA,4.48333333333333,NA,NA,NA,NA,NA,NA
NA,NA,NA,NA,4.61666666666667,NA,NA,NA,NA,NA,NA
NA,NA,NA,NA,4.40833333333333,NA,NA,NA,NA,NA,NA
NA,NA,NA,NA,4.14166666666667,NA,NA,NA,NA,NA,NA
NA,NA,NA,NA,4.075,NA,NA,NA,NA,NA,NA
NA,NA,NA,NA,3.99166666666667,NA,NA,NA,NA,NA,NA
NA,NA,NA,NA,3.93333333333333,NA,NA,NA,NA,NA,NA
NA,NA,NA,NA,4.04166666666667,NA,NA,NA,NA,NA,NA
NA,NA,NA,NA,4.36666666666667,NA,NA,NA,NA,NA,NA
NA,NA,NA,NA,4.5,NA,NA,NA,NA,NA,NA
NA,NA,NA,NA,4.4,NA,NA,NA,NA,NA,NA
NA,NA,NA,NA,4.25,NA,NA,NA,NA,NA,NA
NA,NA,NA,NA,4.15833333333333,NA,NA,NA,NA,NA,NA
NA,NA,NA,NA,4.125,NA,NA,NA,NA,NA,NA
NA,NA,NA,NA,4.225,NA,NA,NA,NA,NA,NA
NA,NA,NA,NA,4.50833333333333,NA,NA,NA,NA,NA,NA
NA,NA,NA,NA,4.73333333333333,NA,NA,NA,NA,NA,NA
NA,NA,NA,NA,4.825,NA,NA,NA,NA,NA,NA
NA,NA,NA,NA,4.70833333333333,NA,NA,NA,NA,NA,NA
NA,NA,NA,NA,4.6,NA,NA,NA,NA,NA,NA
NA,NA,NA,NA,4.54166666666667,NA,NA,NA,NA,NA,NA
NA,NA,NA,NA,4.5,NA,NA,NA,NA,NA,NA
NA,NA,NA,NA,4.625,NA,NA,NA,NA,NA,NA
NA,NA,NA,NA,4.89166666666667,NA,NA,NA,NA,NA,NA
NA,NA,NA,NA,5.13333333333333,NA,NA,NA,NA,NA,NA
NA,NA,NA,NA,5.2,NA,NA,NA,NA,NA,NA
NA,NA,NA,NA,5.2,NA,NA,NA,NA,NA,NA
NA,NA,NA,NA,5.1,NA,NA,NA,NA,NA,NA
NA,NA,NA,NA,5.01666666666667,NA,NA,NA,NA,NA,NA
NA,NA,NA,NA,5.025,NA,NA,NA,NA,NA,NA
NA,NA,NA,NA,5.21666666666667,NA,NA,NA,NA,NA,NA
NA,NA,NA,NA,5.9,NA,NA,NA,NA,NA,NA
NA,NA,NA,NA,6.58333333333333,NA,NA,NA,NA,NA,NA
NA,NA,NA,NA,6.93333333333333,NA,NA,NA,NA,NA,NA
NA,NA,NA,NA,6.88333333333333,NA,NA,NA,NA,NA,NA
NA,NA,NA,NA,6.55,NA,NA,NA,NA,NA,NA
NA,NA,NA,NA,6.275,NA,NA,NA,NA,NA,NA
NA,NA,NA,NA,6.13333333333333,NA,NA,NA,NA,NA,NA
NA,NA,NA,NA,6.18333333333333,NA,NA,NA,NA,NA,NA
NA,NA,NA,NA,6.73333333333333,NA,NA,NA,NA,NA,NA
NA,NA,NA,NA,7.31666666666667,NA,NA,NA,NA,NA,NA
NA,NA,NA,NA,7.575,NA,NA,NA,NA,NA,NA
NA,NA,NA,NA,7.49166666666667,NA,NA,NA,NA,NA,NA
NA,NA,NA,NA,7.08333333333333,NA,NA,NA,NA,NA,NA
NA,NA,NA,NA,6.75833333333333,NA,NA,NA,NA,NA,NA
NA,NA,NA,NA,6.60833333333333,NA,NA,NA,NA,NA,NA
NA,NA,NA,NA,6.73333333333333,NA,NA,NA,NA,NA,NA
NA,NA,NA,NA,7.4,NA,NA,NA,NA,NA,NA
NA,NA,NA,NA,8.05,NA,NA,NA,NA,NA,NA
NA,NA,NA,NA,8.35833333333333,NA,NA,NA,NA,NA,NA
NA,NA,NA,NA,8.21666666666667,NA,NA,NA,NA,NA,NA
NA,NA,NA,NA,7.81666666666667,NA,NA,NA,NA,NA,NA
NA,NA,NA,NA,7.55833333333333,NA,NA,NA,NA,NA,NA
NA,NA,NA,NA,7.5,NA,NA,NA,NA,NA,NA
NA,NA,NA,NA,7.70833333333333,NA,NA,NA,NA,NA,NA
NA,NA,NA,NA,8.15,NA,NA,NA,NA,NA,NA
NA,NA,NA,NA,8.425,NA,NA,NA,NA,NA,NA
NA,NA,NA,NA,8.35833333333333,NA,NA,NA,NA,NA,NA
NA,NA,NA,NA,8.06666666666667,NA,NA,NA,NA,NA,NA
NA,NA,NA,NA,7.625,NA,NA,NA,NA,NA,NA
NA,NA,NA,NA,7.3,NA,NA,NA,NA,NA,NA
NA,NA,NA,NA,7.14166666666667,NA,NA,NA,NA,NA,NA
NA,NA,NA,NA,6.98333333333333,NA,NA,NA,NA,NA,NA
NA,NA,NA,NA,7.3,NA,NA,NA,NA,NA,NA
NA,NA,NA,NA,7.74166666666667,NA,NA,NA,NA,NA,NA
NA,NA,NA,NA,7.84166666666667,NA,NA,NA,NA,NA,NA
NA,NA,NA,NA,7.725,NA,NA,NA,NA,NA,NA
NA,NA,NA,NA,7.425,NA,NA,NA,NA,NA,NA
NA,NA,NA,NA,7.16666666666667,NA,NA,NA,NA,NA,NA
NA,NA,NA,NA,7.00833333333333,NA,NA,NA,NA,NA,NA
NA,NA,NA,NA,7.125,NA,NA,NA,NA,NA,NA
NA,NA,NA,NA,7.925,NA,NA,NA,NA,NA,NA
NA,NA,NA,NA,8.625,NA,NA,NA,NA,NA,NA
NA,NA,NA,NA,8.95833333333333,NA,NA,NA,NA,NA,NA
NA,NA,NA,NA,8.96666666666667,NA,NA,NA,NA,NA,NA
NA,NA,NA,NA,8.575,NA,NA,NA,NA,NA,NA
NA,NA,NA,NA,8.18333333333333,NA,NA,NA,NA,NA,NA
NA,NA,NA,NA,7.95,NA,NA,NA,NA,NA,NA
NA,NA,NA,NA,8.075,NA,NA,NA,NA,NA,NA
NA,NA,NA,NA,8.86666666666667,NA,NA,NA,NA,NA,NA
NA,NA,NA,NA,9.53333333333333,NA,NA,NA,NA,NA,NA
NA,NA,NA,NA,9.825,NA,NA,NA,NA,NA,NA
NA,NA,NA,NA,9.8,NA,NA,NA,NA,NA,NA
NA,NA,NA,NA,9.325,NA,NA,NA,NA,NA,NA
NA,NA,NA,NA,8.84166666666667,NA,NA,NA,NA,NA,NA
NA,NA,NA,NA,8.54166666666667,NA,NA,NA,NA,NA,NA
NA,NA,NA,NA,8.69166666666667,NA,NA,NA,NA,NA,NA
NA,NA,NA,NA,9.5,NA,NA,NA,NA,NA,NA
NA,NA,NA,NA,10.2,NA,NA,NA,NA,NA,NA
NA,NA,NA,NA,10.4666666666667,NA,NA,NA,NA,NA,NA
NA,NA,NA,NA,10.4416666666667,NA,NA,NA,NA,NA,NA
NA,NA,NA,NA,10.05,NA,NA,NA,NA,NA,NA
NA,NA,NA,NA,9.575,NA,NA,NA,NA,NA,NA
NA,NA,NA,NA,9.325,NA,NA,NA,NA,NA,NA
NA,NA,NA,NA,9.45,NA,NA,NA,NA,NA,NA
NA,NA,NA,NA,10.0583333333333,NA,NA,NA,NA,NA,NA
NA,NA,NA,NA,10.675,NA,NA,NA,NA,NA,NA
NA,NA,NA,NA,10.8583333333333,NA,NA,NA,NA,NA,NA
NA,NA,NA,NA,10.7916666666667,NA,NA,NA,NA,NA,NA
NA,NA,NA,NA,10.508333333333301,NA,NA,NA,NA,NA,NA
NA,NA,NA,NA,10.15,NA,NA,NA,NA,NA,NA
NA,NA,NA,NA,9.925,NA,NA,NA,NA,NA,NA
NA,NA,NA,NA,9.9,NA,NA,NA,NA,NA,NA
NA,NA,NA,NA,10.0916666666667,NA,NA,NA,NA,NA,NA
NA,NA,NA,NA,10.4416666666667,NA,NA,NA,NA,NA,NA
NA,NA,NA,NA,10.383333333333301,NA,NA,NA,NA,NA,NA
NA,NA,NA,NA,10.275,NA,NA,NA,NA,NA,NA
NA,NA,NA,NA,9.99166666666667,NA,NA,NA,NA,NA,NA
NA,NA,NA,NA,9.50833333333333,NA,NA,NA,NA,NA,NA
NA,NA,NA,NA,9.10833333333333,NA,NA,NA,NA,NA,NA
NA,NA,NA,NA,9.025,NA,NA,NA,NA,NA,NA
NA,NA,NA,NA,9.35,NA,NA,NA,NA,NA,NA
NA,NA,NA,NA,9.56666666666667,NA,NA,NA,NA,NA,NA
NA,NA,NA,NA,9.475,NA,NA,NA,NA,NA,NA
NA,NA,NA,NA,9.3,NA,NA,NA,NA,NA,NA
NA,NA,NA,NA,8.90833333333333,NA,NA,NA,NA,NA,NA
NA,NA,NA,NA,8.38333333333333,NA,NA,NA,NA,NA,NA
NA,NA,NA,NA,7.875,NA,NA,NA,NA,NA,NA
NA,NA,NA,NA,7.89166666666667,NA,NA,NA,NA,NA,NA
NA,NA,NA,NA,8.61666666666667,NA,NA,NA,NA,NA,NA
NA,NA,NA,NA,9.00833333333333,NA,NA,NA,NA,NA,NA
NA,NA,NA,NA,9,NA,NA,NA,NA,NA,NA
NA,NA,NA,NA,8.85833333333333,NA,NA,NA,NA,NA,NA
NA,NA,NA,NA,8.43333333333333,NA,NA,NA,NA,NA,NA
NA,NA,NA,NA,7.90833333333333,NA,NA,NA,NA,NA,NA
NA,NA,NA,NA,7.55,NA,NA,NA,NA,NA,NA
NA,NA,NA,NA,7.55833333333333,NA,NA,NA,NA,NA,NA
NA,NA,NA,NA,7.7,NA,NA,NA,NA,NA,NA
NA,NA,NA,NA,7.625,NA,NA,NA,NA,NA,NA
NA,NA,NA,NA,7.28333333333333,NA,NA,NA,NA,NA,NA
NA,NA,NA,NA,6.94166666666667,NA,NA,NA,NA,NA,NA
NA,NA,NA,NA,6.525,NA,NA,NA,NA,NA,NA
NA,NA,NA,NA,6.175,NA,NA,NA,NA,NA,NA
NA,NA,NA,NA,5.78333333333333,NA,NA,NA,NA,NA,NA
NA,NA,NA,NA,5.59166666666667,NA,NA,NA,NA,NA,NA
NA,NA,NA,NA,5.775,NA,NA,NA,NA,NA,NA
NA,NA,NA,NA,5.93333333333333,NA,NA,NA,NA,NA,NA
NA,NA,NA,NA,5.95,NA,NA,NA,NA,NA,NA
NA,NA,NA,NA,5.7,NA,NA,NA,NA,NA,NA
NA,NA,NA,NA,5.43333333333333,NA,NA,NA,NA,NA,NA
NA,NA,NA,NA,5.13333333333333,NA,NA,NA,NA,NA,NA
NA,NA,NA,NA,4.85,NA,NA,NA,NA,NA,NA
NA,NA,NA,NA,4.84166666666667,NA,NA,NA,NA,NA,NA
NA,NA,NA,NA,5.15833333333333,NA,NA,NA,NA,NA,NA
NA,NA,NA,NA,5.35833333333333,NA,NA,NA,NA,NA,NA
NA,NA,NA,NA,5.325,NA,NA,NA,NA,NA,NA
NA,NA,NA,NA,5.04166666666667,NA,NA,NA,NA,NA,NA
NA,NA,NA,NA,4.69166666666667,NA,NA,NA,NA,NA,NA
NA,NA,NA,NA,4.55,NA,NA,NA,NA,NA,NA
NA,NA,NA,NA,4.425,NA,NA,NA,NA,NA,NA
NA,NA,NA,NA,4.525,NA,NA,NA,NA,NA,NA
NA,NA,NA,NA,4.84166666666667,NA,NA,NA,NA,NA,NA
NA,NA,NA,NA,5.18333333333333,NA,NA,NA,NA,NA,NA
NA,NA,NA,NA,5.36666666666667,NA,NA,NA,NA,NA,NA
NA,NA,NA,NA,5.125,NA,NA,NA,NA,NA,NA
NA,NA,NA,NA,4.76666666666667,NA,NA,NA,NA,NA,NA
NA,NA,NA,NA,4.48333333333333,NA,NA,NA,NA,NA,NA
NA,NA,NA,NA,4.30833333333333,NA,NA,NA,NA,NA,NA
NA,NA,NA,NA,4.525,NA,NA,NA,NA,NA,NA
NA,NA,NA,NA,5.35,NA,NA,NA,NA,NA,NA
NA,NA,NA,NA,5.975,NA,NA,NA,NA,NA,NA
NA,NA,NA,NA,6.25,NA,NA,NA,NA,NA,NA
NA,NA,NA,NA,6.18333333333333,NA,NA,NA,NA,NA,NA
NA,NA,NA,NA,6.025,NA,NA,NA,NA,NA,NA
NA,NA,NA,NA,5.85,NA,NA,NA,NA,NA,NA
NA,NA,NA,NA,5.83333333333333,NA,NA,NA,NA,NA,NA
NA,NA,NA,NA,6.08333333333333,NA,NA,NA,NA,NA,NA
NA,NA,NA,NA,6.46666666666667,NA,NA,NA,NA,NA,NA
NA,NA,NA,NA,6.925,NA,NA,NA,NA,NA,NA
NA,NA,NA,NA,7.125,NA,NA,NA,NA,NA,NA
NA,NA,NA,NA,7.175,NA,NA,NA,NA,NA,NA
NA,NA,NA,NA,7.075,NA,NA,NA,NA,NA,NA
NA,NA,NA,NA,6.95833333333333,NA,NA,NA,NA,NA,NA
NA,NA,NA,NA,6.825,NA,NA,NA,NA,NA,NA
NA,NA,NA,NA,7.13333333333333,NA,NA,NA,NA,NA,NA
NA,NA,NA,NA,7.94166666666667,NA,NA,NA,NA,NA,NA
NA,NA,NA,NA,8.63333333333333,NA,NA,NA,NA,NA,NA
NA,NA,NA,NA,9.04166666666667,NA,NA,NA,NA,NA,NA
NA,NA,NA,NA,9.09166666666667,NA,NA,NA,NA,NA,NA
NA,NA,NA,NA,8.89166666666667,NA,NA,NA,NA,NA,NA
NA,NA,NA,NA,8.65833333333333,NA,NA,NA,NA,NA,NA
NA,NA,NA,NA,8.51666666666667,NA,NA,NA,NA,NA,NA
NA,NA,NA,NA,8.575,NA,NA,NA,NA,NA,NA
NA,NA,NA,NA,8.70833333333333,NA,NA,NA,NA,NA,NA
NA,NA,NA,NA,8.9,NA,NA,NA,NA,NA,NA
NA,NA,NA,NA,8.85833333333333,NA,NA,NA,NA,NA,NA
NA,NA,NA,NA,8.61666666666667,NA,NA,NA,NA,NA,NA
NA,NA,NA,NA,8.225,NA,NA,NA,NA,NA,NA
NA,NA,NA,NA,7.78333333333333,NA,NA,NA,NA,NA,NA
NA,NA,NA,NA,7.33333333333333,NA,NA,NA,NA,NA,NA
NA,NA,NA,NA,7.24166666666667,NA,NA,NA,NA,NA,NA
NA,NA,NA,NA,7.59166666666667,NA,NA,NA,NA,NA,NA
NA,NA,NA,NA,8.00833333333333,NA,NA,NA,NA,NA,NA
NA,NA,NA,NA,7.80833333333333,NA,NA,NA,NA,NA,NA
NA,NA,NA,NA,7.54166666666667,NA,NA,NA,NA,NA,NA
NA,NA,NA,NA,7.125,NA,NA,NA,NA,NA,NA
NA,NA,NA,NA,6.66666666666667,NA,NA,NA,NA,NA,NA
NA,NA,NA,NA,6.30833333333333,NA,NA,NA,NA,NA,NA
NA,NA,NA,NA,6.45,NA,NA,NA,NA,NA,NA
NA,NA,NA,NA,7.00833333333333,NA,NA,NA,NA,NA,NA
NA,NA,NA,NA,7.46666666666667,NA,NA,NA,NA,NA,NA
NA,NA,NA,NA,7.54166666666667,NA,NA,NA,NA,NA,NA
NA,NA,NA,NA,7.20833333333333,NA,NA,NA,NA,NA,NA
NA,NA,NA,NA,6.84166666666667,NA,NA,NA,NA,NA,NA
NA,NA,NA,NA,6.41666666666667,NA,NA,NA,NA,NA,NA
NA,NA,NA,NA,6,NA,NA,NA,NA,NA,NA
NA,NA,NA,NA,6.03333333333333,NA,NA,NA,NA,NA,NA
NA,NA,NA,NA,6.51666666666667,NA,NA,NA,NA,NA,NA
NA,NA,NA,NA,6.78333333333333,NA,NA,NA,NA,NA,NA
NA,NA,NA,NA,6.75833333333333,NA,NA,NA,NA,NA,NA
NA,NA,NA,NA,6.60833333333333,NA,NA,NA,NA,NA,NA
NA,NA,NA,NA,6.43333333333333,NA,NA,NA,NA,NA,NA
NA,NA,NA,NA,6.18333333333333,NA,NA,NA,NA,NA,NA
NA,NA,NA,NA,5.94166666666667,NA,NA,NA,NA,NA,NA
NA,NA,NA,NA,5.9,NA,NA,NA,NA,NA,NA
NA,NA,NA,NA,6.01666666666667,NA,NA,NA,NA,NA,NA
NA,NA,NA,NA,6.1,NA,NA,NA,NA,NA,NA
NA,NA,NA,NA,6.15,NA,NA,NA,NA,NA,NA
NA,NA,NA,NA,6.1,NA,NA,NA,NA,NA,NA
NA,NA,NA,NA,6.03333333333333,NA,NA,NA,NA,NA,NA
NA,NA,NA,NA,5.85833333333333,NA,NA,NA,NA,NA,NA
NA,NA,NA,NA,5.71666666666667,NA,NA,NA,NA,NA,NA
NA,NA,NA,NA,5.7,NA,NA,NA,NA,NA,NA
NA,NA,NA,NA,5.75,NA,NA,NA,NA,NA,NA
NA,NA,NA,NA,5.925,NA,NA,NA,NA,NA,NA
NA,NA,NA,NA,6.025,NA,NA,NA,NA,NA,NA
NA,NA,NA,NA,5.99166666666667,NA,NA,NA,NA,NA,NA
NA,NA,NA,NA,6,NA,NA,NA,NA,NA,NA
NA,NA,NA,NA,5.9,NA,NA,NA,NA,NA,NA
NA,NA,NA,NA,5.725,NA,NA,NA,NA,NA,NA
NA,NA,NA,NA,5.85833333333333,NA,NA,NA,NA,NA,NA
NA,NA,NA,NA,6.39166666666667,NA,NA,NA,NA,NA,NA
NA,NA,NA,NA,6.8,NA,NA,NA,NA,NA,NA
NA,NA,NA,NA,6.91666666666667,NA,NA,NA,NA,NA,NA
NA,NA,NA,NA,6.975,NA,NA,NA,NA,NA,NA
NA,NA,NA,NA,6.9,NA,NA,NA,NA,NA,NA
NA,NA,NA,NA,6.9,NA,NA,NA,NA,NA,NA
NA,NA,NA,NA,6.95,NA,NA,NA,NA,NA,NA
NA,NA,NA,NA,7.14166666666667,NA,NA,NA,NA,NA,NA
NA,NA,NA,NA,7.65,NA,NA,NA,NA,NA,NA
NA,NA,NA,NA,8.05833333333333,NA,NA,NA,NA,NA,NA
NA,NA,NA,NA,8.25833333333333,NA,NA,NA,NA,NA,NA
NA,NA,NA,NA,8.225,NA,NA,NA,NA,NA,NA
NA,NA,NA,NA,8.125,NA,NA,NA,NA,NA,NA
NA,NA,NA,NA,7.94166666666667,NA,NA,NA,NA,NA,NA
NA,NA,NA,NA,7.75833333333333,NA,NA,NA,NA,NA,NA
NA,NA,NA,NA,8.01666666666667,NA,NA,NA,NA,NA,NA
NA,NA,NA,NA,8.68333333333333,NA,NA,NA,NA,NA,NA
NA,NA,NA,NA,9.16666666666667,NA,NA,NA,NA,NA,NA
NA,NA,NA,NA,9.14166666666667,NA,NA,NA,NA,NA,NA
NA,NA,NA,NA,9.15833333333333,NA,NA,NA,NA,NA,NA
NA,NA,NA,NA,8.79166666666667,NA,NA,NA,NA,NA,NA
NA,NA,NA,NA,8.49166666666667,NA,NA,NA,NA,NA,NA
NA,NA,NA,NA,8.26666666666667,NA,NA,NA,NA,NA,NA
NA,NA,NA,NA,8.58333333333333,NA,NA,NA,NA,NA,NA
NA,NA,NA,NA,9.725,NA,NA,NA,NA,NA,NA
NA,NA,NA,NA,10.25,NA,NA,NA,NA,NA,NA
NA,NA,NA,NA,10.5,NA,NA,NA,NA,NA,NA
NA,NA,NA,NA,10.45,NA,NA,NA,NA,NA,NA
NA,NA,NA,NA,10.2333333333333,NA,NA,NA,NA,NA,NA
NA,NA,NA,NA,9.86666666666667,NA,NA,NA,NA,NA,NA
NA,NA,NA,NA,9.53333333333333,NA,NA,NA,NA,NA,NA
NA,NA,NA,NA,9.74166666666667,NA,NA,NA,NA,NA,NA
NA,NA,NA,NA,10.758333333333301,NA,NA,NA,NA,NA,NA
NA,NA,NA,NA,11.3583333333333,NA,NA,NA,NA,NA,NA
NA,NA,NA,NA,11.1416666666667,NA,NA,NA,NA,NA,NA
NA,NA,NA,NA,10.8333333333333,NA,NA,NA,NA,NA,NA
NA,NA,NA,NA,10.4333333333333,NA,NA,NA,NA,NA,NA
NA,NA,NA,NA,9.95833333333333,NA,NA,NA,NA,NA,NA
NA,NA,NA,NA,9.54166666666667,NA,NA,NA,NA,NA,NA
NA,NA,NA,NA,9.75833333333333,NA,NA,NA,NA,NA,NA
NA,NA,NA,NA,10.825,NA,NA,NA,NA,NA,NA
NA,NA,NA,NA,11.3916666666667,NA,NA,NA,NA,NA,NA
NA,NA,NA,NA,11.1166666666667,NA,NA,NA,NA,NA,NA
NA,NA,NA,NA,10.8666666666667,NA,NA,NA,NA,NA,NA
NA,NA,NA,NA,10.4916666666667,NA,NA,NA,NA,NA,NA
NA,NA,NA,NA,9.95,NA,NA,NA,NA,NA,NA
NA,NA,NA,NA,9.45833333333333,NA,NA,NA,NA,NA,NA
NA,NA,NA,NA,9.73333333333333,NA,NA,NA,NA,NA,NA
NA,NA,NA,NA,10.8416666666667,NA,NA,NA,NA,NA,NA
NA,NA,NA,NA,11.4416666666667,NA,NA,NA,NA,NA,NA
NA,NA,NA,NA,11.4166666666667,NA,NA,NA,NA,NA,NA
NA,NA,NA,NA,11.0916666666667,NA,NA,NA,NA,NA,NA
NA,NA,NA,NA,10.7083333333333,NA,NA,NA,NA,NA,NA
NA,NA,NA,NA,10.2,NA,NA,NA,NA,NA,NA
NA,NA,NA,NA,9.74166666666667,NA,NA,NA,NA,NA,NA
NA,NA,NA,NA,10.1083333333333,NA,NA,NA,NA,NA,NA
NA,NA,NA,NA,11.2416666666667,NA,NA,NA,NA,NA,NA
NA,NA,NA,NA,11.9416666666667,NA,NA,NA,NA,NA,NA
NA,NA,NA,NA,11.6166666666667,NA,NA,NA,NA,NA,NA
NA,NA,NA,NA,11.0166666666667,NA,NA,NA,NA,NA,NA
NA,NA,NA,NA,10.508333333333301,NA,NA,NA,NA,NA,NA
NA,NA,NA,NA,9.95,NA,NA,NA,NA,NA,NA
NA,NA,NA,NA,9.525,NA,NA,NA,NA,NA,NA
NA,NA,NA,NA,9.80833333333333,NA,NA,NA,NA,NA,NA
NA,NA,NA,NA,10.9416666666667,NA,NA,NA,NA,NA,NA
NA,NA,NA,NA,11.5833333333333,NA,NA,NA,NA,NA,NA
NA,NA,NA,NA,11.258333333333301,NA,NA,NA,NA,NA,NA
NA,NA,NA,NA,10.85,NA,NA,NA,NA,NA,NA
NA,NA,NA,NA,10.3416666666667,NA,NA,NA,NA,NA,NA
NA,NA,NA,NA,9.8,NA,NA,NA,NA,NA,NA
NA,NA,NA,NA,9.275,NA,NA,NA,NA,NA,NA
NA,NA,NA,NA,9.59166666666667,NA,NA,NA,NA,NA,NA
NA,NA,NA,NA,10.825,NA,NA,NA,NA,NA,NA
NA,NA,NA,NA,11.4833333333333,NA,NA,NA,NA,NA,NA
NA,NA,NA,NA,11.35,NA,NA,NA,NA,NA,NA
NA,NA,NA,NA,11.1,NA,NA,NA,NA,NA,NA
NA,NA,NA,NA,10.625,NA,NA,NA,NA,NA,NA
NA,NA,NA,NA,10.05,NA,NA,NA,NA,NA,NA
NA,NA,NA,NA,9.5,NA,NA,NA,NA,NA,NA
NA,NA,NA,NA,9.89166666666667,NA,NA,NA,NA,NA,NA
NA,NA,NA,NA,11.2,NA,NA,NA,NA,NA,NA
NA,NA,NA,NA,12.05,NA,NA,NA,NA,NA,NA
NA,NA,NA,NA,12.008333333333301,NA,NA,NA,NA,NA,NA
NA,NA,NA,NA,11.7833333333333,NA,NA,NA,NA,NA,NA
NA,NA,NA,NA,11.4916666666667,NA,NA,NA,NA,NA,NA
NA,NA,NA,NA,11.25,NA,NA,NA,NA,NA,NA
NA,NA,NA,NA,11.025,NA,NA,NA,NA,NA,NA
NA,NA,NA,NA,11.2916666666667,NA,NA,NA,NA,NA,NA
NA,NA,NA,NA,12.325,NA,NA,NA,NA,NA,NA
NA,NA,NA,NA,12.383333333333301,NA,NA,NA,NA,NA,NA
NA,NA,NA,NA,12.35,NA,NA,NA,NA,NA,NA
NA,NA,NA,NA,11.9416666666667,NA,NA,NA,NA,NA,NA
NA,NA,NA,NA,11.4833333333333,NA,NA,NA,NA,NA,NA
NA,NA,NA,NA,11.0166666666667,NA,NA,NA,NA,NA,NA
NA,NA,NA,NA,10.625,NA,NA,NA,NA,NA,NA
NA,NA,NA,NA,10.95,NA,NA,NA,NA,NA,NA
NA,NA,NA,NA,11.758333333333301,NA,NA,NA,NA,NA,NA
NA,NA,NA,NA,11.7,NA,NA,NA,NA,NA,NA
NA,NA,NA,NA,11.575,NA,NA,NA,NA,NA,NA
NA,NA,NA,NA,11.3083333333333,NA,NA,NA,NA,NA,NA
NA,NA,NA,NA,11.0833333333333,NA,NA,NA,NA,NA,NA
NA,NA,NA,NA,10.7833333333333,NA,NA,NA,NA,NA,NA
NA,NA,NA,NA,10.3666666666667,NA,NA,NA,NA,NA,NA
NA,NA,NA,NA,10.8333333333333,NA,NA,NA,NA,NA,NA
NA,NA,NA,NA,11.4666666666667,NA,NA,NA,NA,NA,NA
NA,NA,NA,NA,11.633333333333301,NA,NA,NA,NA,NA,NA
NA,NA,NA,NA,11.5583333333333,NA,NA,NA,NA,NA,NA
NA,NA,NA,NA,11.3166666666667,NA,NA,NA,NA,NA,NA
NA,NA,NA,NA,11.0166666666667,NA,NA,NA,NA,NA,NA
NA,NA,NA,NA,10.8416666666667,NA,NA,NA,NA,NA,NA
NA,NA,NA,NA,10.875,NA,NA,NA,NA,NA,NA
NA,NA,NA,NA,11.0833333333333,NA,NA,NA,NA,NA,NA
NA,NA,NA,NA,11.008333333333301,NA,NA,NA,NA,NA,NA
NA,NA,NA,NA,10.9,NA,NA,NA,NA,NA,NA
NA,NA,NA,NA,10.7166666666667,NA,NA,NA,NA,NA,NA
NA,NA,NA,NA,10.65,NA,NA,NA,NA,NA,NA
NA,NA,NA,NA,10.25,NA,NA,NA,NA,NA,NA
NA,NA,NA,NA,9.79166666666667,NA,NA,NA,NA,NA,NA
NA,NA,NA,NA,9.5,NA,NA,NA,NA,NA,NA
NA,NA,NA,NA,9.625,NA,NA,NA,NA,NA,NA
NA,NA,NA,NA,10.175,NA,NA,NA,NA,NA,NA
NA,NA,NA,NA,10.65,NA,NA,NA,NA,NA,NA
NA,NA,NA,NA,10.7833333333333,NA,NA,NA,NA,NA,NA
NA,NA,NA,NA,10.5833333333333,NA,NA,NA,NA,NA,NA
NA,NA,NA,NA,10.125,NA,NA,NA,NA,NA,NA
NA,NA,NA,NA,9.6,NA,NA,NA,NA,NA,NA
NA,NA,NA,NA,9.24166666666667,NA,NA,NA,NA,NA,NA
NA,NA,NA,NA,9.39166666666667,NA,NA,NA,NA,NA,NA
NA,NA,NA,NA,9.76666666666667,NA,NA,NA,NA,NA,NA
NA,NA,NA,NA,9.95833333333333,NA,NA,NA,NA,NA,NA
NA,NA,NA,NA,10,NA,NA,NA,NA,NA,NA
NA,NA,NA,NA,9.86666666666667,NA,NA,NA,NA,NA,NA
NA,NA,NA,NA,9.55,NA,NA,NA,NA,NA,NA
NA,NA,NA,NA,9.30833333333333,NA,NA,NA,NA,NA,NA
NA,NA,NA,NA,9.2,NA,NA,NA,NA,NA,NA
NA,NA,NA,NA,9.39166666666667,NA,NA,NA,NA,NA,NA
NA,NA,NA,NA,9.875,NA,NA,NA,NA,NA,NA
NA,NA,NA,NA,10.0416666666667,NA,NA,NA,NA,NA,NA
NA,NA,NA,NA,10.025,NA,NA,NA,NA,NA,NA
NA,NA,NA,NA,9.825,NA,NA,NA,NA,NA,NA
NA,NA,NA,NA,9.75,NA,NA,NA,NA,NA,NA
NA,NA,NA,NA,9.475,NA,NA,NA,NA,NA,NA
NA,NA,NA,NA,9.30833333333333,NA,NA,NA,NA,NA,NA
NA,NA,NA,NA,9.34166666666667,NA,NA,NA,NA,NA,NA
NA,NA,NA,NA,9.225,NA,NA,NA,NA,NA,NA
NA,NA,NA,NA,9.31666666666667,NA,NA,NA,NA,NA,NA
NA,NA,NA,NA,9.125,NA,NA,NA,NA,NA,NA
NA,NA,NA,NA,8.94166666666667,NA,NA,NA,NA,NA,NA
NA,NA,NA,NA,8.875,NA,NA,NA,NA,NA,NA
NA,NA,NA,NA,8.83333333333333,NA,NA,NA,NA,NA,NA
NA,NA,NA,NA,8.63333333333333,NA,NA,NA,NA,NA,NA
NA,NA,NA,NA,8.61666666666667,NA,NA,NA,NA,NA,NA
NA,NA,NA,NA,9.00833333333333,NA,NA,NA,NA,NA,NA
NA,NA,NA,NA,9.30833333333333,NA,NA,NA,NA,NA,NA
NA,NA,NA,NA,9.5,NA,NA,NA,NA,NA,NA
NA,NA,NA,NA,9.36666666666667,NA,NA,NA,NA,NA,NA
NA,NA,NA,NA,9.06666666666667,NA,NA,NA,NA,NA,NA
NA,NA,NA,NA,8.76666666666667,NA,NA,NA,NA,NA,NA
NA,NA,NA,NA,8.525,NA,NA,NA,NA,NA,NA
NA,NA,NA,NA,8.68333333333333,NA,NA,NA,NA,NA,NA
NA,NA,NA,NA,9.60833333333333,NA,NA,NA,NA,NA,NA
NA,NA,NA,NA,10.325,NA,NA,NA,NA,NA,NA
NA,NA,NA,NA,10.6083333333333,NA,NA,NA,NA,NA,NA
NA,NA,NA,NA,10.6583333333333,NA,NA,NA,NA,NA,NA
NA,NA,NA,NA,10.3,NA,NA,NA,NA,NA,NA
NA,NA,NA,NA,9.875,NA,NA,NA,NA,NA,NA
NA,NA,NA,NA,9.61666666666667,NA,NA,NA,NA,NA,NA
NA,NA,NA,NA,9.95833333333333,NA,NA,NA,NA,NA,NA
NA,NA,NA,NA,11.175,NA,NA,NA,NA,NA,NA
NA,NA,NA,NA,12.3416666666667,NA,NA,NA,NA,NA,NA
NA,NA,NA,NA,12.7333333333333,NA,NA,NA,NA,NA,NA
NA,NA,NA,NA,12.9,NA,NA,NA,NA,NA,NA
NA,NA,NA,NA,12.7083333333333,NA,NA,NA,NA,NA,NA
NA,NA,NA,NA,12.2916666666667,NA,NA,NA,NA,NA,NA
NA,NA,NA,NA,12.0833333333333,NA,NA,NA,NA,NA,NA
NA,NA,NA,NA,12.6083333333333,NA,NA,NA,NA,NA,NA
NA,NA,NA,NA,13.8083333333333,NA,NA,NA,NA,NA,NA
NA,NA,NA,NA,14.6666666666667,NA,NA,NA,NA,NA,NA
NA,NA,NA,NA,15.0166666666667,NA,NA,NA,NA,NA,NA
NA,NA,NA,NA,15.1,NA,NA,NA,NA,NA,NA
NA,NA,NA,NA,15.008333333333301,NA,NA,NA,NA,NA,NA
NA,NA,NA,NA,14.7416666666667,NA,NA,NA,NA,NA,NA
NA,NA,NA,NA,14.4583333333333,NA,NA,NA,NA,NA,NA
NA,NA,NA,NA,14.8333333333333,NA,NA,NA,NA,NA,NA
NA,NA,NA,NA,15.3666666666667,NA,NA,NA,NA,NA,NA
NA,NA,NA,NA,15.7083333333333,NA,NA,NA,NA,NA,NA
NA,NA,NA,NA,15.825,NA,NA,NA,NA,NA,NA
NA,NA,NA,NA,15.6666666666667,NA,NA,NA,NA,NA,NA
NA,NA,NA,NA,15.525,NA,NA,NA,NA,NA,NA
NA,NA,NA,NA,15.175,NA,NA,NA,NA,NA,NA
NA,NA,NA,NA,15.0833333333333,NA,NA,NA,NA,NA,NA
NA,NA,NA,NA,14.975,NA,NA,NA,NA,NA,NA
NA,NA,NA,NA,14.7416666666667,NA,NA,NA,NA,NA,NA
NA,NA,NA,NA,14.425,NA,NA,NA,NA,NA,NA
NA,NA,NA,NA,14.225,NA,NA,NA,NA,NA,NA
NA,NA,NA,NA,13.875,NA,NA,NA,NA,NA,NA
NA,NA,NA,NA,13.3,NA,NA,NA,NA,NA,NA
NA,NA,NA,NA,12.9333333333333,NA,NA,NA,NA,NA,NA
NA,NA,NA,NA,12.5416666666667,NA,NA,NA,NA,NA,NA
NA,NA,NA,NA,12.2166666666667,NA,NA,NA,NA,NA,NA
NA,NA,NA,NA,12.225,NA,NA,NA,NA,NA,NA
NA,NA,NA,NA,12.3333333333333,NA,NA,NA,NA,NA,NA
NA,NA,NA,NA,12.2166666666667,NA,NA,NA,NA,NA,NA
NA,NA,NA,NA,11.9416666666667,NA,NA,NA,NA,NA,NA
NA,NA,NA,NA,11.7,NA,NA,NA,NA,NA,NA
NA,NA,NA,NA,11.4833333333333,NA,NA,NA,NA,NA,NA
NA,NA,NA,NA,11.2666666666667,NA,NA,NA,NA,NA,NA
NA,NA,NA,NA,11.2,NA,NA,NA,NA,NA,NA
NA,NA,NA,NA,11.375,NA,NA,NA,NA,NA,NA
NA,NA,NA,NA,11.7666666666667,NA,NA,NA,NA,NA,NA
NA,NA,NA,NA,12.0666666666667,NA,NA,NA,NA,NA,NA
NA,NA,NA,NA,12,NA,NA,NA,NA,NA,NA
NA,NA,NA,NA,11.7833333333333,NA,NA,NA,NA,NA,NA
NA,NA,NA,NA,11.5416666666667,NA,NA,NA,NA,NA,NA
NA,NA,NA,NA,11.4083333333333,NA,NA,NA,NA,NA,NA
NA,NA,NA,NA,11.4333333333333,NA,NA,NA,NA,NA,NA
NA,NA,NA,NA,11.6166666666667,NA,NA,NA,NA,NA,NA
NA,NA,NA,NA,11.883333333333301,NA,NA,NA,NA,NA,NA
NA,NA,NA,NA,11.8583333333333,NA,NA,NA,NA,NA,NA
NA,NA,NA,NA,11.775,NA,NA,NA,NA,NA,NA
NA,NA,NA,NA,11.4916666666667,NA,NA,NA,NA,NA,NA
NA,NA,NA,NA,11.3,NA,NA,NA,NA,NA,NA
NA,NA,NA,NA,11.2,NA,NA,NA,NA,NA,NA
NA,NA,NA,NA,11.15,NA,NA,NA,NA,NA,NA
NA,NA,NA,NA,11.258333333333301,NA,NA,NA,NA,NA,NA
NA,NA,NA,NA,11.5916666666667,NA,NA,NA,NA,NA,NA
NA,NA,NA,NA,11.8083333333333,NA,NA,NA,NA,NA,NA
NA,NA,NA,NA,11.8666666666667,NA,NA,NA,NA,NA,NA
NA,NA,NA,NA,11.625,NA,NA,NA,NA,NA,NA
NA,NA,NA,NA,11.4583333333333,NA,NA,NA,NA,NA,NA
NA,NA,NA,NA,11.3333333333333,NA,NA,NA,NA,NA,NA
NA,NA,NA,NA,11.2833333333333,NA,NA,NA,NA,NA,NA
NA,NA,NA,NA,11.508333333333301,NA,NA,NA,NA,NA,NA
NA,NA,NA,NA,11.7666666666667,NA,NA,NA,NA,NA,NA
NA,NA,NA,NA,11.8916666666667,NA,NA,NA,NA,NA,NA
NA,NA,NA,NA,11.825,NA,NA,NA,NA,NA,NA
NA,NA,NA,NA,11.6583333333333,NA,NA,NA,NA,NA,NA
NA,NA,NA,NA,11.6083333333333,NA,NA,NA,NA,NA,NA
NA,NA,NA,NA,11.4666666666667,NA,NA,NA,NA,NA,NA
NA,NA,NA,NA,11.3166666666667,NA,NA,NA,NA,NA,NA
NA,NA,NA,NA,11.5666666666667,NA,NA,NA,NA,NA,NA
NA,NA,NA,NA,11.9083333333333,NA,NA,NA,NA,NA,NA
NA,NA,NA,NA,11.9583333333333,NA,NA,NA,NA,NA,NA
NA,NA,NA,NA,11.9,NA,NA,NA,NA,NA,NA
NA,NA,NA,NA,11.758333333333301,NA,NA,NA,NA,NA,NA
NA,NA,NA,NA,11.4333333333333,NA,NA,NA,NA,NA,NA
NA,NA,NA,NA,11.1583333333333,NA,NA,NA,NA,NA,NA
NA,NA,NA,NA,11.05,NA,NA,NA,NA,NA,NA
NA,NA,NA,NA,11.4583333333333,NA,NA,NA,NA,NA,NA
NA,NA,NA,NA,12.0166666666667,NA,NA,NA,NA,NA,NA
NA,NA,NA,NA,12.1666666666667,NA,NA,NA,NA,NA,NA
NA,NA,NA,NA,12.0416666666667,NA,NA,NA,NA,NA,NA
NA,NA,NA,NA,11.8416666666667,NA,NA,NA,NA,NA,NA
NA,NA,NA,NA,11.6916666666667,NA,NA,NA,NA,NA,NA
NA,NA,NA,NA,11.4833333333333,NA,NA,NA,NA,NA,NA
NA,NA,NA,NA,11.4,NA,NA,NA,NA,NA,NA
NA,NA,NA,NA,11.5583333333333,NA,NA,NA,NA,NA,NA
NA,NA,NA,NA,11.7916666666667,NA,NA,NA,NA,NA,NA
NA,NA,NA,NA,11.8916666666667,NA,NA,NA,NA,NA,NA
NA,NA,NA,NA,11.8333333333333,NA,NA,NA,NA,NA,NA
NA,NA,NA,NA,11.625,NA,NA,NA,NA,NA,NA
NA,NA,NA,NA,11.3916666666667,NA,NA,NA,NA,NA,NA
NA,NA,NA,NA,11.2666666666667,NA,NA,NA,NA,NA,NA
NA,NA,NA,NA,11.275,NA,NA,NA,NA,NA,NA
NA,NA,NA,NA,11.45,NA,NA,NA,NA,NA,NA
NA,NA,NA,NA,11.725,NA,NA,NA,NA,NA,NA
NA,NA,NA,NA,11.8,NA,NA,NA,NA,NA,NA
NA,NA,NA,NA,11.7416666666667,NA,NA,NA,NA,NA,NA
NA,NA,NA,NA,11.5666666666667,NA,NA,NA,NA,NA,NA
NA,NA,NA,NA,11.4416666666667,NA,NA,NA,NA,NA,NA
NA,NA,NA,NA,11.3333333333333,NA,NA,NA,NA,NA,NA
NA,NA,NA,NA,11.4166666666667,NA,NA,NA,NA,NA,NA
NA,NA,NA,NA,11.775,NA,NA,NA,NA,NA,NA
NA,NA,NA,NA,12.0166666666667,NA,NA,NA,NA,NA,NA
NA,NA,NA,NA,12.0916666666667,NA,NA,NA,NA,NA,NA
NA,NA,NA,NA,11.8666666666667,NA,NA,NA,NA,NA,NA
NA,NA,NA,NA,11.6083333333333,NA,NA,NA,NA,NA,NA
NA,NA,NA,NA,11.3916666666667,NA,NA,NA,NA,NA,NA
NA,NA,NA,NA,11.2333333333333,NA,NA,NA,NA,NA,NA
NA,NA,NA,NA,11.25,NA,NA,NA,NA,NA,NA
NA,NA,NA,NA,11.5416666666667,NA,NA,NA,NA,NA,NA
NA,NA,NA,NA,11.875,NA,NA,NA,NA,NA,NA
NA,NA,NA,NA,11.8583333333333,NA,NA,NA,NA,NA,NA
NA,NA,NA,NA,11.675,NA,NA,NA,NA,NA,NA
NA,NA,NA,NA,11.35,NA,NA,NA,NA,NA,NA
NA,NA,NA,NA,11,NA,NA,NA,NA,NA,NA
NA,NA,NA,NA,10.8,NA,NA,NA,NA,NA,NA
NA,NA,NA,NA,10.9166666666667,NA,NA,NA,NA,NA,NA
NA,NA,NA,NA,11.3916666666667,NA,NA,NA,NA,NA,NA
NA,NA,NA,NA,11.825,NA,NA,NA,NA,NA,NA
NA,NA,NA,NA,12,NA,NA,NA,NA,NA,NA
NA,NA,NA,NA,11.7333333333333,NA,NA,NA,NA,NA,NA
NA,NA,NA,NA,11.4416666666667,NA,NA,NA,NA,NA,NA
NA,NA,NA,NA,11.3583333333333,NA,NA,NA,NA,NA,NA
NA,NA,NA,NA,11.3,NA,NA,NA,NA,NA,NA
NA,NA,NA,NA,11.4166666666667,NA,NA,NA,NA,NA,NA
NA,NA,NA,NA,11.825,NA,NA,NA,NA,NA,NA
NA,NA,NA,NA,12.25,NA,NA,NA,NA,NA,NA
NA,NA,NA,NA,12.3583333333333,NA,NA,NA,NA,NA,NA
NA,NA,NA,NA,12.1666666666667,NA,NA,NA,NA,NA,NA
NA,NA,NA,NA,11.8333333333333,NA,NA,NA,NA,NA,NA
NA,NA,NA,NA,11.6,NA,NA,NA,NA,NA,NA
NA,NA,NA,NA,11.3416666666667,NA,NA,NA,NA,NA,NA
NA,NA,NA,NA,11.225,NA,NA,NA,NA,NA,NA
NA,NA,NA,NA,11.2833333333333,NA,NA,NA,NA,NA,NA
NA,NA,NA,NA,11.3083333333333,NA,NA,NA,NA,NA,NA
NA,NA,NA,NA,11.1583333333333,NA,NA,NA,NA,NA,NA
NA,NA,NA,NA,10.9416666666667,NA,NA,NA,NA,NA,NA
NA,NA,NA,NA,10.758333333333301,NA,NA,NA,NA,NA,NA
NA,NA,NA,NA,10.5416666666667,NA,NA,NA,NA,NA,NA
NA,NA,NA,NA,10.4416666666667,NA,NA,NA,NA,NA,NA
NA,NA,NA,NA,10.4,NA,NA,NA,NA,NA,NA
NA,NA,NA,NA,10.5333333333333,NA,NA,NA,NA,NA,NA
NA,NA,NA,NA,10.75,NA,NA,NA,NA,NA,NA
NA,NA,NA,NA,10.9,NA,NA,NA,NA,NA,NA
NA,NA,NA,NA,10.9166666666667,NA,NA,NA,NA,NA,NA
NA,NA,NA,NA,10.758333333333301,NA,NA,NA,NA,NA,NA
NA,NA,NA,NA,10.6,NA,NA,NA,NA,NA,NA
NA,NA,NA,NA,10.5,NA,NA,NA,NA,NA,NA
NA,NA,NA,NA,10.675,NA,NA,NA,NA,NA,NA
NA,NA,NA,NA,11.0166666666667,NA,NA,NA,NA,NA,NA
NA,NA,NA,NA,11.4583333333333,NA,NA,NA,NA,NA,NA
NA,NA,NA,NA,11.75,NA,NA,NA,NA,NA,NA
NA,NA,NA,NA,11.6916666666667,NA,NA,NA,NA,NA,NA
NA,NA,NA,NA,11.383333333333301,NA,NA,NA,NA,NA,NA
NA,NA,NA,NA,11.0666666666667,NA,NA,NA,NA,NA,NA
NA,NA,NA,NA,10.8583333333333,NA,NA,NA,NA,NA,NA
NA,NA,NA,NA,11.025,NA,NA,NA,NA,NA,NA
NA,NA,NA,NA,11.5333333333333,NA,NA,NA,NA,NA,NA
NA,NA,NA,NA,12.2083333333333,NA,NA,NA,NA,NA,NA
NA,NA,NA,NA,12.5,NA,NA,NA,NA,NA,NA
NA,NA,NA,NA,12.35,NA,NA,NA,NA,NA,NA
NA,NA,NA,NA,11.9166666666667,NA,NA,NA,NA,NA,NA
NA,NA,NA,NA,11.5666666666667,NA,NA,NA,NA,NA,NA
NA,NA,NA,NA,11.35,NA,NA,NA,NA,NA,NA
NA,NA,NA,NA,11.575,NA,NA,NA,NA,NA,NA
NA,NA,NA,NA,12.4,NA,NA,NA,NA,NA,NA
NA,NA,NA,NA,13.1166666666667,NA,NA,NA,NA,NA,NA
NA,NA,NA,NA,13.3166666666667,NA,NA,NA,NA,NA,NA
NA,NA,NA,NA,13.35,NA,NA,NA,NA,NA,NA
NA,NA,NA,NA,12.883333333333301,NA,NA,NA,NA,NA,NA
NA,NA,NA,NA,12.383333333333301,NA,NA,NA,NA,NA,NA
NA,NA,NA,NA,12.0666666666667,NA,NA,NA,NA,NA,NA
NA,NA,NA,NA,12.3,NA,NA,NA,NA,NA,NA
NA,NA,NA,NA,13.133333333333301,NA,NA,NA,NA,NA,NA
NA,NA,NA,NA,13.8166666666667,NA,NA,NA,NA,NA,NA
NA,NA,NA,NA,14.1666666666667,NA,NA,NA,NA,NA,NA
NA,NA,NA,NA,14.1166666666667,NA,NA,NA,NA,NA,NA
NA,NA,NA,NA,13.55,NA,NA,NA,NA,NA,NA
NA,NA,NA,NA,12.9333333333333,NA,NA,NA,NA,NA,NA
NA,NA,NA,NA,12.633333333333301,NA,NA,NA,NA,NA,NA
NA,NA,NA,NA,12.9,NA,NA,NA,NA,NA,NA
NA,NA,NA,NA,13.8,NA,NA,NA,NA,NA,NA
NA,NA,NA,NA,14.3916666666667,NA,NA,NA,NA,NA,NA
NA,NA,NA,NA,14.6,NA,NA,NA,NA,NA,NA
NA,NA,NA,NA,14.5833333333333,NA,NA,NA,NA,NA,NA
NA,NA,NA,NA,14.2,NA,NA,NA,NA,NA,NA
NA,NA,NA,NA,13.758333333333301,NA,NA,NA,NA,NA,NA
NA,NA,NA,NA,13.5416666666667,NA,NA,NA,NA,NA,NA
NA,NA,NA,NA,13.825,NA,NA,NA,NA,NA,NA
NA,NA,NA,NA,14.675,NA,NA,NA,NA,NA,NA
NA,NA,NA,NA,15.375,NA,NA,NA,NA,NA,NA
NA,NA,NA,NA,15.55,NA,NA,NA,NA,NA,NA
NA,NA,NA,NA,15.6666666666667,NA,NA,NA,NA,NA,NA
NA,NA,NA,NA,15.4,NA,NA,NA,NA,NA,NA
NA,NA,NA,NA,14.95,NA,NA,NA,NA,NA,NA
NA,NA,NA,NA,14.65,NA,NA,NA,NA,NA,NA
NA,NA,NA,NA,15.025,NA,NA,NA,NA,NA,NA
NA,NA,NA,NA,15.9916666666667,NA,NA,NA,NA,NA,NA
NA,NA,NA,NA,16.6416666666667,NA,NA,NA,NA,NA,NA
NA,NA,NA,NA,16.8,NA,NA,NA,NA,NA,NA
NA,NA,NA,NA,16.8,NA,NA,NA,NA,NA,NA
NA,NA,NA,NA,16.5916666666667,NA,NA,NA,NA,NA,NA
NA,NA,NA,NA,16.1166666666667,NA,NA,NA,NA,NA,NA
NA,NA,NA,NA,15.9416666666667,NA,NA,NA,NA,NA,NA
NA,NA,NA,NA,16.2583333333333,NA,NA,NA,NA,NA,NA
NA,NA,NA,NA,16.8083333333333,NA,NA,NA,NA,NA,NA
NA,NA,NA,NA,17.125,NA,NA,NA,NA,NA,NA
NA,NA,NA,NA,17.3916666666667,NA,NA,NA,NA,NA,NA
NA,NA,NA,NA,17.375,NA,NA,NA,NA,NA,NA
NA,NA,NA,NA,17.175,NA,NA,NA,NA,NA,NA
NA,NA,NA,NA,16.7916666666667,NA,NA,NA,NA,NA,NA
NA,NA,NA,NA,16.6083333333333,NA,NA,NA,NA,NA,NA
NA,NA,NA,NA,16.875,NA,NA,NA,NA,NA,NA
NA,NA,NA,NA,17.4166666666667,NA,NA,NA,NA,NA,NA
NA,NA,NA,NA,17.5333333333333,NA,NA,NA,NA,NA,NA
NA,NA,NA,NA,17.475,NA,NA,NA,NA,NA,NA
NA,NA,NA,NA,17.3083333333333,NA,NA,NA,NA,NA,NA
NA,NA,NA,NA,16.9,NA,NA,NA,NA,NA,NA
NA,NA,NA,NA,17.0333333333333,NA,NA,NA,NA,NA,NA
NA,NA,NA,NA,16.85,NA,NA,NA,NA,NA,NA
NA,NA,NA,NA,16.7166666666667,NA,NA,NA,NA,NA,NA
NA,NA,NA,NA,16.6416666666667,NA,NA,NA,NA,NA,NA
NA,NA,NA,NA,16.5833333333333,NA,NA,NA,NA,NA,NA
NA,NA,NA,NA,16.475,NA,NA,NA,NA,NA,NA
NA,NA,NA,NA,16.2833333333333,NA,NA,NA,NA,NA,NA
NA,NA,NA,NA,15.9333333333333,NA,NA,NA,NA,NA,NA
NA,NA,NA,NA,15.9083333333333,NA,NA,NA,NA,NA,NA
NA,NA,NA,NA,16.1083333333333,NA,NA,NA,NA,NA,NA
NA,NA,NA,NA,16.2,NA,NA,NA,NA,NA,NA
NA,NA,NA,NA,16.2916666666667,NA,NA,NA,NA,NA,NA
NA,NA,NA,NA,16.6916666666667,NA,NA,NA,NA,NA,NA
NA,NA,NA,NA,16.7833333333333,NA,NA,NA,NA,NA,NA
NA,NA,NA,NA,16.5,NA,NA,NA,NA,NA,NA
NA,NA,NA,NA,16.0833333333333,NA,NA,NA,NA,NA,NA
NA,NA,NA,NA,15.925,NA,NA,NA,NA,NA,NA
NA,NA,NA,NA,15.9583333333333,NA,NA,NA,NA,NA,NA
NA,NA,NA,NA,16.0333333333333,NA,NA,NA,NA,NA,NA
NA,NA,NA,NA,16.7333333333333,NA,NA,NA,NA,NA,NA
NA,NA,NA,NA,17.2333333333333,NA,NA,NA,NA,NA,NA
NA,NA,NA,NA,17.2,NA,NA,NA,NA,NA,NA
NA,NA,NA,NA,17.0083333333333,NA,NA,NA,NA,NA,NA
NA,NA,NA,NA,16.6416666666667,NA,NA,NA,NA,NA,NA
NA,NA,NA,NA,16.275,NA,NA,NA,NA,NA,NA
NA,NA,NA,NA,16.05,NA,NA,NA,NA,NA,NA
NA,NA,NA,NA,15.9583333333333,NA,NA,NA,NA,NA,NA
NA,NA,NA,NA,16.1833333333333,NA,NA,NA,NA,NA,NA
NA,NA,NA,NA,16.625,NA,NA,NA,NA,NA,NA
NA,NA,NA,NA,16.55,NA,NA,NA,NA,NA,NA
NA,NA,NA,NA,16.2333333333333,NA,NA,NA,NA,NA,NA
NA,NA,NA,NA,16.2916666666667,NA,NA,NA,NA,NA,NA
NA,NA,NA,NA,16.325,NA,NA,NA,NA,NA,NA
NA,NA,NA,NA,16.1416666666667,NA,NA,NA,NA,NA,NA
NA,NA,NA,NA,16.05,NA,NA,NA,NA,NA,NA
NA,NA,NA,NA,16.475,NA,NA,NA,NA,NA,NA
NA,NA,NA,NA,17.0166666666667,NA,NA,NA,NA,NA,NA
NA,NA,NA,NA,17.0666666666667,NA,NA,NA,NA,NA,NA
NA,NA,NA,NA,16.825,NA,NA,NA,NA,NA,NA
NA,NA,NA,NA,16.4333333333333,NA,NA,NA,NA,NA,NA
NA,NA,NA,NA,16.0916666666667,NA,NA,NA,NA,NA,NA
NA,NA,NA,NA,15.9416666666667,NA,NA,NA,NA,NA,NA
NA,NA,NA,NA,15.9916666666667,NA,NA,NA,NA,NA,NA
NA,NA,NA,NA,16.5583333333333,NA,NA,NA,NA,NA,NA
NA,NA,NA,NA,17.1416666666667,NA,NA,NA,NA,NA,NA
NA,NA,NA,NA,17.4833333333333,NA,NA,NA,NA,NA,NA
NA,NA,NA,NA,17.2666666666667,NA,NA,NA,NA,NA,NA
NA,NA,NA,NA,16.8166666666667,NA,NA,NA,NA,NA,NA
NA,NA,NA,NA,16.3833333333333,NA,NA,NA,NA,NA,NA
NA,NA,NA,NA,16.025,NA,NA,NA,NA,NA,NA
NA,NA,NA,NA,16.1,NA,NA,NA,NA,NA,NA
NA,NA,NA,NA,16.5583333333333,NA,NA,NA,NA,NA,NA
NA,NA,NA,NA,17.1833333333333,NA,NA,NA,NA,NA,NA
NA,NA,NA,NA,17.375,NA,NA,NA,NA,NA,NA
NA,NA,NA,NA,17.2833333333333,NA,NA,NA,NA,NA,NA
NA,NA,NA,NA,16.85,NA,NA,NA,NA,NA,NA
NA,NA,NA,NA,16.3833333333333,NA,NA,NA,NA,NA,NA
NA,NA,NA,NA,16.0666666666667,NA,NA,NA,NA,NA,NA
NA,NA,NA,NA,16.025,NA,NA,NA,NA,NA,NA
NA,NA,NA,NA,16.55,NA,NA,NA,NA,NA,NA
NA,NA,NA,NA,17.0666666666667,NA,NA,NA,NA,NA,NA
NA,NA,NA,NA,17.2916666666667,NA,NA,NA,NA,NA,NA
NA,NA,NA,NA,17.1583333333333,NA,NA,NA,NA,NA,NA
NA,NA,NA,NA,16.775,NA,NA,NA,NA,NA,NA
NA,NA,NA,NA,16.125,NA,NA,NA,NA,NA,NA
NA,NA,NA,NA,15.5583333333333,NA,NA,NA,NA,NA,NA
NA,NA,NA,NA,15.575,NA,NA,NA,NA,NA,NA
NA,NA,NA,NA,16.3666666666667,NA,NA,NA,NA,NA,NA
NA,NA,NA,NA,16.9833333333333,NA,NA,NA,NA,NA,NA
NA,NA,NA,NA,17.2416666666667,NA,NA,NA,NA,NA,NA
NA,NA,NA,NA,17.3,NA,NA,NA,NA,NA,NA
NA,NA,NA,NA,16.975,NA,NA,NA,NA,NA,NA
NA,NA,NA,NA,16.3916666666667,NA,NA,NA,NA,NA,NA
NA,NA,NA,NA,15.9083333333333,NA,NA,NA,NA,NA,NA
NA,NA,NA,NA,15.9333333333333,NA,NA,NA,NA,NA,NA
NA,NA,NA,NA,16.6166666666667,NA,NA,NA,NA,NA,NA
NA,NA,NA,NA,17.3916666666667,NA,NA,NA,NA,NA,NA
NA,NA,NA,NA,17.7083333333333,NA,NA,NA,NA,NA,NA
NA,NA,NA,NA,17.875,NA,NA,NA,NA,NA,NA
NA,NA,NA,NA,17.6166666666667,NA,NA,NA,NA,NA,NA
NA,NA,NA,NA,17.2166666666667,NA,NA,NA,NA,NA,NA
NA,NA,NA,NA,16.8583333333333,NA,NA,NA,NA,NA,NA
NA,NA,NA,NA,16.9416666666667,NA,NA,NA,NA,NA,NA
NA,NA,NA,NA,17.6416666666667,NA,NA,NA,NA,NA,NA
NA,NA,NA,NA,18.3666666666667,NA,NA,NA,NA,NA,NA
NA,NA,NA,NA,18.6916666666667,NA,NA,NA,NA,NA,NA
NA,NA,NA,NA,18.8,NA,NA,NA,NA,NA,NA
NA,NA,NA,NA,18.7166666666667,NA,NA,NA,NA,NA,NA
NA,NA,NA,NA,18.2,NA,NA,NA,NA,NA,NA
NA,NA,NA,NA,17.7666666666667,NA,NA,NA,NA,NA,NA
NA,NA,NA,NA,17.9083333333333,NA,NA,NA,NA,NA,NA
NA,NA,NA,NA,18.775,NA,NA,NA,NA,NA,NA
NA,NA,NA,NA,19.4916666666667,NA,NA,NA,NA,NA,NA
NA,NA,NA,NA,19.6833333333333,NA,NA,NA,NA,NA,NA
NA,NA,NA,NA,19.8,NA,NA,NA,NA,NA,NA
NA,NA,NA,NA,19.675,NA,NA,NA,NA,NA,NA
NA,NA,NA,NA,19.1583333333333,NA,NA,NA,NA,NA,NA
NA,NA,NA,NA,18.7416666666667,NA,NA,NA,NA,NA,NA
NA,NA,NA,NA,18.8916666666667,NA,NA,NA,NA,NA,NA
NA,NA,NA,NA,19.625,NA,NA,NA,NA,NA,NA
NA,NA,NA,NA,20.2583333333333,NA,NA,NA,NA,NA,NA
NA,NA,NA,NA,20.3333333333333,NA,NA,NA,NA,NA,NA
NA,NA,NA,NA,20.4,NA,NA,NA,NA,NA,NA
NA,NA,NA,NA,20.325,NA,NA,NA,NA,NA,NA
NA,NA,NA,NA,19.9416666666667,NA,NA,NA,NA,NA,NA
NA,NA,NA,NA,19.55,NA,NA,NA,NA,NA,NA
NA,NA,NA,NA,19.55,NA,NA,NA,NA,NA,NA
NA,NA,NA,NA,20.3083333333333,NA,NA,NA,NA,NA,NA
NA,NA,NA,NA,20.7916666666667,NA,NA,NA,NA,NA,NA
NA,NA,NA,NA,20.7666666666667,NA,NA,NA,NA,NA,NA
NA,NA,NA,NA,20.8,NA,NA,NA,NA,NA,NA
NA,NA,NA,NA,20.6833333333333,NA,NA,NA,NA,NA,NA
NA,NA,NA,NA,20.375,NA,NA,NA,NA,NA,NA
NA,NA,NA,NA,20.0416666666667,NA,NA,NA,NA,NA,NA
NA,NA,NA,NA,20.075,NA,NA,NA,NA,NA,NA
NA,NA,NA,NA,20.2333333333333,NA,NA,NA,NA,NA,NA
NA,NA,NA,NA,20.2,NA,NA,NA,NA,NA,NA
NA,NA,NA,NA,20.3083333333333,NA,NA,NA,NA,NA,NA
NA,NA,NA,NA,20.2,NA,NA,NA,NA,NA,NA
NA,NA,NA,NA,19.8916666666667,NA,NA,NA,NA,NA,NA
NA,NA,NA,NA,19.575,NA,NA,NA,NA,NA,NA
NA,NA,NA,NA,19.1583333333333,NA,NA,NA,NA,NA,NA
NA,NA,NA,NA,19.375,NA,NA,NA,NA,NA,NA
NA,NA,NA,NA,19.725,NA,NA,NA,NA,NA,NA
NA,NA,NA,NA,20.0916666666667,NA,NA,NA,NA,NA,NA
NA,NA,NA,NA,20.2333333333333,NA,NA,NA,NA,NA,NA
NA,NA,NA,NA,20.4,NA,NA,NA,NA,NA,NA
NA,NA,NA,NA,20.2833333333333,NA,NA,NA,NA,NA,NA
NA,NA,NA,NA,19.9333333333333,NA,NA,NA,NA,NA,NA
NA,NA,NA,NA,19.4583333333333,NA,NA,NA,NA,NA,NA
NA,NA,NA,NA,19.1916666666667,NA,NA,NA,NA,NA,NA
NA,NA,NA,NA,19.3583333333333,NA,NA,NA,NA,NA,NA
NA,NA,NA,NA,19.8916666666667,NA,NA,NA,NA,NA,NA
NA,NA,NA,NA,19.9,NA,NA,NA,NA,NA,NA
NA,NA,NA,NA,19.95,NA,NA,NA,NA,NA,NA
NA,NA,NA,NA,19.65,NA,NA,NA,NA,NA,NA
NA,NA,NA,NA,19.2916666666667,NA,NA,NA,NA,NA,NA
NA,NA,NA,NA,18.85,NA,NA,NA,NA,NA,NA
NA,NA,NA,NA,18.6583333333333,NA,NA,NA,NA,NA,NA
NA,NA,NA,NA,18.8416666666667,NA,NA,NA,NA,NA,NA
NA,NA,NA,NA,19.1916666666667,NA,NA,NA,NA,NA,NA
NA,NA,NA,NA,19.075,NA,NA,NA,NA,NA,NA
NA,NA,NA,NA,19.1,NA,NA,NA,NA,NA,NA
NA,NA,NA,NA,18.9833333333333,NA,NA,NA,NA,NA,NA
NA,NA,NA,NA,18.7166666666667,NA,NA,NA,NA,NA,NA
NA,NA,NA,NA,18.4333333333333,NA,NA,NA,NA,NA,NA
NA,NA,NA,NA,18.1916666666667,NA,NA,NA,NA,NA,NA
NA,NA,NA,NA,18.225,NA,NA,NA,NA,NA,NA
NA,NA,NA,NA,18.4416666666667,NA,NA,NA,NA,NA,NA
NA,NA,NA,NA,18.4333333333333,NA,NA,NA,NA,NA,NA
NA,NA,NA,NA,18.2833333333333,NA,NA,NA,NA,NA,NA
NA,NA,NA,NA,18.075,NA,NA,NA,NA,NA,NA
NA,NA,NA,NA,17.8333333333333,NA,NA,NA,NA,NA,NA
NA,NA,NA,NA,17.8833333333333,NA,NA,NA,NA,NA,NA
NA,NA,NA,NA,17.7333333333333,NA,NA,NA,NA,NA,NA
NA,NA,NA,NA,17.7916666666667,NA,NA,NA,NA,NA,NA
NA,NA,NA,NA,18.0416666666667,NA,NA,NA,NA,NA,NA
NA,NA,NA,NA,18.2083333333333,NA,NA,NA,NA,NA,NA
NA,NA,NA,NA,18,NA,NA,NA,NA,NA,NA
NA,NA,NA,NA,17.625,NA,NA,NA,NA,NA,NA
NA,NA,NA,NA,17.2916666666667,NA,NA,NA,NA,NA,NA
NA,NA,NA,NA,16.8666666666667,NA,NA,NA,NA,NA,NA
NA,NA,NA,NA,16.8416666666667,NA,NA,NA,NA,NA,NA
NA,NA,NA,NA,17.525,NA,NA,NA,NA,NA,NA
NA,NA,NA,NA,18.1666666666667,NA,NA,NA,NA,NA,NA
NA,NA,NA,NA,18.5416666666667,NA,NA,NA,NA,NA,NA
NA,NA,NA,NA,18.6416666666667,NA,NA,NA,NA,NA,NA
NA,NA,NA,NA,18.325,NA,NA,NA,NA,NA,NA
NA,NA,NA,NA,17.825,NA,NA,NA,NA,NA,NA
NA,NA,NA,NA,17.3666666666667,NA,NA,NA,NA,NA,NA
NA,NA,NA,NA,17.575,NA,NA,NA,NA,NA,NA
NA,NA,NA,NA,18.225,NA,NA,NA,NA,NA,NA
NA,NA,NA,NA,18.8583333333333,NA,NA,NA,NA,NA,NA
NA,NA,NA,NA,19.0333333333333,NA,NA,NA,NA,NA,NA
NA,NA,NA,NA,19.1333333333333,NA,NA,NA,NA,NA,NA
NA,NA,NA,NA,19.1333333333333,NA,NA,NA,NA,NA,NA
NA,NA,NA,NA,18.7666666666667,NA,NA,NA,NA,NA,NA
NA,NA,NA,NA,18.4666666666667,NA,NA,NA,NA,NA,NA
NA,NA,NA,NA,18.525,NA,NA,NA,NA,NA,NA
NA,NA,NA,NA,19.1833333333333,NA,NA,NA,NA,NA,NA
NA,NA,NA,NA,19.7416666666667,NA,NA,NA,NA,NA,NA
NA,NA,NA,NA,19.8,NA,NA,NA,NA,NA,NA
NA,NA,NA,NA,19.8,NA,NA,NA,NA,NA,NA
NA,NA,NA,NA,19.8,NA,NA,NA,NA,NA,NA
NA,NA,NA,NA,19.6166666666667,NA,NA,NA,NA,NA,NA
NA,NA,NA,NA,19.3166666666667,NA,NA,NA,NA,NA,NA
NA,NA,NA,NA,19.1166666666667,NA,NA,NA,NA,NA,NA
NA,NA,NA,NA,19.6916666666667,NA,NA,NA,NA,NA,NA
NA,NA,NA,NA,20.0833333333333,NA,NA,NA,NA,NA,NA
NA,NA,NA,NA,20.0333333333333,NA,NA,NA,NA,NA,NA
NA,NA,NA,NA,19.7666666666667,NA,NA,NA,NA,NA,NA
NA,NA,NA,NA,19.575,NA,NA,NA,NA,NA,NA
NA,NA,NA,NA,19.225,NA,NA,NA,NA,NA,NA
NA,NA,NA,NA,18.925,NA,NA,NA,NA,NA,NA
NA,NA,NA,NA,18.9,NA,NA,NA,NA,NA,NA
NA,NA,NA,NA,19.1166666666667,NA,NA,NA,NA,NA,NA
NA,NA,NA,NA,19.3416666666667,NA,NA,NA,NA,NA,NA
NA,NA,NA,NA,19.1833333333333,NA,NA,NA,NA,NA,NA
NA,NA,NA,NA,18.9916666666667,NA,NA,NA,NA,NA,NA
NA,NA,NA,NA,18.7083333333333,NA,NA,NA,NA,NA,NA
NA,NA,NA,NA,18.35,NA,NA,NA,NA,NA,NA
NA,NA,NA,NA,18.0333333333333,NA,NA,NA,NA,NA,NA
NA,NA,NA,NA,17.9166666666667,NA,NA,NA,NA,NA,NA
NA,NA,NA,NA,17.9083333333333,NA,NA,NA,NA,NA,NA
NA,NA,NA,NA,17.825,NA,NA,NA,NA,NA,NA
NA,NA,NA,NA,17.525,NA,NA,NA,NA,NA,NA
NA,NA,NA,NA,17.2083333333333,NA,NA,NA,NA,NA,NA
NA,NA,NA,NA,16.8666666666667,NA,NA,NA,NA,NA,NA
NA,NA,NA,NA,16.7083333333333,NA,NA,NA,NA,NA,NA
NA,NA,NA,NA,16.4,NA,NA,NA,NA,NA,NA
NA,NA,NA,NA,16.1583333333333,NA,NA,NA,NA,NA,NA
NA,NA,NA,NA,16.025,NA,NA,NA,NA,NA,NA
NA,NA,NA,NA,16.2583333333333,NA,NA,NA,NA,NA,NA
NA,NA,NA,NA,16.2666666666667,NA,NA,NA,NA,NA,NA
NA,NA,NA,NA,15.9833333333333,NA,NA,NA,NA,NA,NA
NA,NA,NA,NA,15.5416666666667,NA,NA,NA,NA,NA,NA
NA,NA,NA,NA,15.275,NA,NA,NA,NA,NA,NA
NA,NA,NA,NA,15.025,NA,NA,NA,NA,NA,NA
NA,NA,NA,NA,15.0416666666667,NA,NA,NA,NA,NA,NA
NA,NA,NA,NA,15.6666666666667,NA,NA,NA,NA,NA,NA
NA,NA,NA,NA,16.5416666666667,NA,NA,NA,NA,NA,NA
NA,NA,NA,NA,16.9916666666667,NA,NA,NA,NA,NA,NA
NA,NA,NA,NA,17.0916666666667,NA,NA,NA,NA,NA,NA
NA,NA,NA,NA,16.8,NA,NA,NA,NA,NA,NA
NA,NA,NA,NA,16.3166666666667,NA,NA,NA,NA,NA,NA
NA,NA,NA,NA,16,NA,NA,NA,NA,NA,NA
NA,NA,NA,NA,16.0333333333333,NA,NA,NA,NA,NA,NA
NA,NA,NA,NA,16.425,NA,NA,NA,NA,NA,NA
NA,NA,NA,NA,16.9083333333333,NA,NA,NA,NA,NA,NA
NA,NA,NA,NA,17.125,NA,NA,NA,NA,NA,NA
NA,NA,NA,NA,17.2166666666667,NA,NA,NA,NA,NA,NA
NA,NA,NA,NA,17.175,NA,NA,NA,NA,NA,NA
NA,NA,NA,NA,16.975,NA,NA,NA,NA,NA,NA
NA,NA,NA,NA,16.8083333333333,NA,NA,NA,NA,NA,NA
NA,NA,NA,NA,16.7916666666667,NA,NA,NA,NA,NA,NA
NA,NA,NA,NA,17.0583333333333,NA,NA,NA,NA,NA,NA
NA,NA,NA,NA,17.3833333333333,NA,NA,NA,NA,NA,NA
NA,NA,NA,NA,17.5,NA,NA,NA,NA,NA,NA
NA,NA,NA,NA,17.5333333333333,NA,NA,NA,NA,NA,NA
NA,NA,NA,NA,17.3333333333333,NA,NA,NA,NA,NA,NA
NA,NA,NA,NA,17.1416666666667,NA,NA,NA,NA,NA,NA
NA,NA,NA,NA,16.9,NA,NA,NA,NA,NA,NA
NA,NA,NA,NA,17.0583333333333,NA,NA,NA,NA,NA,NA
NA,NA,NA,NA,17.7333333333333,NA,NA,NA,NA,NA,NA
NA,NA,NA,NA,18.1333333333333,NA,NA,NA,NA,NA,NA
NA,NA,NA,NA,18.3083333333333,NA,NA,NA,NA,NA,NA
NA,NA,NA,NA,18.4,NA,NA,NA,NA,NA,NA
NA,NA,NA,NA,18.2666666666667,NA,NA,NA,NA,NA,NA
NA,NA,NA,NA,17.9666666666667,NA,NA,NA,NA,NA,NA
NA,NA,NA,NA,17.6083333333333,NA,NA,NA,NA,NA,NA
NA,NA,NA,NA,17.4833333333333,NA,NA,NA,NA,NA,NA
NA,NA,NA,NA,17.6666666666667,NA,NA,NA,NA,NA,NA
NA,NA,NA,NA,17.9583333333333,NA,NA,NA,NA,NA,NA
NA,NA,NA,NA,18.1916666666667,NA,NA,NA,NA,NA,NA
NA,NA,NA,NA,18.2083333333333,NA,NA,NA,NA,NA,NA
NA,NA,NA,NA,18.0666666666667,NA,NA,NA,NA,NA,NA
NA,NA,NA,NA,17.8,NA,NA,NA,NA,NA,NA
NA,NA,NA,NA,17.45,NA,NA,NA,NA,NA,NA
NA,NA,NA,NA,17.3166666666667,NA,NA,NA,NA,NA,NA
NA,NA,NA,NA,17.5,NA,NA,NA,NA,NA,NA
NA,NA,NA,NA,17.7916666666667,NA,NA,NA,NA,NA,NA
NA,NA,NA,NA,18,NA,NA,NA,NA,NA,NA
NA,NA,NA,NA,17.825,NA,NA,NA,NA,NA,NA
NA,NA,NA,NA,17.6083333333333,NA,NA,NA,NA,NA,NA
NA,NA,NA,NA,17.3166666666667,NA,NA,NA,NA,NA,NA
NA,NA,NA,NA,17.025,NA,NA,NA,NA,NA,NA
NA,NA,NA,NA,16.85,NA,NA,NA,NA,NA,NA
NA,NA,NA,NA,16.775,NA,NA,NA,NA,NA,NA
NA,NA,NA,NA,16.5583333333333,NA,NA,NA,NA,NA,NA
NA,NA,NA,NA,16.2166666666667,NA,NA,NA,NA,NA,NA
NA,NA,NA,NA,16.15,NA,NA,NA,NA,NA,NA
NA,NA,NA,NA,15.95,NA,NA,NA,NA,NA,NA
NA,NA,NA,NA,15.6666666666667,NA,NA,NA,NA,NA,NA
NA,NA,NA,NA,15.425,NA,NA,NA,NA,NA,NA
NA,NA,NA,NA,15.425,NA,NA,NA,NA,NA,NA
NA,NA,NA,NA,15.7833333333333,NA,NA,NA,NA,NA,NA
NA,NA,NA,NA,16.3333333333333,NA,NA,NA,NA,NA,NA
NA,NA,NA,NA,16.7083333333333,NA,NA,NA,NA,NA,NA
NA,NA,NA,NA,16.7166666666667,NA,NA,NA,NA,NA,NA
NA,NA,NA,NA,16.3583333333333,NA,NA,NA,NA,NA,NA
NA,NA,NA,NA,15.9583333333333,NA,NA,NA,NA,NA,NA
NA,NA,NA,NA,15.7333333333333,NA,NA,NA,NA,NA,NA
NA,NA,NA,NA,15.7,NA,NA,NA,NA,NA,NA
NA,NA,NA,NA,15.758333333333301,NA,NA,NA,NA,NA,NA
NA,NA,NA,NA,15.8666666666667,NA,NA,NA,NA,NA,NA
NA,NA,NA,NA,15.9666666666667,NA,NA,NA,NA,NA,NA
NA,NA,NA,NA,15.9,NA,NA,NA,NA,NA,NA
NA,NA,NA,NA,15.6916666666667,NA,NA,NA,NA,NA,NA
NA,NA,NA,NA,15.5333333333333,NA,NA,NA,NA,NA,NA
NA,NA,NA,NA,15.4,NA,NA,NA,NA,NA,NA
NA,NA,NA,NA,15.4333333333333,NA,NA,NA,NA,NA,NA
NA,NA,NA,NA,15.95,NA,NA,NA,NA,NA,NA
NA,NA,NA,NA,16.5916666666667,NA,NA,NA,NA,NA,NA
NA,NA,NA,NA,17.0083333333333,NA,NA,NA,NA,NA,NA
NA,NA,NA,NA,17.1583333333333,NA,NA,NA,NA,NA,NA
NA,NA,NA,NA,16.95,NA,NA,NA,NA,NA,NA
NA,NA,NA,NA,16.5833333333333,NA,NA,NA,NA,NA,NA
NA,NA,NA,NA,16.4,NA,NA,NA,NA,NA,NA
NA,NA,NA,NA,16.5166666666667,NA,NA,NA,NA,NA,NA
NA,NA,NA,NA,17.0333333333333,NA,NA,NA,NA,NA,NA
NA,NA,NA,NA,17.4083333333333,NA,NA,NA,NA,NA,NA
NA,NA,NA,NA,17.6166666666667,NA,NA,NA,NA,NA,NA
NA,NA,NA,NA,17.575,NA,NA,NA,NA,NA,NA
NA,NA,NA,NA,17.3583333333333,NA,NA,NA,NA,NA,NA
NA,NA,NA,NA,17.0583333333333,NA,NA,NA,NA,NA,NA
NA,NA,NA,NA,16.7666666666667,NA,NA,NA,NA,NA,NA
NA,NA,NA,NA,16.7,NA,NA,NA,NA,NA,NA
NA,NA,NA,NA,16.825,NA,NA,NA,NA,NA,NA
NA,NA,NA,NA,17.1083333333333,NA,NA,NA,NA,NA,NA
NA,NA,NA,NA,17.225,NA,NA,NA,NA,NA,NA
NA,NA,NA,NA,17.1916666666667,NA,NA,NA,NA,NA,NA
NA,NA,NA,NA,16.8916666666667,NA,NA,NA,NA,NA,NA
NA,NA,NA,NA,16.5416666666667,NA,NA,NA,NA,NA,NA
NA,NA,NA,NA,16.3416666666667,NA,NA,NA,NA,NA,NA
NA,NA,NA,NA,16.3333333333333,NA,NA,NA,NA,NA,NA
NA,NA,NA,NA,16.7583333333333,NA,NA,NA,NA,NA,NA
NA,NA,NA,NA,16.95,NA,NA,NA,NA,NA,NA
NA,NA,NA,NA,17.1583333333333,NA,NA,NA,NA,NA,NA
NA,NA,NA,NA,17.0333333333333,NA,NA,NA,NA,NA,NA
NA,NA,NA,NA,16.5416666666667,NA,NA,NA,NA,NA,NA
NA,NA,NA,NA,16.05,NA,NA,NA,NA,NA,NA
NA,NA,NA,NA,15.8083333333333,NA,NA,NA,NA,NA,NA
NA,NA,NA,NA,16.025,NA,NA,NA,NA,NA,NA
NA,NA,NA,NA,16.6916666666667,NA,NA,NA,NA,NA,NA
NA,NA,NA,NA,17.3166666666667,NA,NA,NA,NA,NA,NA
NA,NA,NA,NA,17.5583333333333,NA,NA,NA,NA,NA,NA
NA,NA,NA,NA,17.5083333333333,NA,NA,NA,NA,NA,NA
NA,NA,NA,NA,17.2666666666667,NA,NA,NA,NA,NA,NA
NA,NA,NA,NA,17.0583333333333,NA,NA,NA,NA,NA,NA
NA,NA,NA,NA,17,NA,NA,NA,NA,NA,NA
NA,NA,NA,NA,17.05,NA,NA,NA,NA,NA,NA
NA,NA,NA,NA,17.2333333333333,NA,NA,NA,NA,NA,NA
NA,NA,NA,NA,17.4583333333333,NA,NA,NA,NA,NA,NA
NA,NA,NA,NA,17.5916666666667,NA,NA,NA,NA,NA,NA
NA,NA,NA,NA,17.425,NA,NA,NA,NA,NA,NA
NA,NA,NA,NA,17.1833333333333,NA,NA,NA,NA,NA,NA
NA,NA,NA,NA,16.875,NA,NA,NA,NA,NA,NA
NA,NA,NA,NA,16.6416666666667,NA,NA,NA,NA,NA,NA
NA,NA,NA,NA,16.7833333333333,NA,NA,NA,NA,NA,NA
NA,NA,NA,NA,17.3583333333333,NA,NA,NA,NA,NA,NA
NA,NA,NA,NA,18.025,NA,NA,NA,NA,NA,NA
NA,NA,NA,NA,18.4833333333333,NA,NA,NA,NA,NA,NA
NA,NA,NA,NA,18.5583333333333,NA,NA,NA,NA,NA,NA
NA,NA,NA,NA,18.2166666666667,NA,NA,NA,NA,NA,NA
NA,NA,NA,NA,17.75,NA,NA,NA,NA,NA,NA
NA,NA,NA,NA,17.5416666666667,NA,NA,NA,NA,NA,NA
NA,NA,NA,NA,17.5916666666667,NA,NA,NA,NA,NA,NA
NA,NA,NA,NA,17.9333333333333,NA,NA,NA,NA,NA,NA
NA,NA,NA,NA,18.375,NA,NA,NA,NA,NA,NA
NA,NA,NA,NA,18.4666666666667,NA,NA,NA,NA,NA,NA
NA,NA,NA,NA,18.5,NA,NA,NA,NA,NA,NA
NA,NA,NA,NA,18.1416666666667,NA,NA,NA,NA,NA,NA
NA,NA,NA,NA,17.6333333333333,NA,NA,NA,NA,NA,NA
NA,NA,NA,NA,17.2333333333333,NA,NA,NA,NA,NA,NA
NA,NA,NA,NA,17.3583333333333,NA,NA,NA,NA,NA,NA
NA,NA,NA,NA,17.9,NA,NA,NA,NA,NA,NA
NA,NA,NA,NA,18.2666666666667,NA,NA,NA,NA,NA,NA
NA,NA,NA,NA,18.1166666666667,NA,NA,NA,NA,NA,NA
NA,NA,NA,NA,17.975,NA,NA,NA,NA,NA,NA
NA,NA,NA,NA,17.5416666666667,NA,NA,NA,NA,NA,NA
NA,NA,NA,NA,17.025,NA,NA,NA,NA,NA,NA
NA,NA,NA,NA,16.6416666666667,NA,NA,NA,NA,NA,NA
NA,NA,NA,NA,16.7416666666667,NA,NA,NA,NA,NA,NA
NA,NA,NA,NA,17.4,NA,NA,NA,NA,NA,NA
NA,NA,NA,NA,17.9,NA,NA,NA,NA,NA,NA
NA,NA,NA,NA,18.0083333333333,NA,NA,NA,NA,NA,NA
NA,NA,NA,NA,18.0583333333333,NA,NA,NA,NA,NA,NA
NA,NA,NA,NA,17.725,NA,NA,NA,NA,NA,NA
NA,NA,NA,NA,17.125,NA,NA,NA,NA,NA,NA
NA,NA,NA,NA,16.6416666666667,NA,NA,NA,NA,NA,NA
NA,NA,NA,NA,16.7666666666667,NA,NA,NA,NA,NA,NA
NA,NA,NA,NA,17.4916666666667,NA,NA,NA,NA,NA,NA
NA,NA,NA,NA,17.9666666666667,NA,NA,NA,NA,NA,NA
NA,NA,NA,NA,18.1583333333333,NA,NA,NA,NA,NA,NA
NA,NA,NA,NA,18.0916666666667,NA,NA,NA,NA,NA,NA
NA,NA,NA,NA,17.8833333333333,NA,NA,NA,NA,NA,NA
NA,NA,NA,NA,17.4,NA,NA,NA,NA,NA,NA
NA,NA,NA,NA,16.9416666666667,NA,NA,NA,NA,NA,NA
NA,NA,NA,NA,17.1083333333333,NA,NA,NA,NA,NA,NA
NA,NA,NA,NA,17.9166666666667,NA,NA,NA,NA,NA,NA
NA,NA,NA,NA,18.325,NA,NA,NA,NA,NA,NA
NA,NA,NA,NA,18.4583333333333,NA,NA,NA,NA,NA,NA
NA,NA,NA,NA,18.4916666666667,NA,NA,NA,NA,NA,NA
NA,NA,NA,NA,18.3416666666667,NA,NA,NA,NA,NA,NA
NA,NA,NA,NA,17.9,NA,NA,NA,NA,NA,NA
NA,NA,NA,NA,17.3916666666667,NA,NA,NA,NA,NA,NA
NA,NA,NA,NA,17.6,NA,NA,NA,NA,NA,NA
NA,NA,NA,NA,18.3166666666667,NA,NA,NA,NA,NA,NA
NA,NA,NA,NA,18.6333333333333,NA,NA,NA,NA,NA,NA
NA,NA,NA,NA,18.7,NA,NA,NA,NA,NA,NA
NA,NA,NA,NA,18.625,NA,NA,NA,NA,NA,NA
NA,NA,NA,NA,18.4083333333333,NA,NA,NA,NA,NA,NA
NA,NA,NA,NA,17.9916666666667,NA,NA,NA,NA,NA,NA
NA,NA,NA,NA,17.7166666666667,NA,NA,NA,NA,NA,NA
NA,NA,NA,NA,17.85,NA,NA,NA,NA,NA,NA
NA,NA,NA,NA,18.5416666666667,NA,NA,NA,NA,NA,NA
NA,NA,NA,NA,18.5416666666667,NA,NA,NA,NA,NA,NA
NA,NA,NA,NA,18.8083333333333,NA,NA,NA,NA,NA,NA
NA,NA,NA,NA,18.825,NA,NA,NA,NA,NA,NA
NA,NA,NA,NA,18.5583333333333,NA,NA,NA,NA,NA,NA
NA,NA,NA,NA,18.125,NA,NA,NA,NA,NA,NA
NA,NA,NA,NA,17.825,NA,NA,NA,NA,NA,NA
NA,NA,NA,NA,18.0583333333333,NA,NA,NA,NA,NA,NA
NA,NA,NA,NA,18.3,NA,NA,NA,NA,NA,NA
NA,NA,NA,NA,18.9083333333333,NA,NA,NA,NA,NA,NA
NA,NA,NA,NA,18.7583333333333,NA,NA,NA,NA,NA,NA
NA,NA,NA,NA,18.6416666666667,NA,NA,NA,NA,NA,NA
NA,NA,NA,NA,18.5333333333333,NA,NA,NA,NA,NA,NA
NA,NA,NA,NA,18.1583333333333,NA,NA,NA,NA,NA,NA
NA,NA,NA,NA,17.9083333333333,NA,NA,NA,NA,NA,NA
NA,NA,NA,NA,17.9166666666667,NA,NA,NA,NA,NA,NA
NA,NA,NA,NA,18.2416666666667,NA,NA,NA,NA,NA,NA
NA,NA,NA,NA,18.6666666666667,NA,NA,NA,NA,NA,NA
NA,NA,NA,NA,18.6583333333333,NA,NA,NA,NA,NA,NA
NA,NA,NA,NA,18.5333333333333,NA,NA,NA,NA,NA,NA
NA,NA,NA,NA,18.425,NA,NA,NA,NA,NA,NA
NA,NA,NA,NA,18.1583333333333,NA,NA,NA,NA,NA,NA
NA,NA,NA,NA,17.9166666666667,NA,NA,NA,NA,NA,NA
NA,NA,NA,NA,18.0916666666667,NA,NA,NA,NA,NA,NA
NA,NA,NA,NA,18.2,NA,NA,NA,NA,NA,NA
NA,NA,NA,NA,18.5083333333333,NA,NA,NA,NA,NA,NA
NA,NA,NA,NA,18.4916666666667,NA,NA,NA,NA,NA,NA
NA,NA,NA,NA,18.3583333333333,NA,NA,NA,NA,NA,NA
NA,NA,NA,NA,18.2083333333333,NA,NA,NA,NA,NA,NA
NA,NA,NA,NA,17.9,NA,NA,NA,NA,NA,NA
NA,NA,NA,NA,17.575,NA,NA,NA,NA,NA,NA
NA,NA,NA,NA,17.675,NA,NA,NA,NA,NA,NA
NA,NA,NA,NA,18.175,NA,NA,NA,NA,NA,NA
NA,NA,NA,NA,18.5333333333333,NA,NA,NA,NA,NA,NA
NA,NA,NA,NA,18.4416666666667,NA,NA,NA,NA,NA,NA
NA,NA,NA,NA,18.325,NA,NA,NA,NA,NA,NA
NA,NA,NA,NA,18.1166666666667,NA,NA,NA,NA,NA,NA
NA,NA,NA,NA,17.7,NA,NA,NA,NA,NA,NA
NA,NA,NA,NA,17.275,NA,NA,NA,NA,NA,NA
NA,NA,NA,NA,17.45,NA,NA,NA,NA,NA,NA
NA,NA,NA,NA,18.35,NA,NA,NA,NA,NA,NA
NA,NA,NA,NA,18.7333333333333,NA,NA,NA,NA,NA,NA
NA,NA,NA,NA,18.725,NA,NA,NA,NA,NA,NA
NA,NA,NA,NA,18.8,NA,NA,NA,NA,NA,NA
NA,NA,NA,NA,18.7166666666667,NA,NA,NA,NA,NA,NA
NA,NA,NA,NA,18.5,NA,NA,NA,NA,NA,NA
NA,NA,NA,NA,18,NA,NA,NA,NA,NA,NA
NA,NA,NA,NA,18.0333333333333,NA,NA,NA,NA,NA,NA
NA,NA,NA,NA,18.8666666666667,NA,NA,NA,NA,NA,NA
NA,NA,NA,NA,18.8083333333333,NA,NA,NA,NA,NA,NA
NA,NA,NA,NA,18.7583333333333,NA,NA,NA,NA,NA,NA
NA,NA,NA,NA,18.7833333333333,NA,NA,NA,NA,NA,NA
NA,NA,NA,NA,18.5666666666667,NA,NA,NA,NA,NA,NA
NA,NA,NA,NA,18.1583333333333,NA,NA,NA,NA,NA,NA
NA,NA,NA,NA,17.75,NA,NA,NA,NA,NA,NA
NA,NA,NA,NA,17.5333333333333,NA,NA,NA,NA,NA,NA
NA,NA,NA,NA,17.75,NA,NA,NA,NA,NA,NA
NA,NA,NA,NA,17.9333333333333,NA,NA,NA,NA,NA,NA
NA,NA,NA,NA,18.0666666666667,NA,NA,NA,NA,NA,NA
NA,NA,NA,NA,17.975,NA,NA,NA,NA,NA,NA
NA,NA,NA,NA,17.7,NA,NA,NA,NA,NA,NA
NA,NA,NA,NA,17.3666666666667,NA,NA,NA,NA,NA,NA
NA,NA,NA,NA,17.0583333333333,NA,NA,NA,NA,NA,NA
NA,NA,NA,NA,17.025,NA,NA,NA,NA,NA,NA
NA,NA,NA,NA,17.4916666666667,NA,NA,NA,NA,NA,NA
NA,NA,NA,NA,17.6,NA,NA,NA,NA,NA,NA
NA,NA,NA,NA,17.575,NA,NA,NA,NA,NA,NA
NA,NA,NA,NA,17.5333333333333,NA,NA,NA,NA,NA,NA
NA,NA,NA,NA,17.375,NA,NA,NA,NA,NA,NA
NA,NA,NA,NA,17.0083333333333,NA,NA,NA,NA,NA,NA
NA,NA,NA,NA,16.6,NA,NA,NA,NA,NA,NA
NA,NA,NA,NA,16.5416666666667,NA,NA,NA,NA,NA,NA
NA,NA,NA,NA,16.8166666666667,NA,NA,NA,NA,NA,NA
NA,NA,NA,NA,16.9,NA,NA,NA,NA,NA,NA
NA,NA,NA,NA,16.975,NA,NA,NA,NA,NA,NA
NA,NA,NA,NA,16.8333333333333,NA,NA,NA,NA,NA,NA
NA,NA,NA,NA,16.75,NA,NA,NA,NA,NA,NA
NA,NA,NA,NA,16.5583333333333,NA,NA,NA,NA,NA,NA
NA,NA,NA,NA,16.35,NA,NA,NA,NA,NA,NA
NA,NA,NA,NA,16.3333333333333,NA,NA,NA,NA,NA,NA
NA,NA,NA,NA,16.4166666666667,NA,NA,NA,NA,NA,NA
NA,NA,NA,NA,16.3666666666667,NA,NA,NA,NA,NA,NA
NA,NA,NA,NA,16.4333333333333,NA,NA,NA,NA,NA,NA
NA,NA,NA,NA,16.4666666666667,NA,NA,NA,NA,NA,NA
NA,NA,NA,NA,16.375,NA,NA,NA,NA,NA,NA
NA,NA,NA,NA,16.2833333333333,NA,NA,NA,NA,NA,NA
NA,NA,NA,NA,16.1333333333333,NA,NA,NA,NA,NA,NA
NA,NA,NA,NA,16.1666666666667,NA,NA,NA,NA,NA,NA
NA,NA,NA,NA,16.575,NA,NA,NA,NA,NA,NA
NA,NA,NA,NA,16.8583333333333,NA,NA,NA,NA,NA,NA
NA,NA,NA,NA,16.95,NA,NA,NA,NA,NA,NA
NA,NA,NA,NA,17.0916666666667,NA,NA,NA,NA,NA,NA
NA,NA,NA,NA,17,NA,NA,NA,NA,NA,NA
NA,NA,NA,NA,16.8083333333333,NA,NA,NA,NA,NA,NA
NA,NA,NA,NA,16.6333333333333,NA,NA,NA,NA,NA,NA
NA,NA,NA,NA,16.6666666666667,NA,NA,NA,NA,NA,NA
NA,NA,NA,NA,16.725,NA,NA,NA,NA,NA,NA
NA,NA,NA,NA,17.0916666666667,NA,NA,NA,NA,NA,NA
NA,NA,NA,NA,17.0583333333333,NA,NA,NA,NA,NA,NA
NA,NA,NA,NA,16.9833333333333,NA,NA,NA,NA,NA,NA
NA,NA,NA,NA,16.8166666666667,NA,NA,NA,NA,NA,NA
NA,NA,NA,NA,16.4416666666667,NA,NA,NA,NA,NA,NA
NA,NA,NA,NA,16.125,NA,NA,NA,NA,NA,NA
NA,NA,NA,NA,16.175,NA,NA,NA,NA,NA,NA
NA,NA,NA,NA,16.525,NA,NA,NA,NA,NA,NA
NA,NA,NA,NA,16.5083333333333,NA,NA,NA,NA,NA,NA
NA,NA,NA,NA,16.5916666666667,NA,NA,NA,NA,NA,NA
NA,NA,NA,NA,16.5333333333333,NA,NA,NA,NA,NA,NA
NA,NA,NA,NA,16.525,NA,NA,NA,NA,NA,NA
NA,NA,NA,NA,16.1916666666667,NA,NA,NA,NA,NA,NA
NA,NA,NA,NA,15.775,NA,NA,NA,NA,NA,NA
NA,NA,NA,NA,16,NA,NA,NA,NA,NA,NA
NA,NA,NA,NA,16.4416666666667,NA,NA,NA,NA,NA,NA
NA,NA,NA,NA,16.775,NA,NA,NA,NA,NA,NA
NA,NA,NA,NA,16.9833333333333,NA,NA,NA,NA,NA,NA
NA,NA,NA,NA,16.9916666666667,NA,NA,NA,NA,NA,NA
NA,NA,NA,NA,16.7666666666667,NA,NA,NA,NA,NA,NA
NA,NA,NA,NA,16.35,NA,NA,NA,NA,NA,NA
NA,NA,NA,NA,15.9416666666667,NA,NA,NA,NA,NA,NA
NA,NA,NA,NA,15.925,NA,NA,NA,NA,NA,NA
NA,NA,NA,NA,16.5416666666667,NA,NA,NA,NA,NA,NA
NA,NA,NA,NA,16.7666666666667,NA,NA,NA,NA,NA,NA
NA,NA,NA,NA,16.775,NA,NA,NA,NA,NA,NA
NA,NA,NA,NA,16.8166666666667,NA,NA,NA,NA,NA,NA
NA,NA,NA,NA,16.775,NA,NA,NA,NA,NA,NA
NA,NA,NA,NA,16.575,NA,NA,NA,NA,NA,NA
NA,NA,NA,NA,16.275,NA,NA,NA,NA,NA,NA
NA,NA,NA,NA,16.3166666666667,NA,NA,NA,NA,NA,NA
NA,NA,NA,NA,16.7583333333333,NA,NA,NA,NA,NA,NA
NA,NA,NA,NA,17.1583333333333,NA,NA,NA,NA,NA,NA
NA,NA,NA,NA,17.1166666666667,NA,NA,NA,NA,NA,NA
NA,NA,NA,NA,17.0416666666667,NA,NA,NA,NA,NA,NA
NA,NA,NA,NA,16.8666666666667,NA,NA,NA,NA,NA,NA
NA,NA,NA,NA,16.5666666666667,NA,NA,NA,NA,NA,NA
NA,NA,NA,NA,16.2416666666667,NA,NA,NA,NA,NA,NA
NA,NA,NA,NA,16.3583333333333,NA,NA,NA,NA,NA,NA
NA,NA,NA,NA,17.0583333333333,NA,NA,NA,NA,NA,NA
NA,NA,NA,NA,17.5583333333333,NA,NA,NA,NA,NA,NA
NA,NA,NA,NA,17.425,NA,NA,NA,NA,NA,NA
NA,NA,NA,NA,17.475,NA,NA,NA,NA,NA,NA
NA,NA,NA,NA,17.45,NA,NA,NA,NA,NA,NA
NA,NA,NA,NA,17.3416666666667,NA,NA,NA,NA,NA,NA
NA,NA,NA,NA,17.025,NA,NA,NA,NA,NA,NA
NA,NA,NA,NA,17.0916666666667,NA,NA,NA,NA,NA,NA
NA,NA,NA,NA,17.775,NA,NA,NA,NA,NA,NA
NA,NA,NA,NA,17.7333333333333,NA,NA,NA,NA,NA,NA
NA,NA,NA,NA,17.9083333333333,NA,NA,NA,NA,NA,NA
NA,NA,NA,NA,17.9833333333333,NA,NA,NA,NA,NA,NA
NA,NA,NA,NA,17.85,NA,NA,NA,NA,NA,NA
NA,NA,NA,NA,17.6166666666667,NA,NA,NA,NA,NA,NA
NA,NA,NA,NA,17.3333333333333,NA,NA,NA,NA,NA,NA
NA,NA,NA,NA,17.5333333333333,NA,NA,NA,NA,NA,NA
NA,NA,NA,NA,18.2916666666667,NA,NA,NA,NA,NA,NA
NA,NA,NA,NA,18.425,NA,NA,NA,NA,NA,NA
NA,NA,NA,NA,18.4833333333333,NA,NA,NA,NA,NA,NA
NA,NA,NA,NA,18.6,NA,NA,NA,NA,NA,NA
NA,NA,NA,NA,18.5416666666667,NA,NA,NA,NA,NA,NA
NA,NA,NA,NA,18.4333333333333,NA,NA,NA,NA,NA,NA
NA,NA,NA,NA,18.4,NA,NA,NA,NA,NA,NA
NA,NA,NA,NA,18.5333333333333,NA,NA,NA,NA,NA,NA
NA,NA,NA,NA,19.4666666666667,NA,NA,NA,NA,NA,NA
NA,NA,NA,NA,19.3833333333333,NA,NA,NA,NA,NA,NA
NA,NA,NA,NA,19.1166666666667,NA,NA,NA,NA,NA,NA
NA,NA,NA,NA,19.1916666666667,NA,NA,NA,NA,NA,NA
NA,NA,NA,NA,19.025,NA,NA,NA,NA,NA,NA
NA,NA,NA,NA,18.9416666666667,NA,NA,NA,NA,NA,NA
NA,NA,NA,NA,18.6333333333333,NA,NA,NA,NA,NA,NA
NA,NA,NA,NA,18.7333333333333,NA,NA,NA,NA,NA,NA
NA,NA,NA,NA,19.5833333333333,NA,NA,NA,NA,NA,NA
NA,NA,NA,NA,19.6,NA,NA,NA,NA,NA,NA
NA,NA,NA,NA,19.45,NA,NA,NA,NA,NA,NA
NA,NA,NA,NA,19.5,NA,NA,NA,NA,NA,NA
NA,NA,NA,NA,19.35,NA,NA,NA,NA,NA,NA
NA,NA,NA,NA,19.1833333333333,NA,NA,NA,NA,NA,NA
NA,NA,NA,NA,19.1166666666667,NA,NA,NA,NA,NA,NA
NA,NA,NA,NA,19.3083333333333,NA,NA,NA,NA,NA,NA
NA,NA,NA,NA,19.4916666666667,NA,NA,NA,NA,NA,NA
NA,NA,NA,NA,19.2583333333333,NA,NA,NA,NA,NA,NA
NA,NA,NA,NA,18.8166666666667,NA,NA,NA,NA,NA,NA
NA,NA,NA,NA,18.4833333333333,NA,NA,NA,NA,NA,NA
NA,NA,NA,NA,18.425,NA,NA,NA,NA,NA,NA
NA,NA,NA,NA,18.1833333333333,NA,NA,NA,NA,NA,NA
NA,NA,NA,NA,17.8833333333333,NA,NA,NA,NA,NA,NA
NA,NA,NA,NA,17.6583333333333,NA,NA,NA,NA,NA,NA
NA,NA,NA,NA,17.5916666666667,NA,NA,NA,NA,NA,NA
NA,NA,NA,NA,17.3583333333333,NA,NA,NA,NA,NA,NA
NA,NA,NA,NA,17.3666666666667,NA,NA,NA,NA,NA,NA
NA,NA,NA,NA,17.2583333333333,NA,NA,NA,NA,NA,NA
NA,NA,NA,NA,16.975,NA,NA,NA,NA,NA,NA
NA,NA,NA,NA,16.6166666666667,NA,NA,NA,NA,NA,NA
NA,NA,NA,NA,16.3166666666667,NA,NA,NA,NA,NA,NA
NA,NA,NA,NA,16.2,NA,NA,NA,NA,NA,NA
NA,NA,NA,NA,16.4,NA,NA,NA,NA,NA,NA
NA,NA,NA,NA,16.5333333333333,NA,NA,NA,NA,NA,NA
NA,NA,NA,NA,16.5,NA,NA,NA,NA,NA,NA
NA,NA,NA,NA,16.425,NA,NA,NA,NA,NA,NA
NA,NA,NA,NA,16.25,NA,NA,NA,NA,NA,NA
NA,NA,NA,NA,16.1,NA,NA,NA,NA,NA,NA
NA,NA,NA,NA,15.9333333333333,NA,NA,NA,NA,NA,NA
NA,NA,NA,NA,15.8583333333333,NA,NA,NA,NA,NA,NA
NA,NA,NA,NA,16.1166666666667,NA,NA,NA,NA,NA,NA
NA,NA,NA,NA,16.25,NA,NA,NA,NA,NA,NA
NA,NA,NA,NA,16.2416666666667,NA,NA,NA,NA,NA,NA
NA,NA,NA,NA,16.2,NA,NA,NA,NA,NA,NA
NA,NA,NA,NA,16.2,NA,NA,NA,NA,NA,NA
NA,NA,NA,NA,16.175,NA,NA,NA,NA,NA,NA
NA,NA,NA,NA,16.0416666666667,NA,NA,NA,NA,NA,NA
NA,NA,NA,NA,16.15,NA,NA,NA,NA,NA,NA
NA,NA,NA,NA,16.6833333333333,NA,NA,NA,NA,NA,NA
NA,NA,NA,NA,16.925,NA,NA,NA,NA,NA,NA
NA,NA,NA,NA,16.7333333333333,NA,NA,NA,NA,NA,NA
NA,NA,NA,NA,16.7,NA,NA,NA,NA,NA,NA
NA,NA,NA,NA,16.7,NA,NA,NA,NA,NA,NA
NA,NA,NA,NA,16.5583333333333,NA,NA,NA,NA,NA,NA
NA,NA,NA,NA,16.1916666666667,NA,NA,NA,NA,NA,NA
NA,NA,NA,NA,16.3333333333333,NA,NA,NA,NA,NA,NA
NA,NA,NA,NA,17.0333333333333,NA,NA,NA,NA,NA,NA
NA,NA,NA,NA,17.2166666666667,NA,NA,NA,NA,NA,NA
NA,NA,NA,NA,17.1583333333333,NA,NA,NA,NA,NA,NA
NA,NA,NA,NA,17.3,NA,NA,NA,NA,NA,NA
NA,NA,NA,NA,17.2666666666667,NA,NA,NA,NA,NA,NA
NA,NA,NA,NA,17.1416666666667,NA,NA,NA,NA,NA,NA
NA,NA,NA,NA,17.1,NA,NA,NA,NA,NA,NA
NA,NA,NA,NA,17.15,NA,NA,NA,NA,NA,NA
NA,NA,NA,NA,17.1333333333333,NA,NA,NA,NA,NA,NA
NA,NA,NA,NA,17.0333333333333,NA,NA,NA,NA,NA,NA
NA,NA,NA,NA,17.0333333333333,NA,NA,NA,NA,NA,NA
NA,NA,NA,NA,16.8916666666667,NA,NA,NA,NA,NA,NA
NA,NA,NA,NA,16.7666666666667,NA,NA,NA,NA,NA,NA
NA,NA,NA,NA,16.8,NA,NA,NA,NA,NA,NA
NA,NA,NA,NA,16.6416666666667,NA,NA,NA,NA,NA,NA
NA,NA,NA,NA,16.525,NA,NA,NA,NA,NA,NA
NA,NA,NA,NA,16.425,NA,NA,NA,NA,NA,NA
NA,NA,NA,NA,16.55,NA,NA,NA,NA,NA,NA
NA,NA,NA,NA,16.65,NA,NA,NA,NA,NA,NA
NA,NA,NA,NA,16.3916666666667,NA,NA,NA,NA,NA,NA
NA,NA,NA,NA,16.05,NA,NA,NA,NA,NA,NA
NA,NA,NA,NA,15.7666666666667,NA,NA,NA,NA,NA,NA
NA,NA,NA,NA,15.5583333333333,NA,NA,NA,NA,NA,NA
NA,NA,NA,NA,15.6,NA,NA,NA,NA,NA,NA
NA,NA,NA,NA,15.8166666666667,NA,NA,NA,NA,NA,NA
NA,NA,NA,NA,15.9416666666667,NA,NA,NA,NA,NA,NA
NA,NA,NA,NA,16.0416666666667,NA,NA,NA,NA,NA,NA
NA,NA,NA,NA,15.825,NA,NA,NA,NA,NA,NA
NA,NA,NA,NA,15.525,NA,NA,NA,NA,NA,NA
NA,NA,NA,NA,15.1666666666667,NA,NA,NA,NA,NA,NA
NA,NA,NA,NA,14.8166666666667,NA,NA,NA,NA,NA,NA
NA,NA,NA,NA,14.7916666666667,NA,NA,NA,NA,NA,NA
NA,NA,NA,NA,15.5,NA,NA,NA,NA,NA,NA
NA,NA,NA,NA,15.7833333333333,NA,NA,NA,NA,NA,NA
NA,NA,NA,NA,15.8,NA,NA,NA,NA,NA,NA
NA,NA,NA,NA,15.8416666666667,NA,NA,NA,NA,NA,NA
NA,NA,NA,NA,15.8,NA,NA,NA,NA,NA,NA
NA,NA,NA,NA,15.6833333333333,NA,NA,NA,NA,NA,NA
NA,NA,NA,NA,15.4166666666667,NA,NA,NA,NA,NA,NA
NA,NA,NA,NA,15.275,NA,NA,NA,NA,NA,NA
NA,NA,NA,NA,15.65,NA,NA,NA,NA,NA,NA
NA,NA,NA,NA,16.0416666666667,NA,NA,NA,NA,NA,NA
NA,NA,NA,NA,15.9666666666667,NA,NA,NA,NA,NA,NA
NA,NA,NA,NA,15.9,NA,NA,NA,NA,NA,NA
NA,NA,NA,NA,15.775,NA,NA,NA,NA,NA,NA
NA,NA,NA,NA,15.4416666666667,NA,NA,NA,NA,NA,NA
NA,NA,NA,NA,15.133333333333301,NA,NA,NA,NA,NA,NA
NA,NA,NA,NA,15,NA,NA,NA,NA,NA,NA
NA,NA,NA,NA,15.1083333333333,NA,NA,NA,NA,NA,NA
NA,NA,NA,NA,15.2083333333333,NA,NA,NA,NA,NA,NA
NA,NA,NA,NA,15.15,NA,NA,NA,NA,NA,NA
NA,NA,NA,NA,15,NA,NA,NA,NA,NA,NA
NA,NA,NA,NA,14.8916666666667,NA,NA,NA,NA,NA,NA
NA,NA,NA,NA,14.8666666666667,NA,NA,NA,NA,NA,NA
NA,NA,NA,NA,14.508333333333301,NA,NA,NA,NA,NA,NA
NA,NA,NA,NA,14.225,NA,NA,NA,NA,NA,NA
NA,NA,NA,NA,14.258333333333301,NA,NA,NA,NA,NA,NA
NA,NA,NA,NA,14.6166666666667,NA,NA,NA,NA,NA,NA
NA,NA,NA,NA,14.9666666666667,NA,NA,NA,NA,NA,NA
NA,NA,NA,NA,14.9916666666667,NA,NA,NA,NA,NA,NA
NA,NA,NA,NA,14.758333333333301,NA,NA,NA,NA,NA,NA
NA,NA,NA,NA,14.45,NA,NA,NA,NA,NA,NA
NA,NA,NA,NA,14.3,NA,NA,NA,NA,NA,NA
NA,NA,NA,NA,14.2666666666667,NA,NA,NA,NA,NA,NA
NA,NA,NA,NA,14.4083333333333,NA,NA,NA,NA,NA,NA
NA,NA,NA,NA,14.4666666666667,NA,NA,NA,NA,NA,NA
NA,NA,NA,NA,14.4583333333333,NA,NA,NA,NA,NA,NA
NA,NA,NA,NA,14.4,NA,NA,NA,NA,NA,NA
NA,NA,NA,NA,14.2333333333333,NA,NA,NA,NA,NA,NA
NA,NA,NA,NA,14.0416666666667,NA,NA,NA,NA,NA,NA
NA,NA,NA,NA,14.1083333333333,NA,NA,NA,NA,NA,NA
NA,NA,NA,NA,14.175,NA,NA,NA,NA,NA,NA
NA,NA,NA,NA,14.525,NA,NA,NA,NA,NA,NA
NA,NA,NA,NA,14.7,NA,NA,NA,NA,NA,NA
NA,NA,NA,NA,14.9583333333333,NA,NA,NA,NA,NA,NA
NA,NA,NA,NA,14.9666666666667,NA,NA,NA,NA,NA,NA
NA,NA,NA,NA,14.825,NA,NA,NA,NA,NA,NA
NA,NA,NA,NA,14.7083333333333,NA,NA,NA,NA,NA,NA
NA,NA,NA,NA,14.6,NA,NA,NA,NA,NA,NA
NA,NA,NA,NA,14.6,NA,NA,NA,NA,NA,NA
NA,NA,NA,NA,14.6916666666667,NA,NA,NA,NA,NA,NA
NA,NA,NA,NA,14.9,NA,NA,NA,NA,NA,NA
NA,NA,NA,NA,14.9666666666667,NA,NA,NA,NA,NA,NA
NA,NA,NA,NA,14.85,NA,NA,NA,NA,NA,NA
NA,NA,NA,NA,14.5583333333333,NA,NA,NA,NA,NA,NA
NA,NA,NA,NA,14.2333333333333,NA,NA,NA,NA,NA,NA
NA,NA,NA,NA,13.9666666666667,NA,NA,NA,NA,NA,NA
NA,NA,NA,NA,13.9166666666667,NA,NA,NA,NA,NA,NA
NA,NA,NA,NA,14.3,NA,NA,NA,NA,NA,NA
NA,NA,NA,NA,14.6,NA,NA,NA,NA,NA,NA
NA,NA,NA,NA,14.8666666666667,NA,NA,NA,NA,NA,NA
NA,NA,NA,NA,14.8083333333333,NA,NA,NA,NA,NA,NA
NA,NA,NA,NA,14.5666666666667,NA,NA,NA,NA,NA,NA
NA,NA,NA,NA,14.1416666666667,NA,NA,NA,NA,NA,NA
NA,NA,NA,NA,13.7333333333333,NA,NA,NA,NA,NA,NA
NA,NA,NA,NA,13.6916666666667,NA,NA,NA,NA,NA,NA
NA,NA,NA,NA,14.2666666666667,NA,NA,NA,NA,NA,NA
NA,NA,NA,NA,14.633333333333301,NA,NA,NA,NA,NA,NA
NA,NA,NA,NA,14.7833333333333,NA,NA,NA,NA,NA,NA
NA,NA,NA,NA,14.9,NA,NA,NA,NA,NA,NA
NA,NA,NA,NA,14.7916666666667,NA,NA,NA,NA,NA,NA
NA,NA,NA,NA,14.3,NA,NA,NA,NA,NA,NA
NA,NA,NA,NA,13.9916666666667,NA,NA,NA,NA,NA,NA
NA,NA,NA,NA,14.0583333333333,NA,NA,NA,NA,NA,NA
NA,NA,NA,NA,14.758333333333301,NA,NA,NA,NA,NA,NA
NA,NA,NA,NA,15.008333333333301,NA,NA,NA,NA,NA,NA
NA,NA,NA,NA,15.1916666666667,NA,NA,NA,NA,NA,NA
NA,NA,NA,NA,15.3916666666667,NA,NA,NA,NA,NA,NA
NA,NA,NA,NA,15.3333333333333,NA,NA,NA,NA,NA,NA
NA,NA,NA,NA,14.9666666666667,NA,NA,NA,NA,NA,NA
NA,NA,NA,NA,14.5416666666667,NA,NA,NA,NA,NA,NA
NA,NA,NA,NA,14.5583333333333,NA,NA,NA,NA,NA,NA
NA,NA,NA,NA,15.225,NA,NA,NA,NA,NA,NA
NA,NA,NA,NA,15.3666666666667,NA,NA,NA,NA,NA,NA
NA,NA,NA,NA,15.4833333333333,NA,NA,NA,NA,NA,NA
NA,NA,NA,NA,15.6,NA,NA,NA,NA,NA,NA
NA,NA,NA,NA,15.5333333333333,NA,NA,NA,NA,NA,NA
NA,NA,NA,NA,15.2166666666667,NA,NA,NA,NA,NA,NA
NA,NA,NA,NA,14.7083333333333,NA,NA,NA,NA,NA,NA
NA,NA,NA,NA,14.8083333333333,NA,NA,NA,NA,NA,NA
NA,NA,NA,NA,15.6166666666667,NA,NA,NA,NA,NA,NA
NA,NA,NA,NA,15.8583333333333,NA,NA,NA,NA,NA,NA
NA,NA,NA,NA,15.9083333333333,NA,NA,NA,NA,NA,NA
NA,NA,NA,NA,16,NA,NA,NA,NA,NA,NA
NA,NA,NA,NA,15.9166666666667,NA,NA,NA,NA,NA,NA
NA,NA,NA,NA,15.6583333333333,NA,NA,NA,NA,NA,NA
NA,NA,NA,NA,15.275,NA,NA,NA,NA,NA,NA
NA,NA,NA,NA,15.2166666666667,NA,NA,NA,NA,NA,NA
NA,NA,NA,NA,15.8416666666667,NA,NA,NA,NA,NA,NA
NA,NA,NA,NA,16.075,NA,NA,NA,NA,NA,NA
NA,NA,NA,NA,16.2583333333333,NA,NA,NA,NA,NA,NA
NA,NA,NA,NA,16.4,NA,NA,NA,NA,NA,NA
NA,NA,NA,NA,16.2916666666667,NA,NA,NA,NA,NA,NA
NA,NA,NA,NA,16.0666666666667,NA,NA,NA,NA,NA,NA
NA,NA,NA,NA,15.6833333333333,NA,NA,NA,NA,NA,NA
NA,NA,NA,NA,15.675,NA,NA,NA,NA,NA,NA
NA,NA,NA,NA,16.1916666666667,NA,NA,NA,NA,NA,NA
NA,NA,NA,NA,16.3666666666667,NA,NA,NA,NA,NA,NA
NA,NA,NA,NA,16.4083333333333,NA,NA,NA,NA,NA,NA
NA,NA,NA,NA,16.4,NA,NA,NA,NA,NA,NA
NA,NA,NA,NA,16.2416666666667,NA,NA,NA,NA,NA,NA
NA,NA,NA,NA,15.85,NA,NA,NA,NA,NA,NA
NA,NA,NA,NA,15.45,NA,NA,NA,NA,NA,NA
NA,NA,NA,NA,15.4166666666667,NA,NA,NA,NA,NA,NA
NA,NA,NA,NA,16.2,NA,NA,NA,NA,NA,NA
NA,NA,NA,NA,16.2833333333333,NA,NA,NA,NA,NA,NA
NA,NA,NA,NA,16.2583333333333,NA,NA,NA,NA,NA,NA
NA,NA,NA,NA,16.4083333333333,NA,NA,NA,NA,NA,NA
NA,NA,NA,NA,16.3833333333333,NA,NA,NA,NA,NA,NA
NA,NA,NA,NA,15.9916666666667,NA,NA,NA,NA,NA,NA
NA,NA,NA,NA,15.5,NA,NA,NA,NA,NA,NA
NA,NA,NA,NA,15.4833333333333,NA,NA,NA,NA,NA,NA
NA,NA,NA,NA,16.25,NA,NA,NA,NA,NA,NA
NA,NA,NA,NA,16.2916666666667,NA,NA,NA,NA,NA,NA
NA,NA,NA,NA,16.3666666666667,NA,NA,NA,NA,NA,NA
NA,NA,NA,NA,16.575,NA,NA,NA,NA,NA,NA
NA,NA,NA,NA,16.5833333333333,NA,NA,NA,NA,NA,NA
NA,NA,NA,NA,16.4666666666667,NA,NA,NA,NA,NA,NA
NA,NA,NA,NA,16.1666666666667,NA,NA,NA,NA,NA,NA
NA,NA,NA,NA,16.2,NA,NA,NA,NA,NA,NA
NA,NA,NA,NA,16.8666666666667,NA,NA,NA,NA,NA,NA
NA,NA,NA,NA,16.8416666666667,NA,NA,NA,NA,NA,NA
NA,NA,NA,NA,16.825,NA,NA,NA,NA,NA,NA
NA,NA,NA,NA,17.0083333333333,NA,NA,NA,NA,NA,NA
NA,NA,NA,NA,17.1,NA,NA,NA,NA,NA,NA
NA,NA,NA,NA,17.0833333333333,NA,NA,NA,NA,NA,NA
NA,NA,NA,NA,16.9333333333333,NA,NA,NA,NA,NA,NA
NA,NA,NA,NA,16.8916666666667,NA,NA,NA,NA,NA,NA
NA,NA,NA,NA,16.9,NA,NA,NA,NA,NA,NA
NA,NA,NA,NA,17.0583333333333,NA,NA,NA,NA,NA,NA
NA,NA,NA,NA,17.075,NA,NA,NA,NA,NA,NA
NA,NA,NA,NA,17.1,NA,NA,NA,NA,NA,NA
NA,NA,NA,NA,17.1,NA,NA,NA,NA,NA,NA
NA,NA,NA,NA,16.95,NA,NA,NA,NA,NA,NA
NA,NA,NA,NA,16.65,NA,NA,NA,NA,NA,NA
NA,NA,NA,NA,16.7,NA,NA,NA,NA,NA,NA
NA,NA,NA,NA,17.0916666666667,NA,NA,NA,NA,NA,NA
NA,NA,NA,NA,17.175,NA,NA,NA,NA,NA,NA
NA,NA,NA,NA,17.1,NA,NA,NA,NA,NA,NA
NA,NA,NA,NA,17.1583333333333,NA,NA,NA,NA,NA,NA
NA,NA,NA,NA,17.1,NA,NA,NA,NA,NA,NA
NA,NA,NA,NA,16.8666666666667,NA,NA,NA,NA,NA,NA
NA,NA,NA,NA,16.3916666666667,NA,NA,NA,NA,NA,NA
NA,NA,NA,NA,16.325,NA,NA,NA,NA,NA,NA
NA,NA,NA,NA,17.0666666666667,NA,NA,NA,NA,NA,NA
NA,NA,NA,NA,16.8166666666667,NA,NA,NA,NA,NA,NA
NA,NA,NA,NA,16.8333333333333,NA,NA,NA,NA,NA,NA
NA,NA,NA,NA,16.9,NA,NA,NA,NA,NA,NA
NA,NA,NA,NA,16.7833333333333,NA,NA,NA,NA,NA,NA
NA,NA,NA,NA,16.5416666666667,NA,NA,NA,NA,NA,NA
NA,NA,NA,NA,16.125,NA,NA,NA,NA,NA,NA
NA,NA,NA,NA,16.0166666666667,NA,NA,NA,NA,NA,NA
NA,NA,NA,NA,16.7916666666667,NA,NA,NA,NA,NA,NA
NA,NA,NA,NA,16.6833333333333,NA,NA,NA,NA,NA,NA
NA,NA,NA,NA,16.65,NA,NA,NA,NA,NA,NA
NA,NA,NA,NA,16.7416666666667,NA,NA,NA,NA,NA,NA
NA,NA,NA,NA,16.8,NA,NA,NA,NA,NA,NA
NA,NA,NA,NA,16.7083333333333,NA,NA,NA,NA,NA,NA
NA,NA,NA,NA,16.5,NA,NA,NA,NA,NA,NA
NA,NA,NA,NA,16.4333333333333,NA,NA,NA,NA,NA,NA
NA,NA,NA,NA,16.375,NA,NA,NA,NA,NA,NA
NA,NA,NA,NA,16.2416666666667,NA,NA,NA,NA,NA,NA
NA,NA,NA,NA,16.5083333333333,NA,NA,NA,NA,NA,NA
NA,NA,NA,NA,16.6,NA,NA,NA,NA,NA,NA
NA,NA,NA,NA,16.55,NA,NA,NA,NA,NA,NA
NA,NA,NA,NA,16.4333333333333,NA,NA,NA,NA,NA,NA
NA,NA,NA,NA,16.4,NA,NA,NA,NA,NA,NA
NA,NA,NA,NA,16.2916666666667,NA,NA,NA,NA,NA,NA
NA,NA,NA,NA,16.275,NA,NA,NA,NA,NA,NA
NA,NA,NA,NA,16.3916666666667,NA,NA,NA,NA,NA,NA
NA,NA,NA,NA,16.4583333333333,NA,NA,NA,NA,NA,NA
NA,NA,NA,NA,16.3583333333333,NA,NA,NA,NA,NA,NA
NA,NA,NA,NA,16.1666666666667,NA,NA,NA,NA,NA,NA
NA,NA,NA,NA,15.825,NA,NA,NA,NA,NA,NA
NA,NA,NA,NA,15.5583333333333,NA,NA,NA,NA,NA,NA
NA,NA,NA,NA,15.5666666666667,NA,NA,NA,NA,NA,NA
NA,NA,NA,NA,15.7,NA,NA,NA,NA,NA,NA
NA,NA,NA,NA,15.8416666666667,NA,NA,NA,NA,NA,NA
NA,NA,NA,NA,15.9333333333333,NA,NA,NA,NA,NA,NA
NA,NA,NA,NA,15.7666666666667,NA,NA,NA,NA,NA,NA
NA,NA,NA,NA,15.5666666666667,NA,NA,NA,NA,NA,NA
NA,NA,NA,NA,15.3083333333333,NA,NA,NA,NA,NA,NA
NA,NA,NA,NA,15.1416666666667,NA,NA,NA,NA,NA,NA
NA,NA,NA,NA,15.2416666666667,NA,NA,NA,NA,NA,NA
NA,NA,NA,NA,15.4,NA,NA,NA,NA,NA,NA
NA,NA,NA,NA,15.4083333333333,NA,NA,NA,NA,NA,NA
NA,NA,NA,NA,15.3,NA,NA,NA,NA,NA,NA
NA,NA,NA,NA,15.2416666666667,NA,NA,NA,NA,NA,NA
NA,NA,NA,NA,15.0833333333333,NA,NA,NA,NA,NA,NA
NA,NA,NA,NA,14.8166666666667,NA,NA,NA,NA,NA,NA
NA,NA,NA,NA,14.425,NA,NA,NA,NA,NA,NA
NA,NA,NA,NA,14.383333333333301,NA,NA,NA,NA,NA,NA
NA,NA,NA,NA,14.55,NA,NA,NA,NA,NA,NA
NA,NA,NA,NA,14.4416666666667,NA,NA,NA,NA,NA,NA
NA,NA,NA,NA,14.45,NA,NA,NA,NA,NA,NA
NA,NA,NA,NA,14.475,NA,NA,NA,NA,NA,NA
NA,NA,NA,NA,14.2916666666667,NA,NA,NA,NA,NA,NA
NA,NA,NA,NA,14.025,NA,NA,NA,NA,NA,NA
NA,NA,NA,NA,13.825,NA,NA,NA,NA,NA,NA
NA,NA,NA,NA,13.8083333333333,NA,NA,NA,NA,NA,NA
NA,NA,NA,NA,14.0416666666667,NA,NA,NA,NA,NA,NA
NA,NA,NA,NA,13.9166666666667,NA,NA,NA,NA,NA,NA
NA,NA,NA,NA,13.8416666666667,NA,NA,NA,NA,NA,NA
NA,NA,NA,NA,13.8,NA,NA,NA,NA,NA,NA
NA,NA,NA,NA,13.65,NA,NA,NA,NA,NA,NA
NA,NA,NA,NA,13.425,NA,NA,NA,NA,NA,NA
NA,NA,NA,NA,13.2833333333333,NA,NA,NA,NA,NA,NA
NA,NA,NA,NA,13.3583333333333,NA,NA,NA,NA,NA,NA
NA,NA,NA,NA,13.4833333333333,NA,NA,NA,NA,NA,NA
NA,NA,NA,NA,13.45,NA,NA,NA,NA,NA,NA
NA,NA,NA,NA,13.2666666666667,NA,NA,NA,NA,NA,NA
NA,NA,NA,NA,13.4,NA,NA,NA,NA,NA,NA
NA,NA,NA,NA,13.275,NA,NA,NA,NA,NA,NA
NA,NA,NA,NA,13.0583333333333,NA,NA,NA,NA,NA,NA
NA,NA,NA,NA,12.8666666666667,NA,NA,NA,NA,NA,NA
NA,NA,NA,NA,12.9166666666667,NA,NA,NA,NA,NA,NA
NA,NA,NA,NA,13.2083333333333,NA,NA,NA,NA,NA,NA
NA,NA,NA,NA,13.2833333333333,NA,NA,NA,NA,NA,NA
NA,NA,NA,NA,13.1666666666667,NA,NA,NA,NA,NA,NA
NA,NA,NA,NA,13.0333333333333,NA,NA,NA,NA,NA,NA
NA,NA,NA,NA,12.9333333333333,NA,NA,NA,NA,NA,NA
NA,NA,NA,NA,12.6583333333333,NA,NA,NA,NA,NA,NA
NA,NA,NA,NA,12.383333333333301,NA,NA,NA,NA,NA,NA
NA,NA,NA,NA,12.4333333333333,NA,NA,NA,NA,NA,NA
NA,NA,NA,NA,13.3083333333333,NA,NA,NA,NA,NA,NA
NA,NA,NA,NA,13.1,NA,NA,NA,NA,NA,NA
NA,NA,NA,NA,13.0416666666667,NA,NA,NA,NA,NA,NA
NA,NA,NA,NA,13.175,NA,NA,NA,NA,NA,NA
NA,NA,NA,NA,13.3333333333333,NA,NA,NA,NA,NA,NA
NA,NA,NA,NA,13.4,NA,NA,NA,NA,NA,NA
NA,NA,NA,NA,13.3333333333333,NA,NA,NA,NA,NA,NA
NA,NA,NA,NA,13.375,NA,NA,NA,NA,NA,NA
NA,NA,NA,NA,13.4083333333333,NA,NA,NA,NA,NA,NA
NA,NA,NA,NA,13.4083333333333,NA,NA,NA,NA,NA,NA
NA,NA,NA,NA,13.4583333333333,NA,NA,NA,NA,NA,NA
NA,NA,NA,NA,13.55,NA,NA,NA,NA,NA,NA
NA,NA,NA,NA,13.5916666666667,NA,NA,NA,NA,NA,NA
NA,NA,NA,NA,13.6,NA,NA,NA,NA,NA,NA
NA,NA,NA,NA,13.4416666666667,NA,NA,NA,NA,NA,NA
NA,NA,NA,NA,13.6083333333333,NA,NA,NA,NA,NA,NA
NA,NA,NA,NA,14.425,NA,NA,NA,NA,NA,NA
NA,NA,NA,NA,14.1583333333333,NA,NA,NA,NA,NA,NA
NA,NA,NA,NA,14,NA,NA,NA,NA,NA,NA
NA,NA,NA,NA,14.0916666666667,NA,NA,NA,NA,NA,NA
NA,NA,NA,NA,14.1083333333333,NA,NA,NA,NA,NA,NA
NA,NA,NA,NA,14.0583333333333,NA,NA,NA,NA,NA,NA
NA,NA,NA,NA,13.9333333333333,NA,NA,NA,NA,NA,NA
NA,NA,NA,NA,14.1083333333333,NA,NA,NA,NA,NA,NA
NA,NA,NA,NA,14.9333333333333,NA,NA,NA,NA,NA,NA
NA,NA,NA,NA,14.7083333333333,NA,NA,NA,NA,NA,NA
NA,NA,NA,NA,14.525,NA,NA,NA,NA,NA,NA
NA,NA,NA,NA,14.7916666666667,NA,NA,NA,NA,NA,NA
NA,NA,NA,NA,15.1416666666667,NA,NA,NA,NA,NA,NA
NA,NA,NA,NA,15.2083333333333,NA,NA,NA,NA,NA,NA
NA,NA,NA,NA,15.4583333333333,NA,NA,NA,NA,NA,NA
NA,NA,NA,NA,14.8916666666667,NA,NA,NA,NA,NA,NA
NA,NA,NA,NA,15.125,NA,NA,NA,NA,NA,NA
NA,NA,NA,NA,15.75,NA,NA,NA,NA,NA,NA
NA,NA,NA,NA,15.9833333333333,NA,NA,NA,NA,NA,NA
NA,NA,NA,NA,15.8083333333333,NA,NA,NA,NA,NA,NA
NA,NA,NA,NA,15.7083333333333,NA,NA,NA,NA,NA,NA
NA,NA,NA,NA,15.7,NA,NA,NA,NA,NA,NA
NA,NA,NA,NA,15.6166666666667,NA,NA,NA,NA,NA,NA
NA,NA,NA,NA,15.55,NA,NA,NA,NA,NA,NA
NA,NA,NA,NA,15.5166666666667,NA,NA,NA,NA,NA,NA
NA,NA,NA,NA,15.575,NA,NA,NA,NA,NA,NA
NA,NA,NA,NA,15.5,NA,NA,NA,NA,NA,NA
NA,NA,NA,NA,15.2416666666667,NA,NA,NA,NA,NA,NA
NA,NA,NA,NA,14.8583333333333,NA,NA,NA,NA,NA,NA
NA,NA,NA,NA,14.5583333333333,NA,NA,NA,NA,NA,NA
NA,NA,NA,NA,14.35,NA,NA,NA,NA,NA,NA
NA,NA,NA,NA,14.3083333333333,NA,NA,NA,NA,NA,NA
NA,NA,NA,NA,14.4833333333333,NA,NA,NA,NA,NA,NA
NA,NA,NA,NA,14.5,NA,NA,NA,NA,NA,NA
NA,NA,NA,NA,14.475,NA,NA,NA,NA,NA,NA
NA,NA,NA,NA,14.2,NA,NA,NA,NA,NA,NA
NA,NA,NA,NA,13.925,NA,NA,NA,NA,NA,NA
NA,NA,NA,NA,13.5333333333333,NA,NA,NA,NA,NA,NA
NA,NA,NA,NA,13.2166666666667,NA,NA,NA,NA,NA,NA
NA,NA,NA,NA,13.1,NA,NA,NA,NA,NA,NA
NA,NA,NA,NA,13.2916666666667,NA,NA,NA,NA,NA,NA
NA,NA,NA,NA,13.325,NA,NA,NA,NA,NA,NA
NA,NA,NA,NA,13.3916666666667,NA,NA,NA,NA,NA,NA
NA,NA,NA,NA,13.275,NA,NA,NA,NA,NA,NA
NA,NA,NA,NA,12.925,NA,NA,NA,NA,NA,NA
NA,NA,NA,NA,12.525,NA,NA,NA,NA,NA,NA
NA,NA,NA,NA,12.1666666666667,NA,NA,NA,NA,NA,NA
NA,NA,NA,NA,12.0416666666667,NA,NA,NA,NA,NA,NA
NA,NA,NA,NA,12.3916666666667,NA,NA,NA,NA,NA,NA
NA,NA,NA,NA,12.4166666666667,NA,NA,NA,NA,NA,NA
NA,NA,NA,NA,12.5,NA,NA,NA,NA,NA,NA
NA,NA,NA,NA,12.5,NA,NA,NA,NA,NA,NA
NA,NA,NA,NA,12.3333333333333,NA,NA,NA,NA,NA,NA
NA,NA,NA,NA,11.9916666666667,NA,NA,NA,NA,NA,NA
NA,NA,NA,NA,11.7333333333333,NA,NA,NA,NA,NA,NA
NA,NA,NA,NA,11.725,NA,NA,NA,NA,NA,NA
NA,NA,NA,NA,12.375,NA,NA,NA,NA,NA,NA
NA,NA,NA,NA,12.4,NA,NA,NA,NA,NA,NA
NA,NA,NA,NA,12.525,NA,NA,NA,NA,NA,NA
NA,NA,NA,NA,12.6,NA,NA,NA,NA,NA,NA
NA,NA,NA,NA,12.525,NA,NA,NA,NA,NA,NA
NA,NA,NA,NA,12.3583333333333,NA,NA,NA,NA,NA,NA
NA,NA,NA,NA,12.1916666666667,NA,NA,NA,NA,NA,NA
NA,NA,NA,NA,12.258333333333301,NA,NA,NA,NA,NA,NA
NA,NA,NA,NA,12.8583333333333,NA,NA,NA,NA,NA,NA
NA,NA,NA,NA,13.0583333333333,NA,NA,NA,NA,NA,NA
NA,NA,NA,NA,13.1916666666667,NA,NA,NA,NA,NA,NA
NA,NA,NA,NA,13.3916666666667,NA,NA,NA,NA,NA,NA
NA,NA,NA,NA,13.4666666666667,NA,NA,NA,NA,NA,NA
NA,NA,NA,NA,13.3916666666667,NA,NA,NA,NA,NA,NA
NA,NA,NA,NA,13.3,NA,NA,NA,NA,NA,NA
NA,NA,NA,NA,13.2666666666667,NA,NA,NA,NA,NA,NA
NA,NA,NA,NA,13.225,NA,NA,NA,NA,NA,NA
NA,NA,NA,NA,13.4166666666667,NA,NA,NA,NA,NA,NA
NA,NA,NA,NA,13.5,NA,NA,NA,NA,NA,NA
NA,NA,NA,NA,13.3916666666667,NA,NA,NA,NA,NA,NA
NA,NA,NA,NA,13.3,NA,NA,NA,NA,NA,NA
NA,NA,NA,NA,13.2333333333333,NA,NA,NA,NA,NA,NA
NA,NA,NA,NA,13.2,NA,NA,NA,NA,NA,NA
NA,NA,NA,NA,13.1083333333333,NA,NA,NA,NA,NA,NA
NA,NA,NA,NA,13.2,NA,NA,NA,NA,NA,NA
NA,NA,NA,NA,13.3666666666667,NA,NA,NA,NA,NA,NA
NA,NA,NA,NA,13.2916666666667,NA,NA,NA,NA,NA,NA
NA,NA,NA,NA,13.225,NA,NA,NA,NA,NA,NA
NA,NA,NA,NA,13.15,NA,NA,NA,NA,NA,NA
NA,NA,NA,NA,12.9416666666667,NA,NA,NA,NA,NA,NA
NA,NA,NA,NA,12.7666666666667,NA,NA,NA,NA,NA,NA
NA,NA,NA,NA,12.725,NA,NA,NA,NA,NA,NA
NA,NA,NA,NA,12.8416666666667,NA,NA,NA,NA,NA,NA
NA,NA,NA,NA,12.8,NA,NA,NA,NA,NA,NA
NA,NA,NA,NA,12.75,NA,NA,NA,NA,NA,NA
NA,NA,NA,NA,12.675,NA,NA,NA,NA,NA,NA
NA,NA,NA,NA,12.4916666666667,NA,NA,NA,NA,NA,NA
NA,NA,NA,NA,12.3916666666667,NA,NA,NA,NA,NA,NA
NA,NA,NA,NA,12.2416666666667,NA,NA,NA,NA,NA,NA
NA,NA,NA,NA,12.2333333333333,NA,NA,NA,NA,NA,NA
NA,NA,NA,NA,12.6916666666667,NA,NA,NA,NA,NA,NA
NA,NA,NA,NA,12.6833333333333,NA,NA,NA,NA,NA,NA
NA,NA,NA,NA,12.725,NA,NA,NA,NA,NA,NA
NA,NA,NA,NA,12.625,NA,NA,NA,NA,NA,NA
NA,NA,NA,NA,12.4083333333333,NA,NA,NA,NA,NA,NA
NA,NA,NA,NA,12.0916666666667,NA,NA,NA,NA,NA,NA
NA,NA,NA,NA,11.925,NA,NA,NA,NA,NA,NA
NA,NA,NA,NA,11.9416666666667,NA,NA,NA,NA,NA,NA
NA,NA,NA,NA,12.225,NA,NA,NA,NA,NA,NA
NA,NA,NA,NA,12.3,NA,NA,NA,NA,NA,NA
NA,NA,NA,NA,12.3,NA,NA,NA,NA,NA,NA
NA,NA,NA,NA,12.2833333333333,NA,NA,NA,NA,NA,NA
NA,NA,NA,NA,12.0666666666667,NA,NA,NA,NA,NA,NA
NA,NA,NA,NA,11.6416666666667,NA,NA,NA,NA,NA,NA
NA,NA,NA,NA,11.2,NA,NA,NA,NA,NA,NA
NA,NA,NA,NA,11.0333333333333,NA,NA,NA,NA,NA,NA
NA,NA,NA,NA,11.5833333333333,NA,NA,NA,NA,NA,NA
NA,NA,NA,NA,11.4,NA,NA,NA,NA,NA,NA
NA,NA,NA,NA,11.4,NA,NA,NA,NA,NA,NA
NA,NA,NA,NA,11.325,NA,NA,NA,NA,NA,NA
NA,NA,NA,NA,11.05,NA,NA,NA,NA,NA,NA
NA,NA,NA,NA,10.6166666666667,NA,NA,NA,NA,NA,NA
NA,NA,NA,NA,10.1416666666667,NA,NA,NA,NA,NA,NA
NA,NA,NA,NA,9.88333333333333,NA,NA,NA,NA,NA,NA
NA,NA,NA,NA,10.4416666666667,NA,NA,NA,NA,NA,NA
NA,NA,NA,NA,10.1583333333333,NA,NA,NA,NA,NA,NA
NA,NA,NA,NA,10.1416666666667,NA,NA,NA,NA,NA,NA
NA,NA,NA,NA,10.133333333333301,NA,NA,NA,NA,NA,NA
NA,NA,NA,NA,9.89166666666667,NA,NA,NA,NA,NA,NA
NA,NA,NA,NA,9.50833333333333,NA,NA,NA,NA,NA,NA
NA,NA,NA,NA,9.125,NA,NA,NA,NA,NA,NA
NA,NA,NA,NA,8.94166666666667,NA,NA,NA,NA,NA,NA
NA,NA,NA,NA,9.23333333333333,NA,NA,NA,NA,NA,NA
NA,NA,NA,NA,9.125,NA,NA,NA,NA,NA,NA
NA,NA,NA,NA,9.20833333333333,NA,NA,NA,NA,NA,NA
NA,NA,NA,NA,9.25833333333333,NA,NA,NA,NA,NA,NA
NA,NA,NA,NA,9.21666666666667,NA,NA,NA,NA,NA,NA
NA,NA,NA,NA,9.11666666666667,NA,NA,NA,NA,NA,NA
NA,NA,NA,NA,9.025,NA,NA,NA,NA,NA,NA
NA,NA,NA,NA,9.20833333333333,NA,NA,NA,NA,NA,NA
NA,NA,NA,NA,9.375,NA,NA,NA,NA,NA,NA
NA,NA,NA,NA,9.175,NA,NA,NA,NA,NA,NA
NA,NA,NA,NA,9,NA,NA,NA,NA,NA,NA
NA,NA,NA,NA,9.13333333333333,NA,NA,NA,NA,NA,NA
NA,NA,NA,NA,9.825,NA,NA,NA,NA,NA,NA
NA,NA,NA,NA,9.65833333333333,NA,NA,NA,NA,NA,NA
NA,NA,NA,NA,9.25833333333333,NA,NA,NA,NA,NA,NA
NA,NA,NA,NA,9.21666666666667,NA,NA,NA,NA,NA,NA
NA,NA,NA,NA,9.375,NA,NA,NA,NA,NA,NA
NA,NA,NA,NA,9.425,NA,NA,NA,NA,NA,NA
NA,NA,NA,NA,9.49166666666667,NA,NA,NA,NA,NA,NA
NA,NA,NA,NA,9.4,NA,NA,NA,NA,NA,NA
NA,NA,NA,NA,9.31666666666667,NA,NA,NA,NA,NA,NA
NA,NA,NA,NA,9.2,NA,NA,NA,NA,NA,NA
NA,NA,NA,NA,9.18333333333333,NA,NA,NA,NA,NA,NA
NA,NA,NA,NA,9.1,NA,NA,NA,NA,NA,NA
NA,NA,NA,NA,9.21666666666667,NA,NA,NA,NA,NA,NA
NA,NA,NA,NA,9.51666666666667,NA,NA,NA,NA,NA,NA
NA,NA,NA,NA,9.525,NA,NA,NA,NA,NA,NA
NA,NA,NA,NA,9.59166666666667,NA,NA,NA,NA,NA,NA
NA,NA,NA,NA,9.46666666666667,NA,NA,NA,NA,NA,NA
NA,NA,NA,NA,9.29166666666667,NA,NA,NA,NA,NA,NA
NA,NA,NA,NA,9.13333333333333,NA,NA,NA,NA,NA,NA
NA,NA,NA,NA,9.15,NA,NA,NA,NA,NA,NA
NA,NA,NA,NA,9.45,NA,NA,NA,NA,NA,NA
NA,NA,NA,NA,9.61666666666667,NA,NA,NA,NA,NA,NA
NA,NA,NA,NA,9.73333333333333,NA,NA,NA,NA,NA,NA
NA,NA,NA,NA,9.76666666666667,NA,NA,NA,NA,NA,NA
NA,NA,NA,NA,9.625,NA,NA,NA,NA,NA,NA
NA,NA,NA,NA,9.5,NA,NA,NA,NA,NA,NA
NA,NA,NA,NA,9.325,NA,NA,NA,NA,NA,NA
NA,NA,NA,NA,9.225,NA,NA,NA,NA,NA,NA
NA,NA,NA,NA,9.45,NA,NA,NA,NA,NA,NA
NA,NA,NA,NA,9.5,NA,NA,NA,NA,NA,NA
NA,NA,NA,NA,9.5,NA,NA,NA,NA,NA,NA
NA,NA,NA,NA,9.49166666666667,NA,NA,NA,NA,NA,NA
NA,NA,NA,NA,9.31666666666667,NA,NA,NA,NA,NA,NA
NA,NA,NA,NA,9.05833333333333,NA,NA,NA,NA,NA,NA
NA,NA,NA,NA,8.79166666666667,NA,NA,NA,NA,NA,NA
NA,NA,NA,NA,8.69166666666667,NA,NA,NA,NA,NA,NA
NA,NA,NA,NA,8.84166666666667,NA,NA,NA,NA,NA,NA
NA,NA,NA,NA,9,NA,NA,NA,NA,NA,NA
NA,NA,NA,NA,9,NA,NA,NA,NA,NA,NA
NA,NA,NA,NA,8.975,NA,NA,NA,NA,NA,NA
NA,NA,NA,NA,8.85,NA,NA,NA,NA,NA,NA
NA,NA,NA,NA,8.58333333333333,NA,NA,NA,NA,NA,NA
NA,NA,NA,NA,8.35,NA,NA,NA,NA,NA,NA
NA,NA,NA,NA,8.31666666666667,NA,NA,NA,NA,NA,NA
NA,NA,NA,NA,8.6,NA,NA,NA,NA,NA,NA
NA,NA,NA,NA,8.725,NA,NA,NA,NA,NA,NA
NA,NA,NA,NA,8.8,NA,NA,NA,NA,NA,NA
NA,NA,NA,NA,8.83333333333333,NA,NA,NA,NA,NA,NA
NA,NA,NA,NA,8.79166666666667,NA,NA,NA,NA,NA,NA
NA,NA,NA,NA,8.65,NA,NA,NA,NA,NA,NA
NA,NA,NA,NA,8.45,NA,NA,NA,NA,NA,NA
NA,NA,NA,NA,8.5,NA,NA,NA,NA,NA,NA
NA,NA,NA,NA,8.60833333333333,NA,NA,NA,NA,NA,NA
NA,NA,NA,NA,8.75,NA,NA,NA,NA,NA,NA
NA,NA,NA,NA,8.95833333333333,NA,NA,NA,NA,NA,NA
NA,NA,NA,NA,9.1,NA,NA,NA,NA,NA,NA
NA,NA,NA,NA,8.99166666666667,NA,NA,NA,NA,NA,NA
NA,NA,NA,NA,8.9,NA,NA,NA,NA,NA,NA
NA,NA,NA,NA,8.79166666666667,NA,NA,NA,NA,NA,NA
NA,NA,NA,NA,8.75833333333333,NA,NA,NA,NA,NA,NA
NA,NA,NA,NA,9.31666666666667,NA,NA,NA,NA,NA,NA
NA,NA,NA,NA,9.5,NA,NA,NA,NA,NA,NA
NA,NA,NA,NA,9.76666666666667,NA,NA,NA,NA,NA,NA
NA,NA,NA,NA,10.0166666666667,NA,NA,NA,NA,NA,NA
NA,NA,NA,NA,10.1916666666667,NA,NA,NA,NA,NA,NA
NA,NA,NA,NA,10.2,NA,NA,NA,NA,NA,NA
NA,NA,NA,NA,10.8,NA,NA,NA,NA,NA,NA
NA,NA,NA,NA,11.0583333333333,NA,NA,NA,NA,NA,NA
NA,NA,NA,NA,10.9916666666667,NA,NA,NA,NA,NA,NA
NA,NA,NA,NA,10.825,NA,NA,NA,NA,NA,NA
NA,NA,NA,NA,10.85,NA,NA,NA,NA,NA,NA
NA,NA,NA,NA,10.8916666666667,NA,NA,NA,NA,NA,NA
NA,NA,NA,NA,10.675,NA,NA,NA,NA,NA,NA
NA,NA,NA,NA,10.4916666666667,NA,NA,NA,NA,NA,NA
NA,NA,NA,NA,10.325,NA,NA,NA,NA,NA,NA
NA,NA,NA,NA,10.2,NA,NA,NA,NA,NA,NA
NA,NA,NA,NA,10.225,NA,NA,NA,NA,NA,NA
NA,NA,NA,NA,10.2,NA,NA,NA,NA,NA,NA
NA,NA,NA,NA,10.225,NA,NA,NA,NA,NA,NA
NA,NA,NA,NA,10.2,NA,NA,NA,NA,NA,NA
NA,NA,NA,NA,10.0416666666667,NA,NA,NA,NA,NA,NA
NA,NA,NA,NA,9.76666666666667,NA,NA,NA,NA,NA,NA
NA,NA,NA,NA,9.49166666666667,NA,NA,NA,NA,NA,NA
NA,NA,NA,NA,9.34166666666667,NA,NA,NA,NA,NA,NA
NA,NA,NA,NA,9.425,NA,NA,NA,NA,NA,NA
NA,NA,NA,NA,9.4,NA,NA,NA,NA,NA,NA
NA,NA,NA,NA,9.425,NA,NA,NA,NA,NA,NA
NA,NA,NA,NA,9.26666666666667,NA,NA,NA,NA,NA,NA
NA,NA,NA,NA,8.85,NA,NA,NA,NA,NA,NA
NA,NA,NA,NA,8.41666666666667,NA,NA,NA,NA,NA,NA
NA,NA,NA,NA,8.11666666666667,NA,NA,NA,NA,NA,NA
NA,NA,NA,NA,7.81666666666667,NA,NA,NA,NA,NA,NA
NA,NA,NA,NA,8.14166666666667,NA,NA,NA,NA,NA,NA
NA,NA,NA,NA,8.08333333333333,NA,NA,NA,NA,NA,NA
NA,NA,NA,NA,8.1,NA,NA,NA,NA,NA,NA
NA,NA,NA,NA,8.05833333333333,NA,NA,NA,NA,NA,NA
NA,NA,NA,NA,7.75,NA,NA,NA,NA,NA,NA
NA,NA,NA,NA,7.31666666666667,NA,NA,NA,NA,NA,NA
NA,NA,NA,NA,6.94166666666667,NA,NA,NA,NA,NA,NA
NA,NA,NA,NA,6.825,NA,NA,NA,NA,NA,NA
NA,NA,NA,NA,7.15,NA,NA,NA,NA,NA,NA
NA,NA,NA,NA,7.35833333333333,NA,NA,NA,NA,NA,NA
NA,NA,NA,NA,7.4,NA,NA,NA,NA,NA,NA
NA,NA,NA,NA,7.36666666666667,NA,NA,NA,NA,NA,NA
NA,NA,NA,NA,7.225,NA,NA,NA,NA,NA,NA
NA,NA,NA,NA,6.975,NA,NA,NA,NA,NA,NA
NA,NA,NA,NA,6.85833333333333,NA,NA,NA,NA,NA,NA
NA,NA,NA,NA,6.80833333333333,NA,NA,NA,NA,NA,NA
NA,NA,NA,NA,7.01666666666667,NA,NA,NA,NA,NA,NA
NA,NA,NA,NA,7.24166666666667,NA,NA,NA,NA,NA,NA
NA,NA,NA,NA,7.34166666666667,NA,NA,NA,NA,NA,NA
NA,NA,NA,NA,7.29166666666667,NA,NA,NA,NA,NA,NA
NA,NA,NA,NA,7.175,NA,NA,NA,NA,NA,NA
NA,NA,NA,NA,7.01666666666667,NA,NA,NA,NA,NA,NA
NA,NA,NA,NA,7,NA,NA,NA,NA,NA,NA
NA,NA,NA,NA,7.075,NA,NA,NA,NA,NA,NA
NA,NA,NA,NA,7.38333333333333,NA,NA,NA,NA,NA,NA
NA,NA,NA,NA,7.69166666666667,NA,NA,NA,NA,NA,NA
NA,NA,NA,NA,7.825,NA,NA,NA,NA,NA,NA
NA,NA,NA,NA,7.775,NA,NA,NA,NA,NA,NA
NA,NA,NA,NA,7.74166666666667,NA,NA,NA,NA,NA,NA
NA,NA,NA,NA,7.68333333333333,NA,NA,NA,NA,NA,NA
NA,NA,NA,NA,7.575,NA,NA,NA,NA,NA,NA
NA,NA,NA,NA,7.58333333333333,NA,NA,NA,NA,NA,NA
NA,NA,NA,NA,7.96666666666667,NA,NA,NA,NA,NA,NA
NA,NA,NA,NA,8.08333333333333,NA,NA,NA,NA,NA,NA
NA,NA,NA,NA,8.3,NA,NA,NA,NA,NA,NA
NA,NA,NA,NA,8.48333333333333,NA,NA,NA,NA,NA,NA
NA,NA,NA,NA,8.45833333333333,NA,NA,NA,NA,NA,NA
NA,NA,NA,NA,8.35,NA,NA,NA,NA,NA,NA
NA,NA,NA,NA,8.24166666666667,NA,NA,NA,NA,NA,NA
NA,NA,NA,NA,8.10833333333333,NA,NA,NA,NA,NA,NA
NA,NA,NA,NA,8.28333333333333,NA,NA,NA,NA,NA,NA
NA,NA,NA,NA,8.45833333333333,NA,NA,NA,NA,NA,NA
NA,NA,NA,NA,8.5,NA,NA,NA,NA,NA,NA
NA,NA,NA,NA,8.35833333333333,NA,NA,NA,NA,NA,NA
NA,NA,NA,NA,8.19166666666667,NA,NA,NA,NA,NA,NA
NA,NA,NA,NA,7.975,NA,NA,NA,NA,NA,NA
NA,NA,NA,NA,7.75833333333333,NA,NA,NA,NA,NA,NA
NA,NA,NA,NA,7.575,NA,NA,NA,NA,NA,NA
NA,NA,NA,NA,7.91666666666667,NA,NA,NA,NA,NA,NA
NA,NA,NA,NA,7.94166666666667,NA,NA,NA,NA,NA,NA
NA,NA,NA,NA,8.075,NA,NA,NA,NA,NA,NA
NA,NA,NA,NA,8.15833333333333,NA,NA,NA,NA,NA,NA
NA,NA,NA,NA,8.1,NA,NA,NA,NA,NA,NA
NA,NA,NA,NA,8,NA,NA,NA,NA,NA,NA
NA,NA,NA,NA,7.86666666666667,NA,NA,NA,NA,NA,NA
NA,NA,NA,NA,7.83333333333333,NA,NA,NA,NA,NA,NA
NA,NA,NA,NA,8.20833333333333,NA,NA,NA,NA,NA,NA
NA,NA,NA,NA,8.3,NA,NA,NA,NA,NA,NA
NA,NA,NA,NA,8.35,NA,NA,NA,NA,NA,NA
NA,NA,NA,NA,8.48333333333333,NA,NA,NA,NA,NA,NA
NA,NA,NA,NA,8.45833333333333,NA,NA,NA,NA,NA,NA
NA,NA,NA,NA,8.25,NA,NA,NA,NA,NA,NA
NA,NA,NA,NA,8.2,NA,NA,NA,NA,NA,NA
NA,NA,NA,NA,8.2,NA,NA,NA,NA,NA,NA
NA,NA,NA,NA,8.325,NA,NA,NA,NA,NA,NA
NA,NA,NA,NA,8.475,NA,NA,NA,NA,NA,NA
NA,NA,NA,NA,8.78333333333333,NA,NA,NA,NA,NA,NA
NA,NA,NA,NA,8.925,NA,NA,NA,NA,NA,NA
NA,NA,NA,NA,8.85,NA,NA,NA,NA,NA,NA
NA,NA,NA,NA,8.69166666666667,NA,NA,NA,NA,NA,NA
NA,NA,NA,NA,8.55,NA,NA,NA,NA,NA,NA
NA,NA,NA,NA,8.56666666666667,NA,NA,NA,NA,NA,NA
NA,NA,NA,NA,8.80833333333333,NA,NA,NA,NA,NA,NA
NA,NA,NA,NA,8.94166666666667,NA,NA,NA,NA,NA,NA
NA,NA,NA,NA,9.06666666666667,NA,NA,NA,NA,NA,NA
NA,NA,NA,NA,9.1,NA,NA,NA,NA,NA,NA
NA,NA,NA,NA,9.025,NA,NA,NA,NA,NA,NA
NA,NA,NA,NA,8.93333333333333,NA,NA,NA,NA,NA,NA
NA,NA,NA,NA,8.9,NA,NA,NA,NA,NA,NA
NA,NA,NA,NA,8.81666666666667,NA,NA,NA,NA,NA,NA
NA,NA,NA,NA,8.90833333333333,NA,NA,NA,NA,NA,NA
NA,NA,NA,NA,9,NA,NA,NA,NA,NA,NA
NA,NA,NA,NA,9.00833333333333,NA,NA,NA,NA,NA,NA
NA,NA,NA,NA,9.05,NA,NA,NA,NA,NA,NA
NA,NA,NA,NA,9,NA,NA,NA,NA,NA,NA
NA,NA,NA,NA,8.9,NA,NA,NA,NA,NA,NA
NA,NA,NA,NA,8.85,NA,NA,NA,NA,NA,NA
NA,NA,NA,NA,9.025,NA,NA,NA,NA,NA,NA
NA,NA,NA,NA,9.44166666666667,NA,NA,NA,NA,NA,NA
NA,NA,NA,NA,9.64166666666667,NA,NA,NA,NA,NA,NA
NA,NA,NA,NA,9.13333333333333,NA,NA,NA,NA,NA,NA
NA,NA,NA,NA,8.65,NA,NA,NA,NA,NA,NA
NA,NA,NA,NA,8.6,NA,NA,NA,NA,NA,NA
NA,NA,NA,NA,8.51666666666667,NA,NA,NA,NA,NA,NA
NA,NA,NA,NA,8.55833333333333,NA,NA,NA,NA,NA,NA
NA,NA,NA,NA,8.68333333333333,NA,NA,NA,NA,NA,NA
NA,NA,NA,NA,8.65833333333333,NA,NA,NA,NA,NA,NA
NA,NA,NA,NA,8.625,NA,NA,NA,NA,NA,NA
NA,NA,NA,NA,8.5,NA,NA,NA,NA,NA,NA
NA,NA,NA,NA,8.44166666666667,NA,NA,NA,NA,NA,NA
NA,NA,NA,NA,8.31666666666667,NA,NA,NA,NA,NA,NA
NA,NA,NA,NA,8.20833333333333,NA,NA,NA,NA,NA,NA
NA,NA,NA,NA,8.11666666666667,NA,NA,NA,NA,NA,NA
NA,NA,NA,NA,8.1,NA,NA,NA,NA,NA,NA
NA,NA,NA,NA,8.1,NA,NA,NA,NA,NA,NA
NA,NA,NA,NA,8.2,NA,NA,NA,NA,NA,NA
NA,NA,NA,NA,8.20833333333333,NA,NA,NA,NA,NA,NA
NA,NA,NA,NA,8.125,NA,NA,NA,NA,NA,NA
NA,NA,NA,NA,8.025,NA,NA,NA,NA,NA,NA
NA,NA,NA,NA,7.9,NA,NA,NA,NA,NA,NA
NA,NA,NA,NA,7.76666666666667,NA,NA,NA,NA,NA,NA
NA,NA,NA,NA,7.6,NA,NA,NA,NA,NA,NA
NA,NA,NA,NA,7.5,NA,NA,NA,NA,NA,NA
NA,NA,NA,NA,7.55,NA,NA,NA,NA,NA,NA
NA,NA,NA,NA,7.5,NA,NA,NA,NA,NA,NA
NA,NA,NA,NA,7.5,NA,NA,NA,NA,NA,NA
NA,NA,NA,NA,7.45833333333333,NA,NA,NA,NA,NA,NA
NA,NA,NA,NA,7.31666666666667,NA,NA,NA,NA,NA,NA
NA,NA,NA,NA,7.31666666666667,NA,NA,NA,NA,NA,NA
NA,NA,NA,NA,7.29166666666667,NA,NA,NA,NA,NA,NA
NA,NA,NA,NA,7.49166666666667,NA,NA,NA,NA,NA,NA
NA,NA,NA,NA,7.64166666666667,NA,NA,NA,NA,NA,NA
NA,NA,NA,NA,7.7,NA,NA,NA,NA,NA,NA
NA,NA,NA,NA,7.65,NA,NA,NA,NA,NA,NA
NA,NA,NA,NA,7.51666666666667,NA,NA,NA,NA,NA,NA
NA,NA,NA,NA,7.5,NA,NA,NA,NA,NA,NA
NA,NA,NA,NA,7.475,NA,NA,NA,NA,NA,NA
NA,NA,NA,NA,7.4,NA,NA,NA,NA,NA,NA
NA,NA,NA,NA,7.50833333333333,NA,NA,NA,NA,NA,NA
NA,NA,NA,NA,7.6,NA,NA,NA,NA,NA,NA
NA,NA,NA,NA,7.66666666666667,NA,NA,NA,NA,NA,NA
NA,NA,NA,NA,7.5,NA,NA,NA,NA,NA,NA
NA,NA,NA,NA,7.13333333333333,NA,NA,NA,NA,NA,NA
NA,NA,NA,NA,6.925,NA,NA,NA,NA,NA,NA
NA,NA,NA,NA,6.70833333333333,NA,NA,NA,NA,NA,NA
NA,NA,NA,NA,6.525,NA,NA,NA,NA,NA,NA
NA,NA,NA,NA,6.54166666666667,NA,NA,NA,NA,NA,NA
NA,NA,NA,NA,6.66666666666667,NA,NA,NA,NA,NA,NA
NA,NA,NA,NA,6.65,NA,NA,NA,NA,NA,NA
NA,NA,NA,NA,6.45,NA,NA,NA,NA,NA,NA
NA,NA,NA,NA,6.15,NA,NA,NA,NA,NA,NA
NA,NA,NA,NA,5.95,NA,NA,NA,NA,NA,NA
NA,NA,NA,NA,5.84166666666667,NA,NA,NA,NA,NA,NA
NA,NA,NA,NA,5.79166666666667,NA,NA,NA,NA,NA,NA
NA,NA,NA,NA,5.86666666666667,NA,NA,NA,NA,NA,NA
NA,NA,NA,NA,6.03333333333333,NA,NA,NA,NA,NA,NA
NA,NA,NA,NA,6.1,NA,NA,NA,NA,NA,NA
NA,NA,NA,NA,5.975,NA,NA,NA,NA,NA,NA
NA,NA,NA,NA,5.73333333333333,NA,NA,NA,NA,NA,NA
NA,NA,NA,NA,5.60833333333333,NA,NA,NA,NA,NA,NA
NA,NA,NA,NA,5.6,NA,NA,NA,NA,NA,NA
NA,NA,NA,NA,5.6,NA,NA,NA,NA,NA,NA
NA,NA,NA,NA,5.675,NA,NA,NA,NA,NA,NA
NA,NA,NA,NA,5.8,NA,NA,NA,NA,NA,NA
NA,NA,NA,NA,5.875,NA,NA,NA,NA,NA,NA
NA,NA,NA,NA,5.825,NA,NA,NA,NA,NA,NA
NA,NA,NA,NA,5.84166666666667,NA,NA,NA,NA,NA,NA
NA,NA,NA,NA,5.8,NA,NA,NA,NA,NA,NA
NA,NA,NA,NA,5.775,NA,NA,NA,NA,NA,NA
NA,NA,NA,NA,5.70833333333333,NA,NA,NA,NA,NA,NA
NA,NA,NA,NA,5.85833333333333,NA,NA,NA,NA,NA,NA
NA,NA,NA,NA,5.99166666666667,NA,NA,NA,NA,NA,NA
NA,NA,NA,NA,6.11666666666667,NA,NA,NA,NA,NA,NA
NA,NA,NA,NA,6.2,NA,NA,NA,NA,NA,NA
NA,NA,NA,NA,6.2,NA,NA,NA,NA,NA,NA
NA,NA,NA,NA,6.225,NA,NA,NA,NA,NA,NA
NA,NA,NA,NA,6.3,NA,NA,NA,NA,NA,NA
NA,NA,NA,NA,6.33333333333333,NA,NA,NA,NA,NA,NA
NA,NA,NA,NA,6.6,NA,NA,NA,NA,NA,NA
NA,NA,NA,NA,6.80833333333333,NA,NA,NA,NA,NA,NA
NA,NA,NA,NA,6.98333333333333,NA,NA,NA,NA,NA,NA
NA,NA,NA,NA,7.1,NA,NA,NA,NA,NA,NA
NA,NA,NA,NA,7.1,NA,NA,NA,NA,NA,NA
NA,NA,NA,NA,7.11666666666667,NA,NA,NA,NA,NA,NA
NA,NA,NA,NA,7.2,NA,NA,NA,NA,NA,NA
NA,NA,NA,NA,7.225,NA,NA,NA,NA,NA,NA
NA,NA,NA,NA,7.35,NA,NA,NA,NA,NA,NA
NA,NA,NA,NA,7.46666666666667,NA,NA,NA,NA,NA,NA
NA,NA,NA,NA,7.575,NA,NA,NA,NA,NA,NA
NA,NA,NA,NA,7.525,NA,NA,NA,NA,NA,NA
NA,NA,NA,NA,7.36666666666667,NA,NA,NA,NA,NA,NA
NA,NA,NA,NA,7.13333333333333,NA,NA,NA,NA,NA,NA
NA,NA,NA,NA,6.95,NA,NA,NA,NA,NA,NA
NA,NA,NA,NA,6.85,NA,NA,NA,NA,NA,NA
NA,NA,NA,NA,6.90833333333333,NA,NA,NA,NA,NA,NA
NA,NA,NA,NA,6.99166666666667,NA,NA,NA,NA,NA,NA
NA,NA,NA,NA,7.01666666666667,NA,NA,NA,NA,NA,NA
NA,NA,NA,NA,7,NA,NA,NA,NA,NA,NA
NA,NA,NA,NA,6.88333333333333,NA,NA,NA,NA,NA,NA
NA,NA,NA,NA,6.8,NA,NA,NA,NA,NA,NA
NA,NA,NA,NA,6.71666666666667,NA,NA,NA,NA,NA,NA
NA,NA,NA,NA,6.7,NA,NA,NA,NA,NA,NA
NA,NA,NA,NA,6.7,NA,NA,NA,NA,NA,NA
NA,NA,NA,NA,6.8,NA,NA,NA,NA,NA,NA
NA,NA,NA,NA,6.8,NA,NA,NA,NA,NA,NA
NA,NA,NA,NA,6.8,NA,NA,NA,NA,NA,NA
NA,NA,NA,NA,6.8,NA,NA,NA,NA,NA,NA
NA,NA,NA,NA,6.8,NA,NA,NA,NA,NA,NA
NA,NA,NA,NA,6.85833333333333,NA,NA,NA,NA,NA,NA
NA,NA,NA,NA,6.89166666666667,NA,NA,NA,NA,NA,NA
NA,NA,NA,NA,6.98333333333333,NA,NA,NA,NA,NA,NA
NA,NA,NA,NA,7.1,NA,NA,NA,NA,NA,NA
NA,NA,NA,NA,7.1,NA,NA,NA,NA,NA,NA
NA,NA,NA,NA,7.025,NA,NA,NA,NA,NA,NA
NA,NA,NA,NA,7,NA,NA,NA,NA,NA,NA
NA,NA,NA,NA,7,NA,NA,NA,NA,NA,NA
NA,NA,NA,NA,7,NA,NA,NA,NA,NA,NA
NA,NA,NA,NA,7,NA,NA,NA,NA,NA,NA
NA,NA,NA,NA,7.06666666666667,NA,NA,NA,NA,NA,NA
NA,NA,NA,NA,7.225,NA,NA,NA,NA,NA,NA
NA,NA,NA,NA,7.3,NA,NA,NA,NA,NA,NA
NA,NA,NA,NA,7.3,NA,NA,NA,NA,NA,NA
NA,NA,NA,NA,7.3,NA,NA,NA,NA,NA,NA
NA,NA,NA,NA,7.3,NA,NA,NA,NA,NA,NA
NA,NA,NA,NA,7.3,NA,NA,NA,NA,NA,NA
NA,NA,NA,NA,7.34166666666667,NA,NA,NA,NA,NA,NA
NA,NA,NA,NA,7.45,NA,NA,NA,NA,NA,NA
NA,NA,NA,NA,7.59166666666667,NA,NA,NA,NA,NA,NA
NA,NA,NA,NA,7.65,NA,NA,NA,NA,NA,NA
NA,NA,NA,NA,7.675,NA,NA,NA,NA,NA,NA
NA,NA,NA,NA,7.6,NA,NA,NA,NA,NA,NA
NA,NA,NA,NA,7.58333333333333,NA,NA,NA,NA,NA,NA
NA,NA,NA,NA,7.5,NA,NA,NA,NA,NA,NA
NA,NA,NA,NA,7.5,NA,NA,NA,NA,NA,NA
NA,NA,NA,NA,7.5,NA,NA,NA,NA,NA,NA
NA,NA,NA,NA,7.5,NA,NA,NA,NA,NA,NA
NA,NA,NA,NA,7.5,NA,NA,NA,NA,NA,NA
NA,NA,NA,NA,7.5,NA,NA,NA,NA,NA,NA
NA,NA,NA,NA,7.40833333333333,NA,NA,NA,NA,NA,NA
NA,NA,NA,NA,7.4,NA,NA,NA,NA,NA,NA
NA,NA,NA,NA,7.3,NA,NA,NA,NA,NA,NA
NA,NA,NA,NA,7.3,NA,NA,NA,NA,NA,NA
NA,NA,NA,NA,7.3,NA,NA,NA,NA,NA,NA
NA,NA,NA,NA,7.3,NA,NA,NA,NA,NA,NA
NA,NA,NA,NA,7.00833333333333,NA,NA,NA,NA,NA,NA
NA,NA,NA,NA,6.825,NA,NA,NA,NA,NA,NA
NA,NA,NA,NA,6.4,NA,NA,NA,NA,NA,NA
NA,NA,NA,NA,6.28333333333333,NA,NA,NA,NA,NA,NA
NA,NA,NA,NA,6.00833333333333,NA,NA,NA,NA,NA,NA
NA,NA,NA,NA,5.69166666666667,NA,NA,NA,NA,NA,NA
NA,NA,NA,NA,5.74166666666667,NA,NA,NA,NA,NA,NA
NA,NA,NA,NA,5.7,NA,NA,NA,NA,NA,NA
NA,NA,NA,NA,5.7,NA,NA,NA,NA,NA,NA
NA,NA,NA,NA,5.68333333333333,NA,NA,NA,NA,NA,NA
NA,NA,NA,NA,5.525,NA,NA,NA,NA,NA,NA
NA,NA,NA,NA,5.35,NA,NA,NA,NA,NA,NA
NA,NA,NA,NA,5.20833333333333,NA,NA,NA,NA,NA,NA
NA,NA,NA,NA,5.14166666666667,NA,NA,NA,NA,NA,NA
NA,NA,NA,NA,5.275,NA,NA,NA,NA,NA,NA
NA,NA,NA,NA,5.44166666666667,NA,NA,NA,NA,NA,NA
NA,NA,NA,NA,5.46666666666667,NA,NA,NA,NA,NA,NA
NA,NA,NA,NA,5.34166666666667,NA,NA,NA,NA,NA,NA
NA,NA,NA,NA,5.25,NA,NA,NA,NA,NA,NA
NA,NA,NA,NA,5.16666666666667,NA,NA,NA,NA,NA,NA
NA,NA,NA,NA,5.1,NA,NA,NA,NA,NA,NA
NA,NA,NA,NA,5.1,NA,NA,NA,NA,NA,NA
NA,NA,NA,NA,5.1,NA,NA,NA,NA,NA,NA
NA,NA,NA,NA,5.125,NA,NA,NA,NA,NA,NA
NA,NA,NA,NA,5.175,NA,NA,NA,NA,NA,NA
NA,NA,NA,NA,5.08333333333333,NA,NA,NA,NA,NA,NA
NA,NA,NA,NA,4.975,NA,NA,NA,NA,NA,NA
NA,NA,NA,NA,4.9,NA,NA,NA,NA,NA,NA
NA,NA,NA,NA,4.84166666666667,NA,NA,NA,NA,NA,NA
NA,NA,NA,NA,4.8,NA,NA,NA,NA,NA,NA
NA,NA,NA,NA,4.86666666666667,NA,NA,NA,NA,NA,NA
NA,NA,NA,NA,4.95,NA,NA,NA,NA,NA,NA
NA,NA,NA,NA,4.925,NA,NA,NA,NA,NA,NA
NA,NA,NA,NA,4.88333333333333,NA,NA,NA,NA,NA,NA
NA,NA,NA,NA,4.70833333333333,NA,NA,NA,NA,NA,NA
NA,NA,NA,NA,4.6,NA,NA,NA,NA,NA,NA
NA,NA,NA,NA,4.51666666666667,NA,NA,NA,NA,NA,NA
NA,NA,NA,NA,4.5,NA,NA,NA,NA,NA,NA
NA,NA,NA,NA,4.58333333333333,NA,NA,NA,NA,NA,NA
NA,NA,NA,NA,4.64166666666667,NA,NA,NA,NA,NA,NA
NA,NA,NA,NA,4.75833333333333,NA,NA,NA,NA,NA,NA
NA,NA,NA,NA,4.69166666666667,NA,NA,NA,NA,NA,NA
NA,NA,NA,NA,4.50833333333333,NA,NA,NA,NA,NA,NA
NA,NA,NA,NA,4.50833333333333,NA,NA,NA,NA,NA,NA
NA,NA,NA,NA,4.5,NA,NA,NA,NA,NA,NA
NA,NA,NA,NA,4.475,NA,NA,NA,NA,NA,NA
NA,NA,NA,NA,4.35,NA,NA,NA,NA,NA,NA
NA,NA,NA,NA,4.3,NA,NA,NA,NA,NA,NA
NA,NA,NA,NA,4.375,NA,NA,NA,NA,NA,NA
NA,NA,NA,NA,4.43333333333333,NA,NA,NA,NA,NA,NA
NA,NA,NA,NA,4.33333333333333,NA,NA,NA,NA,NA,NA
NA,NA,NA,NA,4.20833333333333,NA,NA,NA,NA,NA,NA
NA,NA,NA,NA,4.1,NA,NA,NA,NA,NA,NA
NA,NA,NA,NA,4.1,NA,NA,NA,NA,NA,NA
NA,NA,NA,NA,4.19166666666667,NA,NA,NA,NA,NA,NA
NA,NA,NA,NA,4.29166666666667,NA,NA,NA,NA,NA,NA
NA,NA,NA,NA,4.3,NA,NA,NA,NA,NA,NA
NA,NA,NA,NA,4.28333333333333,NA,NA,NA,NA,NA,NA
NA,NA,NA,NA,4.18333333333333,NA,NA,NA,NA,NA,NA
NA,NA,NA,NA,4.1,NA,NA,NA,NA,NA,NA
NA,NA,NA,NA,4.05833333333333,NA,NA,NA,NA,NA,NA
NA,NA,NA,NA,3.925,NA,NA,NA,NA,NA,NA
NA,NA,NA,NA,3.9,NA,NA,NA,NA,NA,NA
NA,NA,NA,NA,3.95833333333333,NA,NA,NA,NA,NA,NA
NA,NA,NA,NA,4.16666666666667,NA,NA,NA,NA,NA,NA
NA,NA,NA,NA,4.225,NA,NA,NA,NA,NA,NA
NA,NA,NA,NA,4.675,NA,NA,NA,NA,NA,NA
NA,NA,NA,NA,4.76666666666667,NA,NA,NA,NA,NA,NA
NA,NA,NA,NA,4.36666666666667,NA,NA,NA,NA,NA,NA
NA,NA,NA,NA,4.175,NA,NA,NA,NA,NA,NA
NA,NA,NA,NA,4.14166666666667,NA,NA,NA,NA,NA,NA
NA,NA,NA,NA,4.28333333333333,NA,NA,NA,NA,NA,NA
NA,NA,NA,NA,4.49166666666667,NA,NA,NA,NA,NA,NA
NA,NA,NA,NA,4.64166666666667,NA,NA,NA,NA,NA,NA
NA,NA,NA,NA,4.925,NA,NA,NA,NA,NA,NA
NA,NA,NA,NA,5.26666666666667,NA,NA,NA,NA,NA,NA
NA,NA,NA,NA,5.4,NA,NA,NA,NA,NA,NA
NA,NA,NA,NA,5.29166666666667,NA,NA,NA,NA,NA,NA
NA,NA,NA,NA,5.2,NA,NA,NA,NA,NA,NA
NA,NA,NA,NA,5.2,NA,NA,NA,NA,NA,NA
NA,NA,NA,NA,5.15,NA,NA,NA,NA,NA,NA
NA,NA,NA,NA,5.03333333333333,NA,NA,NA,NA,NA,NA
NA,NA,NA,NA,4.9,NA,NA,NA,NA,NA,NA
NA,NA,NA,NA,4.85,NA,NA,NA,NA,NA,NA
NA,NA,NA,NA,4.69166666666667,NA,NA,NA,NA,NA,NA
NA,NA,NA,NA,4.58333333333333,NA,NA,NA,NA,NA,NA
NA,NA,NA,NA,4.5,NA,NA,NA,NA,NA,NA
NA,NA,NA,NA,4.49166666666667,NA,NA,NA,NA,NA,NA
NA,NA,NA,NA,4.35,NA,NA,NA,NA,NA,NA
NA,NA,NA,NA,4.21666666666667,NA,NA,NA,NA,NA,NA
NA,NA,NA,NA,4.19166666666667,NA,NA,NA,NA,NA,NA
NA,NA,NA,NA,4.09166666666667,NA,NA,NA,NA,NA,NA
NA,NA,NA,NA,3.95,NA,NA,NA,NA,NA,NA
NA,NA,NA,NA,3.775,NA,NA,NA,NA,NA,NA
NA,NA,NA,NA,3.79166666666667,NA,NA,NA,NA,NA,NA
NA,NA,NA,NA,3.925,NA,NA,NA,NA,NA,NA
NA,NA,NA,NA,4,NA,NA,NA,NA,NA,NA
NA,NA,NA,NA,4.04166666666667,NA,NA,NA,NA,NA,NA
NA,NA,NA,NA,4.33333333333333,NA,NA,NA,NA,NA,NA
NA,NA,NA,NA,4.4,NA,NA,NA,NA,NA,NA
NA,NA,NA,NA,4.4,NA,NA,NA,NA,NA,NA
NA,NA,NA,NA,4.36666666666667,NA,NA,NA,NA,NA,NA
NA,NA,NA,NA,4.45833333333333,NA,NA,NA,NA,NA,NA
NA,NA,NA,NA,4.58333333333333,NA,NA,NA,NA,NA,NA
NA,NA,NA,NA,4.61666666666667,NA,NA,NA,NA,NA,NA
NA,NA,NA,NA,4.71666666666667,NA,NA,NA,NA,NA,NA
NA,NA,NA,NA,4.74166666666667,NA,NA,NA,NA,NA,NA
NA,NA,NA,NA,4.61666666666667,NA,NA,NA,NA,NA,NA
NA,NA,NA,NA,4.45,NA,NA,NA,NA,NA,NA
NA,NA,NA,NA,4.325,NA,NA,NA,NA,NA,NA
NA,NA,NA,NA,4.38333333333333,NA,NA,NA,NA,NA,NA
NA,NA,NA,NA,4.475,NA,NA,NA,NA,NA,NA
NA,NA,NA,NA,4.5,NA,NA,NA,NA,NA,NA
NA,NA,NA,NA,4.40833333333333,NA,NA,NA,NA,NA,NA
NA,NA,NA,NA,4.4,NA,NA,NA,NA,NA,NA
NA,NA,NA,NA,4.4,NA,NA,NA,NA,NA,NA
NA,NA,NA,NA,4.4,NA,NA,NA,NA,NA,NA
NA,NA,NA,NA,4.35833333333333,NA,NA,NA,NA,NA,NA
NA,NA,NA,NA,4.43333333333333,NA,NA,NA,NA,NA,NA
NA,NA,NA,NA,4.53333333333333,NA,NA,NA,NA,NA,NA
NA,NA,NA,NA,4.525,NA,NA,NA,NA,NA,NA
NA,NA,NA,NA,4.44166666666667,NA,NA,NA,NA,NA,NA
NA,NA,NA,NA,4.34166666666667,NA,NA,NA,NA,NA,NA
NA,NA,NA,NA,4.21666666666667,NA,NA,NA,NA,NA,NA
NA,NA,NA,NA,4.11666666666667,NA,NA,NA,NA,NA,NA
NA,NA,NA,NA,4.08333333333333,NA,NA,NA,NA,NA,NA
NA,NA,NA,NA,4.09166666666667,NA,NA,NA,NA,NA,NA
NA,NA,NA,NA,4.1,NA,NA,NA,NA,NA,NA
NA,NA,NA,NA,4.06666666666667,NA,NA,NA,NA,NA,NA
NA,NA,NA,NA,3.93333333333333,NA,NA,NA,NA,NA,NA
NA,NA,NA,NA,3.84166666666667,NA,NA,NA,NA,NA,NA
NA,NA,NA,NA,3.8,NA,NA,NA,NA,NA,NA
NA,NA,NA,NA,3.8,NA,NA,NA,NA,NA,NA
NA,NA,NA,NA,3.79166666666667,NA,NA,NA,NA,NA,NA
NA,NA,NA,NA,3.84166666666667,NA,NA,NA,NA,NA,NA
NA,NA,NA,NA,3.96666666666667,NA,NA,NA,NA,NA,NA
NA,NA,NA,NA,3.95,NA,NA,NA,NA,NA,NA
NA,NA,NA,NA,4.1,NA,NA,NA,NA,NA,NA
NA,NA,NA,NA,4.1,NA,NA,NA,NA,NA,NA
NA,NA,NA,NA,4.15833333333333,NA,NA,NA,NA,NA,NA
NA,NA,NA,NA,4.2,NA,NA,NA,NA,NA,NA
NA,NA,NA,NA,4.19166666666667,NA,NA,NA,NA,NA,NA
NA,NA,NA,NA,4.24166666666667,NA,NA,NA,NA,NA,NA
NA,NA,NA,NA,4.3,NA,NA,NA,NA,NA,NA
NA,NA,NA,NA,4.3,NA,NA,NA,NA,NA,NA
NA,NA,NA,NA,4.21666666666667,NA,NA,NA,NA,NA,NA
NA,NA,NA,NA,4.19166666666667,NA,NA,NA,NA,NA,NA
NA,NA,NA,NA,4.15833333333333,NA,NA,NA,NA,NA,NA
NA,NA,NA,NA,4.1,NA,NA,NA,NA,NA,NA
NA,NA,NA,NA,4.00833333333333,NA,NA,NA,NA,NA,NA
NA,NA,NA,NA,4,NA,NA,NA,NA,NA,NA
NA,NA,NA,NA,4.03333333333333,NA,NA,NA,NA,NA,NA
NA,NA,NA,NA,4.1,NA,NA,NA,NA,NA,NA
NA,NA,NA,NA,4.1,NA,NA,NA,NA,NA,NA
NA,NA,NA,NA,4.09166666666667,NA,NA,NA,NA,NA,NA
NA,NA,NA,NA,4.15833333333333,NA,NA,NA,NA,NA,NA
NA,NA,NA,NA,4.2,NA,NA,NA,NA,NA,NA
NA,NA,NA,NA,4.175,NA,NA,NA,NA,NA,NA
NA,NA,NA,NA,4.28333333333333,NA,NA,NA,NA,NA,NA
NA,NA,NA,NA,4.4,NA,NA,NA,NA,NA,NA
NA,NA,NA,NA,4.5,NA,NA,NA,NA,NA,NA
NA,NA,NA,NA,4.5,NA,NA,NA,NA,NA,NA
NA,NA,NA,NA,4.55,NA,NA,NA,NA,NA,NA
NA,NA,NA,NA,4.74166666666667,NA,NA,NA,NA,NA,NA
NA,NA,NA,NA,4.8,NA,NA,NA,NA,NA,NA
NA,NA,NA,NA,4.80833333333333,NA,NA,NA,NA,NA,NA
NA,NA,NA,NA,4.925,NA,NA,NA,NA,NA,NA
NA,NA,NA,NA,5,NA,NA,NA,NA,NA,NA
NA,NA,NA,NA,5.04166666666667,NA,NA,NA,NA,NA,NA
NA,NA,NA,NA,5.10833333333333,NA,NA,NA,NA,NA,NA
NA,NA,NA,NA,5.23333333333333,NA,NA,NA,NA,NA,NA
NA,NA,NA,NA,5.3,NA,NA,NA,NA,NA,NA
NA,NA,NA,NA,5.38333333333333,NA,NA,NA,NA,NA,NA
NA,NA,NA,NA,5.4,NA,NA,NA,NA,NA,NA
NA,NA,NA,NA,5.5,NA,NA,NA,NA,NA,NA
NA,NA,NA,NA,5.6,NA,NA,NA,NA,NA,NA
NA,NA,NA,NA,5.6,NA,NA,NA,NA,NA,NA
NA,NA,NA,NA,5.6,NA,NA,NA,NA,NA,NA
NA,NA,NA,NA,5.61666666666667,NA,NA,NA,NA,NA,NA
NA,NA,NA,NA,5.625,NA,NA,NA,NA,NA,NA
NA,NA,NA,NA,5.7,NA,NA,NA,NA,NA,NA
NA,NA,NA,NA,5.7,NA,NA,NA,NA,NA,NA
NA,NA,NA,NA,5.78333333333333,NA,NA,NA,NA,NA,NA
NA,NA,NA,NA,5.9,NA,NA,NA,NA,NA,NA
NA,NA,NA,NA,5.96666666666667,NA,NA,NA,NA,NA,NA
NA,NA,NA,NA,6,NA,NA,NA,NA,NA,NA
NA,NA,NA,NA,6,NA,NA,NA,NA,NA,NA
NA,NA,NA,NA,6.08333333333333,NA,NA,NA,NA,NA,NA
NA,NA,NA,NA,6.1,NA,NA,NA,NA,NA,NA
NA,NA,NA,NA,6.10833333333333,NA,NA,NA,NA,NA,NA
NA,NA,NA,NA,6.225,NA,NA,NA,NA,NA,NA
NA,NA,NA,NA,6.34166666666667,NA,NA,NA,NA,NA,NA
NA,NA,NA,NA,6.4,NA,NA,NA,NA,NA,NA
NA,NA,NA,NA,6.4,NA,NA,NA,NA,NA,NA
NA,NA,NA,NA,6.475,NA,NA,NA,NA,NA,NA
NA,NA,NA,NA,6.45,NA,NA,NA,NA,NA,NA
NA,NA,NA,NA,6.4,NA,NA,NA,NA,NA,NA
NA,NA,NA,NA,6.3,NA,NA,NA,NA,NA,NA
NA,NA,NA,NA,6.3,NA,NA,NA,NA,NA,NA
NA,NA,NA,NA,6.26666666666667,NA,NA,NA,NA,NA,NA
NA,NA,NA,NA,6.10833333333333,NA,NA,NA,NA,NA,NA
NA,NA,NA,NA,5.925,NA,NA,NA,NA,NA,NA
NA,NA,NA,NA,5.8,NA,NA,NA,NA,NA,NA
NA,NA,NA,NA,5.75833333333333,NA,NA,NA,NA,NA,NA
NA,NA,NA,NA,5.69166666666667,NA,NA,NA,NA,NA,NA
NA,NA,NA,NA,5.6,NA,NA,NA,NA,NA,NA
NA,NA,NA,NA,5.6,NA,NA,NA,NA,NA,NA
NA,NA,NA,NA,5.6,NA,NA,NA,NA,NA,NA
NA,NA,NA,NA,5.6,NA,NA,NA,NA,NA,NA
NA,NA,NA,NA,5.6,NA,NA,NA,NA,NA,NA
NA,NA,NA,NA,5.6,NA,NA,NA,NA,NA,NA
NA,NA,NA,NA,5.55,NA,NA,NA,NA,NA,NA
NA,NA,NA,NA,5.5,NA,NA,NA,NA,NA,NA
NA,NA,NA,NA,5.5,NA,NA,NA,NA,NA,NA
NA,NA,NA,NA,5.5,NA,NA,NA,NA,NA,NA
NA,NA,NA,NA,5.5,NA,NA,NA,NA,NA,NA
NA,NA,NA,NA,5.50833333333333,NA,NA,NA,NA,NA,NA
NA,NA,NA,NA,5.5,NA,NA,NA,NA,NA,NA
NA,NA,NA,NA,5.5,NA,NA,NA,NA,NA,NA
NA,NA,NA,NA,5.48333333333333,NA,NA,NA,NA,NA,NA
NA,NA,NA,NA,5.33333333333333,NA,NA,NA,NA,NA,NA
NA,NA,NA,NA,5.15,NA,NA,NA,NA,NA,NA
NA,NA,NA,NA,5.05833333333333,NA,NA,NA,NA,NA,NA
NA,NA,NA,NA,5,NA,NA,NA,NA,NA,NA
NA,NA,NA,NA,4.9,NA,NA,NA,NA,NA,NA
NA,NA,NA,NA,4.55833333333333,NA,NA,NA,NA,NA,NA
NA,NA,NA,NA,4.29166666666667,NA,NA,NA,NA,NA,NA
NA,NA,NA,NA,4.03333333333333,NA,NA,NA,NA,NA,NA
NA,NA,NA,NA,3.74166666666667,NA,NA,NA,NA,NA,NA
NA,NA,NA,NA,3.43333333333333,NA,NA,NA,NA,NA,NA
NA,NA,NA,NA,3.3,NA,NA,NA,NA,NA,NA
NA,NA,NA,NA,3.225,NA,NA,NA,NA,NA,NA
NA,NA,NA,NA,3.10833333333333,NA,NA,NA,NA,NA,NA
NA,NA,NA,NA,2.79166666666667,NA,NA,NA,NA,NA,NA
NA,NA,NA,NA,2.51666666666667,NA,NA,NA,NA,NA,NA
NA,NA,NA,NA,2.33333333333333,NA,NA,NA,NA,NA,NA
NA,NA,NA,NA,2.11666666666667,NA,NA,NA,NA,NA,NA
NA,NA,NA,NA,1.88333333333333,NA,NA,NA,NA,NA,NA
NA,NA,NA,NA,1.85,NA,NA,NA,NA,NA,NA
NA,NA,NA,NA,1.9,NA,NA,NA,NA,NA,NA
NA,NA,NA,NA,1.83333333333333,NA,NA,NA,NA,NA,NA
NA,NA,NA,NA,1.56666666666667,NA,NA,NA,NA,NA,NA
NA,NA,NA,NA,1.34166666666667,NA,NA,NA,NA,NA,NA
NA,NA,NA,NA,1.29166666666667,NA,NA,NA,NA,NA,NA
NA,NA,NA,NA,1.2,NA,NA,NA,NA,NA,NA
NA,NA,NA,NA,1.2,NA,NA,NA,NA,NA,NA
NA,NA,NA,NA,1.34166666666667,NA,NA,NA,NA,NA,NA
NA,NA,NA,NA,1.50833333333333,NA,NA,NA,NA,NA,NA
NA,NA,NA,NA,1.6,NA,NA,NA,NA,NA,NA
NA,NA,NA,NA,1.675,NA,NA,NA,NA,NA,NA
NA,NA,NA,NA,1.8,NA,NA,NA,NA,NA,NA
NA,NA,NA,NA,2.04166666666667,NA,NA,NA,NA,NA,NA
NA,NA,NA,NA,2.3,NA,NA,NA,NA,NA,NA
NA,NA,NA,NA,3.06666666666667,NA,NA,NA,NA,NA,NA
NA,NA,NA,NA,3.15,NA,NA,NA,NA,NA,NA
NA,NA,NA,NA,3.35,NA,NA,NA,NA,NA,NA
NA,NA,NA,NA,3.6,NA,NA,NA,NA,NA,NA
NA,NA,NA,NA,3.83333333333333,NA,NA,NA,NA,NA,NA
NA,NA,NA,NA,4.03333333333333,NA,NA,NA,NA,NA,NA
NA,NA,NA,NA,4.15,NA,NA,NA,NA,NA,NA
NA,NA,NA,NA,4.28333333333333,NA,NA,NA,NA,NA,NA
NA,NA,NA,NA,4.25,NA,NA,NA,NA,NA,NA
NA,NA,NA,NA,4.14166666666667,NA,NA,NA,NA,NA,NA
NA,NA,NA,NA,4.2,NA,NA,NA,NA,NA,NA
NA,NA,NA,NA,4.11666666666667,NA,NA,NA,NA,NA,NA
NA,NA,NA,NA,3.83333333333333,NA,NA,NA,NA,NA,NA
NA,NA,NA,NA,3.51666666666667,NA,NA,NA,NA,NA,NA
NA,NA,NA,NA,3.275,NA,NA,NA,NA,NA,NA
NA,NA,NA,NA,3.11666666666667,NA,NA,NA,NA,NA,NA
NA,NA,NA,NA,3.00833333333333,NA,NA,NA,NA,NA,NA
NA,NA,NA,NA,3,NA,NA,NA,NA,NA,NA
NA,NA,NA,NA,3.00833333333333,NA,NA,NA,NA,NA,NA
NA,NA,NA,NA,3,NA,NA,NA,NA,NA,NA
NA,NA,NA,NA,2.95833333333333,NA,NA,NA,NA,NA,NA
NA,NA,NA,NA,2.95,NA,NA,NA,NA,NA,NA
NA,NA,NA,NA,3,NA,NA,NA,NA,NA,NA
NA,NA,NA,NA,3,NA,NA,NA,NA,NA,NA
NA,NA,NA,NA,3.025,NA,NA,NA,NA,NA,NA
NA,NA,NA,NA,3.175,NA,NA,NA,NA,NA,NA
NA,NA,NA,NA,3.34166666666667,NA,NA,NA,NA,NA,NA
NA,NA,NA,NA,3.49166666666667,NA,NA,NA,NA,NA,NA
NA,NA,NA,NA,3.5,NA,NA,NA,NA,NA,NA
NA,NA,NA,NA,3.54166666666667,NA,NA,NA,NA,NA,NA
NA,NA,NA,NA,3.6,NA,NA,NA,NA,NA,NA
NA,NA,NA,NA,3.675,NA,NA,NA,NA,NA,NA
NA,NA,NA,NA,3.7,NA,NA,NA,NA,NA,NA
NA,NA,NA,NA,3.79166666666667,NA,NA,NA,NA,NA,NA
NA,NA,NA,NA,3.925,NA,NA,NA,NA,NA,NA
NA,NA,NA,NA,4.075,NA,NA,NA,NA,NA,NA
NA,NA,NA,NA,4.19166666666667,NA,NA,NA,NA,NA,NA
NA,NA,NA,NA,4.30833333333333,NA,NA,NA,NA,NA,NA
NA,NA,NA,NA,4.45,NA,NA,NA,NA,NA,NA
NA,NA,NA,NA,4.5,NA,NA,NA,NA,NA,NA
NA,NA,NA,NA,4.75,NA,NA,NA,NA,NA,NA
NA,NA,NA,NA,4.85833333333333,NA,NA,NA,NA,NA,NA
NA,NA,NA,NA,4.94166666666667,NA,NA,NA,NA,NA,NA
NA,NA,NA,NA,5.04166666666667,NA,NA,NA,NA,NA,NA
NA,NA,NA,NA,5.13333333333333,NA,NA,NA,NA,NA,NA
NA,NA,NA,NA,5.28333333333333,NA,NA,NA,NA,NA,NA
NA,NA,NA,NA,5.3,NA,NA,NA,NA,NA,NA
NA,NA,NA,NA,5.3,NA,NA,NA,NA,NA,NA
NA,NA,NA,NA,5.35833333333333,NA,NA,NA,NA,NA,NA
NA,NA,NA,NA,5.53333333333333,NA,NA,NA,NA,NA,NA
NA,NA,NA,NA,5.89166666666667,NA,NA,NA,NA,NA,NA
NA,NA,NA,NA,6.18333333333333,NA,NA,NA,NA,NA,NA
NA,NA,NA,NA,6.40833333333333,NA,NA,NA,NA,NA,NA
NA,NA,NA,NA,6.675,NA,NA,NA,NA,NA,NA
NA,NA,NA,NA,6.90833333333333,NA,NA,NA,NA,NA,NA
NA,NA,NA,NA,7.075,NA,NA,NA,NA,NA,NA
NA,NA,NA,NA,7.2,NA,NA,NA,NA,NA,NA
NA,NA,NA,NA,7.325,NA,NA,NA,NA,NA,NA
NA,NA,NA,NA,7.5,NA,NA,NA,NA,NA,NA
NA,NA,NA,NA,7.55,NA,NA,NA,NA,NA,NA
NA,NA,NA,NA,7.5,NA,NA,NA,NA,NA,NA
NA,NA,NA,NA,7.55833333333333,NA,NA,NA,NA,NA,NA
NA,NA,NA,NA,7.6,NA,NA,NA,NA,NA,NA
NA,NA,NA,NA,7.6,NA,NA,NA,NA,NA,NA
NA,NA,NA,NA,7.6,NA,NA,NA,NA,NA,NA
NA,NA,NA,NA,7.70833333333333,NA,NA,NA,NA,NA,NA
NA,NA,NA,NA,7.79166666666667,NA,NA,NA,NA,NA,NA
NA,NA,NA,NA,7.80833333333333,NA,NA,NA,NA,NA,NA
NA,NA,NA,NA,7.78333333333333,NA,NA,NA,NA,NA,NA
NA,NA,NA,NA,7.66666666666667,NA,NA,NA,NA,NA,NA
NA,NA,NA,NA,7.55,NA,NA,NA,NA,NA,NA
NA,NA,NA,NA,7.35,NA,NA,NA,NA,NA,NA
NA,NA,NA,NA,7.15833333333333,NA,NA,NA,NA,NA,NA
NA,NA,NA,NA,7.04166666666667,NA,NA,NA,NA,NA,NA
NA,NA,NA,NA,7,NA,NA,NA,NA,NA,NA
NA,NA,NA,NA,6.9,NA,NA,NA,NA,NA,NA
NA,NA,NA,NA,6.9,NA,NA,NA,NA,NA,NA
NA,NA,NA,NA,6.91666666666667,NA,NA,NA,NA,NA,NA
NA,NA,NA,NA,7,NA,NA,NA,NA,NA,NA
NA,NA,NA,NA,7.05,NA,NA,NA,NA,NA,NA
NA,NA,NA,NA,7.06666666666667,NA,NA,NA,NA,NA,NA
NA,NA,NA,NA,7.11666666666667,NA,NA,NA,NA,NA,NA
NA,NA,NA,NA,7.2,NA,NA,NA,NA,NA,NA
NA,NA,NA,NA,7.20833333333333,NA,NA,NA,NA,NA,NA
NA,NA,NA,NA,7.2,NA,NA,NA,NA,NA,NA
NA,NA,NA,NA,7.25833333333333,NA,NA,NA,NA,NA,NA
NA,NA,NA,NA,7.23333333333333,NA,NA,NA,NA,NA,NA
NA,NA,NA,NA,7.2,NA,NA,NA,NA,NA,NA
NA,NA,NA,NA,7.2,NA,NA,NA,NA,NA,NA
NA,NA,NA,NA,7.2,NA,NA,NA,NA,NA,NA
NA,NA,NA,NA,7.275,NA,NA,NA,NA,NA,NA
NA,NA,NA,NA,7.3,NA,NA,NA,NA,NA,NA
NA,NA,NA,NA,7.19166666666667,NA,NA,NA,NA,NA,NA
NA,NA,NA,NA,7.025,NA,NA,NA,NA,NA,NA
NA,NA,NA,NA,6.78333333333333,NA,NA,NA,NA,NA,NA
NA,NA,NA,NA,6.51666666666667,NA,NA,NA,NA,NA,NA
NA,NA,NA,NA,6.14166666666667,NA,NA,NA,NA,NA,NA
NA,NA,NA,NA,5.89166666666667,NA,NA,NA,NA,NA,NA
NA,NA,NA,NA,5.70833333333333,NA,NA,NA,NA,NA,NA
NA,NA,NA,NA,5.3,NA,NA,NA,NA,NA,NA
NA,NA,NA,NA,5.06666666666667,NA,NA,NA,NA,NA,NA
NA,NA,NA,NA,4.9,NA,NA,NA,NA,NA,NA
NA,NA,NA,NA,4.74166666666667,NA,NA,NA,NA,NA,NA
NA,NA,NA,NA,4.63333333333333,NA,NA,NA,NA,NA,NA
NA,NA,NA,NA,4.6,NA,NA,NA,NA,NA,NA
NA,NA,NA,NA,4.675,NA,NA,NA,NA,NA,NA
NA,NA,NA,NA,4.95,NA,NA,NA,NA,NA,NA
NA,NA,NA,NA,4.86666666666667,NA,NA,NA,NA,NA,NA
NA,NA,NA,NA,4.63333333333333,NA,NA,NA,NA,NA,NA
NA,NA,NA,NA,4.41666666666667,NA,NA,NA,NA,NA,NA
NA,NA,NA,NA,4.21666666666667,NA,NA,NA,NA,NA,NA
NA,NA,NA,NA,4.01666666666667,NA,NA,NA,NA,NA,NA
NA,NA,NA,NA,3.84166666666667,NA,NA,NA,NA,NA,NA
NA,NA,NA,NA,3.83333333333333,NA,NA,NA,NA,NA,NA
NA,NA,NA,NA,3.95,NA,NA,NA,NA,NA,NA
NA,NA,NA,NA,4.03333333333333,NA,NA,NA,NA,NA,NA
NA,NA,NA,NA,4.11666666666667,NA,NA,NA,NA,NA,NA
NA,NA,NA,NA,4.2,NA,NA,NA,NA,NA,NA
NA,NA,NA,NA,4.21666666666667,NA,NA,NA,NA,NA,NA
NA,NA,NA,NA,4.3,NA,NA,NA,NA,NA,NA
NA,NA,NA,NA,4.3,NA,NA,NA,NA,NA,NA
NA,NA,NA,NA,4.34166666666667,NA,NA,NA,NA,NA,NA
NA,NA,NA,NA,4.46666666666667,NA,NA,NA,NA,NA,NA
NA,NA,NA,NA,4.41666666666667,NA,NA,NA,NA,NA,NA
NA,NA,NA,NA,4.34166666666667,NA,NA,NA,NA,NA,NA
NA,NA,NA,NA,4.3,NA,NA,NA,NA,NA,NA
NA,NA,NA,NA,4.275,NA,NA,NA,NA,NA,NA
NA,NA,NA,NA,4.08333333333333,NA,NA,NA,NA,NA,NA
NA,NA,NA,NA,4,NA,NA,NA,NA,NA,NA
NA,NA,NA,NA,4.05833333333333,NA,NA,NA,NA,NA,NA
NA,NA,NA,NA,4.175,NA,NA,NA,NA,NA,NA
NA,NA,NA,NA,4.2,NA,NA,NA,NA,NA,NA
NA,NA,NA,NA,4.2,NA,NA,NA,NA,NA,NA
NA,NA,NA,NA,4.2,NA,NA,NA,NA,NA,NA
NA,NA,NA,NA,4.125,NA,NA,NA,NA,NA,NA
NA,NA,NA,NA,4.1,NA,NA,NA,NA,NA,NA
NA,NA,NA,NA,4.2,NA,NA,NA,NA,NA,NA
NA,NA,NA,NA,4.36666666666667,NA,NA,NA,NA,NA,NA
NA,NA,NA,NA,4.55,NA,NA,NA,NA,NA,NA
NA,NA,NA,NA,4.66666666666667,NA,NA,NA,NA,NA,NA
NA,NA,NA,NA,4.7,NA,NA,NA,NA,NA,NA
NA,NA,NA,NA,4.7,NA,NA,NA,NA,NA,NA
NA,NA,NA,NA,4.7,NA,NA,NA,NA,NA,NA
NA,NA,NA,NA,4.69166666666667,NA,NA,NA,NA,NA,NA
NA,NA,NA,NA,4.68333333333333,NA,NA,NA,NA,NA,NA
NA,NA,NA,NA,4.76666666666667,NA,NA,NA,NA,NA,NA
NA,NA,NA,NA,4.9,NA,NA,NA,NA,NA,NA
NA,NA,NA,NA,4.91666666666667,NA,NA,NA,NA,NA,NA
NA,NA,NA,NA,4.9,NA,NA,NA,NA,NA,NA
NA,NA,NA,NA,4.875,NA,NA,NA,NA,NA,NA
NA,NA,NA,NA,4.775,NA,NA,NA,NA,NA,NA
NA,NA,NA,NA,4.64166666666667,NA,NA,NA,NA,NA,NA
NA,NA,NA,NA,4.50833333333333,NA,NA,NA,NA,NA,NA
NA,NA,NA,NA,4.5,NA,NA,NA,NA,NA,NA
NA,NA,NA,NA,4.55,NA,NA,NA,NA,NA,NA
NA,NA,NA,NA,4.53333333333333,NA,NA,NA,NA,NA,NA
NA,NA,NA,NA,4.4,NA,NA,NA,NA,NA,NA
NA,NA,NA,NA,4.39166666666667,NA,NA,NA,NA,NA,NA
NA,NA,NA,NA,4.375,NA,NA,NA,NA,NA,NA
NA,NA,NA,NA,4.36666666666667,NA,NA,NA,NA,NA,NA
NA,NA,NA,NA,4.31666666666667,NA,NA,NA,NA,NA,NA
NA,NA,NA,NA,4.4,NA,NA,NA,NA,NA,NA
NA,NA,NA,NA,4.425,NA,NA,NA,NA,NA,NA
NA,NA,NA,NA,4.4,NA,NA,NA,NA,NA,NA
NA,NA,NA,NA,4.4,NA,NA,NA,NA,NA,NA
NA,NA,NA,NA,4.4,NA,NA,NA,NA,NA,NA
NA,NA,NA,NA,4.34166666666667,NA,NA,NA,NA,NA,NA
NA,NA,NA,NA,4.3,NA,NA,NA,NA,NA,NA
NA,NA,NA,NA,4.23333333333333,NA,NA,NA,NA,NA,NA
NA,NA,NA,NA,4.3,NA,NA,NA,NA,NA,NA
NA,NA,NA,NA,4.3,NA,NA,NA,NA,NA,NA
NA,NA,NA,NA,4.3,NA,NA,NA,NA,NA,NA
NA,NA,NA,NA,4.3,NA,NA,NA,NA,NA,NA
NA,NA,NA,NA,4.29166666666667,NA,NA,NA,NA,NA,NA
NA,NA,NA,NA,4.2,NA,NA,NA,NA,NA,NA
NA,NA,NA,NA,4.2,NA,NA,NA,NA,NA,NA
NA,NA,NA,NA,4.16666666666667,NA,NA,NA,NA,NA,NA
NA,NA,NA,NA,4.24166666666667,NA,NA,NA,NA,NA,NA
NA,NA,NA,NA,4.4,NA,NA,NA,NA,NA,NA
NA,NA,NA,NA,4.425,NA,NA,NA,NA,NA,NA
NA,NA,NA,NA,4.30833333333333,NA,NA,NA,NA,NA,NA
NA,NA,NA,NA,4.2,NA,NA,NA,NA,NA,NA
NA,NA,NA,NA,4.15833333333333,NA,NA,NA,NA,NA,NA
NA,NA,NA,NA,4.125,NA,NA,NA,NA,NA,NA
NA,NA,NA,NA,4.04166666666667,NA,NA,NA,NA,NA,NA
NA,NA,NA,NA,3.99166666666667,NA,NA,NA,NA,NA,NA
NA,NA,NA,NA,3.93333333333333,NA,NA,NA,NA,NA,NA
NA,NA,NA,NA,3.9,NA,NA,NA,NA,NA,NA
NA,NA,NA,NA,3.9,NA,NA,NA,NA,NA,NA
NA,NA,NA,NA,3.9,NA,NA,NA,NA,NA,NA
NA,NA,NA,NA,3.9,NA,NA,NA,NA,NA,NA
NA,NA,NA,NA,3.9,NA,NA,NA,NA,NA,NA
NA,NA,NA,NA,3.9,NA,NA,NA,NA,NA,NA
NA,NA,NA,NA,4.00833333333333,NA,NA,NA,NA,NA,NA
NA,NA,NA,NA,4.1,NA,NA,NA,NA,NA,NA
NA,NA,NA,NA,4.19166666666667,NA,NA,NA,NA,NA,NA
NA,NA,NA,NA,4.28333333333333,NA,NA,NA,NA,NA,NA
NA,NA,NA,NA,4.3,NA,NA,NA,NA,NA,NA
NA,NA,NA,NA,4.3,NA,NA,NA,NA,NA,NA
NA,NA,NA,NA,4.3,NA,NA,NA,NA,NA,NA
NA,NA,NA,NA,4.3,NA,NA,NA,NA,NA,NA
NA,NA,NA,NA,4.33333333333333,NA,NA,NA,NA,NA,NA
NA,NA,NA,NA,4.49166666666667,NA,NA,NA,NA,NA,NA
NA,NA,NA,NA,4.6,NA,NA,NA,NA,NA,NA
NA,NA,NA,NA,4.6,NA,NA,NA,NA,NA,NA
NA,NA,NA,NA,4.66666666666667,NA,NA,NA,NA,NA,NA
NA,NA,NA,NA,4.7,NA,NA,NA,NA,NA,NA
NA,NA,NA,NA,4.66666666666667,NA,NA,NA,NA,NA,NA
NA,NA,NA,NA,4.63333333333333,NA,NA,NA,NA,NA,NA
NA,NA,NA,NA,4.7,NA,NA,NA,NA,NA,NA
NA,NA,NA,NA,4.78333333333333,NA,NA,NA,NA,NA,NA
NA,NA,NA,NA,4.75833333333333,NA,NA,NA,NA,NA,NA
NA,NA,NA,NA,4.6,NA,NA,NA,NA,NA,NA
NA,NA,NA,NA,4.5,NA,NA,NA,NA,NA,NA
NA,NA,NA,NA,4.5,NA,NA,NA,NA,NA,NA
NA,NA,NA,NA,4.425,NA,NA,NA,NA,NA,NA
NA,NA,NA,NA,4.38333333333333,NA,NA,NA,NA,NA,NA
NA,NA,NA,NA,4.4,NA,NA,NA,NA,NA,NA
NA,NA,NA,NA,4.44166666666667,NA,NA,NA,NA,NA,NA
NA,NA,NA,NA,4.4,NA,NA,NA,NA,NA,NA
NA,NA,NA,NA,4.05833333333333,NA,NA,NA,NA,NA,NA
NA,NA,NA,NA,3.85,NA,NA,NA,NA,NA,NA
NA,NA,NA,NA,3.58333333333333,NA,NA,NA,NA,NA,NA
NA,NA,NA,NA,3.29166666666667,NA,NA,NA,NA,NA,NA
NA,NA,NA,NA,3.00833333333333,NA,NA,NA,NA,NA,NA
NA,NA,NA,NA,2.9,NA,NA,NA,NA,NA,NA
NA,NA,NA,NA,2.9,NA,NA,NA,NA,NA,NA
NA,NA,NA,NA,2.89166666666667,NA,NA,NA,NA,NA,NA
NA,NA,NA,NA,2.8,NA,NA,NA,NA,NA,NA
NA,NA,NA,NA,2.8,NA,NA,NA,NA,NA,NA
NA,NA,NA,NA,2.8,NA,NA,NA,NA,NA,NA
NA,NA,NA,NA,2.90833333333333,NA,NA,NA,NA,NA,NA
NA,NA,NA,NA,3.11666666666667,NA,NA,NA,NA,NA,NA
NA,NA,NA,NA,3.39166666666667,NA,NA,NA,NA,NA,NA
NA,NA,NA,NA,3.625,NA,NA,NA,NA,NA,NA
NA,NA,NA,NA,3.81666666666667,NA,NA,NA,NA,NA,NA
NA,NA,NA,NA,3.91666666666667,NA,NA,NA,NA,NA,NA
NA,NA,NA,NA,4,NA,NA,NA,NA,NA,NA
NA,NA,NA,NA,4,NA,NA,NA,NA,NA,NA
NA,NA,NA,NA,4.01666666666667,NA,NA,NA,NA,NA,NA
NA,NA,NA,NA,4.14166666666667,NA,NA,NA,NA,NA,NA
NA,NA,NA,NA,4.275,NA,NA,NA,NA,NA,NA
NA,NA,NA,NA,4.375,NA,NA,NA,NA,NA,NA
NA,NA,NA,NA,4.41666666666667,NA,NA,NA,NA,NA,NA
NA,NA,NA,NA,4.48333333333333,NA,NA,NA,NA,NA,NA
NA,NA,NA,NA,4.5,NA,NA,NA,NA,NA,NA
NA,NA,NA,NA,4.575,NA,NA,NA,NA,NA,NA
NA,NA,NA,NA,4.69166666666667,NA,NA,NA,NA,NA,NA
NA,NA,NA,NA,4.7,NA,NA,NA,NA,NA,NA
NA,NA,NA,NA,4.7,NA,NA,NA,NA,NA,NA
NA,NA,NA,NA,4.775,NA,NA,NA,NA,NA,NA
NA,NA,NA,NA,4.8,NA,NA,NA,NA,NA,NA
NA,NA,NA,NA,4.8,NA,NA,NA,NA,NA,NA
NA,NA,NA,NA,4.8,NA,NA,NA,NA,NA,NA
NA,NA,NA,NA,4.8,NA,NA,NA,NA,NA,NA
NA,NA,NA,NA,4.8,NA,NA,NA,NA,NA,NA
NA,NA,NA,NA,4.8,NA,NA,NA,NA,NA,NA
NA,NA,NA,NA,4.8,NA,NA,NA,NA,NA,NA
NA,NA,NA,NA,4.8,NA,NA,NA,NA,NA,NA
NA,NA,NA,NA,4.79166666666667,NA,NA,NA,NA,NA,NA
NA,NA,NA,NA,4.7,NA,NA,NA,NA,NA,NA
NA,NA,NA,NA,4.65,NA,NA,NA,NA,NA,NA
NA,NA,NA,NA,4.6,NA,NA,NA,NA,NA,NA
NA,NA,NA,NA,4.50833333333333,NA,NA,NA,NA,NA,NA
NA,NA,NA,NA,4.44166666666667,NA,NA,NA,NA,NA,NA
NA,NA,NA,NA,4.4,NA,NA,NA,NA,NA,NA
NA,NA,NA,NA,4.4,NA,NA,NA,NA,NA,NA
NA,NA,NA,NA,4.3,NA,NA,NA,NA,NA,NA
NA,NA,NA,NA,4.20833333333333,NA,NA,NA,NA,NA,NA
NA,NA,NA,NA,4.11666666666667,NA,NA,NA,NA,NA,NA
NA,NA,NA,NA,4.04166666666667,NA,NA,NA,NA,NA,NA
NA,NA,NA,NA,3.93333333333333,NA,NA,NA,NA,NA,NA
NA,NA,NA,NA,3.825,NA,NA,NA,NA,NA,NA
NA,NA,NA,NA,3.8,NA,NA,NA,NA,NA,NA
NA,NA,NA,NA,3.74166666666667,NA,NA,NA,NA,NA,NA
NA,NA,NA,NA,3.73333333333333,NA,NA,NA,NA,NA,NA
NA,NA,NA,NA,3.7,NA,NA,NA,NA,NA,NA
NA,NA,NA,NA,3.7,NA,NA,NA,NA,NA,NA
NA,NA,NA,NA,3.7,NA,NA,NA,NA,NA,NA
NA,NA,NA,NA,3.66666666666667,NA,NA,NA,NA,NA,NA
NA,NA,NA,NA,3.73333333333333,NA,NA,NA,NA,NA,NA
NA,NA,NA,NA,3.725,NA,NA,NA,NA,NA,NA
NA,NA,NA,NA,3.84166666666667,NA,NA,NA,NA,NA,NA
NA,NA,NA,NA,3.91666666666667,NA,NA,NA,NA,NA,NA
NA,NA,NA,NA,3.98333333333333,NA,NA,NA,NA,NA,NA
NA,NA,NA,NA,3.96666666666667,NA,NA,NA,NA,NA,NA
NA,NA,NA,NA,3.95,NA,NA,NA,NA,NA,NA
NA,NA,NA,NA,3.95833333333333,NA,NA,NA,NA,NA,NA
NA,NA,NA,NA,4,NA,NA,NA,NA,NA,NA
NA,NA,NA,NA,4,NA,NA,NA,NA,NA,NA
NA,NA,NA,NA,4.1,NA,NA,NA,NA,NA,NA
NA,NA,NA,NA,4.16666666666667,NA,NA,NA,NA,NA,NA
NA,NA,NA,NA,4.24166666666667,NA,NA,NA,NA,NA,NA
NA,NA,NA,NA,4.375,NA,NA,NA,NA,NA,NA
NA,NA,NA,NA,4.5,NA,NA,NA,NA,NA,NA
NA,NA,NA,NA,4.55833333333333,NA,NA,NA,NA,NA,NA
NA,NA,NA,NA,4.525,NA,NA,NA,NA,NA,NA
NA,NA,NA,NA,4.625,NA,NA,NA,NA,NA,NA
NA,NA,NA,NA,4.74166666666667,NA,NA,NA,NA,NA,NA
NA,NA,NA,NA,4.68333333333333,NA,NA,NA,NA,NA,NA
NA,NA,NA,NA,4.54166666666667,NA,NA,NA,NA,NA,NA
NA,NA,NA,NA,4.425,NA,NA,NA,NA,NA,NA
NA,NA,NA,NA,4.4,NA,NA,NA,NA,NA,NA
NA,NA,NA,NA,4.35,NA,NA,NA,NA,NA,NA
NA,NA,NA,NA,4.21666666666667,NA,NA,NA,NA,NA,NA
NA,NA,NA,NA,4.2,NA,NA,NA,NA,NA,NA
NA,NA,NA,NA,4.21666666666667,NA,NA,NA,NA,NA,NA
NA,NA,NA,NA,4.3,NA,NA,NA,NA,NA,NA
NA,NA,NA,NA,4.23333333333333,NA,NA,NA,NA,NA,NA
NA,NA,NA,NA,4.2,NA,NA,NA,NA,NA,NA
NA,NA,NA,NA,4.18333333333333,NA,NA,NA,NA,NA,NA
NA,NA,NA,NA,4.04166666666667,NA,NA,NA,NA,NA,NA
NA,NA,NA,NA,3.96666666666667,NA,NA,NA,NA,NA,NA
NA,NA,NA,NA,4.03333333333333,NA,NA,NA,NA,NA,NA
NA,NA,NA,NA,4.18333333333333,NA,NA,NA,NA,NA,NA
NA,NA,NA,NA,4.14166666666667,NA,NA,NA,NA,NA,NA
NA,NA,NA,NA,4.1,NA,NA,NA,NA,NA,NA
NA,NA,NA,NA,4.15833333333333,NA,NA,NA,NA,NA,NA
NA,NA,NA,NA,4.10833333333333,NA,NA,NA,NA,NA,NA
NA,NA,NA,NA,3.95833333333333,NA,NA,NA,NA,NA,NA
NA,NA,NA,NA,3.8,NA,NA,NA,NA,NA,NA
NA,NA,NA,NA,3.84166666666667,NA,NA,NA,NA,NA,NA
NA,NA,NA,NA,4.1,NA,NA,NA,NA,NA,NA
NA,NA,NA,NA,4.275,NA,NA,NA,NA,NA,NA
NA,NA,NA,NA,4.24166666666667,NA,NA,NA,NA,NA,NA
NA,NA,NA,NA,4.25,NA,NA,NA,NA,NA,NA
NA,NA,NA,NA,4.175,NA,NA,NA,NA,NA,NA
NA,NA,NA,NA,4.1,NA,NA,NA,NA,NA,NA
NA,NA,NA,NA,4.075,NA,NA,NA,NA,NA,NA
NA,NA,NA,NA,4.125,NA,NA,NA,NA,NA,NA
NA,NA,NA,NA,4.25,NA,NA,NA,NA,NA,NA
NA,NA,NA,NA,4.39166666666667,NA,NA,NA,NA,NA,NA
NA,NA,NA,NA,4.55,NA,NA,NA,NA,NA,NA
NA,NA,NA,NA,4.73333333333333,NA,NA,NA,NA,NA,NA
NA,NA,NA,NA,4.875,NA,NA,NA,NA,NA,NA
NA,NA,NA,NA,4.95833333333333,NA,NA,NA,NA,NA,NA
NA,NA,NA,NA,5.04166666666667,NA,NA,NA,NA,NA,NA
NA,NA,NA,NA,5.2,NA,NA,NA,NA,NA,NA
NA,NA,NA,NA,5.35,NA,NA,NA,NA,NA,NA
NA,NA,NA,NA,5.4,NA,NA,NA,NA,NA,NA
NA,NA,NA,NA,5.4,NA,NA,NA,NA,NA,NA
NA,NA,NA,NA,5.4,NA,NA,NA,NA,NA,NA
NA,NA,NA,NA,5.35833333333333,NA,NA,NA,NA,NA,NA
NA,NA,NA,NA,5.11666666666667,NA,NA,NA,NA,NA,NA
NA,NA,NA,NA,4.95833333333333,NA,NA,NA,NA,NA,NA
NA,NA,NA,NA,4.9,NA,NA,NA,NA,NA,NA
NA,NA,NA,NA,4.85,NA,NA,NA,NA,NA,NA
NA,NA,NA,NA,4.8,NA,NA,NA,NA,NA,NA
NA,NA,NA,NA,4.70833333333333,NA,NA,NA,NA,NA,NA
NA,NA,NA,NA,4.75833333333333,NA,NA,NA,NA,NA,NA
NA,NA,NA,NA,4.76666666666667,NA,NA,NA,NA,NA,NA
NA,NA,NA,NA,4.7,NA,NA,NA,NA,NA,NA
NA,NA,NA,NA,4.7,NA,NA,NA,NA,NA,NA
NA,NA,NA,NA,4.73333333333333,NA,NA,NA,NA,NA,NA
NA,NA,NA,NA,4.80833333333333,NA,NA,NA,NA,NA,NA
NA,NA,NA,NA,4.90833333333333,NA,NA,NA,NA,NA,NA
NA,NA,NA,NA,4.93333333333333,NA,NA,NA,NA,NA,NA
NA,NA,NA,NA,4.99166666666667,NA,NA,NA,NA,NA,NA
NA,NA,NA,NA,4.84166666666667,NA,NA,NA,NA,NA,NA
NA,NA,NA,NA,4.59166666666667,NA,NA,NA,NA,NA,NA
NA,NA,NA,NA,4.41666666666667,NA,NA,NA,NA,NA,NA
NA,NA,NA,NA,4.23333333333333,NA,NA,NA,NA,NA,NA
NA,NA,NA,NA,4.25,NA,NA,NA,NA,NA,NA
NA,NA,NA,NA,4.2,NA,NA,NA,NA,NA,NA
NA,NA,NA,NA,4.2,NA,NA,NA,NA,NA,NA
NA,NA,NA,NA,4.14166666666667,NA,NA,NA,NA,NA,NA
NA,NA,NA,NA,3.90833333333333,NA,NA,NA,NA,NA,NA
NA,NA,NA,NA,3.8,NA,NA,NA,NA,NA,NA
NA,NA,NA,NA,3.8,NA,NA,NA,NA,NA,NA
NA,NA,NA,NA,3.81666666666667,NA,NA,NA,NA,NA,NA
NA,NA,NA,NA,4.04166666666667,NA,NA,NA,NA,NA,NA
NA,NA,NA,NA,4.25,NA,NA,NA,NA,NA,NA
NA,NA,NA,NA,4.44166666666667,NA,NA,NA,NA,NA,NA
NA,NA,NA,NA,4.63333333333333,NA,NA,NA,NA,NA,NA
NA,NA,NA,NA,4.80833333333333,NA,NA,NA,NA,NA,NA
NA,NA,NA,NA,4.95833333333333,NA,NA,NA,NA,NA,NA
NA,NA,NA,NA,5.1,NA,NA,NA,NA,NA,NA
NA,NA,NA,NA,5.25833333333333,NA,NA,NA,NA,NA,NA
NA,NA,NA,NA,5.475,NA,NA,NA,NA,NA,NA
NA,NA,NA,NA,5.65,NA,NA,NA,NA,NA,NA
NA,NA,NA,NA,5.7,NA,NA,NA,NA,NA,NA
NA,NA,NA,NA,5.7,NA,NA,NA,NA,NA,NA
NA,NA,NA,NA,5.60833333333333,NA,NA,NA,NA,NA,NA
NA,NA,NA,NA,5.425,NA,NA,NA,NA,NA,NA
NA,NA,NA,NA,5.23333333333333,NA,NA,NA,NA,NA,NA
NA,NA,NA,NA,5.13333333333333,NA,NA,NA,NA,NA,NA
NA,NA,NA,NA,5.2,NA,NA,NA,NA,NA,NA
NA,NA,NA,NA,5.2,NA,NA,NA,NA,NA,NA
NA,NA,NA,NA,5.24166666666667,NA,NA,NA,NA,NA,NA
NA,NA,NA,NA,5.4,NA,NA,NA,NA,NA,NA
NA,NA,NA,NA,5.5,NA,NA,NA,NA,NA,NA
NA,NA,NA,NA,5.5,NA,NA,NA,NA,NA,NA
NA,NA,NA,NA,5.5,NA,NA,NA,NA,NA,NA
NA,NA,NA,NA,5.48333333333333,NA,NA,NA,NA,NA,NA
NA,NA,NA,NA,5.39166666666667,NA,NA,NA,NA,NA,NA
NA,NA,NA,NA,5.25,NA,NA,NA,NA,NA,NA
NA,NA,NA,NA,5.10833333333333,NA,NA,NA,NA,NA,NA
NA,NA,NA,NA,5.00833333333333,NA,NA,NA,NA,NA,NA
NA,NA,NA,NA,4.88333333333333,NA,NA,NA,NA,NA,NA
NA,NA,NA,NA,4.66666666666667,NA,NA,NA,NA,NA,NA
NA,NA,NA,NA,4.51666666666667,NA,NA,NA,NA,NA,NA
NA,NA,NA,NA,4.54166666666667,NA,NA,NA,NA,NA,NA
NA,NA,NA,NA,4.75,NA,NA,NA,NA,NA,NA
NA,NA,NA,NA,4.75,NA,NA,NA,NA,NA,NA
NA,NA,NA,NA,4.5,NA,NA,NA,NA,NA,NA
NA,NA,NA,NA,4.35833333333333,NA,NA,NA,NA,NA,NA
NA,NA,NA,NA,4.21666666666667,NA,NA,NA,NA,NA,NA
NA,NA,NA,NA,3.96666666666667,NA,NA,NA,NA,NA,NA
NA,NA,NA,NA,3.69166666666667,NA,NA,NA,NA,NA,NA
NA,NA,NA,NA,3.70833333333333,NA,NA,NA,NA,NA,NA
NA,NA,NA,NA,4.08333333333333,NA,NA,NA,NA,NA,NA
NA,NA,NA,NA,4.3,NA,NA,NA,NA,NA,NA
NA,NA,NA,NA,4.21666666666667,NA,NA,NA,NA,NA,NA
NA,NA,NA,NA,4.24166666666667,NA,NA,NA,NA,NA,NA
NA,NA,NA,NA,4.20833333333333,NA,NA,NA,NA,NA,NA
NA,NA,NA,NA,4.1,NA,NA,NA,NA,NA,NA
NA,NA,NA,NA,4,NA,NA,NA,NA,NA,NA
NA,NA,NA,NA,4.1,NA,NA,NA,NA,NA,NA
NA,NA,NA,NA,4.41666666666667,NA,NA,NA,NA,NA,NA
NA,NA,NA,NA,4.56666666666667,NA,NA,NA,NA,NA,NA
NA,NA,NA,NA,4.61666666666667,NA,NA,NA,NA,NA,NA
NA,NA,NA,NA,4.74166666666667,NA,NA,NA,NA,NA,NA
NA,NA,NA,NA,4.88333333333333,NA,NA,NA,NA,NA,NA
NA,NA,NA,NA,4.96666666666667,NA,NA,NA,NA,NA,NA
NA,NA,NA,NA,5,NA,NA,NA,NA,NA,NA
NA,NA,NA,NA,5.18333333333333,NA,NA,NA,NA,NA,NA
NA,NA,NA,NA,5.43333333333333,NA,NA,NA,NA,NA,NA
NA,NA,NA,NA,5.6,NA,NA,NA,NA,NA,NA
NA,NA,NA,NA,5.58333333333333,NA,NA,NA,NA,NA,NA
NA,NA,NA,NA,5.50833333333333,NA,NA,NA,NA,NA,NA
NA,NA,NA,NA,5.48333333333333,NA,NA,NA,NA,NA,NA
NA,NA,NA,NA,5.4,NA,NA,NA,NA,NA,NA
NA,NA,NA,NA,5.30833333333333,NA,NA,NA,NA,NA,NA
NA,NA,NA,NA,5.3,NA,NA,NA,NA,NA,NA
NA,NA,NA,NA,5.375,NA,NA,NA,NA,NA,NA
NA,NA,NA,NA,5.50833333333333,NA,NA,NA,NA,NA,NA
NA,NA,NA,NA,5.64166666666667,NA,NA,NA,NA,NA,NA
NA,NA,NA,NA,5.89166666666667,NA,NA,NA,NA,NA,NA
NA,NA,NA,NA,6.21666666666667,NA,NA,NA,NA,NA,NA
NA,NA,NA,NA,6.48333333333333,NA,NA,NA,NA,NA,NA
NA,NA,NA,NA,6.68333333333333,NA,NA,NA,NA,NA,NA
NA,NA,NA,NA,6.75,NA,NA,NA,NA,NA,NA
NA,NA,NA,NA,6.875,NA,NA,NA,NA,NA,NA
NA,NA,NA,NA,6.8,NA,NA,NA,NA,NA,NA
NA,NA,NA,NA,6.6,NA,NA,NA,NA,NA,NA
NA,NA,NA,NA,6.15833333333333,NA,NA,NA,NA,NA,NA
NA,NA,NA,NA,5.79166666666667,NA,NA,NA,NA,NA,NA
NA,NA,NA,NA,5.49166666666667,NA,NA,NA,NA,NA,NA
NA,NA,NA,NA,5.30833333333333,NA,NA,NA,NA,NA,NA
NA,NA,NA,NA,5.30833333333333,NA,NA,NA,NA,NA,NA
NA,NA,NA,NA,5.5,NA,NA,NA,NA,NA,NA
NA,NA,NA,NA,5.725,NA,NA,NA,NA,NA,NA
NA,NA,NA,NA,5.96666666666667,NA,NA,NA,NA,NA,NA
NA,NA,NA,NA,6.05833333333333,NA,NA,NA,NA,NA,NA
NA,NA,NA,NA,5.95833333333333,NA,NA,NA,NA,NA,NA
NA,NA,NA,NA,5.78333333333333,NA,NA,NA,NA,NA,NA
NA,NA,NA,NA,5.575,NA,NA,NA,NA,NA,NA
NA,NA,NA,NA,5.50833333333333,NA,NA,NA,NA,NA,NA
NA,NA,NA,NA,5.69166666666667,NA,NA,NA,NA,NA,NA
NA,NA,NA,NA,5.71666666666667,NA,NA,NA,NA,NA,NA
NA,NA,NA,NA,5.45,NA,NA,NA,NA,NA,NA
NA,NA,NA,NA,5.325,NA,NA,NA,NA,NA,NA
NA,NA,NA,NA,5.15833333333333,NA,NA,NA,NA,NA,NA
NA,NA,NA,NA,5.025,NA,NA,NA,NA,NA,NA
NA,NA,NA,NA,4.95833333333333,NA,NA,NA,NA,NA,NA
NA,NA,NA,NA,5.04166666666667,NA,NA,NA,NA,NA,NA
NA,NA,NA,NA,5.175,NA,NA,NA,NA,NA,NA
NA,NA,NA,NA,5.29166666666667,NA,NA,NA,NA,NA,NA
NA,NA,NA,NA,5.45,NA,NA,NA,NA,NA,NA
NA,NA,NA,NA,5.60833333333333,NA,NA,NA,NA,NA,NA
NA,NA,NA,NA,5.7,NA,NA,NA,NA,NA,NA
NA,NA,NA,NA,5.7,NA,NA,NA,NA,NA,NA
NA,NA,NA,NA,5.7,NA,NA,NA,NA,NA,NA
NA,NA,NA,NA,5.7,NA,NA,NA,NA,NA,NA
NA,NA,NA,NA,5.79166666666667,NA,NA,NA,NA,NA,NA
NA,NA,NA,NA,5.65,NA,NA,NA,NA,NA,NA
NA,NA,NA,NA,5.50833333333333,NA,NA,NA,NA,NA,NA
NA,NA,NA,NA,5.40833333333333,NA,NA,NA,NA,NA,NA
NA,NA,NA,NA,5.29166666666667,NA,NA,NA,NA,NA,NA
NA,NA,NA,NA,5.09166666666667,NA,NA,NA,NA,NA,NA
NA,NA,NA,NA,4.925,NA,NA,NA,NA,NA,NA
NA,NA,NA,NA,4.93333333333333,NA,NA,NA,NA,NA,NA
NA,NA,NA,NA,5.06666666666667,NA,NA,NA,NA,NA,NA
NA,NA,NA,NA,5.2,NA,NA,NA,NA,NA,NA
NA,NA,NA,NA,5.21666666666667,NA,NA,NA,NA,NA,NA
NA,NA,NA,NA,5.33333333333333,NA,NA,NA,NA,NA,NA
NA,NA,NA,NA,5.4,NA,NA,NA,NA,NA,NA
NA,NA,NA,NA,5.35,NA,NA,NA,NA,NA,NA
NA,NA,NA,NA,5.3,NA,NA,NA,NA,NA,NA
NA,NA,NA,NA,5.4,NA,NA,NA,NA,NA,NA
NA,NA,NA,NA,5.7,NA,NA,NA,NA,NA,NA
NA,NA,NA,NA,5.78333333333333,NA,NA,NA,NA,NA,NA
NA,NA,NA,NA,5.7,NA,NA,NA,NA,NA,NA
NA,NA,NA,NA,5.60833333333333,NA,NA,NA,NA,NA,NA
NA,NA,NA,NA,5.36666666666667,NA,NA,NA,NA,NA,NA
NA,NA,NA,NA,5.05,NA,NA,NA,NA,NA,NA
NA,NA,NA,NA,4.78333333333333,NA,NA,NA,NA,NA,NA
NA,NA,NA,NA,4.78333333333333,NA,NA,NA,NA,NA,NA
NA,NA,NA,NA,5.09166666666667,NA,NA,NA,NA,NA,NA
NA,NA,NA,NA,5.40833333333333,NA,NA,NA,NA,NA,NA
NA,NA,NA,NA,5.59166666666667,NA,NA,NA,NA,NA,NA
NA,NA,NA,NA,5.76666666666667,NA,NA,NA,NA,NA,NA
NA,NA,NA,NA,5.78333333333333,NA,NA,NA,NA,NA,NA
NA,NA,NA,NA,5.63333333333333,NA,NA,NA,NA,NA,NA
NA,NA,NA,NA,5.45,NA,NA,NA,NA,NA,NA
NA,NA,NA,NA,5.5,NA,NA,NA,NA,NA,NA
NA,NA,NA,NA,5.66666666666667,NA,NA,NA,NA,NA,NA
NA,NA,NA,NA,5.55833333333333,NA,NA,NA,NA,NA,NA
NA,NA,NA,NA,5.425,NA,NA,NA,NA,NA,NA
NA,NA,NA,NA,5.4,NA,NA,NA,NA,NA,NA
NA,NA,NA,NA,5.3,NA,NA,NA,NA,NA,NA
NA,NA,NA,NA,5.1,NA,NA,NA,NA,NA,NA
NA,NA,NA,NA,5,NA,NA,NA,NA,NA,NA
NA,NA,NA,NA,5.08333333333333,NA,NA,NA,NA,NA,NA
NA,NA,NA,NA,5.26666666666667,NA,NA,NA,NA,NA,NA
NA,NA,NA,NA,5.39166666666667,NA,NA,NA,NA,NA,NA
NA,NA,NA,NA,5.30833333333333,NA,NA,NA,NA,NA,NA
NA,NA,NA,NA,5.3,NA,NA,NA,NA,NA,NA
NA,NA,NA,NA,5.14166666666667,NA,NA,NA,NA,NA,NA
NA,NA,NA,NA,4.875,NA,NA,NA,NA,NA,NA
NA,NA,NA,NA,4.625,NA,NA,NA,NA,NA,NA
NA,NA,NA,NA,4.7,NA,NA,NA,NA,NA,NA
NA,NA,NA,NA,5,NA,NA,NA,NA,NA,NA
NA,NA,NA,NA,5.10833333333333,NA,NA,NA,NA,NA,NA
NA,NA,NA,NA,4.93333333333333,NA,NA,NA,NA,NA,NA
NA,NA,NA,NA,4.75,NA,NA,NA,NA,NA,NA
NA,NA,NA,NA,4.56666666666667,NA,NA,NA,NA,NA,NA
NA,NA,NA,NA,4.30833333333333,NA,NA,NA,NA,NA,NA
NA,NA,NA,NA,4.03333333333333,NA,NA,NA,NA,NA,NA
NA,NA,NA,NA,4.11666666666667,NA,NA,NA,NA,NA,NA
NA,NA,NA,NA,4.54166666666667,NA,NA,NA,NA,NA,NA
NA,NA,NA,NA,4.7,NA,NA,NA,NA,NA,NA
NA,NA,NA,NA,4.525,NA,NA,NA,NA,NA,NA
NA,NA,NA,NA,4.4,NA,NA,NA,NA,NA,NA
NA,NA,NA,NA,4.25833333333333,NA,NA,NA,NA,NA,NA
NA,NA,NA,NA,4,NA,NA,NA,NA,NA,NA
NA,NA,NA,NA,3.73333333333333,NA,NA,NA,NA,NA,NA
NA,NA,NA,NA,3.78333333333333,NA,NA,NA,NA,NA,NA
NA,NA,NA,NA,4.175,NA,NA,NA,NA,NA,NA
NA,NA,NA,NA,4.35833333333333,NA,NA,NA,NA,NA,NA
NA,NA,NA,NA,4.11666666666667,NA,NA,NA,NA,NA,NA
NA,NA,NA,NA,3.925,NA,NA,NA,NA,NA,NA
NA,NA,NA,NA,3.79166666666667,NA,NA,NA,NA,NA,NA
NA,NA,NA,NA,3.64166666666667,NA,NA,NA,NA,NA,NA
NA,NA,NA,NA,3.49166666666667,NA,NA,NA,NA,NA,NA
NA,NA,NA,NA,3.51666666666667,NA,NA,NA,NA,NA,NA
NA,NA,NA,NA,3.775,NA,NA,NA,NA,NA,NA
NA,NA,NA,NA,4.01666666666667,NA,NA,NA,NA,NA,NA
NA,NA,NA,NA,3.93333333333333,NA,NA,NA,NA,NA,NA
NA,NA,NA,NA,3.78333333333333,NA,NA,NA,NA,NA,NA
NA,NA,NA,NA,3.675,NA,NA,NA,NA,NA,NA
NA,NA,NA,NA,3.50833333333333,NA,NA,NA,NA,NA,NA
NA,NA,NA,NA,3.31666666666667,NA,NA,NA,NA,NA,NA
NA,NA,NA,NA,3.48333333333333,NA,NA,NA,NA,NA,NA
NA,NA,NA,NA,3.925,NA,NA,NA,NA,NA,NA
NA,NA,NA,NA,4.10833333333333,NA,NA,NA,NA,NA,NA
NA,NA,NA,NA,3.975,NA,NA,NA,NA,NA,NA
NA,NA,NA,NA,3.8,NA,NA,NA,NA,NA,NA
NA,NA,NA,NA,3.69166666666667,NA,NA,NA,NA,NA,NA
NA,NA,NA,NA,3.55,NA,NA,NA,NA,NA,NA
NA,NA,NA,NA,3.49166666666667,NA,NA,NA,NA,NA,NA
NA,NA,NA,NA,3.70833333333333,NA,NA,NA,NA,NA,NA
NA,NA,NA,NA,4.09166666666667,NA,NA,NA,NA,NA,NA
NA,NA,NA,NA,4.3,NA,NA,NA,NA,NA,NA
NA,NA,NA,NA,4.14166666666667,NA,NA,NA,NA,NA,NA
NA,NA,NA,NA,3.91666666666667,NA,NA,NA,NA,NA,NA
NA,NA,NA,NA,3.74166666666667,NA,NA,NA,NA,NA,NA
NA,NA,NA,NA,3.55,NA,NA,NA,NA,NA,NA
NA,NA,NA,NA,3.4,NA,NA,NA,NA,NA,NA
NA,NA,NA,NA,3.55833333333333,NA,NA,NA,NA,NA,NA
NA,NA,NA,NA,3.76666666666667,NA,NA,NA,NA,NA,NA
NA,NA,NA,NA,3.84166666666667,NA,NA,NA,NA,NA,NA
NA,NA,NA,NA,3.70833333333333,NA,NA,NA,NA,NA,NA
NA,NA,NA,NA,3.7,NA,NA,NA,NA,NA,NA
NA,NA,NA,NA,3.7,NA,NA,NA,NA,NA,NA
NA,NA,NA,NA,3.7,NA,NA,NA,NA,NA,NA
NA,NA,NA,NA,3.7,NA,NA,NA,NA,NA,NA
NA,NA,NA,NA,3.76666666666667,NA,NA,NA,NA,NA,NA
NA,NA,NA,NA,3.8,NA,NA,NA,NA,NA,NA
NA,NA,NA,NA,3.7,NA,NA,NA,NA,NA,NA
NA,NA,NA,NA,3.60833333333333,NA,NA,NA,NA,NA,NA
NA,NA,NA,NA,3.53333333333333,NA,NA,NA,NA,NA,NA
NA,NA,NA,NA,3.425,NA,NA,NA,NA,NA,NA
NA,NA,NA,NA,3.30833333333333,NA,NA,NA,NA,NA,NA
NA,NA,NA,NA,3.24166666666667,NA,NA,NA,NA,NA,NA
NA,NA,NA,NA,3.48333333333333,NA,NA,NA,NA,NA,NA
NA,NA,NA,NA,3.9,NA,NA,NA,NA,NA,NA
NA,NA,NA,NA,4.09166666666667,NA,NA,NA,NA,NA,NA
NA,NA,NA,NA,3.95833333333333,NA,NA,NA,NA,NA,NA
NA,NA,NA,NA,3.675,NA,NA,NA,NA,NA,NA
NA,NA,NA,NA,3.50833333333333,NA,NA,NA,NA,NA,NA
NA,NA,NA,NA,3.28333333333333,NA,NA,NA,NA,NA,NA
NA,NA,NA,NA,3.10833333333333,NA,NA,NA,NA,NA,NA
NA,NA,NA,NA,3.43333333333333,NA,NA,NA,NA,NA,NA
NA,NA,NA,NA,3.875,NA,NA,NA,NA,NA,NA
NA,NA,NA,NA,4.15,NA,NA,NA,NA,NA,NA
NA,NA,NA,NA,4,NA,NA,NA,NA,NA,NA
NA,NA,NA,NA,3.825,NA,NA,NA,NA,NA,NA
NA,NA,NA,NA,3.69166666666667,NA,NA,NA,NA,NA,NA
NA,NA,NA,NA,3.54166666666667,NA,NA,NA,NA,NA,NA
NA,NA,NA,NA,3.44166666666667,NA,NA,NA,NA,NA,NA
NA,NA,NA,NA,3.85,NA,NA,NA,NA,NA,NA
NA,NA,NA,NA,4.33333333333333,NA,NA,NA,NA,NA,NA
NA,NA,NA,NA,4.59166666666667,NA,NA,NA,NA,NA,NA
NA,NA,NA,NA,4.4,NA,NA,NA,NA,NA,NA
NA,NA,NA,NA,4.175,NA,NA,NA,NA,NA,NA
NA,NA,NA,NA,4.09166666666667,NA,NA,NA,NA,NA,NA
NA,NA,NA,NA,3.91666666666667,NA,NA,NA,NA,NA,NA
NA,NA,NA,NA,3.83333333333333,NA,NA,NA,NA,NA,NA
NA,NA,NA,NA,4.275,NA,NA,NA,NA,NA,NA
NA,NA,NA,NA,4.8,NA,NA,NA,NA,NA,NA
NA,NA,NA,NA,5,NA,NA,NA,NA,NA,NA
NA,NA,NA,NA,4.83333333333333,NA,NA,NA,NA,NA,NA
NA,NA,NA,NA,4.61666666666667,NA,NA,NA,NA,NA,NA
NA,NA,NA,NA,4.50833333333333,NA,NA,NA,NA,NA,NA
NA,NA,NA,NA,4.34166666666667,NA,NA,NA,NA,NA,NA
NA,NA,NA,NA,4.24166666666667,NA,NA,NA,NA,NA,NA
NA,NA,NA,NA,4.63333333333333,NA,NA,NA,NA,NA,NA
NA,NA,NA,NA,5.06666666666667,NA,NA,NA,NA,NA,NA
NA,NA,NA,NA,5.18333333333333,NA,NA,NA,NA,NA,NA
NA,NA,NA,NA,4.9,NA,NA,NA,NA,NA,NA
NA,NA,NA,NA,4.50833333333333,NA,NA,NA,NA,NA,NA
NA,NA,NA,NA,4.25833333333333,NA,NA,NA,NA,NA,NA
NA,NA,NA,NA,3.96666666666667,NA,NA,NA,NA,NA,NA
NA,NA,NA,NA,3.8,NA,NA,NA,NA,NA,NA
NA,NA,NA,NA,4.10833333333333,NA,NA,NA,NA,NA,NA
NA,NA,NA,NA,4.53333333333333,NA,NA,NA,NA,NA,NA
NA,NA,NA,NA,4.7,NA,NA,NA,NA,NA,NA
NA,NA,NA,NA,4.45833333333333,NA,NA,NA,NA,NA,NA
NA,NA,NA,NA,4.125,NA,NA,NA,NA,NA,NA
NA,NA,NA,NA,3.91666666666667,NA,NA,NA,NA,NA,NA
NA,NA,NA,NA,3.775,NA,NA,NA,NA,NA,NA
NA,NA,NA,NA,3.65,NA,NA,NA,NA,NA,NA
NA,NA,NA,NA,4.11666666666667,NA,NA,NA,NA,NA,NA
NA,NA,NA,NA,4.64166666666667,NA,NA,NA,NA,NA,NA
NA,NA,NA,NA,4.88333333333333,NA,NA,NA,NA,NA,NA
NA,NA,NA,NA,4.65,NA,NA,NA,NA,NA,NA
NA,NA,NA,NA,4.35,NA,NA,NA,NA,NA,NA
NA,NA,NA,NA,4.175,NA,NA,NA,NA,NA,NA
NA,NA,NA,NA,4.08333333333333,NA,NA,NA,NA,NA,NA
NA,NA,NA,NA,4,NA,NA,NA,NA,NA,NA
NA,NA,NA,NA,4.14166666666667,NA,NA,NA,NA,NA,NA
NA,NA,NA,NA,4.34166666666667,NA,NA,NA,NA,NA,NA
NA,NA,NA,NA,4.40833333333333,NA,NA,NA,NA,NA,NA
NA,NA,NA,NA,4.4,NA,NA,NA,NA,NA,NA
NA,NA,NA,NA,4.13333333333333,NA,NA,NA,NA,NA,NA
NA,NA,NA,NA,4.14166666666667,NA,NA,NA,NA,NA,NA
NA,NA,NA,NA,4.2,NA,NA,NA,NA,NA,NA
NA,NA,NA,NA,4.225,NA,NA,NA,NA,NA,NA
NA,NA,NA,NA,4.51666666666667,NA,NA,NA,NA,NA,NA
NA,NA,NA,NA,4.75833333333333,NA,NA,NA,NA,NA,NA
NA,NA,NA,NA,4.875,NA,NA,NA,NA,NA,NA
NA,NA,NA,NA,4.86666666666667,NA,NA,NA,NA,NA,NA
NA,NA,NA,NA,5.09166666666667,NA,NA,NA,NA,NA,NA
NA,NA,NA,NA,5.1,NA,NA,NA,NA,NA,NA
NA,NA,NA,NA,5.15,NA,NA,NA,NA,NA,NA
NA,NA,NA,NA,5.39166666666667,NA,NA,NA,NA,NA,NA
NA,NA,NA,NA,5.8,NA,NA,NA,NA,NA,NA
NA,NA,NA,NA,6.3,NA,NA,NA,NA,NA,NA
NA,NA,NA,NA,6.5,NA,NA,NA,NA,NA,NA
NA,NA,NA,NA,6.5,NA,NA,NA,NA,NA,NA
NA,NA,NA,NA,6.5,NA,NA,NA,NA,NA,NA
NA,NA,NA,NA,6.5,NA,NA,NA,NA,NA,NA
NA,NA,NA,NA,6.425,NA,NA,NA,NA,NA,NA
NA,NA,NA,NA,6.3,NA,NA,NA,NA,NA,NA
NA,NA,NA,NA,6.425,NA,NA,NA,NA,NA,NA
NA,NA,NA,NA,6.50833333333333,NA,NA,NA,NA,NA,NA
NA,NA,NA,NA,6.49166666666667,NA,NA,NA,NA,NA,NA
NA,NA,NA,NA,6.4,NA,NA,NA,NA,NA,NA
NA,NA,NA,NA,6.4,NA,NA,NA,NA,NA,NA
NA,NA,NA,NA,6.41666666666667,NA,NA,NA,NA,NA,NA
NA,NA,NA,NA,6.5,NA,NA,NA,NA,NA,NA
NA,NA,NA,NA,6.54166666666667,NA,NA,NA,NA,NA,NA
NA,NA,NA,NA,6.76666666666667,NA,NA,NA,NA,NA,NA
NA,NA,NA,NA,7.025,NA,NA,NA,NA,NA,NA
NA,NA,NA,NA,7.09166666666667,NA,NA,NA,NA,NA,NA
NA,NA,NA,NA,6.9,NA,NA,NA,NA,NA,NA
NA,NA,NA,NA,6.575,NA,NA,NA,NA,NA,NA
NA,NA,NA,NA,6.31666666666667,NA,NA,NA,NA,NA,NA
NA,NA,NA,NA,6.04166666666667,NA,NA,NA,NA,NA,NA
NA,NA,NA,NA,5.98333333333333,NA,NA,NA,NA,NA,NA
NA,NA,NA,NA,6.45833333333333,NA,NA,NA,NA,NA,NA
NA,NA,NA,NA,6.68333333333333,NA,NA,NA,NA,NA,NA
NA,NA,NA,NA,6.74166666666667,NA,NA,NA,NA,NA,NA
NA,NA,NA,NA,6.39166666666667,NA,NA,NA,NA,NA,NA
NA,NA,NA,NA,6.10833333333333,NA,NA,NA,NA,NA,NA
NA,NA,NA,NA,5.88333333333333,NA,NA,NA,NA,NA,NA
NA,NA,NA,NA,5.65833333333333,NA,NA,NA,NA,NA,NA
NA,NA,NA,NA,5.64166666666667,NA,NA,NA,NA,NA,NA
NA,NA,NA,NA,6.1,NA,NA,NA,NA,NA,NA
NA,NA,NA,NA,6.6,NA,NA,NA,NA,NA,NA
NA,NA,NA,NA,6.79166666666667,NA,NA,NA,NA,NA,NA
NA,NA,NA,NA,6.56666666666667,NA,NA,NA,NA,NA,NA
NA,NA,NA,NA,6.16666666666667,NA,NA,NA,NA,NA,NA
NA,NA,NA,NA,5.96666666666667,NA,NA,NA,NA,NA,NA
NA,NA,NA,NA,5.79166666666667,NA,NA,NA,NA,NA,NA
NA,NA,NA,NA,5.75,NA,NA,NA,NA,NA,NA
NA,NA,NA,NA,6.23333333333333,NA,NA,NA,NA,NA,NA
NA,NA,NA,NA,6.73333333333333,NA,NA,NA,NA,NA,NA
NA,NA,NA,NA,6.89166666666667,NA,NA,NA,NA,NA,NA
NA,NA,NA,NA,6.61666666666667,NA,NA,NA,NA,NA,NA
NA,NA,NA,NA,6.13333333333333,NA,NA,NA,NA,NA,NA
NA,NA,NA,NA,5.85833333333333,NA,NA,NA,NA,NA,NA
NA,NA,NA,NA,5.60833333333333,NA,NA,NA,NA,NA,NA
NA,NA,NA,NA,5.58333333333333,NA,NA,NA,NA,NA,NA
NA,NA,NA,NA,6.16666666666667,NA,NA,NA,NA,NA,NA
NA,NA,NA,NA,6.775,NA,NA,NA,NA,NA,NA
NA,NA,NA,NA,7,NA,NA,NA,NA,NA,NA
NA,NA,NA,NA,6.75,NA,NA,NA,NA,NA,NA
NA,NA,NA,NA,6.29166666666667,NA,NA,NA,NA,NA,NA
NA,NA,NA,NA,6.04166666666667,NA,NA,NA,NA,NA,NA
NA,NA,NA,NA,5.875,NA,NA,NA,NA,NA,NA
NA,NA,NA,NA,5.90833333333333,NA,NA,NA,NA,NA,NA
NA,NA,NA,NA,6.58333333333333,NA,NA,NA,NA,NA,NA
NA,NA,NA,NA,7.25833333333333,NA,NA,NA,NA,NA,NA
NA,NA,NA,NA,7.54166666666667,NA,NA,NA,NA,NA,NA
NA,NA,NA,NA,7.31666666666667,NA,NA,NA,NA,NA,NA
NA,NA,NA,NA,6.83333333333333,NA,NA,NA,NA,NA,NA
NA,NA,NA,NA,6.56666666666667,NA,NA,NA,NA,NA,NA
NA,NA,NA,NA,6.4,NA,NA,NA,NA,NA,NA
NA,NA,NA,NA,6.43333333333333,NA,NA,NA,NA,NA,NA
NA,NA,NA,NA,7.125,NA,NA,NA,NA,NA,NA
NA,NA,NA,NA,7.81666666666667,NA,NA,NA,NA,NA,NA
NA,NA,NA,NA,8.09166666666667,NA,NA,NA,NA,NA,NA
NA,NA,NA,NA,7.90833333333333,NA,NA,NA,NA,NA,NA
NA,NA,NA,NA,7.44166666666667,NA,NA,NA,NA,NA,NA
NA,NA,NA,NA,7.175,NA,NA,NA,NA,NA,NA
NA,NA,NA,NA,7.00833333333333,NA,NA,NA,NA,NA,NA
NA,NA,NA,NA,7.00833333333333,NA,NA,NA,NA,NA,NA
NA,NA,NA,NA,7.68333333333333,NA,NA,NA,NA,NA,NA
NA,NA,NA,NA,8.30833333333333,NA,NA,NA,NA,NA,NA
NA,NA,NA,NA,8.51666666666667,NA,NA,NA,NA,NA,NA
NA,NA,NA,NA,8.25,NA,NA,NA,NA,NA,NA
NA,NA,NA,NA,7.76666666666667,NA,NA,NA,NA,NA,NA
NA,NA,NA,NA,7.40833333333333,NA,NA,NA,NA,NA,NA
NA,NA,NA,NA,7.18333333333333,NA,NA,NA,NA,NA,NA
NA,NA,NA,NA,7.16666666666667,NA,NA,NA,NA,NA,NA
NA,NA,NA,NA,7.81666666666667,NA,NA,NA,NA,NA,NA
NA,NA,NA,NA,8.44166666666667,NA,NA,NA,NA,NA,NA
NA,NA,NA,NA,8.7,NA,NA,NA,NA,NA,NA
NA,NA,NA,NA,8.50833333333333,NA,NA,NA,NA,NA,NA
NA,NA,NA,NA,8.05833333333333,NA,NA,NA,NA,NA,NA
NA,NA,NA,NA,7.7625,NA,NA,NA,NA,NA,NA
NA,NA,NA,NA,7.6,NA,NA,NA,NA,NA,NA
NA,NA,NA,NA,7.66666666666667,NA,NA,NA,NA,NA,NA
NA,NA,NA,NA,8.24166666666667,NA,NA,NA,NA,NA,NA
NA,NA,NA,NA,8.775,NA,NA,NA,NA,NA,NA
NA,NA,NA,NA,8.975,NA,NA,NA,NA,NA,NA
NA,NA,NA,NA,8.74166666666667,NA,NA,NA,NA,NA,NA
NA,NA,NA,NA,8.34166666666667,NA,NA,NA,NA,NA,NA
NA,NA,NA,NA,8.075,NA,NA,NA,NA,NA,NA
NA,NA,NA,NA,7.85833333333333,NA,NA,NA,NA,NA,NA
NA,NA,NA,NA,7.925,NA,NA,NA,NA,NA,NA
NA,NA,NA,NA,8.73333333333333,NA,NA,NA,NA,NA,NA
NA,NA,NA,NA,9.41666666666667,NA,NA,NA,NA,NA,NA
NA,NA,NA,NA,9.68333333333333,NA,NA,NA,NA,NA,NA
NA,NA,NA,NA,9.53333333333333,NA,NA,NA,NA,NA,NA
NA,NA,NA,NA,9.10833333333333,NA,NA,NA,NA,NA,NA
NA,NA,NA,NA,8.79166666666667,NA,NA,NA,NA,NA,NA
NA,NA,NA,NA,8.64166666666667,NA,NA,NA,NA,NA,NA
NA,NA,NA,NA,8.65833333333333,NA,NA,NA,NA,NA,NA
NA,NA,NA,NA,9.03333333333333,NA,NA,NA,NA,NA,NA
NA,NA,NA,NA,9.4,NA,NA,NA,NA,NA,NA
NA,NA,NA,NA,9.51666666666667,NA,NA,NA,NA,NA,NA
NA,NA,NA,NA,9.39166666666667,NA,NA,NA,NA,NA,NA
NA,NA,NA,NA,9.1,NA,NA,NA,NA,NA,NA
NA,NA,NA,NA,8.85,NA,NA,NA,NA,NA,NA
NA,NA,NA,NA,8.70833333333333,NA,NA,NA,NA,NA,NA
NA,NA,NA,NA,8.7,NA,NA,NA,NA,NA,NA
NA,NA,NA,NA,8.75,NA,NA,NA,NA,NA,NA
NA,NA,NA,NA,8.825,NA,NA,NA,NA,NA,NA
NA,NA,NA,NA,8.75,NA,NA,NA,NA,NA,NA
NA,NA,NA,NA,8.55,NA,NA,NA,NA,NA,NA
NA,NA,NA,NA,8.26666666666667,NA,NA,NA,NA,NA,NA
NA,NA,NA,NA,8.025,NA,NA,NA,NA,NA,NA
NA,NA,NA,NA,7.79166666666667,NA,NA,NA,NA,NA,NA
NA,NA,NA,NA,7.60833333333333,NA,NA,NA,NA,NA,NA
NA,NA,NA,NA,7.675,NA,NA,NA,NA,NA,NA
NA,NA,NA,NA,7.7,NA,NA,NA,NA,NA,NA
NA,NA,NA,NA,7.61666666666667,NA,NA,NA,NA,NA,NA
NA,NA,NA,NA,7.40833333333333,NA,NA,NA,NA,NA,NA
NA,NA,NA,NA,7.16666666666667,NA,NA,NA,NA,NA,NA
NA,NA,NA,NA,7.04166666666667,NA,NA,NA,NA,NA,NA
NA,NA,NA,NA,6.96666666666667,NA,NA,NA,NA,NA,NA
NA,NA,NA,NA,6.84166666666667,NA,NA,NA,NA,NA,NA
NA,NA,NA,NA,6.825,NA,NA,NA,NA,NA,NA
NA,NA,NA,NA,6.79166666666667,NA,NA,NA,NA,NA,NA
NA,NA,NA,NA,6.525,NA,NA,NA,NA,NA,NA
NA,NA,NA,NA,6.31666666666667,NA,NA,NA,NA,NA,NA
NA,NA,NA,NA,5.95,NA,NA,NA,NA,NA,NA
NA,NA,NA,NA,5.6,NA,NA,NA,NA,NA,NA
NA,NA,NA,NA,5.375,NA,NA,NA,NA,NA,NA
NA,NA,NA,NA,5.20833333333333,NA,NA,NA,NA,NA,NA
NA,NA,NA,NA,5.33333333333333,NA,NA,NA,NA,NA,NA
NA,NA,NA,NA,5.43333333333333,NA,NA,NA,NA,NA,NA
NA,NA,NA,NA,5.4,NA,NA,NA,NA,NA,NA
NA,NA,NA,NA,5.18333333333333,NA,NA,NA,NA,NA,NA
NA,NA,NA,NA,4.95,NA,NA,NA,NA,NA,NA
NA,NA,NA,NA,4.68333333333333,NA,NA,NA,NA,NA,NA
NA,NA,NA,NA,4.48333333333333,NA,NA,NA,NA,NA,NA
NA,NA,NA,NA,4.50833333333333,NA,NA,NA,NA,NA,NA
NA,NA,NA,NA,4.98333333333333,NA,NA,NA,NA,NA,NA
NA,NA,NA,NA,5.31666666666667,NA,NA,NA,NA,NA,NA
NA,NA,NA,NA,5.4,NA,NA,NA,NA,NA,NA
NA,NA,NA,NA,5.2,NA,NA,NA,NA,NA,NA
NA,NA,NA,NA,4.85833333333333,NA,NA,NA,NA,NA,NA
NA,NA,NA,NA,4.51666666666667,NA,NA,NA,NA,NA,NA
NA,NA,NA,NA,4.28333333333333,NA,NA,NA,NA,NA,NA
NA,NA,NA,NA,4.43333333333333,NA,NA,NA,NA,NA,NA
NA,NA,NA,NA,4.93333333333333,NA,NA,NA,NA,NA,NA
NA,NA,NA,NA,5.23333333333333,NA,NA,NA,NA,NA,NA
NA,NA,NA,NA,5.25833333333333,NA,NA,NA,NA,NA,NA
NA,NA,NA,NA,5.1,NA,NA,NA,NA,NA,NA
NA,NA,NA,NA,4.9,NA,NA,NA,NA,NA,NA
NA,NA,NA,NA,4.76666666666667,NA,NA,NA,NA,NA,NA
NA,NA,NA,NA,4.8,NA,NA,NA,NA,NA,NA
NA,NA,NA,NA,5.06666666666667,NA,NA,NA,NA,NA,NA
NA,NA,NA,NA,5.34166666666667,NA,NA,NA,NA,NA,NA
NA,NA,NA,NA,5.5,NA,NA,NA,NA,NA,NA
NA,NA,NA,NA,5.49166666666667,NA,NA,NA,NA,NA,NA
NA,NA,NA,NA,5.44166666666667,NA,NA,NA,NA,NA,NA
NA,NA,NA,NA,5.5,NA,NA,NA,NA,NA,NA
NA,NA,NA,NA,5.51666666666667,NA,NA,NA,NA,NA,NA
NA,NA,NA,NA,5.63333333333333,NA,NA,NA,NA,NA,NA
NA,NA,NA,NA,5.83333333333333,NA,NA,NA,NA,NA,NA
NA,NA,NA,NA,6.38333333333333,NA,NA,NA,NA,NA,NA
NA,NA,NA,NA,6.94166666666667,NA,NA,NA,NA,NA,NA
NA,NA,NA,NA,7.29166666666667,NA,NA,NA,NA,NA,NA
NA,NA,NA,NA,7.40833333333333,NA,NA,NA,NA,NA,NA
NA,NA,NA,NA,7.43333333333333,NA,NA,NA,NA,NA,NA
NA,NA,NA,NA,7.4,NA,NA,NA,NA,NA,NA
NA,NA,NA,NA,7.41666666666667,NA,NA,NA,NA,NA,NA
NA,NA,NA,NA,7.60833333333333,NA,NA,NA,NA,NA,NA
NA,NA,NA,NA,7.925,NA,NA,NA,NA,NA,NA
NA,NA,NA,NA,8.06666666666667,NA,NA,NA,NA,NA,NA
NA,NA,NA,NA,8.10833333333333,NA,NA,NA,NA,NA,NA
NA,NA,NA,NA,7.88333333333333,NA,NA,NA,NA,NA,NA
NA,NA,NA,NA,7.71666666666667,NA,NA,NA,NA,NA,NA
NA,NA,NA,NA,7.38333333333333,NA,NA,NA,NA,NA,NA
NA,NA,NA,NA,7.08333333333333,NA,NA,NA,NA,NA,NA
NA,NA,NA,NA,6.925,NA,NA,NA,NA,NA,NA
NA,NA,NA,NA,6.99166666666667,NA,NA,NA,NA,NA,NA
NA,NA,NA,NA,7,NA,NA,NA,NA,NA,NA
NA,NA,NA,NA,6.90833333333333,NA,NA,NA,NA,NA,NA
NA,NA,NA,NA,6.825,NA,NA,NA,NA,NA,NA
NA,NA,NA,NA,6.425,NA,NA,NA,NA,NA,NA
NA,NA,NA,NA,6.01666666666667,NA,NA,NA,NA,NA,NA
NA,NA,NA,NA,5.6,NA,NA,NA,NA,NA,NA
NA,NA,NA,NA,5.4,NA,NA,NA,NA,NA,NA
NA,NA,NA,NA,5.59166666666667,NA,NA,NA,NA,NA,NA
NA,NA,NA,NA,5.875,NA,NA,NA,NA,NA,NA
NA,NA,NA,NA,6.01666666666667,NA,NA,NA,NA,NA,NA
NA,NA,NA,NA,6.00833333333333,NA,NA,NA,NA,NA,NA
NA,NA,NA,NA,5.93333333333333,NA,NA,NA,NA,NA,NA
NA,NA,NA,NA,5.73333333333333,NA,NA,NA,NA,NA,NA
NA,NA,NA,NA,5.55833333333333,NA,NA,NA,NA,NA,NA
NA,NA,NA,NA,5.40833333333333,NA,NA,NA,NA,NA,NA
NA,NA,NA,NA,5.5,NA,NA,NA,NA,NA,NA
NA,NA,NA,NA,5.73333333333333,NA,NA,NA,NA,NA,NA
NA,NA,NA,NA,5.94166666666667,NA,NA,NA,NA,NA,NA
NA,NA,NA,NA,5.95,NA,NA,NA,NA,NA,NA
NA,NA,NA,NA,5.85833333333333,NA,NA,NA,NA,NA,NA
NA,NA,NA,NA,5.73333333333333,NA,NA,NA,NA,NA,NA
NA,NA,NA,NA,5.50833333333333,NA,NA,NA,NA,NA,NA
NA,NA,NA,NA,5.44166666666667,NA,NA,NA,NA,NA,NA
NA,NA,NA,NA,5.93333333333333,NA,NA,NA,NA,NA,NA
NA,NA,NA,NA,6.73333333333333,NA,NA,NA,NA,NA,NA
NA,NA,NA,NA,7.14166666666667,NA,NA,NA,NA,NA,NA
NA,NA,NA,NA,7.11666666666667,NA,NA,NA,NA,NA,NA
NA,NA,NA,NA,6.925,NA,NA,NA,NA,NA,NA
NA,NA,NA,NA,6.875,NA,NA,NA,NA,NA,NA
NA,NA,NA,NA,6.675,NA,NA,NA,NA,NA,NA
NA,NA,NA,NA,6.65,NA,NA,NA,NA,NA,NA
NA,NA,NA,NA,7.175,NA,NA,NA,NA,NA,NA
NA,NA,NA,NA,7.98333333333333,NA,NA,NA,NA,NA,NA
NA,NA,NA,NA,8.425,NA,NA,NA,NA,NA,NA
NA,NA,NA,NA,8.44166666666667,NA,NA,NA,NA,NA,NA
NA,NA,NA,NA,8.26666666666667,NA,NA,NA,NA,NA,NA
NA,NA,NA,NA,8.2,NA,NA,NA,NA,NA,NA
NA,NA,NA,NA,8.09166666666667,NA,NA,NA,NA,NA,NA
NA,NA,NA,NA,8.11666666666667,NA,NA,NA,NA,NA,NA
NA,NA,NA,NA,8.56666666666667,NA,NA,NA,NA,NA,NA
NA,NA,NA,NA,9.11666666666667,NA,NA,NA,NA,NA,NA
NA,NA,NA,NA,9.39166666666667,NA,NA,NA,NA,NA,NA
NA,NA,NA,NA,9.38333333333333,NA,NA,NA,NA,NA,NA
NA,NA,NA,NA,9.3,NA,NA,NA,NA,NA,NA
NA,NA,NA,NA,9.23333333333333,NA,NA,NA,NA,NA,NA
NA,NA,NA,NA,9.14166666666667,NA,NA,NA,NA,NA,NA
NA,NA,NA,NA,9.26666666666667,NA,NA,NA,NA,NA,NA
NA,NA,NA,NA,9.79166666666667,NA,NA,NA,NA,NA,NA
NA,NA,NA,NA,10.425,NA,NA,NA,NA,NA,NA
NA,NA,NA,NA,10.758333333333301,NA,NA,NA,NA,NA,NA
NA,NA,NA,NA,10.758333333333301,NA,NA,NA,NA,NA,NA
NA,NA,NA,NA,10.7,NA,NA,NA,NA,NA,NA
NA,NA,NA,NA,10.7166666666667,NA,NA,NA,NA,NA,NA
NA,NA,NA,NA,10.758333333333301,NA,NA,NA,NA,NA,NA
NA,NA,NA,NA,10.825,NA,NA,NA,NA,NA,NA
NA,NA,NA,NA,11.383333333333301,NA,NA,NA,NA,NA,NA
NA,NA,NA,NA,11.8,NA,NA,NA,NA,NA,NA
NA,NA,NA,NA,11.8166666666667,NA,NA,NA,NA,NA,NA
NA,NA,NA,NA,11.3666666666667,NA,NA,NA,NA,NA,NA
NA,NA,NA,NA,11.15,NA,NA,NA,NA,NA,NA
NA,NA,NA,NA,11,NA,NA,NA,NA,NA,NA
NA,NA,NA,NA,10.7416666666667,NA,NA,NA,NA,NA,NA
NA,NA,NA,NA,10.508333333333301,NA,NA,NA,NA,NA,NA
NA,NA,NA,NA,10.9,NA,NA,NA,NA,NA,NA
NA,NA,NA,NA,11.3416666666667,NA,NA,NA,NA,NA,NA
NA,NA,NA,NA,11.325,NA,NA,NA,NA,NA,NA
NA,NA,NA,NA,10.8583333333333,NA,NA,NA,NA,NA,NA
NA,NA,NA,NA,10.258333333333301,NA,NA,NA,NA,NA,NA
NA,NA,NA,NA,9.80833333333333,NA,NA,NA,NA,NA,NA
NA,NA,NA,NA,9.33333333333333,NA,NA,NA,NA,NA,NA
NA,NA,NA,NA,9.14166666666667,NA,NA,NA,NA,NA,NA
NA,NA,NA,NA,9.49166666666667,NA,NA,NA,NA,NA,NA
NA,NA,NA,NA,9.975,NA,NA,NA,NA,NA,NA
NA,NA,NA,NA,10.008333333333301,NA,NA,NA,NA,NA,NA
NA,NA,NA,NA,9.6,NA,NA,NA,NA,NA,NA
NA,NA,NA,NA,9.19166666666667,NA,NA,NA,NA,NA,NA
NA,NA,NA,NA,8.83333333333333,NA,NA,NA,NA,NA,NA
NA,NA,NA,NA,8.63333333333333,NA,NA,NA,NA,NA,NA
NA,NA,NA,NA,8.74166666666667,NA,NA,NA,NA,NA,NA
NA,NA,NA,NA,9.39166666666667,NA,NA,NA,NA,NA,NA
NA,NA,NA,NA,10.025,NA,NA,NA,NA,NA,NA
NA,NA,NA,NA,10.125,NA,NA,NA,NA,NA,NA
NA,NA,NA,NA,9.85833333333333,NA,NA,NA,NA,NA,NA
NA,NA,NA,NA,9.45,NA,NA,NA,NA,NA,NA
NA,NA,NA,NA,9.175,NA,NA,NA,NA,NA,NA
NA,NA,NA,NA,8.94166666666667,NA,NA,NA,NA,NA,NA
NA,NA,NA,NA,9.01666666666667,NA,NA,NA,NA,NA,NA
NA,NA,NA,NA,9.69166666666667,NA,NA,NA,NA,NA,NA
NA,NA,NA,NA,10.3,NA,NA,NA,NA,NA,NA
NA,NA,NA,NA,10.383333333333301,NA,NA,NA,NA,NA,NA
NA,NA,NA,NA,10.05,NA,NA,NA,NA,NA,NA
NA,NA,NA,NA,9.5,NA,NA,NA,NA,NA,NA
NA,NA,NA,NA,9.19166666666667,NA,NA,NA,NA,NA,NA
NA,NA,NA,NA,8.9,NA,NA,NA,NA,NA,NA
NA,NA,NA,NA,9.03333333333333,NA,NA,NA,NA,NA,NA
NA,NA,NA,NA,9.73333333333333,NA,NA,NA,NA,NA,NA
NA,NA,NA,NA,10.2833333333333,NA,NA,NA,NA,NA,NA
NA,NA,NA,NA,10.4083333333333,NA,NA,NA,NA,NA,NA
NA,NA,NA,NA,9.95,NA,NA,NA,NA,NA,NA
NA,NA,NA,NA,9.58333333333333,NA,NA,NA,NA,NA,NA
NA,NA,NA,NA,9.48333333333333,NA,NA,NA,NA,NA,NA
NA,NA,NA,NA,9.4,NA,NA,NA,NA,NA,NA
NA,NA,NA,NA,9.50833333333333,NA,NA,NA,NA,NA,NA
NA,NA,NA,NA,9.89166666666667,NA,NA,NA,NA,NA,NA
NA,NA,NA,NA,10.2,NA,NA,NA,NA,NA,NA
NA,NA,NA,NA,10.3,NA,NA,NA,NA,NA,NA
NA,NA,NA,NA,10.125,NA,NA,NA,NA,NA,NA
NA,NA,NA,NA,9.93333333333333,NA,NA,NA,NA,NA,NA
NA,NA,NA,NA,9.64166666666667,NA,NA,NA,NA,NA,NA
NA,NA,NA,NA,9.44166666666667,NA,NA,NA,NA,NA,NA
NA,NA,NA,NA,9.625,NA,NA,NA,NA,NA,NA
NA,NA,NA,NA,10.3333333333333,NA,NA,NA,NA,NA,NA
NA,NA,NA,NA,10.8083333333333,NA,NA,NA,NA,NA,NA
NA,NA,NA,NA,10.675,NA,NA,NA,NA,NA,NA
NA,NA,NA,NA,10.4083333333333,NA,NA,NA,NA,NA,NA
NA,NA,NA,NA,10.1583333333333,NA,NA,NA,NA,NA,NA
NA,NA,NA,NA,10.0166666666667,NA,NA,NA,NA,NA,NA
NA,NA,NA,NA,9.95,NA,NA,NA,NA,NA,NA
NA,NA,NA,NA,10.05,NA,NA,NA,NA,NA,NA
NA,NA,NA,NA,10.508333333333301,NA,NA,NA,NA,NA,NA
NA,NA,NA,NA,11.0416666666667,NA,NA,NA,NA,NA,NA
NA,NA,NA,NA,11.383333333333301,NA,NA,NA,NA,NA,NA
NA,NA,NA,NA,11.2916666666667,NA,NA,NA,NA,NA,NA
NA,NA,NA,NA,10.9666666666667,NA,NA,NA,NA,NA,NA
NA,NA,NA,NA,10.758333333333301,NA,NA,NA,NA,NA,NA
NA,NA,NA,NA,10.7,NA,NA,NA,NA,NA,NA
NA,NA,NA,NA,10.65,NA,NA,NA,NA,NA,NA
NA,NA,NA,NA,10.633333333333301,NA,NA,NA,NA,NA,NA
NA,NA,NA,NA,10.75,NA,NA,NA,NA,NA,NA
NA,NA,NA,NA,10.7416666666667,NA,NA,NA,NA,NA,NA
NA,NA,NA,NA,10.375,NA,NA,NA,NA,NA,NA
NA,NA,NA,NA,10.0416666666667,NA,NA,NA,NA,NA,NA
NA,NA,NA,NA,9.79166666666667,NA,NA,NA,NA,NA,NA
NA,NA,NA,NA,9.7,NA,NA,NA,NA,NA,NA
NA,NA,NA,NA,9.725,NA,NA,NA,NA,NA,NA
NA,NA,NA,NA,9.90833333333333,NA,NA,NA,NA,NA,NA
NA,NA,NA,NA,10.1416666666667,NA,NA,NA,NA,NA,NA
NA,NA,NA,NA,10.2166666666667,NA,NA,NA,NA,NA,NA
NA,NA,NA,NA,10.1416666666667,NA,NA,NA,NA,NA,NA
NA,NA,NA,NA,9.85833333333333,NA,NA,NA,NA,NA,NA
NA,NA,NA,NA,9.70833333333333,NA,NA,NA,NA,NA,NA
NA,NA,NA,NA,9.625,NA,NA,NA,NA,NA,NA
NA,NA,NA,NA,9.6,NA,NA,NA,NA,NA,NA
NA,NA,NA,NA,9.59166666666667,NA,NA,NA,NA,NA,NA
NA,NA,NA,NA,9.63333333333333,NA,NA,NA,NA,NA,NA
NA,NA,NA,NA,9.60833333333333,NA,NA,NA,NA,NA,NA
NA,NA,NA,NA,9.40833333333333,NA,NA,NA,NA,NA,NA
NA,NA,NA,NA,9.23333333333333,NA,NA,NA,NA,NA,NA
NA,NA,NA,NA,9.175,NA,NA,NA,NA,NA,NA
NA,NA,NA,NA,9.025,NA,NA,NA,NA,NA,NA
NA,NA,NA,NA,9.11666666666667,NA,NA,NA,NA,NA,NA
NA,NA,NA,NA,9.65833333333333,NA,NA,NA,NA,NA,NA
NA,NA,NA,NA,10.2333333333333,NA,NA,NA,NA,NA,NA
NA,NA,NA,NA,10.45,NA,NA,NA,NA,NA,NA
NA,NA,NA,NA,10.258333333333301,NA,NA,NA,NA,NA,NA
NA,NA,NA,NA,9.95,NA,NA,NA,NA,NA,NA
NA,NA,NA,NA,9.70833333333333,NA,NA,NA,NA,NA,NA
NA,NA,NA,NA,9.525,NA,NA,NA,NA,NA,NA
NA,NA,NA,NA,9.59166666666667,NA,NA,NA,NA,NA,NA
NA,NA,NA,NA,10.1083333333333,NA,NA,NA,NA,NA,NA
NA,NA,NA,NA,10.7333333333333,NA,NA,NA,NA,NA,NA
NA,NA,NA,NA,10.9166666666667,NA,NA,NA,NA,NA,NA
NA,NA,NA,NA,10.6916666666667,NA,NA,NA,NA,NA,NA
NA,NA,NA,NA,10.4833333333333,NA,NA,NA,NA,NA,NA
NA,NA,NA,NA,10.275,NA,NA,NA,NA,NA,NA
NA,NA,NA,NA,10.0916666666667,NA,NA,NA,NA,NA,NA
NA,NA,NA,NA,10.3083333333333,NA,NA,NA,NA,NA,NA
NA,NA,NA,NA,10.9666666666667,NA,NA,NA,NA,NA,NA
NA,NA,NA,NA,11.6583333333333,NA,NA,NA,NA,NA,NA
NA,NA,NA,NA,11.925,NA,NA,NA,NA,NA,NA
NA,NA,NA,NA,11.6833333333333,NA,NA,NA,NA,NA,NA
NA,NA,NA,NA,11.3416666666667,NA,NA,NA,NA,NA,NA
NA,NA,NA,NA,11.2,NA,NA,NA,NA,NA,NA
NA,NA,NA,NA,11.0583333333333,NA,NA,NA,NA,NA,NA
NA,NA,NA,NA,11.2416666666667,NA,NA,NA,NA,NA,NA
NA,NA,NA,NA,11.8916666666667,NA,NA,NA,NA,NA,NA
NA,NA,NA,NA,12.3916666666667,NA,NA,NA,NA,NA,NA
NA,NA,NA,NA,12.35,NA,NA,NA,NA,NA,NA
NA,NA,NA,NA,12,NA,NA,NA,NA,NA,NA
NA,NA,NA,NA,11.7,NA,NA,NA,NA,NA,NA
NA,NA,NA,NA,11.6416666666667,NA,NA,NA,NA,NA,NA
NA,NA,NA,NA,11.3916666666667,NA,NA,NA,NA,NA,NA
NA,NA,NA,NA,11.3583333333333,NA,NA,NA,NA,NA,NA
NA,NA,NA,NA,11.883333333333301,NA,NA,NA,NA,NA,NA
NA,NA,NA,NA,12.0916666666667,NA,NA,NA,NA,NA,NA
NA,NA,NA,NA,12.0583333333333,NA,NA,NA,NA,NA,NA
NA,NA,NA,NA,11.6583333333333,NA,NA,NA,NA,NA,NA
NA,NA,NA,NA,11.3416666666667,NA,NA,NA,NA,NA,NA
NA,NA,NA,NA,11.2833333333333,NA,NA,NA,NA,NA,NA
NA,NA,NA,NA,11.1666666666667,NA,NA,NA,NA,NA,NA
NA,NA,NA,NA,11.3416666666667,NA,NA,NA,NA,NA,NA
NA,NA,NA,NA,12,NA,NA,NA,NA,NA,NA
NA,NA,NA,NA,12.5416666666667,NA,NA,NA,NA,NA,NA
NA,NA,NA,NA,12.775,NA,NA,NA,NA,NA,NA
NA,NA,NA,NA,12.5416666666667,NA,NA,NA,NA,NA,NA
NA,NA,NA,NA,12.2333333333333,NA,NA,NA,NA,NA,NA
NA,NA,NA,NA,12.0333333333333,NA,NA,NA,NA,NA,NA
NA,NA,NA,NA,11.9,NA,NA,NA,NA,NA,NA
NA,NA,NA,NA,12.0666666666667,NA,NA,NA,NA,NA,NA
NA,NA,NA,NA,12.8666666666667,NA,NA,NA,NA,NA,NA
NA,NA,NA,NA,13.325,NA,NA,NA,NA,NA,NA
NA,NA,NA,NA,13.5833333333333,NA,NA,NA,NA,NA,NA
NA,NA,NA,NA,13.35,NA,NA,NA,NA,NA,NA
NA,NA,NA,NA,12.9,NA,NA,NA,NA,NA,NA
NA,NA,NA,NA,12.5,NA,NA,NA,NA,NA,NA
NA,NA,NA,NA,12.3083333333333,NA,NA,NA,NA,NA,NA
NA,NA,NA,NA,12.4833333333333,NA,NA,NA,NA,NA,NA
NA,NA,NA,NA,13.2416666666667,NA,NA,NA,NA,NA,NA
NA,NA,NA,NA,13.625,NA,NA,NA,NA,NA,NA
NA,NA,NA,NA,13.6833333333333,NA,NA,NA,NA,NA,NA
NA,NA,NA,NA,13.4333333333333,NA,NA,NA,NA,NA,NA
NA,NA,NA,NA,12.9916666666667,NA,NA,NA,NA,NA,NA
NA,NA,NA,NA,12.7416666666667,NA,NA,NA,NA,NA,NA
NA,NA,NA,NA,12.5333333333333,NA,NA,NA,NA,NA,NA
NA,NA,NA,NA,12.6,NA,NA,NA,NA,NA,NA
NA,NA,NA,NA,13.1,NA,NA,NA,NA,NA,NA
NA,NA,NA,NA,13.6083333333333,NA,NA,NA,NA,NA,NA
NA,NA,NA,NA,13.8,NA,NA,NA,NA,NA,NA
NA,NA,NA,NA,13.6416666666667,NA,NA,NA,NA,NA,NA
NA,NA,NA,NA,13.258333333333301,NA,NA,NA,NA,NA,NA
NA,NA,NA,NA,12.8916666666667,NA,NA,NA,NA,NA,NA
NA,NA,NA,NA,12.675,NA,NA,NA,NA,NA,NA
NA,NA,NA,NA,12.85,NA,NA,NA,NA,NA,NA
NA,NA,NA,NA,13.45,NA,NA,NA,NA,NA,NA
NA,NA,NA,NA,13.975,NA,NA,NA,NA,NA,NA
NA,NA,NA,NA,14.1166666666667,NA,NA,NA,NA,NA,NA
NA,NA,NA,NA,13.925,NA,NA,NA,NA,NA,NA
NA,NA,NA,NA,13.383333333333301,NA,NA,NA,NA,NA,NA
NA,NA,NA,NA,12.9333333333333,NA,NA,NA,NA,NA,NA
NA,NA,NA,NA,12.625,NA,NA,NA,NA,NA,NA
NA,NA,NA,NA,12.8166666666667,NA,NA,NA,NA,NA,NA
NA,NA,NA,NA,13.4916666666667,NA,NA,NA,NA,NA,NA
NA,NA,NA,NA,14.1916666666667,NA,NA,NA,NA,NA,NA
NA,NA,NA,NA,14.325,NA,NA,NA,NA,NA,NA
NA,NA,NA,NA,14.1416666666667,NA,NA,NA,NA,NA,NA
NA,NA,NA,NA,13.7,NA,NA,NA,NA,NA,NA
NA,NA,NA,NA,13.25,NA,NA,NA,NA,NA,NA
NA,NA,NA,NA,12.9666666666667,NA,NA,NA,NA,NA,NA
NA,NA,NA,NA,13.1583333333333,NA,NA,NA,NA,NA,NA
NA,NA,NA,NA,14.0416666666667,NA,NA,NA,NA,NA,NA
NA,NA,NA,NA,14.725,NA,NA,NA,NA,NA,NA
NA,NA,NA,NA,14.85,NA,NA,NA,NA,NA,NA
NA,NA,NA,NA,14.6916666666667,NA,NA,NA,NA,NA,NA
NA,NA,NA,NA,14.35,NA,NA,NA,NA,NA,NA
NA,NA,NA,NA,13.9333333333333,NA,NA,NA,NA,NA,NA
NA,NA,NA,NA,13.5833333333333,NA,NA,NA,NA,NA,NA
NA,NA,NA,NA,13.8333333333333,NA,NA,NA,NA,NA,NA
NA,NA,NA,NA,14.625,NA,NA,NA,NA,NA,NA
NA,NA,NA,NA,15.4416666666667,NA,NA,NA,NA,NA,NA
NA,NA,NA,NA,15.6666666666667,NA,NA,NA,NA,NA,NA
NA,NA,NA,NA,15.7833333333333,NA,NA,NA,NA,NA,NA
NA,NA,NA,NA,15.375,NA,NA,NA,NA,NA,NA
NA,NA,NA,NA,14.7833333333333,NA,NA,NA,NA,NA,NA
NA,NA,NA,NA,14.4583333333333,NA,NA,NA,NA,NA,NA
NA,NA,NA,NA,14.65,NA,NA,NA,NA,NA,NA
NA,NA,NA,NA,15.4166666666667,NA,NA,NA,NA,NA,NA
NA,NA,NA,NA,15.8583333333333,NA,NA,NA,NA,NA,NA
NA,NA,NA,NA,16.075,NA,NA,NA,NA,NA,NA
NA,NA,NA,NA,16.0583333333333,NA,NA,NA,NA,NA,NA
NA,NA,NA,NA,15.725,NA,NA,NA,NA,NA,NA
NA,NA,NA,NA,15.2833333333333,NA,NA,NA,NA,NA,NA
NA,NA,NA,NA,15.0333333333333,NA,NA,NA,NA,NA,NA
NA,NA,NA,NA,15.25,NA,NA,NA,NA,NA,NA
NA,NA,NA,NA,16.1333333333333,NA,NA,NA,NA,NA,NA
NA,NA,NA,NA,16.825,NA,NA,NA,NA,NA,NA
NA,NA,NA,NA,17.0416666666667,NA,NA,NA,NA,NA,NA
NA,NA,NA,NA,17.15,NA,NA,NA,NA,NA,NA
NA,NA,NA,NA,16.85,NA,NA,NA,NA,NA,NA
NA,NA,NA,NA,16.475,NA,NA,NA,NA,NA,NA
NA,NA,NA,NA,16.2166666666667,NA,NA,NA,NA,NA,NA
NA,NA,NA,NA,16.3916666666667,NA,NA,NA,NA,NA,NA
NA,NA,NA,NA,16.8083333333333,NA,NA,NA,NA,NA,NA
NA,NA,NA,NA,17.3666666666667,NA,NA,NA,NA,NA,NA
NA,NA,NA,NA,17.3,NA,NA,NA,NA,NA,NA
NA,NA,NA,NA,17.25,NA,NA,NA,NA,NA,NA
NA,NA,NA,NA,16.9166666666667,NA,NA,NA,NA,NA,NA
NA,NA,NA,NA,16.45,NA,NA,NA,NA,NA,NA
NA,NA,NA,NA,16.1,NA,NA,NA,NA,NA,NA
NA,NA,NA,NA,16.2166666666667,NA,NA,NA,NA,NA,NA
NA,NA,NA,NA,16.6666666666667,NA,NA,NA,NA,NA,NA
NA,NA,NA,NA,17.1833333333333,NA,NA,NA,NA,NA,NA
NA,NA,NA,NA,17.0666666666667,NA,NA,NA,NA,NA,NA
NA,NA,NA,NA,16.8416666666667,NA,NA,NA,NA,NA,NA
NA,NA,NA,NA,16.4,NA,NA,NA,NA,NA,NA
NA,NA,NA,NA,15.758333333333301,NA,NA,NA,NA,NA,NA
NA,NA,NA,NA,15.275,NA,NA,NA,NA,NA,NA
NA,NA,NA,NA,15.383333333333301,NA,NA,NA,NA,NA,NA
NA,NA,NA,NA,16.1666666666667,NA,NA,NA,NA,NA,NA
NA,NA,NA,NA,16.6916666666667,NA,NA,NA,NA,NA,NA
NA,NA,NA,NA,16.7083333333333,NA,NA,NA,NA,NA,NA
NA,NA,NA,NA,16.5666666666667,NA,NA,NA,NA,NA,NA
NA,NA,NA,NA,16.1666666666667,NA,NA,NA,NA,NA,NA
NA,NA,NA,NA,15.5,NA,NA,NA,NA,NA,NA
NA,NA,NA,NA,15.0583333333333,NA,NA,NA,NA,NA,NA
NA,NA,NA,NA,15.275,NA,NA,NA,NA,NA,NA
NA,NA,NA,NA,16.1583333333333,NA,NA,NA,NA,NA,NA
NA,NA,NA,NA,16.7166666666667,NA,NA,NA,NA,NA,NA
NA,NA,NA,NA,16.8,NA,NA,NA,NA,NA,NA
NA,NA,NA,NA,16.675,NA,NA,NA,NA,NA,NA
NA,NA,NA,NA,16.425,NA,NA,NA,NA,NA,NA
NA,NA,NA,NA,15.875,NA,NA,NA,NA,NA,NA
NA,NA,NA,NA,15.5,NA,NA,NA,NA,NA,NA
NA,NA,NA,NA,15.725,NA,NA,NA,NA,NA,NA
NA,NA,NA,NA,16.0416666666667,NA,NA,NA,NA,NA,NA
NA,NA,NA,NA,16.3666666666667,NA,NA,NA,NA,NA,NA
NA,NA,NA,NA,16.4,NA,NA,NA,NA,NA,NA
NA,NA,NA,NA,16.2333333333333,NA,NA,NA,NA,NA,NA
NA,NA,NA,NA,16.05,NA,NA,NA,NA,NA,NA
NA,NA,NA,NA,15.8166666666667,NA,NA,NA,NA,NA,NA
NA,NA,NA,NA,15.6083333333333,NA,NA,NA,NA,NA,NA
NA,NA,NA,NA,15.8,NA,NA,NA,NA,NA,NA
NA,NA,NA,NA,16.375,NA,NA,NA,NA,NA,NA
NA,NA,NA,NA,16.7833333333333,NA,NA,NA,NA,NA,NA
NA,NA,NA,NA,16.9833333333333,NA,NA,NA,NA,NA,NA
NA,NA,NA,NA,17,NA,NA,NA,NA,NA,NA
NA,NA,NA,NA,16.85,NA,NA,NA,NA,NA,NA
NA,NA,NA,NA,16.4416666666667,NA,NA,NA,NA,NA,NA
NA,NA,NA,NA,16.1666666666667,NA,NA,NA,NA,NA,NA
NA,NA,NA,NA,16.3416666666667,NA,NA,NA,NA,NA,NA
NA,NA,NA,NA,17.2333333333333,NA,NA,NA,NA,NA,NA
NA,NA,NA,NA,17.7916666666667,NA,NA,NA,NA,NA,NA
NA,NA,NA,NA,17.8916666666667,NA,NA,NA,NA,NA,NA
NA,NA,NA,NA,17.8,NA,NA,NA,NA,NA,NA
NA,NA,NA,NA,17.5416666666667,NA,NA,NA,NA,NA,NA
NA,NA,NA,NA,17.0166666666667,NA,NA,NA,NA,NA,NA
NA,NA,NA,NA,16.4166666666667,NA,NA,NA,NA,NA,NA
NA,NA,NA,NA,16.6166666666667,NA,NA,NA,NA,NA,NA
NA,NA,NA,NA,17.6,NA,NA,NA,NA,NA,NA
NA,NA,NA,NA,18.1583333333333,NA,NA,NA,NA,NA,NA
NA,NA,NA,NA,18.3,NA,NA,NA,NA,NA,NA
NA,NA,NA,NA,18.175,NA,NA,NA,NA,NA,NA
NA,NA,NA,NA,17.9916666666667,NA,NA,NA,NA,NA,NA
NA,NA,NA,NA,17.6,NA,NA,NA,NA,NA,NA
NA,NA,NA,NA,17.225,NA,NA,NA,NA,NA,NA
NA,NA,NA,NA,17.3,NA,NA,NA,NA,NA,NA
NA,NA,NA,NA,18.1333333333333,NA,NA,NA,NA,NA,NA
NA,NA,NA,NA,18.75,NA,NA,NA,NA,NA,NA
NA,NA,NA,NA,18.7416666666667,NA,NA,NA,NA,NA,NA
NA,NA,NA,NA,18.65,NA,NA,NA,NA,NA,NA
NA,NA,NA,NA,18.4583333333333,NA,NA,NA,NA,NA,NA
NA,NA,NA,NA,18,NA,NA,NA,NA,NA,NA
NA,NA,NA,NA,17.5,NA,NA,NA,NA,NA,NA
NA,NA,NA,NA,17.575,NA,NA,NA,NA,NA,NA
NA,NA,NA,NA,17.875,NA,NA,NA,NA,NA,NA
NA,NA,NA,NA,18.1416666666667,NA,NA,NA,NA,NA,NA
NA,NA,NA,NA,17.9583333333333,NA,NA,NA,NA,NA,NA
NA,NA,NA,NA,17.75,NA,NA,NA,NA,NA,NA
NA,NA,NA,NA,17.4166666666667,NA,NA,NA,NA,NA,NA
NA,NA,NA,NA,16.8583333333333,NA,NA,NA,NA,NA,NA
NA,NA,NA,NA,16.4833333333333,NA,NA,NA,NA,NA,NA
NA,NA,NA,NA,16.5833333333333,NA,NA,NA,NA,NA,NA
NA,NA,NA,NA,17.2,NA,NA,NA,NA,NA,NA
NA,NA,NA,NA,17.5666666666667,NA,NA,NA,NA,NA,NA
NA,NA,NA,NA,17.425,NA,NA,NA,NA,NA,NA
NA,NA,NA,NA,17.1916666666667,NA,NA,NA,NA,NA,NA
NA,NA,NA,NA,16.975,NA,NA,NA,NA,NA,NA
NA,NA,NA,NA,16.4916666666667,NA,NA,NA,NA,NA,NA
NA,NA,NA,NA,15.9833333333333,NA,NA,NA,NA,NA,NA
NA,NA,NA,NA,15.925,NA,NA,NA,NA,NA,NA
NA,NA,NA,NA,16.6083333333333,NA,NA,NA,NA,NA,NA
NA,NA,NA,NA,16.975,NA,NA,NA,NA,NA,NA
NA,NA,NA,NA,16.9,NA,NA,NA,NA,NA,NA
NA,NA,NA,NA,16.9,NA,NA,NA,NA,NA,NA
NA,NA,NA,NA,16.85,NA,NA,NA,NA,NA,NA
NA,NA,NA,NA,16.4916666666667,NA,NA,NA,NA,NA,NA
NA,NA,NA,NA,16.225,NA,NA,NA,NA,NA,NA
NA,NA,NA,NA,16.25,NA,NA,NA,NA,NA,NA
NA,NA,NA,NA,16.4416666666667,NA,NA,NA,NA,NA,NA
NA,NA,NA,NA,16.9916666666667,NA,NA,NA,NA,NA,NA
NA,NA,NA,NA,16.925,NA,NA,NA,NA,NA,NA
NA,NA,NA,NA,16.7416666666667,NA,NA,NA,NA,NA,NA
NA,NA,NA,NA,16.4166666666667,NA,NA,NA,NA,NA,NA
NA,NA,NA,NA,16.0416666666667,NA,NA,NA,NA,NA,NA
NA,NA,NA,NA,15.7666666666667,NA,NA,NA,NA,NA,NA
NA,NA,NA,NA,15.8916666666667,NA,NA,NA,NA,NA,NA
NA,NA,NA,NA,16.5416666666667,NA,NA,NA,NA,NA,NA
NA,NA,NA,NA,17.0166666666667,NA,NA,NA,NA,NA,NA
NA,NA,NA,NA,16.8833333333333,NA,NA,NA,NA,NA,NA
NA,NA,NA,NA,16.5916666666667,NA,NA,NA,NA,NA,NA
NA,NA,NA,NA,16.2333333333333,NA,NA,NA,NA,NA,NA
NA,NA,NA,NA,15.7833333333333,NA,NA,NA,NA,NA,NA
NA,NA,NA,NA,15.4166666666667,NA,NA,NA,NA,NA,NA
NA,NA,NA,NA,15.5,NA,NA,NA,NA,NA,NA
NA,NA,NA,NA,15.8583333333333,NA,NA,NA,NA,NA,NA
NA,NA,NA,NA,16.1,NA,NA,NA,NA,NA,NA
NA,NA,NA,NA,16.05,NA,NA,NA,NA,NA,NA
NA,NA,NA,NA,15.8333333333333,NA,NA,NA,NA,NA,NA
NA,NA,NA,NA,15.5583333333333,NA,NA,NA,NA,NA,NA
NA,NA,NA,NA,15.2416666666667,NA,NA,NA,NA,NA,NA
NA,NA,NA,NA,15.025,NA,NA,NA,NA,NA,NA
NA,NA,NA,NA,14.9,NA,NA,NA,NA,NA,NA
NA,NA,NA,NA,15.0833333333333,NA,NA,NA,NA,NA,NA
NA,NA,NA,NA,15.375,NA,NA,NA,NA,NA,NA
NA,NA,NA,NA,15.325,NA,NA,NA,NA,NA,NA
NA,NA,NA,NA,15.0333333333333,NA,NA,NA,NA,NA,NA
NA,NA,NA,NA,14.8166666666667,NA,NA,NA,NA,NA,NA
NA,NA,NA,NA,14.383333333333301,NA,NA,NA,NA,NA,NA
NA,NA,NA,NA,13.925,NA,NA,NA,NA,NA,NA
NA,NA,NA,NA,13.9083333333333,NA,NA,NA,NA,NA,NA
NA,NA,NA,NA,14.6166666666667,NA,NA,NA,NA,NA,NA
NA,NA,NA,NA,14.975,NA,NA,NA,NA,NA,NA
NA,NA,NA,NA,14.6833333333333,NA,NA,NA,NA,NA,NA
NA,NA,NA,NA,14.6083333333333,NA,NA,NA,NA,NA,NA
NA,NA,NA,NA,14.2833333333333,NA,NA,NA,NA,NA,NA
NA,NA,NA,NA,13.8583333333333,NA,NA,NA,NA,NA,NA
NA,NA,NA,NA,13.375,NA,NA,NA,NA,NA,NA
NA,NA,NA,NA,13.5416666666667,NA,NA,NA,NA,NA,NA
NA,NA,NA,NA,14.3916666666667,NA,NA,NA,NA,NA,NA
NA,NA,NA,NA,14.4916666666667,NA,NA,NA,NA,NA,NA
NA,NA,NA,NA,14.4,NA,NA,NA,NA,NA,NA
NA,NA,NA,NA,14.175,NA,NA,NA,NA,NA,NA
NA,NA,NA,NA,13.8333333333333,NA,NA,NA,NA,NA,NA
NA,NA,NA,NA,13.4,NA,NA,NA,NA,NA,NA
NA,NA,NA,NA,13.0416666666667,NA,NA,NA,NA,NA,NA
NA,NA,NA,NA,13.1583333333333,NA,NA,NA,NA,NA,NA
NA,NA,NA,NA,13.6166666666667,NA,NA,NA,NA,NA,NA
NA,NA,NA,NA,13.9833333333333,NA,NA,NA,NA,NA,NA
NA,NA,NA,NA,14.1583333333333,NA,NA,NA,NA,NA,NA
NA,NA,NA,NA,13.9416666666667,NA,NA,NA,NA,NA,NA
NA,NA,NA,NA,13.6,NA,NA,NA,NA,NA,NA
NA,NA,NA,NA,13.1833333333333,NA,NA,NA,NA,NA,NA
NA,NA,NA,NA,12.6916666666667,NA,NA,NA,NA,NA,NA
NA,NA,NA,NA,12.95,NA,NA,NA,NA,NA,NA
NA,NA,NA,NA,13.85,NA,NA,NA,NA,NA,NA
NA,NA,NA,NA,14.2,NA,NA,NA,NA,NA,NA
NA,NA,NA,NA,14.3083333333333,NA,NA,NA,NA,NA,NA
NA,NA,NA,NA,14.1916666666667,NA,NA,NA,NA,NA,NA
NA,NA,NA,NA,14.008333333333301,NA,NA,NA,NA,NA,NA
NA,NA,NA,NA,13.6583333333333,NA,NA,NA,NA,NA,NA
NA,NA,NA,NA,13.25,NA,NA,NA,NA,NA,NA
NA,NA,NA,NA,13.525,NA,NA,NA,NA,NA,NA
NA,NA,NA,NA,14.45,NA,NA,NA,NA,NA,NA
NA,NA,NA,NA,14.8666666666667,NA,NA,NA,NA,NA,NA
NA,NA,NA,NA,14.9666666666667,NA,NA,NA,NA,NA,NA
NA,NA,NA,NA,14.85,NA,NA,NA,NA,NA,NA
NA,NA,NA,NA,14.633333333333301,NA,NA,NA,NA,NA,NA
NA,NA,NA,NA,14.225,NA,NA,NA,NA,NA,NA
NA,NA,NA,NA,13.7833333333333,NA,NA,NA,NA,NA,NA
NA,NA,NA,NA,14.0583333333333,NA,NA,NA,NA,NA,NA
NA,NA,NA,NA,15.1916666666667,NA,NA,NA,NA,NA,NA
NA,NA,NA,NA,15.6,NA,NA,NA,NA,NA,NA
NA,NA,NA,NA,15.6,NA,NA,NA,NA,NA,NA
NA,NA,NA,NA,15.55,NA,NA,NA,NA,NA,NA
NA,NA,NA,NA,15.383333333333301,NA,NA,NA,NA,NA,NA
NA,NA,NA,NA,15.025,NA,NA,NA,NA,NA,NA
NA,NA,NA,NA,14.758333333333301,NA,NA,NA,NA,NA,NA
NA,NA,NA,NA,14.9416666666667,NA,NA,NA,NA,NA,NA
NA,NA,NA,NA,16.1833333333333,NA,NA,NA,NA,NA,NA
NA,NA,NA,NA,16.7083333333333,NA,NA,NA,NA,NA,NA
NA,NA,NA,NA,16.525,NA,NA,NA,NA,NA,NA
NA,NA,NA,NA,16.6166666666667,NA,NA,NA,NA,NA,NA
NA,NA,NA,NA,16.8666666666667,NA,NA,NA,NA,NA,NA
NA,NA,NA,NA,16.775,NA,NA,NA,NA,NA,NA
NA,NA,NA,NA,16.375,NA,NA,NA,NA,NA,NA
NA,NA,NA,NA,16.4333333333333,NA,NA,NA,NA,NA,NA
NA,NA,NA,NA,16.6416666666667,NA,NA,NA,NA,NA,NA
NA,NA,NA,NA,16.95,NA,NA,NA,NA,NA,NA
NA,NA,NA,NA,17.2833333333333,NA,NA,NA,NA,NA,NA
NA,NA,NA,NA,17.1416666666667,NA,NA,NA,NA,NA,NA
NA,NA,NA,NA,16.875,NA,NA,NA,NA,NA,NA
NA,NA,NA,NA,16.4916666666667,NA,NA,NA,NA,NA,NA
NA,NA,NA,NA,16.225,NA,NA,NA,NA,NA,NA
NA,NA,NA,NA,16.4083333333333,NA,NA,NA,NA,NA,NA
NA,NA,NA,NA,16.65,NA,NA,NA,NA,NA,NA
NA,NA,NA,NA,16.875,NA,NA,NA,NA,NA,NA
NA,NA,NA,NA,17.0833333333333,NA,NA,NA,NA,NA,NA
NA,NA,NA,NA,17.075,NA,NA,NA,NA,NA,NA
NA,NA,NA,NA,16.9916666666667,NA,NA,NA,NA,NA,NA
NA,NA,NA,NA,16.7666666666667,NA,NA,NA,NA,NA,NA
NA,NA,NA,NA,16.6083333333333,NA,NA,NA,NA,NA,NA
NA,NA,NA,NA,16.9166666666667,NA,NA,NA,NA,NA,NA
NA,NA,NA,NA,17.7833333333333,NA,NA,NA,NA,NA,NA
NA,NA,NA,NA,18.025,NA,NA,NA,NA,NA,NA
NA,NA,NA,NA,17.8333333333333,NA,NA,NA,NA,NA,NA
NA,NA,NA,NA,17.8583333333333,NA,NA,NA,NA,NA,NA
NA,NA,NA,NA,17.7333333333333,NA,NA,NA,NA,NA,NA
NA,NA,NA,NA,17.425,NA,NA,NA,NA,NA,NA
NA,NA,NA,NA,17.175,NA,NA,NA,NA,NA,NA
NA,NA,NA,NA,17.45,NA,NA,NA,NA,NA,NA
NA,NA,NA,NA,17.9833333333333,NA,NA,NA,NA,NA,NA
NA,NA,NA,NA,18.3333333333333,NA,NA,NA,NA,NA,NA
NA,NA,NA,NA,18.1083333333333,NA,NA,NA,NA,NA,NA
NA,NA,NA,NA,17.8333333333333,NA,NA,NA,NA,NA,NA
NA,NA,NA,NA,17.5583333333333,NA,NA,NA,NA,NA,NA
NA,NA,NA,NA,17.1916666666667,NA,NA,NA,NA,NA,NA
NA,NA,NA,NA,16.9,NA,NA,NA,NA,NA,NA
NA,NA,NA,NA,17.0416666666667,NA,NA,NA,NA,NA,NA
NA,NA,NA,NA,17.7083333333333,NA,NA,NA,NA,NA,NA
NA,NA,NA,NA,17.9666666666667,NA,NA,NA,NA,NA,NA
NA,NA,NA,NA,17.95,NA,NA,NA,NA,NA,NA
NA,NA,NA,NA,17.85,NA,NA,NA,NA,NA,NA
NA,NA,NA,NA,17.7,NA,NA,NA,NA,NA,NA
NA,NA,NA,NA,17.4583333333333,NA,NA,NA,NA,NA,NA
NA,NA,NA,NA,17.175,NA,NA,NA,NA,NA,NA
NA,NA,NA,NA,17.2583333333333,NA,NA,NA,NA,NA,NA
NA,NA,NA,NA,17.1833333333333,NA,NA,NA,NA,NA,NA
NA,NA,NA,NA,17.3416666666667,NA,NA,NA,NA,NA,NA
NA,NA,NA,NA,17.1416666666667,NA,NA,NA,NA,NA,NA
NA,NA,NA,NA,16.9916666666667,NA,NA,NA,NA,NA,NA
NA,NA,NA,NA,16.7,NA,NA,NA,NA,NA,NA
NA,NA,NA,NA,16.3166666666667,NA,NA,NA,NA,NA,NA
NA,NA,NA,NA,15.9666666666667,NA,NA,NA,NA,NA,NA
NA,NA,NA,NA,16.3833333333333,NA,NA,NA,NA,NA,NA
NA,NA,NA,NA,17.55,NA,NA,NA,NA,NA,NA
NA,NA,NA,NA,17.4833333333333,NA,NA,NA,NA,NA,NA
NA,NA,NA,NA,17.5666666666667,NA,NA,NA,NA,NA,NA
NA,NA,NA,NA,17.4416666666667,NA,NA,NA,NA,NA,NA
NA,NA,NA,NA,17.2916666666667,NA,NA,NA,NA,NA,NA
NA,NA,NA,NA,16.9166666666667,NA,NA,NA,NA,NA,NA
NA,NA,NA,NA,16.625,NA,NA,NA,NA,NA,NA
NA,NA,NA,NA,16.9,NA,NA,NA,NA,NA,NA
NA,NA,NA,NA,17.725,NA,NA,NA,NA,NA,NA
NA,NA,NA,NA,17.8666666666667,NA,NA,NA,NA,NA,NA
NA,NA,NA,NA,18.0166666666667,NA,NA,NA,NA,NA,NA
NA,NA,NA,NA,17.8083333333333,NA,NA,NA,NA,NA,NA
NA,NA,NA,NA,17.55,NA,NA,NA,NA,NA,NA
NA,NA,NA,NA,17.25,NA,NA,NA,NA,NA,NA
NA,NA,NA,NA,17.0166666666667,NA,NA,NA,NA,NA,NA
NA,NA,NA,NA,17.4583333333333,NA,NA,NA,NA,NA,NA
NA,NA,NA,NA,18.6583333333333,NA,NA,NA,NA,NA,NA
NA,NA,NA,NA,18.875,NA,NA,NA,NA,NA,NA
NA,NA,NA,NA,18.4916666666667,NA,NA,NA,NA,NA,NA
NA,NA,NA,NA,18.4,NA,NA,NA,NA,NA,NA
NA,NA,NA,NA,18.3583333333333,NA,NA,NA,NA,NA,NA
NA,NA,NA,NA,18.1166666666667,NA,NA,NA,NA,NA,NA
NA,NA,NA,NA,17.9,NA,NA,NA,NA,NA,NA
NA,NA,NA,NA,18.1916666666667,NA,NA,NA,NA,NA,NA
NA,NA,NA,NA,19.1083333333333,NA,NA,NA,NA,NA,NA
NA,NA,NA,NA,19.2916666666667,NA,NA,NA,NA,NA,NA
NA,NA,NA,NA,18.6,NA,NA,NA,NA,NA,NA
NA,NA,NA,NA,18.1916666666667,NA,NA,NA,NA,NA,NA
NA,NA,NA,NA,17.8916666666667,NA,NA,NA,NA,NA,NA
NA,NA,NA,NA,17.4916666666667,NA,NA,NA,NA,NA,NA
NA,NA,NA,NA,17.1416666666667,NA,NA,NA,NA,NA,NA
NA,NA,NA,NA,17.5333333333333,NA,NA,NA,NA,NA,NA
NA,NA,NA,NA,18.65,NA,NA,NA,NA,NA,NA
NA,NA,NA,NA,19.0583333333333,NA,NA,NA,NA,NA,NA
NA,NA,NA,NA,18.2666666666667,NA,NA,NA,NA,NA,NA
NA,NA,NA,NA,17.9,NA,NA,NA,NA,NA,NA
NA,NA,NA,NA,17.7166666666667,NA,NA,NA,NA,NA,NA
NA,NA,NA,NA,17.5,NA,NA,NA,NA,NA,NA
NA,NA,NA,NA,17.2166666666667,NA,NA,NA,NA,NA,NA
NA,NA,NA,NA,17.8416666666667,NA,NA,NA,NA,NA,NA
NA,NA,NA,NA,19.4583333333333,NA,NA,NA,NA,NA,NA
NA,NA,NA,NA,19.75,NA,NA,NA,NA,NA,NA
NA,NA,NA,NA,18.875,NA,NA,NA,NA,NA,NA
NA,NA,NA,NA,18.5916666666667,NA,NA,NA,NA,NA,NA
NA,NA,NA,NA,18.4333333333333,NA,NA,NA,NA,NA,NA
NA,NA,NA,NA,18.1,NA,NA,NA,NA,NA,NA
NA,NA,NA,NA,17.95,NA,NA,NA,NA,NA,NA
NA,NA,NA,NA,18.5833333333333,NA,NA,NA,NA,NA,NA
NA,NA,NA,NA,19.7166666666667,NA,NA,NA,NA,NA,NA
NA,NA,NA,NA,20.0083333333333,NA,NA,NA,NA,NA,NA
NA,NA,NA,NA,19.1833333333333,NA,NA,NA,NA,NA,NA
NA,NA,NA,NA,18.85,NA,NA,NA,NA,NA,NA
NA,NA,NA,NA,18.7333333333333,NA,NA,NA,NA,NA,NA
NA,NA,NA,NA,18.3833333333333,NA,NA,NA,NA,NA,NA
NA,NA,NA,NA,18.1166666666667,NA,NA,NA,NA,NA,NA
NA,NA,NA,NA,18.675,NA,NA,NA,NA,NA,NA
NA,NA,NA,NA,20.1083333333333,NA,NA,NA,NA,NA,NA
NA,NA,NA,NA,20.3916666666667,NA,NA,NA,NA,NA,NA
NA,NA,NA,NA,19.5833333333333,NA,NA,NA,NA,NA,NA
NA,NA,NA,NA,19.3416666666667,NA,NA,NA,NA,NA,NA
NA,NA,NA,NA,19.0833333333333,NA,NA,NA,NA,NA,NA
NA,NA,NA,NA,18.8166666666667,NA,NA,NA,NA,NA,NA
NA,NA,NA,NA,18.7,NA,NA,NA,NA,NA,NA
NA,NA,NA,NA,19.3583333333333,NA,NA,NA,NA,NA,NA
NA,NA,NA,NA,20.9666666666667,NA,NA,NA,NA,NA,NA
NA,NA,NA,NA,21.275,NA,NA,NA,NA,NA,NA
NA,NA,NA,NA,20.5583333333333,NA,NA,NA,NA,NA,NA
NA,NA,NA,NA,20.25,NA,NA,NA,NA,NA,NA
NA,NA,NA,NA,19.8916666666667,NA,NA,NA,NA,NA,NA
NA,NA,NA,NA,19.55,NA,NA,NA,NA,NA,NA
NA,NA,NA,NA,19.6583333333333,NA,NA,NA,NA,NA,NA
NA,NA,NA,NA,20.625,NA,NA,NA,NA,NA,NA
NA,NA,NA,NA,22.175,NA,NA,NA,NA,NA,NA
NA,NA,NA,NA,22.5166666666667,NA,NA,NA,NA,NA,NA
NA,NA,NA,NA,21.6666666666667,NA,NA,NA,NA,NA,NA
NA,NA,NA,NA,21.2666666666667,NA,NA,NA,NA,NA,NA
NA,NA,NA,NA,21.0583333333333,NA,NA,NA,NA,NA,NA
NA,NA,NA,NA,21,NA,NA,NA,NA,NA,NA
NA,NA,NA,NA,21.1333333333333,NA,NA,NA,NA,NA,NA
NA,NA,NA,NA,21.35,NA,NA,NA,NA,NA,NA
NA,NA,NA,NA,21.9333333333333,NA,NA,NA,NA,NA,NA
NA,NA,NA,NA,20.9083333333333,NA,NA,NA,NA,NA,NA
NA,NA,NA,NA,20.275,NA,NA,NA,NA,NA,NA
NA,NA,NA,NA,19.4416666666667,NA,NA,NA,NA,NA,NA
NA,NA,NA,NA,19.0916666666667,NA,NA,NA,NA,NA,NA
NA,NA,NA,NA,18.7083333333333,NA,NA,NA,NA,NA,NA
NA,NA,NA,NA,18.3416666666667,NA,NA,NA,NA,NA,NA
NA,NA,NA,NA,18.85,NA,NA,NA,NA,NA,NA
NA,NA,NA,NA,20.2916666666667,NA,NA,NA,NA,NA,NA
NA,NA,NA,NA,20.4416666666667,NA,NA,NA,NA,NA,NA
NA,NA,NA,NA,19.775,NA,NA,NA,NA,NA,NA
NA,NA,NA,NA,19.3583333333333,NA,NA,NA,NA,NA,NA
NA,NA,NA,NA,19.0916666666667,NA,NA,NA,NA,NA,NA
NA,NA,NA,NA,18.725,NA,NA,NA,NA,NA,NA
NA,NA,NA,NA,18.6166666666667,NA,NA,NA,NA,NA,NA
NA,NA,NA,NA,19.1833333333333,NA,NA,NA,NA,NA,NA
NA,NA,NA,NA,20.5833333333333,NA,NA,NA,NA,NA,NA
NA,NA,NA,NA,20.45,NA,NA,NA,NA,NA,NA
NA,NA,NA,NA,19.9166666666667,NA,NA,NA,NA,NA,NA
NA,NA,NA,NA,19.6083333333333,NA,NA,NA,NA,NA,NA
NA,NA,NA,NA,19.2,NA,NA,NA,NA,NA,NA
NA,NA,NA,NA,18.8333333333333,NA,NA,NA,NA,NA,NA
NA,NA,NA,NA,18.7666666666667,NA,NA,NA,NA,NA,NA
NA,NA,NA,NA,19.5333333333333,NA,NA,NA,NA,NA,NA
NA,NA,NA,NA,21.125,NA,NA,NA,NA,NA,NA
NA,NA,NA,NA,21.475,NA,NA,NA,NA,NA,NA
NA,NA,NA,NA,20.7083333333333,NA,NA,NA,NA,NA,NA
NA,NA,NA,NA,20.3,NA,NA,NA,NA,NA,NA
NA,NA,NA,NA,20,NA,NA,NA,NA,NA,NA
NA,NA,NA,NA,19.8416666666667,NA,NA,NA,NA,NA,NA
NA,NA,NA,NA,19.8583333333333,NA,NA,NA,NA,NA,NA
NA,NA,NA,NA,20.0333333333333,NA,NA,NA,NA,NA,NA
NA,NA,NA,NA,21.0083333333333,NA,NA,NA,NA,NA,NA
NA,NA,NA,NA,21.0666666666667,NA,NA,NA,NA,NA,NA
NA,NA,NA,NA,20.1583333333333,NA,NA,NA,NA,NA,NA
NA,NA,NA,NA,19.9833333333333,NA,NA,NA,NA,NA,NA
NA,NA,NA,NA,19.8416666666667,NA,NA,NA,NA,NA,NA
NA,NA,NA,NA,19.75,NA,NA,NA,NA,NA,NA
NA,NA,NA,NA,19.6,NA,NA,NA,NA,NA,NA
NA,NA,NA,NA,19.8166666666667,NA,NA,NA,NA,NA,NA
NA,NA,NA,NA,20.7666666666667,NA,NA,NA,NA,NA,NA
NA,NA,NA,NA,20.7916666666667,NA,NA,NA,NA,NA,NA
NA,NA,NA,NA,20.4083333333333,NA,NA,NA,NA,NA,NA
NA,NA,NA,NA,20.2333333333333,NA,NA,NA,NA,NA,NA
NA,NA,NA,NA,20.025,NA,NA,NA,NA,NA,NA
NA,NA,NA,NA,19.7083333333333,NA,NA,NA,NA,NA,NA
NA,NA,NA,NA,19.5333333333333,NA,NA,NA,NA,NA,NA
NA,NA,NA,NA,20.275,NA,NA,NA,NA,NA,NA
NA,NA,NA,NA,21.3833333333333,NA,NA,NA,NA,NA,NA
NA,NA,NA,NA,21.6916666666667,NA,NA,NA,NA,NA,NA
NA,NA,NA,NA,21.05,NA,NA,NA,NA,NA,NA
NA,NA,NA,NA,20.725,NA,NA,NA,NA,NA,NA
NA,NA,NA,NA,20.5416666666667,NA,NA,NA,NA,NA,NA
NA,NA,NA,NA,20.3416666666667,NA,NA,NA,NA,NA,NA
NA,NA,NA,NA,20.3583333333333,NA,NA,NA,NA,NA,NA
NA,NA,NA,NA,21.1333333333333,NA,NA,NA,NA,NA,NA
NA,NA,NA,NA,22.3166666666667,NA,NA,NA,NA,NA,NA
NA,NA,NA,NA,22.4916666666667,NA,NA,NA,NA,NA,NA
NA,NA,NA,NA,21.7583333333333,NA,NA,NA,NA,NA,NA
NA,NA,NA,NA,21.2,NA,NA,NA,NA,NA,NA
NA,NA,NA,NA,20.8916666666667,NA,NA,NA,NA,NA,NA
NA,NA,NA,NA,20.6583333333333,NA,NA,NA,NA,NA,NA
NA,NA,NA,NA,20.6416666666667,NA,NA,NA,NA,NA,NA
NA,NA,NA,NA,21.1833333333333,NA,NA,NA,NA,NA,NA
NA,NA,NA,NA,22.2916666666667,NA,NA,NA,NA,NA,NA
NA,NA,NA,NA,22.4833333333333,NA,NA,NA,NA,NA,NA
NA,NA,NA,NA,21.6333333333333,NA,NA,NA,NA,NA,NA
NA,NA,NA,NA,21.125,NA,NA,NA,NA,NA,NA
NA,NA,NA,NA,20.975,NA,NA,NA,NA,NA,NA
NA,NA,NA,NA,20.9083333333333,NA,NA,NA,NA,NA,NA
NA,NA,NA,NA,21,NA,NA,NA,NA,NA,NA
NA,NA,NA,NA,21.3916666666667,NA,NA,NA,NA,NA,NA
NA,NA,NA,NA,21.8083333333333,NA,NA,NA,NA,NA,NA
NA,NA,NA,NA,21.9166666666667,NA,NA,NA,NA,NA,NA
NA,NA,NA,NA,21.5083333333333,NA,NA,NA,NA,NA,NA
NA,NA,NA,NA,21.1833333333333,NA,NA,NA,NA,NA,NA
NA,NA,NA,NA,20.8916666666667,NA,NA,NA,NA,NA,NA
NA,NA,NA,NA,20.625,NA,NA,NA,NA,NA,NA
NA,NA,NA,NA,20.5333333333333,NA,NA,NA,NA,NA,NA
NA,NA,NA,NA,21.2,NA,NA,NA,NA,NA,NA
NA,NA,NA,NA,22.2083333333333,NA,NA,NA,NA,NA,NA
NA,NA,NA,NA,22.9,NA,NA,NA,NA,NA,NA
NA,NA,NA,NA,22.3083333333333,NA,NA,NA,NA,NA,NA
NA,NA,NA,NA,21.7916666666667,NA,NA,NA,NA,NA,NA
NA,NA,NA,NA,21.75,NA,NA,NA,NA,NA,NA
NA,NA,NA,NA,21.6083333333333,NA,NA,NA,NA,NA,NA
NA,NA,NA,NA,21.2333333333333,NA,NA,NA,NA,NA,NA
NA,NA,NA,NA,21.1916666666667,NA,NA,NA,NA,NA,NA
NA,NA,NA,NA,21.0916666666667,NA,NA,NA,NA,NA,NA
NA,NA,NA,NA,20.75,NA,NA,NA,NA,NA,NA
NA,NA,NA,NA,20.3833333333333,NA,NA,NA,NA,NA,NA
NA,NA,NA,NA,19.85,NA,NA,NA,NA,NA,NA
NA,NA,NA,NA,19.5833333333333,NA,NA,NA,NA,NA,NA
NA,NA,NA,NA,19.1666666666667,NA,NA,NA,NA,NA,NA
NA,NA,NA,NA,18.7833333333333,NA,NA,NA,NA,NA,NA
NA,NA,NA,NA,19.0333333333333,NA,NA,NA,NA,NA,NA
NA,NA,NA,NA,20.2166666666667,NA,NA,NA,NA,NA,NA
NA,NA,NA,NA,20.65,NA,NA,NA,NA,NA,NA
NA,NA,NA,NA,20,NA,NA,NA,NA,NA,NA
NA,NA,NA,NA,19.7333333333333,NA,NA,NA,NA,NA,NA
NA,NA,NA,NA,19.3833333333333,NA,NA,NA,NA,NA,NA
NA,NA,NA,NA,19.0833333333333,NA,NA,NA,NA,NA,NA
NA,NA,NA,NA,18.9083333333333,NA,NA,NA,NA,NA,NA
NA,NA,NA,NA,19.5916666666667,NA,NA,NA,NA,NA,NA
NA,NA,NA,NA,21.0666666666667,NA,NA,NA,NA,NA,NA
NA,NA,NA,NA,21.475,NA,NA,NA,NA,NA,NA
NA,NA,NA,NA,20.5583333333333,NA,NA,NA,NA,NA,NA
NA,NA,NA,NA,20.2083333333333,NA,NA,NA,NA,NA,NA
NA,NA,NA,NA,19.8083333333333,NA,NA,NA,NA,NA,NA
NA,NA,NA,NA,19.5333333333333,NA,NA,NA,NA,NA,NA
NA,NA,NA,NA,19.5583333333333,NA,NA,NA,NA,NA,NA
NA,NA,NA,NA,20.1583333333333,NA,NA,NA,NA,NA,NA
NA,NA,NA,NA,21.5916666666667,NA,NA,NA,NA,NA,NA
NA,NA,NA,NA,21.9083333333333,NA,NA,NA,NA,NA,NA
NA,NA,NA,NA,20.925,NA,NA,NA,NA,NA,NA
NA,NA,NA,NA,20.225,NA,NA,NA,NA,NA,NA
NA,NA,NA,NA,19.875,NA,NA,NA,NA,NA,NA
NA,NA,NA,NA,19.5,NA,NA,NA,NA,NA,NA
NA,NA,NA,NA,19.4416666666667,NA,NA,NA,NA,NA,NA
NA,NA,NA,NA,20.3666666666667,NA,NA,NA,NA,NA,NA
NA,NA,NA,NA,22.0166666666667,NA,NA,NA,NA,NA,NA
NA,NA,NA,NA,21.95,NA,NA,NA,NA,NA,NA
NA,NA,NA,NA,21.1583333333333,NA,NA,NA,NA,NA,NA
NA,NA,NA,NA,20.4833333333333,NA,NA,NA,NA,NA,NA
NA,NA,NA,NA,20.2333333333333,NA,NA,NA,NA,NA,NA
NA,NA,NA,NA,20.0083333333333,NA,NA,NA,NA,NA,NA
NA,NA,NA,NA,19.8416666666667,NA,NA,NA,NA,NA,NA
NA,NA,NA,NA,20.4583333333333,NA,NA,NA,NA,NA,NA
NA,NA,NA,NA,21.725,NA,NA,NA,NA,NA,NA
NA,NA,NA,NA,21.8583333333333,NA,NA,NA,NA,NA,NA
NA,NA,NA,NA,20.8083333333333,NA,NA,NA,NA,NA,NA
NA,NA,NA,NA,20.0833333333333,NA,NA,NA,NA,NA,NA
NA,NA,NA,NA,19.675,NA,NA,NA,NA,NA,NA
NA,NA,NA,NA,19.4166666666667,NA,NA,NA,NA,NA,NA
NA,NA,NA,NA,19.2333333333333,NA,NA,NA,NA,NA,NA
NA,NA,NA,NA,19.1333333333333,NA,NA,NA,NA,NA,NA
NA,NA,NA,NA,19.0166666666667,NA,NA,NA,NA,NA,NA
NA,NA,NA,NA,19.0666666666667,NA,NA,NA,NA,NA,NA
NA,NA,NA,NA,18.9916666666667,NA,NA,NA,NA,NA,NA
NA,NA,NA,NA,18.5916666666667,NA,NA,NA,NA,NA,NA
NA,NA,NA,NA,18.2333333333333,NA,NA,NA,NA,NA,NA
NA,NA,NA,NA,18.0333333333333,NA,NA,NA,NA,NA,NA
NA,NA,NA,NA,17.7333333333333,NA,NA,NA,NA,NA,NA
NA,NA,NA,NA,17.5916666666667,NA,NA,NA,NA,NA,NA
NA,NA,NA,NA,17.6833333333333,NA,NA,NA,NA,NA,NA
NA,NA,NA,NA,18.0083333333333,NA,NA,NA,NA,NA,NA
NA,NA,NA,NA,17.65,NA,NA,NA,NA,NA,NA
NA,NA,NA,NA,17.3666666666667,NA,NA,NA,NA,NA,NA
NA,NA,NA,NA,17.2,NA,NA,NA,NA,NA,NA
NA,NA,NA,NA,16.9083333333333,NA,NA,NA,NA,NA,NA
NA,NA,NA,NA,16.8416666666667,NA,NA,NA,NA,NA,NA
NA,NA,NA,NA,17.325,NA,NA,NA,NA,NA,NA
NA,NA,NA,NA,17.3333333333333,NA,NA,NA,NA,NA,NA
NA,NA,NA,NA,17.5833333333333,NA,NA,NA,NA,NA,NA
NA,NA,NA,NA,17.3083333333333,NA,NA,NA,NA,NA,NA
NA,NA,NA,NA,17.075,NA,NA,NA,NA,NA,NA
NA,NA,NA,NA,16.9333333333333,NA,NA,NA,NA,NA,NA
NA,NA,NA,NA,16.7166666666667,NA,NA,NA,NA,NA,NA
NA,NA,NA,NA,16.6,NA,NA,NA,NA,NA,NA
NA,NA,NA,NA,16.65,NA,NA,NA,NA,NA,NA
NA,NA,NA,NA,16.9166666666667,NA,NA,NA,NA,NA,NA
NA,NA,NA,NA,17.1416666666667,NA,NA,NA,NA,NA,NA
NA,NA,NA,NA,16.8083333333333,NA,NA,NA,NA,NA,NA
NA,NA,NA,NA,16.4833333333333,NA,NA,NA,NA,NA,NA
NA,NA,NA,NA,16.3416666666667,NA,NA,NA,NA,NA,NA
NA,NA,NA,NA,16.2166666666667,NA,NA,NA,NA,NA,NA
NA,NA,NA,NA,16.1166666666667,NA,NA,NA,NA,NA,NA
NA,NA,NA,NA,16.3666666666667,NA,NA,NA,NA,NA,NA
NA,NA,NA,NA,17.3166666666667,NA,NA,NA,NA,NA,NA
NA,NA,NA,NA,17.3083333333333,NA,NA,NA,NA,NA,NA
NA,NA,NA,NA,17.05,NA,NA,NA,NA,NA,NA
NA,NA,NA,NA,16.9333333333333,NA,NA,NA,NA,NA,NA
NA,NA,NA,NA,16.7666666666667,NA,NA,NA,NA,NA,NA
NA,NA,NA,NA,16.5333333333333,NA,NA,NA,NA,NA,NA
NA,NA,NA,NA,16.575,NA,NA,NA,NA,NA,NA
NA,NA,NA,NA,17.1833333333333,NA,NA,NA,NA,NA,NA
NA,NA,NA,NA,18.5416666666667,NA,NA,NA,NA,NA,NA
NA,NA,NA,NA,18.9416666666667,NA,NA,NA,NA,NA,NA
NA,NA,NA,NA,18.3833333333333,NA,NA,NA,NA,NA,NA
NA,NA,NA,NA,17.9666666666667,NA,NA,NA,NA,NA,NA
NA,NA,NA,NA,17.6166666666667,NA,NA,NA,NA,NA,NA
NA,NA,NA,NA,17.2833333333333,NA,NA,NA,NA,NA,NA
NA,NA,NA,NA,17.2416666666667,NA,NA,NA,NA,NA,NA
NA,NA,NA,NA,18.0666666666667,NA,NA,NA,NA,NA,NA
NA,NA,NA,NA,19.3333333333333,NA,NA,NA,NA,NA,NA
NA,NA,NA,NA,19.3416666666667,NA,NA,NA,NA,NA,NA
NA,NA,NA,NA,19.0833333333333,NA,NA,NA,NA,NA,NA
NA,NA,NA,NA,18.6833333333333,NA,NA,NA,NA,NA,NA
NA,NA,NA,NA,18.2916666666667,NA,NA,NA,NA,NA,NA
NA,NA,NA,NA,18.1083333333333,NA,NA,NA,NA,NA,NA
NA,NA,NA,NA,18.1916666666667,NA,NA,NA,NA,NA,NA
NA,NA,NA,NA,18.6666666666667,NA,NA,NA,NA,NA,NA
NA,NA,NA,NA,19.8833333333333,NA,NA,NA,NA,NA,NA
NA,NA,NA,NA,20.3666666666667,NA,NA,NA,NA,NA,NA
NA,NA,NA,NA,19.5416666666667,NA,NA,NA,NA,NA,NA
NA,NA,NA,NA,19.1666666666667,NA,NA,NA,NA,NA,NA
NA,NA,NA,NA,18.675,NA,NA,NA,NA,NA,NA
NA,NA,NA,NA,18.2083333333333,NA,NA,NA,NA,NA,NA
NA,NA,NA,NA,18.125,NA,NA,NA,NA,NA,NA
NA,NA,NA,NA,18.5833333333333,NA,NA,NA,NA,NA,NA
NA,NA,NA,NA,19.0333333333333,NA,NA,NA,NA,NA,NA
NA,NA,NA,NA,19.3666666666667,NA,NA,NA,NA,NA,NA
NA,NA,NA,NA,18.9,NA,NA,NA,NA,NA,NA
NA,NA,NA,NA,18.475,NA,NA,NA,NA,NA,NA
NA,NA,NA,NA,18.0166666666667,NA,NA,NA,NA,NA,NA
NA,NA,NA,NA,17.625,NA,NA,NA,NA,NA,NA
NA,NA,NA,NA,17.3583333333333,NA,NA,NA,NA,NA,NA
NA,NA,NA,NA,17.9583333333333,NA,NA,NA,NA,NA,NA
NA,NA,NA,NA,18.7833333333333,NA,NA,NA,NA,NA,NA
NA,NA,NA,NA,19.1916666666667,NA,NA,NA,NA,NA,NA
NA,NA,NA,NA,18.7,NA,NA,NA,NA,NA,NA
NA,NA,NA,NA,18.1583333333333,NA,NA,NA,NA,NA,NA
NA,NA,NA,NA,17.7166666666667,NA,NA,NA,NA,NA,NA
NA,NA,NA,NA,17.275,NA,NA,NA,NA,NA,NA
NA,NA,NA,NA,16.9916666666667,NA,NA,NA,NA,NA,NA
NA,NA,NA,NA,17.6083333333333,NA,NA,NA,NA,NA,NA
NA,NA,NA,NA,19.2333333333333,NA,NA,NA,NA,NA,NA
NA,NA,NA,NA,19.8166666666667,NA,NA,NA,NA,NA,NA
NA,NA,NA,NA,19.05,NA,NA,NA,NA,NA,NA
NA,NA,NA,NA,18.5083333333333,NA,NA,NA,NA,NA,NA
NA,NA,NA,NA,18.1333333333333,NA,NA,NA,NA,NA,NA
NA,NA,NA,NA,17.7,NA,NA,NA,NA,NA,NA
NA,NA,NA,NA,17.325,NA,NA,NA,NA,NA,NA
NA,NA,NA,NA,17.9,NA,NA,NA,NA,NA,NA
NA,NA,NA,NA,19.5916666666667,NA,NA,NA,NA,NA,NA
NA,NA,NA,NA,20.2333333333333,NA,NA,NA,NA,NA,NA
NA,NA,NA,NA,19.7583333333333,NA,NA,NA,NA,NA,NA
NA,NA,NA,NA,19.3166666666667,NA,NA,NA,NA,NA,NA
NA,NA,NA,NA,18.9083333333333,NA,NA,NA,NA,NA,NA
NA,NA,NA,NA,18.45,NA,NA,NA,NA,NA,NA
NA,NA,NA,NA,18.125,NA,NA,NA,NA,NA,NA
NA,NA,NA,NA,18.9166666666667,NA,NA,NA,NA,NA,NA
NA,NA,NA,NA,21.025,NA,NA,NA,NA,NA,NA
NA,NA,NA,NA,21.5916666666667,NA,NA,NA,NA,NA,NA
NA,NA,NA,NA,20.7083333333333,NA,NA,NA,NA,NA,NA
NA,NA,NA,NA,20.3083333333333,NA,NA,NA,NA,NA,NA
NA,NA,NA,NA,20.0416666666667,NA,NA,NA,NA,NA,NA
NA,NA,NA,NA,19.55,NA,NA,NA,NA,NA,NA
NA,NA,NA,NA,19.2166666666667,NA,NA,NA,NA,NA,NA
NA,NA,NA,NA,20.025,NA,NA,NA,NA,NA,NA
NA,NA,NA,NA,22.275,NA,NA,NA,NA,NA,NA
NA,NA,NA,NA,22.5166666666667,NA,NA,NA,NA,NA,NA
NA,NA,NA,NA,21.825,NA,NA,NA,NA,NA,NA
NA,NA,NA,NA,21.4666666666667,NA,NA,NA,NA,NA,NA
NA,NA,NA,NA,21.3166666666667,NA,NA,NA,NA,NA,NA
NA,NA,NA,NA,21.1166666666667,NA,NA,NA,NA,NA,NA
NA,NA,NA,NA,20.8166666666667,NA,NA,NA,NA,NA,NA
NA,NA,NA,NA,21.0333333333333,NA,NA,NA,NA,NA,NA
NA,NA,NA,NA,22.225,NA,NA,NA,NA,NA,NA
NA,NA,NA,NA,22.9666666666667,NA,NA,NA,NA,NA,NA
NA,NA,NA,NA,22.0583333333333,NA,NA,NA,NA,NA,NA
NA,NA,NA,NA,21.4583333333333,NA,NA,NA,NA,NA,NA
NA,NA,NA,NA,21.0583333333333,NA,NA,NA,NA,NA,NA
NA,NA,NA,NA,20.5916666666667,NA,NA,NA,NA,NA,NA
NA,NA,NA,NA,20.2333333333333,NA,NA,NA,NA,NA,NA
NA,NA,NA,NA,20.875,NA,NA,NA,NA,NA,NA
NA,NA,NA,NA,22.85,NA,NA,NA,NA,NA,NA
NA,NA,NA,NA,23,NA,NA,NA,NA,NA,NA
NA,NA,NA,NA,22.2083333333333,NA,NA,NA,NA,NA,NA
NA,NA,NA,NA,21.8416666666667,NA,NA,NA,NA,NA,NA
NA,NA,NA,NA,21.5,NA,NA,NA,NA,NA,NA
NA,NA,NA,NA,21.2666666666667,NA,NA,NA,NA,NA,NA
NA,NA,NA,NA,21.025,NA,NA,NA,NA,NA,NA
NA,NA,NA,NA,21.2,NA,NA,NA,NA,NA,NA
NA,NA,NA,NA,22.3,NA,NA,NA,NA,NA,NA
NA,NA,NA,NA,22.75,NA,NA,NA,NA,NA,NA
NA,NA,NA,NA,22.3416666666667,NA,NA,NA,NA,NA,NA
NA,NA,NA,NA,21.7583333333333,NA,NA,NA,NA,NA,NA
NA,NA,NA,NA,21.325,NA,NA,NA,NA,NA,NA
NA,NA,NA,NA,20.8666666666667,NA,NA,NA,NA,NA,NA
NA,NA,NA,NA,20.45,NA,NA,NA,NA,NA,NA
NA,NA,NA,NA,21.0833333333333,NA,NA,NA,NA,NA,NA
NA,NA,NA,NA,23.1166666666667,NA,NA,NA,NA,NA,NA
NA,NA,NA,NA,23.1083333333333,NA,NA,NA,NA,NA,NA
NA,NA,NA,NA,22.3166666666667,NA,NA,NA,NA,NA,NA
NA,NA,NA,NA,21.875,NA,NA,NA,NA,NA,NA
NA,NA,NA,NA,21.55,NA,NA,NA,NA,NA,NA
NA,NA,NA,NA,21.2416666666667,NA,NA,NA,NA,NA,NA
NA,NA,NA,NA,20.9166666666667,NA,NA,NA,NA,NA,NA
NA,NA,NA,NA,21.575,NA,NA,NA,NA,NA,NA
NA,NA,NA,NA,23.5666666666667,NA,NA,NA,NA,NA,NA
NA,NA,NA,NA,23.9166666666667,NA,NA,NA,NA,NA,NA
NA,NA,NA,NA,23.15,NA,NA,NA,NA,NA,NA
NA,NA,NA,NA,22.7833333333333,NA,NA,NA,NA,NA,NA
NA,NA,NA,NA,22.5166666666667,NA,NA,NA,NA,NA,NA
NA,NA,NA,NA,22.1416666666667,NA,NA,NA,NA,NA,NA
NA,NA,NA,NA,21.6666666666667,NA,NA,NA,NA,NA,NA
NA,NA,NA,NA,21.9416666666667,NA,NA,NA,NA,NA,NA
NA,NA,NA,NA,23.1333333333333,NA,NA,NA,NA,NA,NA
NA,NA,NA,NA,23.125,NA,NA,NA,NA,NA,NA
NA,NA,NA,NA,22.3833333333333,NA,NA,NA,NA,NA,NA
NA,NA,NA,NA,21.7416666666667,NA,NA,NA,NA,NA,NA
NA,NA,NA,NA,21.425,NA,NA,NA,NA,NA,NA
NA,NA,NA,NA,21.2,NA,NA,NA,NA,NA,NA
NA,NA,NA,NA,20.9416666666667,NA,NA,NA,NA,NA,NA
NA,NA,NA,NA,20.9333333333333,NA,NA,NA,NA,NA,NA
NA,NA,NA,NA,21.4,NA,NA,NA,NA,NA,NA
NA,NA,NA,NA,21.9333333333333,NA,NA,NA,NA,NA,NA
NA,NA,NA,NA,21.1916666666667,NA,NA,NA,NA,NA,NA
NA,NA,NA,NA,20.6666666666667,NA,NA,NA,NA,NA,NA
NA,NA,NA,NA,20.325,NA,NA,NA,NA,NA,NA
NA,NA,NA,NA,20,NA,NA,NA,NA,NA,NA
NA,NA,NA,NA,19.65,NA,NA,NA,NA,NA,NA
NA,NA,NA,NA,20.0916666666667,NA,NA,NA,NA,NA,NA
NA,NA,NA,NA,21.2333333333333,NA,NA,NA,NA,NA,NA
NA,NA,NA,NA,21.6833333333333,NA,NA,NA,NA,NA,NA
NA,NA,NA,NA,20.9166666666667,NA,NA,NA,NA,NA,NA
NA,NA,NA,NA,20.5583333333333,NA,NA,NA,NA,NA,NA
NA,NA,NA,NA,20.3666666666667,NA,NA,NA,NA,NA,NA
NA,NA,NA,NA,20.0916666666667,NA,NA,NA,NA,NA,NA
NA,NA,NA,NA,19.8,NA,NA,NA,NA,NA,NA
NA,NA,NA,NA,20.3083333333333,NA,NA,NA,NA,NA,NA
NA,NA,NA,NA,21.1833333333333,NA,NA,NA,NA,NA,NA
NA,NA,NA,NA,21.5083333333333,NA,NA,NA,NA,NA,NA
NA,NA,NA,NA,20.6333333333333,NA,NA,NA,NA,NA,NA
NA,NA,NA,NA,20.3416666666667,NA,NA,NA,NA,NA,NA
NA,NA,NA,NA,20.2416666666667,NA,NA,NA,NA,NA,NA
NA,NA,NA,NA,20.15,NA,NA,NA,NA,NA,NA
NA,NA,NA,NA,20.05,NA,NA,NA,NA,NA,NA
NA,NA,NA,NA,20.0083333333333,NA,NA,NA,NA,NA,NA
NA,NA,NA,NA,20.2666666666667,NA,NA,NA,NA,NA,NA
NA,NA,NA,NA,20.1416666666667,NA,NA,NA,NA,NA,NA
NA,NA,NA,NA,20.0583333333333,NA,NA,NA,NA,NA,NA
NA,NA,NA,NA,19.7833333333333,NA,NA,NA,NA,NA,NA
NA,NA,NA,NA,19.7583333333333,NA,NA,NA,NA,NA,NA
NA,NA,NA,NA,19.6083333333333,NA,NA,NA,NA,NA,NA
NA,NA,NA,NA,19.4416666666667,NA,NA,NA,NA,NA,NA
NA,NA,NA,NA,19.65,NA,NA,NA,NA,NA,NA
NA,NA,NA,NA,20.6416666666667,NA,NA,NA,NA,NA,NA
NA,NA,NA,NA,20.65,NA,NA,NA,NA,NA,NA
NA,NA,NA,NA,20.3416666666667,NA,NA,NA,NA,NA,NA
NA,NA,NA,NA,20.0666666666667,NA,NA,NA,NA,NA,NA
NA,NA,NA,NA,19.8833333333333,NA,NA,NA,NA,NA,NA
NA,NA,NA,NA,19.6416666666667,NA,NA,NA,NA,NA,NA
NA,NA,NA,NA,19.4666666666667,NA,NA,NA,NA,NA,NA
NA,NA,NA,NA,20.075,NA,NA,NA,NA,NA,NA
NA,NA,NA,NA,20.65,NA,NA,NA,NA,NA,NA
NA,NA,NA,NA,21.0083333333333,NA,NA,NA,NA,NA,NA
NA,NA,NA,NA,20.6833333333333,NA,NA,NA,NA,NA,NA
NA,NA,NA,NA,20.2833333333333,NA,NA,NA,NA,NA,NA
NA,NA,NA,NA,19.975,NA,NA,NA,NA,NA,NA
NA,NA,NA,NA,19.7666666666667,NA,NA,NA,NA,NA,NA
NA,NA,NA,NA,19.6083333333333,NA,NA,NA,NA,NA,NA
NA,NA,NA,NA,20.0083333333333,NA,NA,NA,NA,NA,NA
NA,NA,NA,NA,20.85,NA,NA,NA,NA,NA,NA
NA,NA,NA,NA,21.075,NA,NA,NA,NA,NA,NA
NA,NA,NA,NA,20.7083333333333,NA,NA,NA,NA,NA,NA
NA,NA,NA,NA,20.35,NA,NA,NA,NA,NA,NA
NA,NA,NA,NA,19.9916666666667,NA,NA,NA,NA,NA,NA
NA,NA,NA,NA,19.5916666666667,NA,NA,NA,NA,NA,NA
NA,NA,NA,NA,19.325,NA,NA,NA,NA,NA,NA
NA,NA,NA,NA,19.975,NA,NA,NA,NA,NA,NA
NA,NA,NA,NA,21.6583333333333,NA,NA,NA,NA,NA,NA
NA,NA,NA,NA,22.0416666666667,NA,NA,NA,NA,NA,NA
NA,NA,NA,NA,21.3416666666667,NA,NA,NA,NA,NA,NA
NA,NA,NA,NA,20.9583333333333,NA,NA,NA,NA,NA,NA
NA,NA,NA,NA,20.6916666666667,NA,NA,NA,NA,NA,NA
NA,NA,NA,NA,20.4083333333333,NA,NA,NA,NA,NA,NA
NA,NA,NA,NA,20.1166666666667,NA,NA,NA,NA,NA,NA
NA,NA,NA,NA,20.6583333333333,NA,NA,NA,NA,NA,NA
NA,NA,NA,NA,22.4166666666667,NA,NA,NA,NA,NA,NA
NA,NA,NA,NA,23.0833333333333,NA,NA,NA,NA,NA,NA
NA,NA,NA,NA,22.5,NA,NA,NA,NA,NA,NA
NA,NA,NA,NA,22.1083333333333,NA,NA,NA,NA,NA,NA
NA,NA,NA,NA,21.7833333333333,NA,NA,NA,NA,NA,NA
NA,NA,NA,NA,21.45,NA,NA,NA,NA,NA,NA
NA,NA,NA,NA,21.2416666666667,NA,NA,NA,NA,NA,NA
NA,NA,NA,NA,21.725,NA,NA,NA,NA,NA,NA
NA,NA,NA,NA,23.2666666666667,NA,NA,NA,NA,NA,NA
NA,NA,NA,NA,23.7333333333333,NA,NA,NA,NA,NA,NA
NA,NA,NA,NA,22.75,NA,NA,NA,NA,NA,NA
NA,NA,NA,NA,22.2416666666667,NA,NA,NA,NA,NA,NA
NA,NA,NA,NA,21.8333333333333,NA,NA,NA,NA,NA,NA
NA,NA,NA,NA,21.4083333333333,NA,NA,NA,NA,NA,NA
NA,NA,NA,NA,20.875,NA,NA,NA,NA,NA,NA
NA,NA,NA,NA,20.9,NA,NA,NA,NA,NA,NA
NA,NA,NA,NA,22.3083333333333,NA,NA,NA,NA,NA,NA
NA,NA,NA,NA,22.35,NA,NA,NA,NA,NA,NA
NA,NA,NA,NA,21.3916666666667,NA,NA,NA,NA,NA,NA
NA,NA,NA,NA,21.0416666666667,NA,NA,NA,NA,NA,NA
NA,NA,NA,NA,20.75,NA,NA,NA,NA,NA,NA
NA,NA,NA,NA,20.2083333333333,NA,NA,NA,NA,NA,NA
NA,NA,NA,NA,19.6833333333333,NA,NA,NA,NA,NA,NA
NA,NA,NA,NA,19.9666666666667,NA,NA,NA,NA,NA,NA
NA,NA,NA,NA,21.575,NA,NA,NA,NA,NA,NA
NA,NA,NA,NA,21.7,NA,NA,NA,NA,NA,NA
NA,NA,NA,NA,20.6583333333333,NA,NA,NA,NA,NA,NA
NA,NA,NA,NA,20.175,NA,NA,NA,NA,NA,NA
NA,NA,NA,NA,19.9416666666667,NA,NA,NA,NA,NA,NA
NA,NA,NA,NA,19.625,NA,NA,NA,NA,NA,NA
NA,NA,NA,NA,19.275,NA,NA,NA,NA,NA,NA
NA,NA,NA,NA,19.725,NA,NA,NA,NA,NA,NA
NA,NA,NA,NA,21.55,NA,NA,NA,NA,NA,NA
NA,NA,NA,NA,21.7833333333333,NA,NA,NA,NA,NA,NA
NA,NA,NA,NA,20.575,NA,NA,NA,NA,NA,NA
NA,NA,NA,NA,20.0666666666667,NA,NA,NA,NA,NA,NA
NA,NA,NA,NA,19.75,NA,NA,NA,NA,NA,NA
NA,NA,NA,NA,19.4166666666667,NA,NA,NA,NA,NA,NA
NA,NA,NA,NA,19.125,NA,NA,NA,NA,NA,NA
NA,NA,NA,NA,19.675,NA,NA,NA,NA,NA,NA
NA,NA,NA,NA,21.4,NA,NA,NA,NA,NA,NA
NA,NA,NA,NA,21.35,NA,NA,NA,NA,NA,NA
NA,NA,NA,NA,20.3916666666667,NA,NA,NA,NA,NA,NA
NA,NA,NA,NA,19.9166666666667,NA,NA,NA,NA,NA,NA
NA,NA,NA,NA,19.5833333333333,NA,NA,NA,NA,NA,NA
NA,NA,NA,NA,19.275,NA,NA,NA,NA,NA,NA
NA,NA,NA,NA,19,NA,NA,NA,NA,NA,NA
NA,NA,NA,NA,19.5166666666667,NA,NA,NA,NA,NA,NA
NA,NA,NA,NA,21.1333333333333,NA,NA,NA,NA,NA,NA
NA,NA,NA,NA,21.025,NA,NA,NA,NA,NA,NA
NA,NA,NA,NA,20.2166666666667,NA,NA,NA,NA,NA,NA
NA,NA,NA,NA,19.7,NA,NA,NA,NA,NA,NA
NA,NA,NA,NA,19.3166666666667,NA,NA,NA,NA,NA,NA
NA,NA,NA,NA,18.9833333333333,NA,NA,NA,NA,NA,NA
NA,NA,NA,NA,18.7916666666667,NA,NA,NA,NA,NA,NA
NA,NA,NA,NA,19.3833333333333,NA,NA,NA,NA,NA,NA
NA,NA,NA,NA,20.9416666666667,NA,NA,NA,NA,NA,NA
NA,NA,NA,NA,21.2416666666667,NA,NA,NA,NA,NA,NA
NA,NA,NA,NA,20.25,NA,NA,NA,NA,NA,NA
NA,NA,NA,NA,19.8333333333333,NA,NA,NA,NA,NA,NA
NA,NA,NA,NA,19.5166666666667,NA,NA,NA,NA,NA,NA
NA,NA,NA,NA,19.1833333333333,NA,NA,NA,NA,NA,NA
NA,NA,NA,NA,18.925,NA,NA,NA,NA,NA,NA
NA,NA,NA,NA,19.4166666666667,NA,NA,NA,NA,NA,NA
NA,NA,NA,NA,20.8833333333333,NA,NA,NA,NA,NA,NA
NA,NA,NA,NA,21.2666666666667,NA,NA,NA,NA,NA,NA
NA,NA,NA,NA,20.2,NA,NA,NA,NA,NA,NA
NA,NA,NA,NA,19.6916666666667,NA,NA,NA,NA,NA,NA
NA,NA,NA,NA,19.25,NA,NA,NA,NA,NA,NA
NA,NA,NA,NA,18.9333333333333,NA,NA,NA,NA,NA,NA
NA,NA,NA,NA,18.725,NA,NA,NA,NA,NA,NA
NA,NA,NA,NA,19.375,NA,NA,NA,NA,NA,NA
NA,NA,NA,NA,21.0416666666667,NA,NA,NA,NA,NA,NA
NA,NA,NA,NA,20.5333333333333,NA,NA,NA,NA,NA,NA
NA,NA,NA,NA,20.1166666666667,NA,NA,NA,NA,NA,NA
NA,NA,NA,NA,19.7,NA,NA,NA,NA,NA,NA
NA,NA,NA,NA,19.4666666666667,NA,NA,NA,NA,NA,NA
NA,NA,NA,NA,19.25,NA,NA,NA,NA,NA,NA
NA,NA,NA,NA,19.125,NA,NA,NA,NA,NA,NA
NA,NA,NA,NA,19.825,NA,NA,NA,NA,NA,NA
NA,NA,NA,NA,21.0416666666667,NA,NA,NA,NA,NA,NA
NA,NA,NA,NA,20.8666666666667,NA,NA,NA,NA,NA,NA
NA,NA,NA,NA,20.6166666666667,NA,NA,NA,NA,NA,NA
NA,NA,NA,NA,20.15,NA,NA,NA,NA,NA,NA
NA,NA,NA,NA,19.8833333333333,NA,NA,NA,NA,NA,NA
NA,NA,NA,NA,19.7,NA,NA,NA,NA,NA,NA
NA,NA,NA,NA,19.6333333333333,NA,NA,NA,NA,NA,NA
NA,NA,NA,NA,20.1416666666667,NA,NA,NA,NA,NA,NA
NA,NA,NA,NA,20.8166666666667,NA,NA,NA,NA,NA,NA
NA,NA,NA,NA,20.9666666666667,NA,NA,NA,NA,NA,NA
NA,NA,NA,NA,20.525,NA,NA,NA,NA,NA,NA
NA,NA,NA,NA,20.1333333333333,NA,NA,NA,NA,NA,NA
NA,NA,NA,NA,19.9166666666667,NA,NA,NA,NA,NA,NA
NA,NA,NA,NA,19.6833333333333,NA,NA,NA,NA,NA,NA
NA,NA,NA,NA,19.425,NA,NA,NA,NA,NA,NA
NA,NA,NA,NA,19.7666666666667,NA,NA,NA,NA,NA,NA
NA,NA,NA,NA,20.7833333333333,NA,NA,NA,NA,NA,NA
NA,NA,NA,NA,20.7916666666667,NA,NA,NA,NA,NA,NA
NA,NA,NA,NA,20.5,NA,NA,NA,NA,NA,NA
NA,NA,NA,NA,20.1333333333333,NA,NA,NA,NA,NA,NA
NA,NA,NA,NA,19.7916666666667,NA,NA,NA,NA,NA,NA
NA,NA,NA,NA,19.4583333333333,NA,NA,NA,NA,NA,NA
NA,NA,NA,NA,19.1916666666667,NA,NA,NA,NA,NA,NA
NA,NA,NA,NA,19.6333333333333,NA,NA,NA,NA,NA,NA
NA,NA,NA,NA,21.1666666666667,NA,NA,NA,NA,NA,NA
NA,NA,NA,NA,21.25,NA,NA,NA,NA,NA,NA
NA,NA,NA,NA,20.875,NA,NA,NA,NA,NA,NA
NA,NA,NA,NA,20.5,NA,NA,NA,NA,NA,NA
NA,NA,NA,NA,20.2416666666667,NA,NA,NA,NA,NA,NA
NA,NA,NA,NA,20.1166666666667,NA,NA,NA,NA,NA,NA
NA,NA,NA,NA,20.0083333333333,NA,NA,NA,NA,NA,NA
NA,NA,NA,NA,20.025,NA,NA,NA,NA,NA,NA
NA,NA,NA,NA,21.2583333333333,NA,NA,NA,NA,NA,NA
NA,NA,NA,NA,21.2666666666667,NA,NA,NA,NA,NA,NA
NA,NA,NA,NA,20.8666666666667,NA,NA,NA,NA,NA,NA
NA,NA,NA,NA,20.6916666666667,NA,NA,NA,NA,NA,NA
NA,NA,NA,NA,20.675,NA,NA,NA,NA,NA,NA
NA,NA,NA,NA,20.5833333333333,NA,NA,NA,NA,NA,NA
NA,NA,NA,NA,20.5,NA,NA,NA,NA,NA,NA
NA,NA,NA,NA,20.6,NA,NA,NA,NA,NA,NA
NA,NA,NA,NA,20.5166666666667,NA,NA,NA,NA,NA,NA
NA,NA,NA,NA,20.15,NA,NA,NA,NA,NA,NA
NA,NA,NA,NA,19.9166666666667,NA,NA,NA,NA,NA,NA
NA,NA,NA,NA,19.75,NA,NA,NA,NA,NA,NA
NA,NA,NA,NA,19.5333333333333,NA,NA,NA,NA,NA,NA
NA,NA,NA,NA,19.3833333333333,NA,NA,NA,NA,NA,NA
NA,NA,NA,NA,19.3083333333333,NA,NA,NA,NA,NA,NA
NA,NA,NA,NA,19.55,NA,NA,NA,NA,NA,NA
NA,NA,NA,NA,19.7,NA,NA,NA,NA,NA,NA
NA,NA,NA,NA,19.8083333333333,NA,NA,NA,NA,NA,NA
NA,NA,NA,NA,19.9,NA,NA,NA,NA,NA,NA
NA,NA,NA,NA,19.85,NA,NA,NA,NA,NA,NA
NA,NA,NA,NA,19.7833333333333,NA,NA,NA,NA,NA,NA
NA,NA,NA,NA,19.5916666666667,NA,NA,NA,NA,NA,NA
NA,NA,NA,NA,19.4416666666667,NA,NA,NA,NA,NA,NA
NA,NA,NA,NA,19.5916666666667,NA,NA,NA,NA,NA,NA
NA,NA,NA,NA,20.325,NA,NA,NA,NA,NA,NA
NA,NA,NA,NA,20.5166666666667,NA,NA,NA,NA,NA,NA
NA,NA,NA,NA,20.175,NA,NA,NA,NA,NA,NA
NA,NA,NA,NA,19.9583333333333,NA,NA,NA,NA,NA,NA
NA,NA,NA,NA,19.675,NA,NA,NA,NA,NA,NA
NA,NA,NA,NA,19.2583333333333,NA,NA,NA,NA,NA,NA
NA,NA,NA,NA,18.925,NA,NA,NA,NA,NA,NA
NA,NA,NA,NA,19.3333333333333,NA,NA,NA,NA,NA,NA
NA,NA,NA,NA,20.4833333333333,NA,NA,NA,NA,NA,NA
NA,NA,NA,NA,20.3833333333333,NA,NA,NA,NA,NA,NA
NA,NA,NA,NA,19.8833333333333,NA,NA,NA,NA,NA,NA
NA,NA,NA,NA,19.4583333333333,NA,NA,NA,NA,NA,NA
NA,NA,NA,NA,19.2583333333333,NA,NA,NA,NA,NA,NA
NA,NA,NA,NA,18.9083333333333,NA,NA,NA,NA,NA,NA
NA,NA,NA,NA,18.4666666666667,NA,NA,NA,NA,NA,NA
NA,NA,NA,NA,18.825,NA,NA,NA,NA,NA,NA
NA,NA,NA,NA,20.1166666666667,NA,NA,NA,NA,NA,NA
NA,NA,NA,NA,20.2916666666667,NA,NA,NA,NA,NA,NA
NA,NA,NA,NA,19.55,NA,NA,NA,NA,NA,NA
NA,NA,NA,NA,19.2583333333333,NA,NA,NA,NA,NA,NA
NA,NA,NA,NA,19.1083333333333,NA,NA,NA,NA,NA,NA
NA,NA,NA,NA,18.875,NA,NA,NA,NA,NA,NA
NA,NA,NA,NA,18.6166666666667,NA,NA,NA,NA,NA,NA
NA,NA,NA,NA,19.075,NA,NA,NA,NA,NA,NA
NA,NA,NA,NA,20.7916666666667,NA,NA,NA,NA,NA,NA
NA,NA,NA,NA,20.6666666666667,NA,NA,NA,NA,NA,NA
NA,NA,NA,NA,19.8333333333333,NA,NA,NA,NA,NA,NA
NA,NA,NA,NA,19.575,NA,NA,NA,NA,NA,NA
NA,NA,NA,NA,19.45,NA,NA,NA,NA,NA,NA
NA,NA,NA,NA,19.2416666666667,NA,NA,NA,NA,NA,NA
NA,NA,NA,NA,19.025,NA,NA,NA,NA,NA,NA
NA,NA,NA,NA,19.475,NA,NA,NA,NA,NA,NA
NA,NA,NA,NA,20.625,NA,NA,NA,NA,NA,NA
NA,NA,NA,NA,20.6583333333333,NA,NA,NA,NA,NA,NA
NA,NA,NA,NA,20.1166666666667,NA,NA,NA,NA,NA,NA
NA,NA,NA,NA,19.9583333333333,NA,NA,NA,NA,NA,NA
NA,NA,NA,NA,19.7583333333333,NA,NA,NA,NA,NA,NA
NA,NA,NA,NA,19.5083333333333,NA,NA,NA,NA,NA,NA
NA,NA,NA,NA,19.3166666666667,NA,NA,NA,NA,NA,NA
NA,NA,NA,NA,19.7833333333333,NA,NA,NA,NA,NA,NA
NA,NA,NA,NA,21.0166666666667,NA,NA,NA,NA,NA,NA
NA,NA,NA,NA,20.575,NA,NA,NA,NA,NA,NA
NA,NA,NA,NA,20.0583333333333,NA,NA,NA,NA,NA,NA
NA,NA,NA,NA,20.0083333333333,NA,NA,NA,NA,NA,NA
NA,NA,NA,NA,20.125,NA,NA,NA,NA,NA,NA
NA,NA,NA,NA,20.1666666666667,NA,NA,NA,NA,NA,NA
NA,NA,NA,NA,19.85,NA,NA,NA,NA,NA,NA
NA,NA,NA,NA,19.4916666666667,NA,NA,NA,NA,NA,NA
NA,NA,NA,NA,19.1833333333333,NA,NA,NA,NA,NA,NA
NA,NA,NA,NA,19.3916666666667,NA,NA,NA,NA,NA,NA
NA,NA,NA,NA,19.4166666666667,NA,NA,NA,NA,NA,NA
NA,NA,NA,NA,19.3083333333333,NA,NA,NA,NA,NA,NA
NA,NA,NA,NA,19.6,NA,NA,NA,NA,NA,NA
NA,NA,NA,NA,19.2916666666667,NA,NA,NA,NA,NA,NA
NA,NA,NA,NA,18.9083333333333,NA,NA,NA,NA,NA,NA
NA,NA,NA,NA,18.8416666666667,NA,NA,NA,NA,NA,NA
NA,NA,NA,NA,19.2166666666667,NA,NA,NA,NA,NA,NA
NA,NA,NA,NA,19.475,NA,NA,NA,NA,NA,NA
NA,NA,NA,NA,19.4083333333333,NA,NA,NA,NA,NA,NA
NA,NA,NA,NA,19.4833333333333,NA,NA,NA,NA,NA,NA
NA,NA,NA,NA,19.3333333333333,NA,NA,NA,NA,NA,NA
NA,NA,NA,NA,18.9,NA,NA,NA,NA,NA,NA
NA,NA,NA,NA,18.3916666666667,NA,NA,NA,NA,NA,NA
NA,NA,NA,NA,18.5833333333333,NA,NA,NA,NA,NA,NA
NA,NA,NA,NA,19.925,NA,NA,NA,NA,NA,NA
NA,NA,NA,NA,19.5916666666667,NA,NA,NA,NA,NA,NA
NA,NA,NA,NA,19,NA,NA,NA,NA,NA,NA
NA,NA,NA,NA,18.9916666666667,NA,NA,NA,NA,NA,NA
NA,NA,NA,NA,18.775,NA,NA,NA,NA,NA,NA
NA,NA,NA,NA,18.3333333333333,NA,NA,NA,NA,NA,NA
NA,NA,NA,NA,18.0333333333333,NA,NA,NA,NA,NA,NA
NA,NA,NA,NA,18.4666666666667,NA,NA,NA,NA,NA,NA
NA,NA,NA,NA,19.7416666666667,NA,NA,NA,NA,NA,NA
NA,NA,NA,NA,19.475,NA,NA,NA,NA,NA,NA
NA,NA,NA,NA,19.0166666666667,NA,NA,NA,NA,NA,NA
NA,NA,NA,NA,18.775,NA,NA,NA,NA,NA,NA
NA,NA,NA,NA,18.55,NA,NA,NA,NA,NA,NA
NA,NA,NA,NA,18.2666666666667,NA,NA,NA,NA,NA,NA
NA,NA,NA,NA,18.1,NA,NA,NA,NA,NA,NA
NA,NA,NA,NA,18.4583333333333,NA,NA,NA,NA,NA,NA
NA,NA,NA,NA,18.825,NA,NA,NA,NA,NA,NA
NA,NA,NA,NA,18.725,NA,NA,NA,NA,NA,NA
NA,NA,NA,NA,18.4333333333333,NA,NA,NA,NA,NA,NA
NA,NA,NA,NA,18.2916666666667,NA,NA,NA,NA,NA,NA
NA,NA,NA,NA,18.1416666666667,NA,NA,NA,NA,NA,NA
NA,NA,NA,NA,17.8333333333333,NA,NA,NA,NA,NA,NA
NA,NA,NA,NA,17.4583333333333,NA,NA,NA,NA,NA,NA
NA,NA,NA,NA,17.6166666666667,NA,NA,NA,NA,NA,NA
NA,NA,NA,NA,18.2833333333333,NA,NA,NA,NA,NA,NA
NA,NA,NA,NA,18.3083333333333,NA,NA,NA,NA,NA,NA
NA,NA,NA,NA,17.9833333333333,NA,NA,NA,NA,NA,NA
NA,NA,NA,NA,17.7916666666667,NA,NA,NA,NA,NA,NA
NA,NA,NA,NA,17.525,NA,NA,NA,NA,NA,NA
NA,NA,NA,NA,17.1666666666667,NA,NA,NA,NA,NA,NA
NA,NA,NA,NA,16.6916666666667,NA,NA,NA,NA,NA,NA
NA,NA,NA,NA,16.925,NA,NA,NA,NA,NA,NA
NA,NA,NA,NA,17.6666666666667,NA,NA,NA,NA,NA,NA
NA,NA,NA,NA,17.65,NA,NA,NA,NA,NA,NA
NA,NA,NA,NA,17.1166666666667,NA,NA,NA,NA,NA,NA
NA,NA,NA,NA,16.925,NA,NA,NA,NA,NA,NA
NA,NA,NA,NA,16.6916666666667,NA,NA,NA,NA,NA,NA
NA,NA,NA,NA,16.375,NA,NA,NA,NA,NA,NA
NA,NA,NA,NA,16.0916666666667,NA,NA,NA,NA,NA,NA
NA,NA,NA,NA,16.375,NA,NA,NA,NA,NA,NA
NA,NA,NA,NA,17.7333333333333,NA,NA,NA,NA,NA,NA
NA,NA,NA,NA,17.325,NA,NA,NA,NA,NA,NA
NA,NA,NA,NA,17.0583333333333,NA,NA,NA,NA,NA,NA
NA,NA,NA,NA,17.05,NA,NA,NA,NA,NA,NA
NA,NA,NA,NA,17.0916666666667,NA,NA,NA,NA,NA,NA
NA,NA,NA,NA,16.9666666666667,NA,NA,NA,NA,NA,NA
NA,NA,NA,NA,16.7666666666667,NA,NA,NA,NA,NA,NA
NA,NA,NA,NA,17,NA,NA,NA,NA,NA,NA
NA,NA,NA,NA,18.3583333333333,NA,NA,NA,NA,NA,NA
NA,NA,NA,NA,18.3583333333333,NA,NA,NA,NA,NA,NA
NA,NA,NA,NA,17.75,NA,NA,NA,NA,NA,NA
NA,NA,NA,NA,17.45,NA,NA,NA,NA,NA,NA
NA,NA,NA,NA,17.3166666666667,NA,NA,NA,NA,NA,NA
NA,NA,NA,NA,17.1416666666667,NA,NA,NA,NA,NA,NA
NA,NA,NA,NA,16.8,NA,NA,NA,NA,NA,NA
NA,NA,NA,NA,17.1083333333333,NA,NA,NA,NA,NA,NA
NA,NA,NA,NA,18.55,NA,NA,NA,NA,NA,NA
NA,NA,NA,NA,18.5916666666667,NA,NA,NA,NA,NA,NA
NA,NA,NA,NA,18.0666666666667,NA,NA,NA,NA,NA,NA
NA,NA,NA,NA,17.9083333333333,NA,NA,NA,NA,NA,NA
NA,NA,NA,NA,17.85,NA,NA,NA,NA,NA,NA
NA,NA,NA,NA,17.6416666666667,NA,NA,NA,NA,NA,NA
NA,NA,NA,NA,17.5166666666667,NA,NA,NA,NA,NA,NA
NA,NA,NA,NA,17.9,NA,NA,NA,NA,NA,NA
NA,NA,NA,NA,18.6666666666667,NA,NA,NA,NA,NA,NA
NA,NA,NA,NA,18.9416666666667,NA,NA,NA,NA,NA,NA
NA,NA,NA,NA,18.4083333333333,NA,NA,NA,NA,NA,NA
NA,NA,NA,NA,18.225,NA,NA,NA,NA,NA,NA
NA,NA,NA,NA,18.15,NA,NA,NA,NA,NA,NA
NA,NA,NA,NA,17.9916666666667,NA,NA,NA,NA,NA,NA
NA,NA,NA,NA,17.8166666666667,NA,NA,NA,NA,NA,NA
NA,NA,NA,NA,18.1416666666667,NA,NA,NA,NA,NA,NA
NA,NA,NA,NA,19.25,NA,NA,NA,NA,NA,NA
NA,NA,NA,NA,19.2416666666667,NA,NA,NA,NA,NA,NA
NA,NA,NA,NA,18.725,NA,NA,NA,NA,NA,NA
NA,NA,NA,NA,18.5833333333333,NA,NA,NA,NA,NA,NA
NA,NA,NA,NA,18.6,NA,NA,NA,NA,NA,NA
NA,NA,NA,NA,18.6,NA,NA,NA,NA,NA,NA
NA,NA,NA,NA,18.6916666666667,NA,NA,NA,NA,NA,NA
NA,NA,NA,NA,18.6416666666667,NA,NA,NA,NA,NA,NA
NA,NA,NA,NA,19.0833333333333,NA,NA,NA,NA,NA,NA
NA,NA,NA,NA,19.125,NA,NA,NA,NA,NA,NA
NA,NA,NA,NA,18.5833333333333,NA,NA,NA,NA,NA,NA
NA,NA,NA,NA,18.1833333333333,NA,NA,NA,NA,NA,NA
NA,NA,NA,NA,17.9416666666667,NA,NA,NA,NA,NA,NA
NA,NA,NA,NA,17.6666666666667,NA,NA,NA,NA,NA,NA
NA,NA,NA,NA,17.5,NA,NA,NA,NA,NA,NA
NA,NA,NA,NA,17.5333333333333,NA,NA,NA,NA,NA,NA
NA,NA,NA,NA,18.3083333333333,NA,NA,NA,NA,NA,NA
NA,NA,NA,NA,18.0916666666667,NA,NA,NA,NA,NA,NA
NA,NA,NA,NA,17.7833333333333,NA,NA,NA,NA,NA,NA
NA,NA,NA,NA,17.5166666666667,NA,NA,NA,NA,NA,NA
NA,NA,NA,NA,17.2583333333333,NA,NA,NA,NA,NA,NA
NA,NA,NA,NA,17.2,NA,NA,NA,NA,NA,NA
NA,NA,NA,NA,17.2,NA,NA,NA,NA,NA,NA
NA,NA,NA,NA,17.375,NA,NA,NA,NA,NA,NA
NA,NA,NA,NA,17.6333333333333,NA,NA,NA,NA,NA,NA
NA,NA,NA,NA,17.65,NA,NA,NA,NA,NA,NA
NA,NA,NA,NA,17.3166666666667,NA,NA,NA,NA,NA,NA
NA,NA,NA,NA,17.15,NA,NA,NA,NA,NA,NA
NA,NA,NA,NA,17.0416666666667,NA,NA,NA,NA,NA,NA
NA,NA,NA,NA,16.9416666666667,NA,NA,NA,NA,NA,NA
NA,NA,NA,NA,16.85,NA,NA,NA,NA,NA,NA
NA,NA,NA,NA,16.5166666666667,NA,NA,NA,NA,NA,NA
NA,NA,NA,NA,16.3916666666667,NA,NA,NA,NA,NA,NA
NA,NA,NA,NA,16.575,NA,NA,NA,NA,NA,NA
NA,NA,NA,NA,16.75,NA,NA,NA,NA,NA,NA
NA,NA,NA,NA,16.7416666666667,NA,NA,NA,NA,NA,NA
NA,NA,NA,NA,16.7083333333333,NA,NA,NA,NA,NA,NA
NA,NA,NA,NA,16.425,NA,NA,NA,NA,NA,NA
NA,NA,NA,NA,16.1833333333333,NA,NA,NA,NA,NA,NA
NA,NA,NA,NA,16.0166666666667,NA,NA,NA,NA,NA,NA
NA,NA,NA,NA,16.475,NA,NA,NA,NA,NA,NA
NA,NA,NA,NA,16.6083333333333,NA,NA,NA,NA,NA,NA
NA,NA,NA,NA,16.575,NA,NA,NA,NA,NA,NA
NA,NA,NA,NA,16.5,NA,NA,NA,NA,NA,NA
NA,NA,NA,NA,16.3666666666667,NA,NA,NA,NA,NA,NA
NA,NA,NA,NA,16.1166666666667,NA,NA,NA,NA,NA,NA
NA,NA,NA,NA,15.85,NA,NA,NA,NA,NA,NA
NA,NA,NA,NA,15.9583333333333,NA,NA,NA,NA,NA,NA
NA,NA,NA,NA,16.3333333333333,NA,NA,NA,NA,NA,NA
NA,NA,NA,NA,16.525,NA,NA,NA,NA,NA,NA
NA,NA,NA,NA,16.2,NA,NA,NA,NA,NA,NA
NA,NA,NA,NA,16.1416666666667,NA,NA,NA,NA,NA,NA
NA,NA,NA,NA,16.2833333333333,NA,NA,NA,NA,NA,NA
NA,NA,NA,NA,16.275,NA,NA,NA,NA,NA,NA
NA,NA,NA,NA,16.2,NA,NA,NA,NA,NA,NA
NA,NA,NA,NA,16.2916666666667,NA,NA,NA,NA,NA,NA
NA,NA,NA,NA,16.3583333333333,NA,NA,NA,NA,NA,NA
NA,NA,NA,NA,16.6,NA,NA,NA,NA,NA,NA
NA,NA,NA,NA,16.6416666666667,NA,NA,NA,NA,NA,NA
NA,NA,NA,NA,16.2333333333333,NA,NA,NA,NA,NA,NA
NA,NA,NA,NA,16.3833333333333,NA,NA,NA,NA,NA,NA
NA,NA,NA,NA,16.3166666666667,NA,NA,NA,NA,NA,NA
NA,NA,NA,NA,16.025,NA,NA,NA,NA,NA,NA
NA,NA,NA,NA,16.1333333333333,NA,NA,NA,NA,NA,NA
NA,NA,NA,NA,16.2,NA,NA,NA,NA,NA,NA
NA,NA,NA,NA,16.275,NA,NA,NA,NA,NA,NA
NA,NA,NA,NA,16.3416666666667,NA,NA,NA,NA,NA,NA
NA,NA,NA,NA,16.1666666666667,NA,NA,NA,NA,NA,NA
NA,NA,NA,NA,15.925,NA,NA,NA,NA,NA,NA
NA,NA,NA,NA,15.75,NA,NA,NA,NA,NA,NA
NA,NA,NA,NA,15.575,NA,NA,NA,NA,NA,NA
NA,NA,NA,NA,15.4,NA,NA,NA,NA,NA,NA
NA,NA,NA,NA,15.3083333333333,NA,NA,NA,NA,NA,NA
NA,NA,NA,NA,15.4,NA,NA,NA,NA,NA,NA
NA,NA,NA,NA,15.3,NA,NA,NA,NA,NA,NA
NA,NA,NA,NA,15.1,NA,NA,NA,NA,NA,NA
NA,NA,NA,NA,14.825,NA,NA,NA,NA,NA,NA
NA,NA,NA,NA,14.425,NA,NA,NA,NA,NA,NA
NA,NA,NA,NA,14.008333333333301,NA,NA,NA,NA,NA,NA
NA,NA,NA,NA,13.825,NA,NA,NA,NA,NA,NA
NA,NA,NA,NA,13.9916666666667,NA,NA,NA,NA,NA,NA
NA,NA,NA,NA,14.075,NA,NA,NA,NA,NA,NA
NA,NA,NA,NA,14.0833333333333,NA,NA,NA,NA,NA,NA
NA,NA,NA,NA,13.9916666666667,NA,NA,NA,NA,NA,NA
NA,NA,NA,NA,13.675,NA,NA,NA,NA,NA,NA
NA,NA,NA,NA,13.3083333333333,NA,NA,NA,NA,NA,NA
NA,NA,NA,NA,12.8333333333333,NA,NA,NA,NA,NA,NA
NA,NA,NA,NA,12.6916666666667,NA,NA,NA,NA,NA,NA
NA,NA,NA,NA,12.6166666666667,NA,NA,NA,NA,NA,NA
NA,NA,NA,NA,12.6833333333333,NA,NA,NA,NA,NA,NA
NA,NA,NA,NA,12.7,NA,NA,NA,NA,NA,NA
NA,NA,NA,NA,12.7,NA,NA,NA,NA,NA,NA
NA,NA,NA,NA,12.725,NA,NA,NA,NA,NA,NA
NA,NA,NA,NA,12.3416666666667,NA,NA,NA,NA,NA,NA
NA,NA,NA,NA,11.875,NA,NA,NA,NA,NA,NA
NA,NA,NA,NA,11.85,NA,NA,NA,NA,NA,NA
NA,NA,NA,NA,11.9333333333333,NA,NA,NA,NA,NA,NA
NA,NA,NA,NA,12.1166666666667,NA,NA,NA,NA,NA,NA
NA,NA,NA,NA,12.45,NA,NA,NA,NA,NA,NA
NA,NA,NA,NA,12.275,NA,NA,NA,NA,NA,NA
NA,NA,NA,NA,12.0583333333333,NA,NA,NA,NA,NA,NA
NA,NA,NA,NA,11.883333333333301,NA,NA,NA,NA,NA,NA
NA,NA,NA,NA,11.7166666666667,NA,NA,NA,NA,NA,NA
NA,NA,NA,NA,11.7,NA,NA,NA,NA,NA,NA
NA,NA,NA,NA,11.85,NA,NA,NA,NA,NA,NA
NA,NA,NA,NA,12.1583333333333,NA,NA,NA,NA,NA,NA
NA,NA,NA,NA,12.3,NA,NA,NA,NA,NA,NA
NA,NA,NA,NA,12.275,NA,NA,NA,NA,NA,NA
NA,NA,NA,NA,12.025,NA,NA,NA,NA,NA,NA
NA,NA,NA,NA,11.7833333333333,NA,NA,NA,NA,NA,NA
NA,NA,NA,NA,11.6,NA,NA,NA,NA,NA,NA
NA,NA,NA,NA,11.5,NA,NA,NA,NA,NA,NA
NA,NA,NA,NA,11.7083333333333,NA,NA,NA,NA,NA,NA
NA,NA,NA,NA,11.95,NA,NA,NA,NA,NA,NA
NA,NA,NA,NA,12.1583333333333,NA,NA,NA,NA,NA,NA
NA,NA,NA,NA,12.075,NA,NA,NA,NA,NA,NA
NA,NA,NA,NA,11.7,NA,NA,NA,NA,NA,NA
NA,NA,NA,NA,11.2833333333333,NA,NA,NA,NA,NA,NA
NA,NA,NA,NA,10.9416666666667,NA,NA,NA,NA,NA,NA
NA,NA,NA,NA,10.8083333333333,NA,NA,NA,NA,NA,NA
NA,NA,NA,NA,11.125,NA,NA,NA,NA,NA,NA
NA,NA,NA,NA,11.3416666666667,NA,NA,NA,NA,NA,NA
NA,NA,NA,NA,11.4916666666667,NA,NA,NA,NA,NA,NA
NA,NA,NA,NA,11.4333333333333,NA,NA,NA,NA,NA,NA
NA,NA,NA,NA,11.075,NA,NA,NA,NA,NA,NA
NA,NA,NA,NA,10.675,NA,NA,NA,NA,NA,NA
NA,NA,NA,NA,10.383333333333301,NA,NA,NA,NA,NA,NA
NA,NA,NA,NA,10.275,NA,NA,NA,NA,NA,NA
NA,NA,NA,NA,10.775,NA,NA,NA,NA,NA,NA
NA,NA,NA,NA,11.0916666666667,NA,NA,NA,NA,NA,NA
NA,NA,NA,NA,11.275,NA,NA,NA,NA,NA,NA
NA,NA,NA,NA,11.3,NA,NA,NA,NA,NA,NA
NA,NA,NA,NA,11.2,NA,NA,NA,NA,NA,NA
NA,NA,NA,NA,10.9583333333333,NA,NA,NA,NA,NA,NA
NA,NA,NA,NA,10.725,NA,NA,NA,NA,NA,NA
NA,NA,NA,NA,10.633333333333301,NA,NA,NA,NA,NA,NA
NA,NA,NA,NA,11.0416666666667,NA,NA,NA,NA,NA,NA
NA,NA,NA,NA,11.2416666666667,NA,NA,NA,NA,NA,NA
NA,NA,NA,NA,11.4416666666667,NA,NA,NA,NA,NA,NA
NA,NA,NA,NA,11.675,NA,NA,NA,NA,NA,NA
NA,NA,NA,NA,11.65,NA,NA,NA,NA,NA,NA
NA,NA,NA,NA,11.5166666666667,NA,NA,NA,NA,NA,NA
NA,NA,NA,NA,11.425,NA,NA,NA,NA,NA,NA
NA,NA,NA,NA,11.4166666666667,NA,NA,NA,NA,NA,NA
NA,NA,NA,NA,11.75,NA,NA,NA,NA,NA,NA
NA,NA,NA,NA,11.7166666666667,NA,NA,NA,NA,NA,NA
NA,NA,NA,NA,11.9833333333333,NA,NA,NA,NA,NA,NA
NA,NA,NA,NA,12.258333333333301,NA,NA,NA,NA,NA,NA
NA,NA,NA,NA,12.4916666666667,NA,NA,NA,NA,NA,NA
NA,NA,NA,NA,12.1916666666667,NA,NA,NA,NA,NA,NA
NA,NA,NA,NA,12.0833333333333,NA,NA,NA,NA,NA,NA
NA,NA,NA,NA,12.025,NA,NA,NA,NA,NA,NA
NA,NA,NA,NA,12.2333333333333,NA,NA,NA,NA,NA,NA
NA,NA,NA,NA,12.4416666666667,NA,NA,NA,NA,NA,NA
NA,NA,NA,NA,12.6,NA,NA,NA,NA,NA,NA
NA,NA,NA,NA,12.5666666666667,NA,NA,NA,NA,NA,NA
NA,NA,NA,NA,12.55,NA,NA,NA,NA,NA,NA
NA,NA,NA,NA,12.4916666666667,NA,NA,NA,NA,NA,NA
NA,NA,NA,NA,12.3166666666667,NA,NA,NA,NA,NA,NA
NA,NA,NA,NA,12.2666666666667,NA,NA,NA,NA,NA,NA
NA,NA,NA,NA,12.4666666666667,NA,NA,NA,NA,NA,NA
NA,NA,NA,NA,12.6083333333333,NA,NA,NA,NA,NA,NA
NA,NA,NA,NA,12.5583333333333,NA,NA,NA,NA,NA,NA
NA,NA,NA,NA,12.525,NA,NA,NA,NA,NA,NA
NA,NA,NA,NA,12.258333333333301,NA,NA,NA,NA,NA,NA
NA,NA,NA,NA,11.9166666666667,NA,NA,NA,NA,NA,NA
NA,NA,NA,NA,11.633333333333301,NA,NA,NA,NA,NA,NA
NA,NA,NA,NA,11.5166666666667,NA,NA,NA,NA,NA,NA
NA,NA,NA,NA,11.6083333333333,NA,NA,NA,NA,NA,NA
NA,NA,NA,NA,11.5583333333333,NA,NA,NA,NA,NA,NA
NA,NA,NA,NA,11.5416666666667,NA,NA,NA,NA,NA,NA
NA,NA,NA,NA,11.4583333333333,NA,NA,NA,NA,NA,NA
NA,NA,NA,NA,11.3916666666667,NA,NA,NA,NA,NA,NA
NA,NA,NA,NA,11.1916666666667,NA,NA,NA,NA,NA,NA
NA,NA,NA,NA,10.95,NA,NA,NA,NA,NA,NA
NA,NA,NA,NA,10.9,NA,NA,NA,NA,NA,NA
NA,NA,NA,NA,11.0416666666667,NA,NA,NA,NA,NA,NA
NA,NA,NA,NA,11.1083333333333,NA,NA,NA,NA,NA,NA
NA,NA,NA,NA,11.2,NA,NA,NA,NA,NA,NA
NA,NA,NA,NA,11.1,NA,NA,NA,NA,NA,NA
NA,NA,NA,NA,10.925,NA,NA,NA,NA,NA,NA
NA,NA,NA,NA,10.8166666666667,NA,NA,NA,NA,NA,NA
NA,NA,NA,NA,10.5916666666667,NA,NA,NA,NA,NA,NA
NA,NA,NA,NA,10.508333333333301,NA,NA,NA,NA,NA,NA
NA,NA,NA,NA,10.8,NA,NA,NA,NA,NA,NA
NA,NA,NA,NA,10.9916666666667,NA,NA,NA,NA,NA,NA
NA,NA,NA,NA,11.1583333333333,NA,NA,NA,NA,NA,NA
NA,NA,NA,NA,11.133333333333301,NA,NA,NA,NA,NA,NA
NA,NA,NA,NA,10.9,NA,NA,NA,NA,NA,NA
NA,NA,NA,NA,10.6,NA,NA,NA,NA,NA,NA
NA,NA,NA,NA,10.375,NA,NA,NA,NA,NA,NA
NA,NA,NA,NA,10.3,NA,NA,NA,NA,NA,NA
NA,NA,NA,NA,10.3083333333333,NA,NA,NA,NA,NA,NA
NA,NA,NA,NA,10.508333333333301,NA,NA,NA,NA,NA,NA
NA,NA,NA,NA,10.8416666666667,NA,NA,NA,NA,NA,NA
NA,NA,NA,NA,10.8666666666667,NA,NA,NA,NA,NA,NA
NA,NA,NA,NA,10.7,NA,NA,NA,NA,NA,NA
NA,NA,NA,NA,10.225,NA,NA,NA,NA,NA,NA
NA,NA,NA,NA,10.1,NA,NA,NA,NA,NA,NA
NA,NA,NA,NA,10.175,NA,NA,NA,NA,NA,NA
NA,NA,NA,NA,10.4,NA,NA,NA,NA,NA,NA
NA,NA,NA,NA,10.7416666666667,NA,NA,NA,NA,NA,NA
NA,NA,NA,NA,10.9,NA,NA,NA,NA,NA,NA
NA,NA,NA,NA,10.975,NA,NA,NA,NA,NA,NA
NA,NA,NA,NA,11.133333333333301,NA,NA,NA,NA,NA,NA
NA,NA,NA,NA,11.2083333333333,NA,NA,NA,NA,NA,NA
NA,NA,NA,NA,11.2083333333333,NA,NA,NA,NA,NA,NA
NA,NA,NA,NA,11.1916666666667,NA,NA,NA,NA,NA,NA
NA,NA,NA,NA,11.325,NA,NA,NA,NA,NA,NA
NA,NA,NA,NA,11.525,NA,NA,NA,NA,NA,NA
NA,NA,NA,NA,11.6916666666667,NA,NA,NA,NA,NA,NA
NA,NA,NA,NA,11.6583333333333,NA,NA,NA,NA,NA,NA
NA,NA,NA,NA,11.4833333333333,NA,NA,NA,NA,NA,NA
NA,NA,NA,NA,11.1916666666667,NA,NA,NA,NA,NA,NA
NA,NA,NA,NA,10.9583333333333,NA,NA,NA,NA,NA,NA
NA,NA,NA,NA,10.9166666666667,NA,NA,NA,NA,NA,NA
NA,NA,NA,NA,11.1416666666667,NA,NA,NA,NA,NA,NA
NA,NA,NA,NA,11.3083333333333,NA,NA,NA,NA,NA,NA
NA,NA,NA,NA,11.4833333333333,NA,NA,NA,NA,NA,NA
NA,NA,NA,NA,11.425,NA,NA,NA,NA,NA,NA
NA,NA,NA,NA,11.075,NA,NA,NA,NA,NA,NA
NA,NA,NA,NA,10.725,NA,NA,NA,NA,NA,NA
NA,NA,NA,NA,10.45,NA,NA,NA,NA,NA,NA
NA,NA,NA,NA,10.4333333333333,NA,NA,NA,NA,NA,NA
NA,NA,NA,NA,10.7666666666667,NA,NA,NA,NA,NA,NA
NA,NA,NA,NA,11.0916666666667,NA,NA,NA,NA,NA,NA
NA,NA,NA,NA,11.225,NA,NA,NA,NA,NA,NA
NA,NA,NA,NA,11.2333333333333,NA,NA,NA,NA,NA,NA
NA,NA,NA,NA,11.1166666666667,NA,NA,NA,NA,NA,NA
NA,NA,NA,NA,10.8333333333333,NA,NA,NA,NA,NA,NA
NA,NA,NA,NA,10.7,NA,NA,NA,NA,NA,NA
NA,NA,NA,NA,10.8416666666667,NA,NA,NA,NA,NA,NA
NA,NA,NA,NA,11.258333333333301,NA,NA,NA,NA,NA,NA
NA,NA,NA,NA,11.5166666666667,NA,NA,NA,NA,NA,NA
NA,NA,NA,NA,11.6916666666667,NA,NA,NA,NA,NA,NA
NA,NA,NA,NA,11.758333333333301,NA,NA,NA,NA,NA,NA
NA,NA,NA,NA,11.4166666666667,NA,NA,NA,NA,NA,NA
NA,NA,NA,NA,11.075,NA,NA,NA,NA,NA,NA
NA,NA,NA,NA,10.8,NA,NA,NA,NA,NA,NA
NA,NA,NA,NA,10.7416666666667,NA,NA,NA,NA,NA,NA
NA,NA,NA,NA,10.9583333333333,NA,NA,NA,NA,NA,NA
NA,NA,NA,NA,11.2416666666667,NA,NA,NA,NA,NA,NA
NA,NA,NA,NA,11.3,NA,NA,NA,NA,NA,NA
NA,NA,NA,NA,11.3,NA,NA,NA,NA,NA,NA
NA,NA,NA,NA,11.175,NA,NA,NA,NA,NA,NA
NA,NA,NA,NA,11.0333333333333,NA,NA,NA,NA,NA,NA
NA,NA,NA,NA,10.9166666666667,NA,NA,NA,NA,NA,NA
NA,NA,NA,NA,10.9666666666667,NA,NA,NA,NA,NA,NA
NA,NA,NA,NA,11.3416666666667,NA,NA,NA,NA,NA,NA
NA,NA,NA,NA,11.4666666666667,NA,NA,NA,NA,NA,NA
NA,NA,NA,NA,11.5,NA,NA,NA,NA,NA,NA
NA,NA,NA,NA,11.425,NA,NA,NA,NA,NA,NA
NA,NA,NA,NA,11.2166666666667,NA,NA,NA,NA,NA,NA
NA,NA,NA,NA,11.1166666666667,NA,NA,NA,NA,NA,NA
NA,NA,NA,NA,10.95,NA,NA,NA,NA,NA,NA
NA,NA,NA,NA,10.875,NA,NA,NA,NA,NA,NA
NA,NA,NA,NA,11.2916666666667,NA,NA,NA,NA,NA,NA
NA,NA,NA,NA,11.3,NA,NA,NA,NA,NA,NA
NA,NA,NA,NA,11.3916666666667,NA,NA,NA,NA,NA,NA
NA,NA,NA,NA,11.375,NA,NA,NA,NA,NA,NA
NA,NA,NA,NA,11.175,NA,NA,NA,NA,NA,NA
NA,NA,NA,NA,10.925,NA,NA,NA,NA,NA,NA
NA,NA,NA,NA,10.6916666666667,NA,NA,NA,NA,NA,NA
NA,NA,NA,NA,10.65,NA,NA,NA,NA,NA,NA
NA,NA,NA,NA,11.0916666666667,NA,NA,NA,NA,NA,NA
NA,NA,NA,NA,11.2166666666667,NA,NA,NA,NA,NA,NA
NA,NA,NA,NA,11.258333333333301,NA,NA,NA,NA,NA,NA
NA,NA,NA,NA,11.3333333333333,NA,NA,NA,NA,NA,NA
NA,NA,NA,NA,11.175,NA,NA,NA,NA,NA,NA
NA,NA,NA,NA,11.0333333333333,NA,NA,NA,NA,NA,NA
NA,NA,NA,NA,10.9,NA,NA,NA,NA,NA,NA
NA,NA,NA,NA,10.9166666666667,NA,NA,NA,NA,NA,NA
NA,NA,NA,NA,11.2,NA,NA,NA,NA,NA,NA
NA,NA,NA,NA,11.4,NA,NA,NA,NA,NA,NA
NA,NA,NA,NA,11.4333333333333,NA,NA,NA,NA,NA,NA
NA,NA,NA,NA,11.3583333333333,NA,NA,NA,NA,NA,NA
NA,NA,NA,NA,11.1666666666667,NA,NA,NA,NA,NA,NA
NA,NA,NA,NA,10.875,NA,NA,NA,NA,NA,NA
NA,NA,NA,NA,10.65,NA,NA,NA,NA,NA,NA
NA,NA,NA,NA,10.55,NA,NA,NA,NA,NA,NA
NA,NA,NA,NA,11.0333333333333,NA,NA,NA,NA,NA,NA
NA,NA,NA,NA,11.125,NA,NA,NA,NA,NA,NA
NA,NA,NA,NA,11.2833333333333,NA,NA,NA,NA,NA,NA
NA,NA,NA,NA,11.4,NA,NA,NA,NA,NA,NA
NA,NA,NA,NA,11.275,NA,NA,NA,NA,NA,NA
NA,NA,NA,NA,11.0166666666667,NA,NA,NA,NA,NA,NA
NA,NA,NA,NA,10.8416666666667,NA,NA,NA,NA,NA,NA
NA,NA,NA,NA,10.8166666666667,NA,NA,NA,NA,NA,NA
NA,NA,NA,NA,10.975,NA,NA,NA,NA,NA,NA
NA,NA,NA,NA,11.15,NA,NA,NA,NA,NA,NA
NA,NA,NA,NA,11.2833333333333,NA,NA,NA,NA,NA,NA
NA,NA,NA,NA,11.3,NA,NA,NA,NA,NA,NA
NA,NA,NA,NA,11.3,NA,NA,NA,NA,NA,NA
NA,NA,NA,NA,11.25,NA,NA,NA,NA,NA,NA
NA,NA,NA,NA,11.1583333333333,NA,NA,NA,NA,NA,NA
NA,NA,NA,NA,11.383333333333301,NA,NA,NA,NA,NA,NA
NA,NA,NA,NA,11.575,NA,NA,NA,NA,NA,NA
NA,NA,NA,NA,11.6833333333333,NA,NA,NA,NA,NA,NA
NA,NA,NA,NA,11.8,NA,NA,NA,NA,NA,NA
NA,NA,NA,NA,11.8916666666667,NA,NA,NA,NA,NA,NA
NA,NA,NA,NA,11.9,NA,NA,NA,NA,NA,NA
NA,NA,NA,NA,12,NA,NA,NA,NA,NA,NA
NA,NA,NA,NA,12.125,NA,NA,NA,NA,NA,NA
NA,NA,NA,NA,12.25,NA,NA,NA,NA,NA,NA
NA,NA,NA,NA,12.4416666666667,NA,NA,NA,NA,NA,NA
NA,NA,NA,NA,12.6666666666667,NA,NA,NA,NA,NA,NA
NA,NA,NA,NA,12.75,NA,NA,NA,NA,NA,NA
NA,NA,NA,NA,12.8083333333333,NA,NA,NA,NA,NA,NA
NA,NA,NA,NA,12.883333333333301,NA,NA,NA,NA,NA,NA
NA,NA,NA,NA,12.9,NA,NA,NA,NA,NA,NA
NA,NA,NA,NA,12.9,NA,NA,NA,NA,NA,NA
NA,NA,NA,NA,12.9916666666667,NA,NA,NA,NA,NA,NA
NA,NA,NA,NA,13.45,NA,NA,NA,NA,NA,NA
NA,NA,NA,NA,13.6,NA,NA,NA,NA,NA,NA
NA,NA,NA,NA,13.6583333333333,NA,NA,NA,NA,NA,NA
NA,NA,NA,NA,13.6583333333333,NA,NA,NA,NA,NA,NA
NA,NA,NA,NA,13.5416666666667,NA,NA,NA,NA,NA,NA
NA,NA,NA,NA,13.4166666666667,NA,NA,NA,NA,NA,NA
NA,NA,NA,NA,13.2666666666667,NA,NA,NA,NA,NA,NA
NA,NA,NA,NA,13.3,NA,NA,NA,NA,NA,NA
NA,NA,NA,NA,13.725,NA,NA,NA,NA,NA,NA
NA,NA,NA,NA,13.9,NA,NA,NA,NA,NA,NA
NA,NA,NA,NA,14,NA,NA,NA,NA,NA,NA
NA,NA,NA,NA,14.008333333333301,NA,NA,NA,NA,NA,NA
NA,NA,NA,NA,13.8333333333333,NA,NA,NA,NA,NA,NA
NA,NA,NA,NA,13.575,NA,NA,NA,NA,NA,NA
NA,NA,NA,NA,13.35,NA,NA,NA,NA,NA,NA
NA,NA,NA,NA,13.3166666666667,NA,NA,NA,NA,NA,NA
NA,NA,NA,NA,13.5583333333333,NA,NA,NA,NA,NA,NA
NA,NA,NA,NA,13.675,NA,NA,NA,NA,NA,NA
NA,NA,NA,NA,13.7,NA,NA,NA,NA,NA,NA
NA,NA,NA,NA,13.675,NA,NA,NA,NA,NA,NA
NA,NA,NA,NA,13.575,NA,NA,NA,NA,NA,NA
NA,NA,NA,NA,13.45,NA,NA,NA,NA,NA,NA
NA,NA,NA,NA,13.2166666666667,NA,NA,NA,NA,NA,NA
NA,NA,NA,NA,13.1166666666667,NA,NA,NA,NA,NA,NA
NA,NA,NA,NA,13.3166666666667,NA,NA,NA,NA,NA,NA
NA,NA,NA,NA,13.3333333333333,NA,NA,NA,NA,NA,NA
NA,NA,NA,NA,13.2166666666667,NA,NA,NA,NA,NA,NA
NA,NA,NA,NA,13.025,NA,NA,NA,NA,NA,NA
NA,NA,NA,NA,12.675,NA,NA,NA,NA,NA,NA
NA,NA,NA,NA,12.258333333333301,NA,NA,NA,NA,NA,NA
NA,NA,NA,NA,11.875,NA,NA,NA,NA,NA,NA
NA,NA,NA,NA,11.625,NA,NA,NA,NA,NA,NA
NA,NA,NA,NA,12.008333333333301,NA,NA,NA,NA,NA,NA
NA,NA,NA,NA,12,NA,NA,NA,NA,NA,NA
NA,NA,NA,NA,12.075,NA,NA,NA,NA,NA,NA
NA,NA,NA,NA,12.025,NA,NA,NA,NA,NA,NA
NA,NA,NA,NA,11.8666666666667,NA,NA,NA,NA,NA,NA
NA,NA,NA,NA,11.625,NA,NA,NA,NA,NA,NA
NA,NA,NA,NA,11.3666666666667,NA,NA,NA,NA,NA,NA
NA,NA,NA,NA,11.2333333333333,NA,NA,NA,NA,NA,NA
NA,NA,NA,NA,11.35,NA,NA,NA,NA,NA,NA
NA,NA,NA,NA,11.5333333333333,NA,NA,NA,NA,NA,NA
NA,NA,NA,NA,11.6166666666667,NA,NA,NA,NA,NA,NA
NA,NA,NA,NA,11.8583333333333,NA,NA,NA,NA,NA,NA
NA,NA,NA,NA,11.925,NA,NA,NA,NA,NA,NA
NA,NA,NA,NA,11.75,NA,NA,NA,NA,NA,NA
NA,NA,NA,NA,11.6,NA,NA,NA,NA,NA,NA
NA,NA,NA,NA,11.55,NA,NA,NA,NA,NA,NA
NA,NA,NA,NA,11.775,NA,NA,NA,NA,NA,NA
NA,NA,NA,NA,12.1,NA,NA,NA,NA,NA,NA
NA,NA,NA,NA,12.1833333333333,NA,NA,NA,NA,NA,NA
NA,NA,NA,NA,12.0666666666667,NA,NA,NA,NA,NA,NA
NA,NA,NA,NA,11.8083333333333,NA,NA,NA,NA,NA,NA
NA,NA,NA,NA,11.625,NA,NA,NA,NA,NA,NA
NA,NA,NA,NA,11.6,NA,NA,NA,NA,NA,NA
NA,NA,NA,NA,11.7333333333333,NA,NA,NA,NA,NA,NA
NA,NA,NA,NA,11.9833333333333,NA,NA,NA,NA,NA,NA
NA,NA,NA,NA,12.1833333333333,NA,NA,NA,NA,NA,NA
NA,NA,NA,NA,12.3166666666667,NA,NA,NA,NA,NA,NA
NA,NA,NA,NA,12.4,NA,NA,NA,NA,NA,NA
NA,NA,NA,NA,12.3333333333333,NA,NA,NA,NA,NA,NA
NA,NA,NA,NA,12.225,NA,NA,NA,NA,NA,NA
NA,NA,NA,NA,12.133333333333301,NA,NA,NA,NA,NA,NA
NA,NA,NA,NA,12.275,NA,NA,NA,NA,NA,NA
NA,NA,NA,NA,12.3083333333333,NA,NA,NA,NA,NA,NA
NA,NA,NA,NA,12.4166666666667,NA,NA,NA,NA,NA,NA
NA,NA,NA,NA,12.5916666666667,NA,NA,NA,NA,NA,NA
NA,NA,NA,NA,12.5666666666667,NA,NA,NA,NA,NA,NA
NA,NA,NA,NA,12.5166666666667,NA,NA,NA,NA,NA,NA
NA,NA,NA,NA,12.3333333333333,NA,NA,NA,NA,NA,NA
NA,NA,NA,NA,12.3,NA,NA,NA,NA,NA,NA
NA,NA,NA,NA,12.3916666666667,NA,NA,NA,NA,NA,NA
NA,NA,NA,NA,12.525,NA,NA,NA,NA,NA,NA
NA,NA,NA,NA,12.7,NA,NA,NA,NA,NA,NA
NA,NA,NA,NA,12.8,NA,NA,NA,NA,NA,NA
NA,NA,NA,NA,12.6916666666667,NA,NA,NA,NA,NA,NA
NA,NA,NA,NA,12.45,NA,NA,NA,NA,NA,NA
NA,NA,NA,NA,12.1583333333333,NA,NA,NA,NA,NA,NA
NA,NA,NA,NA,11.9083333333333,NA,NA,NA,NA,NA,NA
NA,NA,NA,NA,11.8,NA,NA,NA,NA,NA,NA
NA,NA,NA,NA,12,NA,NA,NA,NA,NA,NA
NA,NA,NA,NA,12.175,NA,NA,NA,NA,NA,NA
NA,NA,NA,NA,12.2,NA,NA,NA,NA,NA,NA
NA,NA,NA,NA,12.15,NA,NA,NA,NA,NA,NA
NA,NA,NA,NA,11.9333333333333,NA,NA,NA,NA,NA,NA
NA,NA,NA,NA,11.7083333333333,NA,NA,NA,NA,NA,NA
NA,NA,NA,NA,11.5666666666667,NA,NA,NA,NA,NA,NA
NA,NA,NA,NA,11.525,NA,NA,NA,NA,NA,NA
NA,NA,NA,NA,11.7833333333333,NA,NA,NA,NA,NA,NA
NA,NA,NA,NA,11.9666666666667,NA,NA,NA,NA,NA,NA
NA,NA,NA,NA,12.0666666666667,NA,NA,NA,NA,NA,NA
NA,NA,NA,NA,12.1,NA,NA,NA,NA,NA,NA
NA,NA,NA,NA,11.9833333333333,NA,NA,NA,NA,NA,NA
NA,NA,NA,NA,11.8333333333333,NA,NA,NA,NA,NA,NA
NA,NA,NA,NA,11.675,NA,NA,NA,NA,NA,NA
NA,NA,NA,NA,11.7166666666667,NA,NA,NA,NA,NA,NA
NA,NA,NA,NA,12.0333333333333,NA,NA,NA,NA,NA,NA
NA,NA,NA,NA,12.258333333333301,NA,NA,NA,NA,NA,NA
NA,NA,NA,NA,12.35,NA,NA,NA,NA,NA,NA
NA,NA,NA,NA,12.383333333333301,NA,NA,NA,NA,NA,NA
NA,NA,NA,NA,12.258333333333301,NA,NA,NA,NA,NA,NA
NA,NA,NA,NA,12.0583333333333,NA,NA,NA,NA,NA,NA
NA,NA,NA,NA,11.883333333333301,NA,NA,NA,NA,NA,NA
NA,NA,NA,NA,11.8666666666667,NA,NA,NA,NA,NA,NA
NA,NA,NA,NA,12.275,NA,NA,NA,NA,NA,NA
NA,NA,NA,NA,12.4583333333333,NA,NA,NA,NA,NA,NA
NA,NA,NA,NA,12.575,NA,NA,NA,NA,NA,NA
NA,NA,NA,NA,12.5583333333333,NA,NA,NA,NA,NA,NA
NA,NA,NA,NA,12.4166666666667,NA,NA,NA,NA,NA,NA
NA,NA,NA,NA,12.325,NA,NA,NA,NA,NA,NA
NA,NA,NA,NA,12.2166666666667,NA,NA,NA,NA,NA,NA
NA,NA,NA,NA,12.1583333333333,NA,NA,NA,NA,NA,NA
NA,NA,NA,NA,12.5416666666667,NA,NA,NA,NA,NA,NA
NA,NA,NA,NA,12.6083333333333,NA,NA,NA,NA,NA,NA
NA,NA,NA,NA,12.7,NA,NA,NA,NA,NA,NA
NA,NA,NA,NA,12.6916666666667,NA,NA,NA,NA,NA,NA
NA,NA,NA,NA,12.4583333333333,NA,NA,NA,NA,NA,NA
NA,NA,NA,NA,12.2166666666667,NA,NA,NA,NA,NA,NA
NA,NA,NA,NA,11.9833333333333,NA,NA,NA,NA,NA,NA
NA,NA,NA,NA,11.9,NA,NA,NA,NA,NA,NA
NA,NA,NA,NA,12.133333333333301,NA,NA,NA,NA,NA,NA
NA,NA,NA,NA,12.25,NA,NA,NA,NA,NA,NA
NA,NA,NA,NA,12.325,NA,NA,NA,NA,NA,NA
NA,NA,NA,NA,12.2916666666667,NA,NA,NA,NA,NA,NA
NA,NA,NA,NA,12.025,NA,NA,NA,NA,NA,NA
NA,NA,NA,NA,11.758333333333301,NA,NA,NA,NA,NA,NA
NA,NA,NA,NA,11.5416666666667,NA,NA,NA,NA,NA,NA
NA,NA,NA,NA,11.4666666666667,NA,NA,NA,NA,NA,NA
NA,NA,NA,NA,11.75,NA,NA,NA,NA,NA,NA
NA,NA,NA,NA,11.9416666666667,NA,NA,NA,NA,NA,NA
NA,NA,NA,NA,11.883333333333301,NA,NA,NA,NA,NA,NA
NA,NA,NA,NA,11.7083333333333,NA,NA,NA,NA,NA,NA
NA,NA,NA,NA,11.4166666666667,NA,NA,NA,NA,NA,NA
NA,NA,NA,NA,11.0916666666667,NA,NA,NA,NA,NA,NA
NA,NA,NA,NA,10.8083333333333,NA,NA,NA,NA,NA,NA
NA,NA,NA,NA,10.7416666666667,NA,NA,NA,NA,NA,NA
NA,NA,NA,NA,10.975,NA,NA,NA,NA,NA,NA
NA,NA,NA,NA,11.0166666666667,NA,NA,NA,NA,NA,NA
NA,NA,NA,NA,10.9166666666667,NA,NA,NA,NA,NA,NA
NA,NA,NA,NA,10.7666666666667,NA,NA,NA,NA,NA,NA
NA,NA,NA,NA,10.5,NA,NA,NA,NA,NA,NA
NA,NA,NA,NA,10.133333333333301,NA,NA,NA,NA,NA,NA
NA,NA,NA,NA,9.76666666666667,NA,NA,NA,NA,NA,NA
NA,NA,NA,NA,9.60833333333333,NA,NA,NA,NA,NA,NA
NA,NA,NA,NA,9.86666666666667,NA,NA,NA,NA,NA,NA
NA,NA,NA,NA,9.90833333333333,NA,NA,NA,NA,NA,NA
NA,NA,NA,NA,9.99166666666667,NA,NA,NA,NA,NA,NA
NA,NA,NA,NA,10.025,NA,NA,NA,NA,NA,NA
NA,NA,NA,NA,9.875,NA,NA,NA,NA,NA,NA
NA,NA,NA,NA,9.8,NA,NA,NA,NA,NA,NA
NA,NA,NA,NA,9.725,NA,NA,NA,NA,NA,NA
NA,NA,NA,NA,9.6,NA,NA,NA,NA,NA,NA
NA,NA,NA,NA,9.65833333333333,NA,NA,NA,NA,NA,NA
NA,NA,NA,NA,9.8,NA,NA,NA,NA,NA,NA
NA,NA,NA,NA,9.8,NA,NA,NA,NA,NA,NA
NA,NA,NA,NA,9.78333333333333,NA,NA,NA,NA,NA,NA
NA,NA,NA,NA,9.65,NA,NA,NA,NA,NA,NA
NA,NA,NA,NA,9.51666666666667,NA,NA,NA,NA,NA,NA
NA,NA,NA,NA,9.44166666666667,NA,NA,NA,NA,NA,NA
NA,NA,NA,NA,9.44166666666667,NA,NA,NA,NA,NA,NA
NA,NA,NA,NA,9.66666666666667,NA,NA,NA,NA,NA,NA
NA,NA,NA,NA,9.70833333333333,NA,NA,NA,NA,NA,NA
NA,NA,NA,NA,9.775,NA,NA,NA,NA,NA,NA
NA,NA,NA,NA,9.74166666666667,NA,NA,NA,NA,NA,NA
NA,NA,NA,NA,9.51666666666667,NA,NA,NA,NA,NA,NA
NA,NA,NA,NA,9.29166666666667,NA,NA,NA,NA,NA,NA
NA,NA,NA,NA,8.99166666666667,NA,NA,NA,NA,NA,NA
NA,NA,NA,NA,8.91666666666667,NA,NA,NA,NA,NA,NA
NA,NA,NA,NA,9.15,NA,NA,NA,NA,NA,NA
NA,NA,NA,NA,9.1,NA,NA,NA,NA,NA,NA
NA,NA,NA,NA,9.01666666666667,NA,NA,NA,NA,NA,NA
NA,NA,NA,NA,9.09166666666667,NA,NA,NA,NA,NA,NA
NA,NA,NA,NA,9.05,NA,NA,NA,NA,NA,NA
NA,NA,NA,NA,8.91666666666667,NA,NA,NA,NA,NA,NA
NA,NA,NA,NA,8.875,NA,NA,NA,NA,NA,NA
NA,NA,NA,NA,8.9,NA,NA,NA,NA,NA,NA
NA,NA,NA,NA,9.1,NA,NA,NA,NA,NA,NA
NA,NA,NA,NA,9.1,NA,NA,NA,NA,NA,NA
NA,NA,NA,NA,9.18333333333333,NA,NA,NA,NA,NA,NA
NA,NA,NA,NA,9.19166666666667,NA,NA,NA,NA,NA,NA
NA,NA,NA,NA,9.1,NA,NA,NA,NA,NA,NA
NA,NA,NA,NA,8.925,NA,NA,NA,NA,NA,NA
NA,NA,NA,NA,8.75833333333333,NA,NA,NA,NA,NA,NA
NA,NA,NA,NA,8.69166666666667,NA,NA,NA,NA,NA,NA
NA,NA,NA,NA,9.01666666666667,NA,NA,NA,NA,NA,NA
NA,NA,NA,NA,9.06666666666667,NA,NA,NA,NA,NA,NA
NA,NA,NA,NA,9.08333333333333,NA,NA,NA,NA,NA,NA
NA,NA,NA,NA,9.26666666666667,NA,NA,NA,NA,NA,NA
NA,NA,NA,NA,9.34166666666667,NA,NA,NA,NA,NA,NA
NA,NA,NA,NA,9.175,NA,NA,NA,NA,NA,NA
NA,NA,NA,NA,9.075,NA,NA,NA,NA,NA,NA
NA,NA,NA,NA,9,NA,NA,NA,NA,NA,NA
NA,NA,NA,NA,9.075,NA,NA,NA,NA,NA,NA
NA,NA,NA,NA,9.35833333333333,NA,NA,NA,NA,NA,NA
NA,NA,NA,NA,9.76666666666667,NA,NA,NA,NA,NA,NA
NA,NA,NA,NA,9.90833333333333,NA,NA,NA,NA,NA,NA
NA,NA,NA,NA,9.925,NA,NA,NA,NA,NA,NA
NA,NA,NA,NA,9.59166666666667,NA,NA,NA,NA,NA,NA
NA,NA,NA,NA,9.475,NA,NA,NA,NA,NA,NA
NA,NA,NA,NA,9.4,NA,NA,NA,NA,NA,NA
NA,NA,NA,NA,9.525,NA,NA,NA,NA,NA,NA
NA,NA,NA,NA,9.70833333333333,NA,NA,NA,NA,NA,NA
NA,NA,NA,NA,9.7,NA,NA,NA,NA,NA,NA
NA,NA,NA,NA,9.65833333333333,NA,NA,NA,NA,NA,NA
NA,NA,NA,NA,9.45,NA,NA,NA,NA,NA,NA
NA,NA,NA,NA,9.19166666666667,NA,NA,NA,NA,NA,NA
NA,NA,NA,NA,9.00833333333333,NA,NA,NA,NA,NA,NA
NA,NA,NA,NA,8.825,NA,NA,NA,NA,NA,NA
NA,NA,NA,NA,8.98333333333333,NA,NA,NA,NA,NA,NA
NA,NA,NA,NA,9,NA,NA,NA,NA,NA,NA
NA,NA,NA,NA,9.03333333333333,NA,NA,NA,NA,NA,NA
NA,NA,NA,NA,9.11666666666667,NA,NA,NA,NA,NA,NA
NA,NA,NA,NA,9.1,NA,NA,NA,NA,NA,NA
NA,NA,NA,NA,9.00833333333333,NA,NA,NA,NA,NA,NA
NA,NA,NA,NA,8.91666666666667,NA,NA,NA,NA,NA,NA
NA,NA,NA,NA,8.80833333333333,NA,NA,NA,NA,NA,NA
NA,NA,NA,NA,8.8,NA,NA,NA,NA,NA,NA
NA,NA,NA,NA,8.79166666666667,NA,NA,NA,NA,NA,NA
NA,NA,NA,NA,8.7,NA,NA,NA,NA,NA,NA
NA,NA,NA,NA,8.65,NA,NA,NA,NA,NA,NA
NA,NA,NA,NA,8.43333333333333,NA,NA,NA,NA,NA,NA
NA,NA,NA,NA,8.19166666666667,NA,NA,NA,NA,NA,NA
NA,NA,NA,NA,7.90833333333333,NA,NA,NA,NA,NA,NA
NA,NA,NA,NA,7.64166666666667,NA,NA,NA,NA,NA,NA
NA,NA,NA,NA,7.84166666666667,NA,NA,NA,NA,NA,NA
NA,NA,NA,NA,7.8,NA,NA,NA,NA,NA,NA
NA,NA,NA,NA,7.8,NA,NA,NA,NA,NA,NA
NA,NA,NA,NA,7.8,NA,NA,NA,NA,NA,NA
NA,NA,NA,NA,7.6,NA,NA,NA,NA,NA,NA
NA,NA,NA,NA,7.23333333333333,NA,NA,NA,NA,NA,NA
NA,NA,NA,NA,6.9,NA,NA,NA,NA,NA,NA
NA,NA,NA,NA,6.70833333333333,NA,NA,NA,NA,NA,NA
NA,NA,NA,NA,6.93333333333333,NA,NA,NA,NA,NA,NA
NA,NA,NA,NA,6.9,NA,NA,NA,NA,NA,NA
NA,NA,NA,NA,6.96666666666667,NA,NA,NA,NA,NA,NA
NA,NA,NA,NA,7.1,NA,NA,NA,NA,NA,NA
NA,NA,NA,NA,7.06666666666667,NA,NA,NA,NA,NA,NA
NA,NA,NA,NA,7.025,NA,NA,NA,NA,NA,NA
NA,NA,NA,NA,6.84166666666667,NA,NA,NA,NA,NA,NA
NA,NA,NA,NA,6.70833333333333,NA,NA,NA,NA,NA,NA
NA,NA,NA,NA,6.975,NA,NA,NA,NA,NA,NA
NA,NA,NA,NA,6.93333333333333,NA,NA,NA,NA,NA,NA
NA,NA,NA,NA,7.11666666666667,NA,NA,NA,NA,NA,NA
NA,NA,NA,NA,7.35833333333333,NA,NA,NA,NA,NA,NA
NA,NA,NA,NA,7.34166666666667,NA,NA,NA,NA,NA,NA
NA,NA,NA,NA,7.2,NA,NA,NA,NA,NA,NA
NA,NA,NA,NA,7.125,NA,NA,NA,NA,NA,NA
NA,NA,NA,NA,7,NA,NA,NA,NA,NA,NA
NA,NA,NA,NA,6.94166666666667,NA,NA,NA,NA,NA,NA
NA,NA,NA,NA,7.2,NA,NA,NA,NA,NA,NA
NA,NA,NA,NA,7.96666666666667,NA,NA,NA,NA,NA,NA
NA,NA,NA,NA,8.00833333333333,NA,NA,NA,NA,NA,NA
NA,NA,NA,NA,7.91666666666667,NA,NA,NA,NA,NA,NA
NA,NA,NA,NA,7.84166666666667,NA,NA,NA,NA,NA,NA
NA,NA,NA,NA,7.58333333333333,NA,NA,NA,NA,NA,NA
NA,NA,NA,NA,7.5,NA,NA,NA,NA,NA,NA
NA,NA,NA,NA,7.58333333333333,NA,NA,NA,NA,NA,NA
NA,NA,NA,NA,7.75833333333333,NA,NA,NA,NA,NA,NA
NA,NA,NA,NA,8.3,NA,NA,NA,NA,NA,NA
NA,NA,NA,NA,8.83333333333333,NA,NA,NA,NA,NA,NA
NA,NA,NA,NA,8.70833333333333,NA,NA,NA,NA,NA,NA
NA,NA,NA,NA,8.29166666666667,NA,NA,NA,NA,NA,NA
NA,NA,NA,NA,8.2,NA,NA,NA,NA,NA,NA
NA,NA,NA,NA,8.23333333333333,NA,NA,NA,NA,NA,NA
NA,NA,NA,NA,8.40833333333333,NA,NA,NA,NA,NA,NA
NA,NA,NA,NA,8.63333333333333,NA,NA,NA,NA,NA,NA
NA,NA,NA,NA,8.61666666666667,NA,NA,NA,NA,NA,NA
NA,NA,NA,NA,8.54166666666667,NA,NA,NA,NA,NA,NA
NA,NA,NA,NA,8.08333333333333,NA,NA,NA,NA,NA,NA
NA,NA,NA,NA,7.91666666666667,NA,NA,NA,NA,NA,NA
NA,NA,NA,NA,7.84166666666667,NA,NA,NA,NA,NA,NA
NA,NA,NA,NA,7.73333333333333,NA,NA,NA,NA,NA,NA
NA,NA,NA,NA,7.54166666666667,NA,NA,NA,NA,NA,NA
NA,NA,NA,NA,7.35,NA,NA,NA,NA,NA,NA
NA,NA,NA,NA,7.375,NA,NA,NA,NA,NA,NA
NA,NA,NA,NA,7.06666666666667,NA,NA,NA,NA,NA,NA
NA,NA,NA,NA,6.6,NA,NA,NA,NA,NA,NA
NA,NA,NA,NA,6.125,NA,NA,NA,NA,NA,NA
NA,NA,NA,NA,5.74166666666667,NA,NA,NA,NA,NA,NA
NA,NA,NA,NA,5.49166666666667,NA,NA,NA,NA,NA,NA
NA,NA,NA,NA,5.33333333333333,NA,NA,NA,NA,NA,NA
NA,NA,NA,NA,5.3,NA,NA,NA,NA,NA,NA
NA,NA,NA,NA,5.20833333333333,NA,NA,NA,NA,NA,NA
NA,NA,NA,NA,5.125,NA,NA,NA,NA,NA,NA
NA,NA,NA,NA,5.04166666666667,NA,NA,NA,NA,NA,NA
NA,NA,NA,NA,5.05,NA,NA,NA,NA,NA,NA
NA,NA,NA,NA,5.175,NA,NA,NA,NA,NA,NA
NA,NA,NA,NA,5.2,NA,NA,NA,NA,NA,NA
NA,NA,NA,NA,5.51666666666667,NA,NA,NA,NA,NA,NA
NA,NA,NA,NA,5.75,NA,NA,NA,NA,NA,NA
NA,NA,NA,NA,5.55833333333333,NA,NA,NA,NA,NA,NA
NA,NA,NA,NA,5.43333333333333,NA,NA,NA,NA,NA,NA
NA,NA,NA,NA,5.40833333333333,NA,NA,NA,NA,NA,NA
NA,NA,NA,NA,5.49166666666667,NA,NA,NA,NA,NA,NA
NA,NA,NA,NA,5.525,NA,NA,NA,NA,NA,NA
NA,NA,NA,NA,5.6,NA,NA,NA,NA,NA,NA
NA,NA,NA,NA,5.75,NA,NA,NA,NA,NA,NA
NA,NA,NA,NA,5.9,NA,NA,NA,NA,NA,NA
NA,NA,NA,NA,5.86666666666667,NA,NA,NA,NA,NA,NA
NA,NA,NA,NA,5.75833333333333,NA,NA,NA,NA,NA,NA
NA,NA,NA,NA,5.7,NA,NA,NA,NA,NA,NA
NA,NA,NA,NA,5.7,NA,NA,NA,NA,NA,NA
NA,NA,NA,NA,5.71666666666667,NA,NA,NA,NA,NA,NA
NA,NA,NA,NA,5.8,NA,NA,NA,NA,NA,NA
NA,NA,NA,NA,6,NA,NA,NA,NA,NA,NA
NA,NA,NA,NA,6.175,NA,NA,NA,NA,NA,NA
NA,NA,NA,NA,6.20833333333333,NA,NA,NA,NA,NA,NA
NA,NA,NA,NA,6.225,NA,NA,NA,NA,NA,NA
NA,NA,NA,NA,6.1,NA,NA,NA,NA,NA,NA
NA,NA,NA,NA,6.15,NA,NA,NA,NA,NA,NA
NA,NA,NA,NA,6.30833333333333,NA,NA,NA,NA,NA,NA
NA,NA,NA,NA,6.4,NA,NA,NA,NA,NA,NA
NA,NA,NA,NA,6.575,NA,NA,NA,NA,NA,NA
NA,NA,NA,NA,6.68333333333333,NA,NA,NA,NA,NA,NA
NA,NA,NA,NA,6.6,NA,NA,NA,NA,NA,NA
NA,NA,NA,NA,6.6,NA,NA,NA,NA,NA,NA
NA,NA,NA,NA,6.56666666666667,NA,NA,NA,NA,NA,NA
NA,NA,NA,NA,6.50833333333333,NA,NA,NA,NA,NA,NA
NA,NA,NA,NA,6.5,NA,NA,NA,NA,NA,NA
NA,NA,NA,NA,6.53333333333333,NA,NA,NA,NA,NA,NA
NA,NA,NA,NA,6.7,NA,NA,NA,NA,NA,NA
NA,NA,NA,NA,6.90833333333333,NA,NA,NA,NA,NA,NA
NA,NA,NA,NA,7,NA,NA,NA,NA,NA,NA
NA,NA,NA,NA,6.96666666666667,NA,NA,NA,NA,NA,NA
NA,NA,NA,NA,6.9,NA,NA,NA,NA,NA,NA
NA,NA,NA,NA,6.95,NA,NA,NA,NA,NA,NA
NA,NA,NA,NA,7.025,NA,NA,NA,NA,NA,NA
NA,NA,NA,NA,7.13333333333333,NA,NA,NA,NA,NA,NA
NA,NA,NA,NA,7.24166666666667,NA,NA,NA,NA,NA,NA
NA,NA,NA,NA,7.325,NA,NA,NA,NA,NA,NA
NA,NA,NA,NA,7.33333333333333,NA,NA,NA,NA,NA,NA
NA,NA,NA,NA,7.21666666666667,NA,NA,NA,NA,NA,NA
NA,NA,NA,NA,7.03333333333333,NA,NA,NA,NA,NA,NA
NA,NA,NA,NA,6.9,NA,NA,NA,NA,NA,NA
NA,NA,NA,NA,6.81666666666667,NA,NA,NA,NA,NA,NA
NA,NA,NA,NA,6.73333333333333,NA,NA,NA,NA,NA,NA
NA,NA,NA,NA,6.8,NA,NA,NA,NA,NA,NA
NA,NA,NA,NA,6.79166666666667,NA,NA,NA,NA,NA,NA
NA,NA,NA,NA,6.69166666666667,NA,NA,NA,NA,NA,NA
NA,NA,NA,NA,6.55,NA,NA,NA,NA,NA,NA
NA,NA,NA,NA,6.4,NA,NA,NA,NA,NA,NA
NA,NA,NA,NA,6.24166666666667,NA,NA,NA,NA,NA,NA
NA,NA,NA,NA,6.08333333333333,NA,NA,NA,NA,NA,NA
NA,NA,NA,NA,6,NA,NA,NA,NA,NA,NA
NA,NA,NA,NA,6,NA,NA,NA,NA,NA,NA
NA,NA,NA,NA,6.1,NA,NA,NA,NA,NA,NA
NA,NA,NA,NA,6.01666666666667,NA,NA,NA,NA,NA,NA
NA,NA,NA,NA,6,NA,NA,NA,NA,NA,NA
NA,NA,NA,NA,5.99166666666667,NA,NA,NA,NA,NA,NA
NA,NA,NA,NA,5.9,NA,NA,NA,NA,NA,NA
NA,NA,NA,NA,5.95,NA,NA,NA,NA,NA,NA
NA,NA,NA,NA,5.99166666666667,NA,NA,NA,NA,NA,NA
NA,NA,NA,NA,6.00833333333333,NA,NA,NA,NA,NA,NA
NA,NA,NA,NA,6.16666666666667,NA,NA,NA,NA,NA,NA
NA,NA,NA,NA,6.21666666666667,NA,NA,NA,NA,NA,NA
NA,NA,NA,NA,6.3,NA,NA,NA,NA,NA,NA
NA,NA,NA,NA,6.24166666666667,NA,NA,NA,NA,NA,NA
NA,NA,NA,NA,6.2,NA,NA,NA,NA,NA,NA
NA,NA,NA,NA,6.2,NA,NA,NA,NA,NA,NA
NA,NA,NA,NA,6.2,NA,NA,NA,NA,NA,NA
NA,NA,NA,NA,6.26666666666667,NA,NA,NA,NA,NA,NA
NA,NA,NA,NA,6.4,NA,NA,NA,NA,NA,NA
NA,NA,NA,NA,6.43333333333333,NA,NA,NA,NA,NA,NA
NA,NA,NA,NA,6.38333333333333,NA,NA,NA,NA,NA,NA
NA,NA,NA,NA,6.31666666666667,NA,NA,NA,NA,NA,NA
NA,NA,NA,NA,6.25833333333333,NA,NA,NA,NA,NA,NA
NA,NA,NA,NA,6.10833333333333,NA,NA,NA,NA,NA,NA
NA,NA,NA,NA,5.99166666666667,NA,NA,NA,NA,NA,NA
NA,NA,NA,NA,6.03333333333333,NA,NA,NA,NA,NA,NA
NA,NA,NA,NA,6.15833333333333,NA,NA,NA,NA,NA,NA
NA,NA,NA,NA,6.09166666666667,NA,NA,NA,NA,NA,NA
NA,NA,NA,NA,5.99166666666667,NA,NA,NA,NA,NA,NA
NA,NA,NA,NA,5.88333333333333,NA,NA,NA,NA,NA,NA
NA,NA,NA,NA,5.81666666666667,NA,NA,NA,NA,NA,NA
NA,NA,NA,NA,5.625,NA,NA,NA,NA,NA,NA
NA,NA,NA,NA,5.425,NA,NA,NA,NA,NA,NA
NA,NA,NA,NA,5.4,NA,NA,NA,NA,NA,NA
NA,NA,NA,NA,5.4,NA,NA,NA,NA,NA,NA
NA,NA,NA,NA,5.375,NA,NA,NA,NA,NA,NA
NA,NA,NA,NA,5.3,NA,NA,NA,NA,NA,NA
NA,NA,NA,NA,5.175,NA,NA,NA,NA,NA,NA
NA,NA,NA,NA,4.975,NA,NA,NA,NA,NA,NA
NA,NA,NA,NA,4.8,NA,NA,NA,NA,NA,NA
NA,NA,NA,NA,4.65833333333333,NA,NA,NA,NA,NA,NA
NA,NA,NA,NA,4.6,NA,NA,NA,NA,NA,NA
NA,NA,NA,NA,4.60833333333333,NA,NA,NA,NA,NA,NA
NA,NA,NA,NA,4.69166666666667,NA,NA,NA,NA,NA,NA
NA,NA,NA,NA,4.63333333333333,NA,NA,NA,NA,NA,NA
NA,NA,NA,NA,4.6,NA,NA,NA,NA,NA,NA
NA,NA,NA,NA,4.50833333333333,NA,NA,NA,NA,NA,NA
NA,NA,NA,NA,4.41666666666667,NA,NA,NA,NA,NA,NA
NA,NA,NA,NA,4.4,NA,NA,NA,NA,NA,NA
NA,NA,NA,NA,4.49166666666667,NA,NA,NA,NA,NA,NA
NA,NA,NA,NA,4.69166666666667,NA,NA,NA,NA,NA,NA
NA,NA,NA,NA,4.95833333333333,NA,NA,NA,NA,NA,NA
NA,NA,NA,NA,5.15833333333333,NA,NA,NA,NA,NA,NA
NA,NA,NA,NA,5.11666666666667,NA,NA,NA,NA,NA,NA
NA,NA,NA,NA,5.09166666666667,NA,NA,NA,NA,NA,NA
NA,NA,NA,NA,5.18333333333333,NA,NA,NA,NA,NA,NA
NA,NA,NA,NA,5.125,NA,NA,NA,NA,NA,NA
NA,NA,NA,NA,5.10833333333333,NA,NA,NA,NA,NA,NA
NA,NA,NA,NA,5.275,NA,NA,NA,NA,NA,NA
NA,NA,NA,NA,5.25833333333333,NA,NA,NA,NA,NA,NA
NA,NA,NA,NA,5.31666666666667,NA,NA,NA,NA,NA,NA
NA,NA,NA,NA,5.41666666666667,NA,NA,NA,NA,NA,NA
NA,NA,NA,NA,5.5,NA,NA,NA,NA,NA,NA
NA,NA,NA,NA,5.44166666666667,NA,NA,NA,NA,NA,NA
NA,NA,NA,NA,5.38333333333333,NA,NA,NA,NA,NA,NA
NA,NA,NA,NA,5.35,NA,NA,NA,NA,NA,NA
NA,NA,NA,NA,5.43333333333333,NA,NA,NA,NA,NA,NA
NA,NA,NA,NA,5.5,NA,NA,NA,NA,NA,NA
NA,NA,NA,NA,5.41666666666667,NA,NA,NA,NA,NA,NA
NA,NA,NA,NA,5.34166666666667,NA,NA,NA,NA,NA,NA
NA,NA,NA,NA,5.23333333333333,NA,NA,NA,NA,NA,NA
NA,NA,NA,NA,5.2,NA,NA,NA,NA,NA,NA
NA,NA,NA,NA,5.2,NA,NA,NA,NA,NA,NA
NA,NA,NA,NA,5.28333333333333,NA,NA,NA,NA,NA,NA
NA,NA,NA,NA,5.48333333333333,NA,NA,NA,NA,NA,NA
NA,NA,NA,NA,5.34166666666667,NA,NA,NA,NA,NA,NA
NA,NA,NA,NA,5.21666666666667,NA,NA,NA,NA,NA,NA
NA,NA,NA,NA,5.15,NA,NA,NA,NA,NA,NA
NA,NA,NA,NA,5.11666666666667,NA,NA,NA,NA,NA,NA
NA,NA,NA,NA,5.00833333333333,NA,NA,NA,NA,NA,NA
NA,NA,NA,NA,5.01666666666667,NA,NA,NA,NA,NA,NA
NA,NA,NA,NA,5.1,NA,NA,NA,NA,NA,NA
NA,NA,NA,NA,5.16666666666667,NA,NA,NA,NA,NA,NA
NA,NA,NA,NA,5.1,NA,NA,NA,NA,NA,NA
NA,NA,NA,NA,5,NA,NA,NA,NA,NA,NA
NA,NA,NA,NA,4.96666666666667,NA,NA,NA,NA,NA,NA
NA,NA,NA,NA,4.85833333333333,NA,NA,NA,NA,NA,NA
NA,NA,NA,NA,4.68333333333333,NA,NA,NA,NA,NA,NA
NA,NA,NA,NA,4.56666666666667,NA,NA,NA,NA,NA,NA
NA,NA,NA,NA,4.59166666666667,NA,NA,NA,NA,NA,NA
NA,NA,NA,NA,4.68333333333333,NA,NA,NA,NA,NA,NA
NA,NA,NA,NA,4.54166666666667,NA,NA,NA,NA,NA,NA
NA,NA,NA,NA,4.30833333333333,NA,NA,NA,NA,NA,NA
NA,NA,NA,NA,4.03333333333333,NA,NA,NA,NA,NA,NA
NA,NA,NA,NA,3.83333333333333,NA,NA,NA,NA,NA,NA
NA,NA,NA,NA,3.74166666666667,NA,NA,NA,NA,NA,NA
NA,NA,NA,NA,3.7,NA,NA,NA,NA,NA,NA
NA,NA,NA,NA,3.74166666666667,NA,NA,NA,NA,NA,NA
NA,NA,NA,NA,3.75,NA,NA,NA,NA,NA,NA
NA,NA,NA,NA,3.7,NA,NA,NA,NA,NA,NA
NA,NA,NA,NA,3.65833333333333,NA,NA,NA,NA,NA,NA
NA,NA,NA,NA,3.54166666666667,NA,NA,NA,NA,NA,NA
NA,NA,NA,NA,3.425,NA,NA,NA,NA,NA,NA
NA,NA,NA,NA,3.3,NA,NA,NA,NA,NA,NA
NA,NA,NA,NA,3.29166666666667,NA,NA,NA,NA,NA,NA
NA,NA,NA,NA,3.28333333333333,NA,NA,NA,NA,NA,NA
NA,NA,NA,NA,3.3,NA,NA,NA,NA,NA,NA
NA,NA,NA,NA,3.3,NA,NA,NA,NA,NA,NA
NA,NA,NA,NA,3.2,NA,NA,NA,NA,NA,NA
NA,NA,NA,NA,2.975,NA,NA,NA,NA,NA,NA
NA,NA,NA,NA,2.7,NA,NA,NA,NA,NA,NA
NA,NA,NA,NA,2.425,NA,NA,NA,NA,NA,NA
NA,NA,NA,NA,2.15,NA,NA,NA,NA,NA,NA
NA,NA,NA,NA,2.05,NA,NA,NA,NA,NA,NA
NA,NA,NA,NA,2.1,NA,NA,NA,NA,NA,NA
NA,NA,NA,NA,2.01666666666667,NA,NA,NA,NA,NA,NA
NA,NA,NA,NA,1.75,NA,NA,NA,NA,NA,NA
NA,NA,NA,NA,1.30833333333333,NA,NA,NA,NA,NA,NA
NA,NA,NA,NA,0.95,NA,NA,NA,NA,NA,NA
NA,NA,NA,NA,0.625,NA,NA,NA,NA,NA,NA
NA,NA,NA,NA,0.341666666666667,NA,NA,NA,NA,NA,NA
NA,NA,NA,NA,0.35,NA,NA,NA,NA,NA,NA
NA,NA,NA,NA,0.375,NA,NA,NA,NA,NA,NA
NA,NA,NA,NA,0.533333333333333,NA,NA,NA,NA,NA,NA
NA,NA,NA,NA,0.358333333333333,NA,NA,NA,NA,NA,NA
NA,NA,NA,NA,0.216666666666667,NA,NA,NA,NA,NA,NA
NA,NA,NA,NA,0.116666666666667,NA,NA,NA,NA,NA,NA
NA,NA,NA,NA,0.2,NA,NA,NA,NA,NA,NA
NA,NA,NA,NA,0.258333333333333,NA,NA,NA,NA,NA,NA
NA,NA,NA,NA,0.383333333333333,NA,NA,NA,NA,NA,NA
NA,NA,NA,NA,0.433333333333333,NA,NA,NA,NA,NA,NA
NA,NA,NA,NA,0.5,NA,NA,NA,NA,NA,NA
NA,NA,NA,NA,0.458333333333333,NA,NA,NA,NA,NA,NA
NA,NA,NA,NA,0.358333333333333,NA,NA,NA,NA,NA,NA
NA,NA,NA,NA,0.3,NA,NA,NA,NA,NA,NA
NA,NA,NA,NA,0.3,NA,NA,NA,NA,NA,NA
NA,NA,NA,NA,0.3,NA,NA,NA,NA,NA,NA
NA,NA,NA,NA,0.391666666666667,NA,NA,NA,NA,NA,NA
NA,NA,NA,NA,0.583333333333333,NA,NA,NA,NA,NA,NA
NA,NA,NA,NA,0.55,NA,NA,NA,NA,NA,NA
NA,NA,NA,NA,0.416666666666667,NA,NA,NA,NA,NA,NA
NA,NA,NA,NA,0.366666666666667,NA,NA,NA,NA,NA,NA
NA,NA,NA,NA,0.4,NA,NA,NA,NA,NA,NA
NA,NA,NA,NA,0.4,NA,NA,NA,NA,NA,NA
NA,NA,NA,NA,0.358333333333333,NA,NA,NA,NA,NA,NA
NA,NA,NA,NA,0.541666666666667,NA,NA,NA,NA,NA,NA
NA,NA,NA,NA,0.716666666666667,NA,NA,NA,NA,NA,NA
NA,NA,NA,NA,0.616666666666667,NA,NA,NA,NA,NA,NA
NA,NA,NA,NA,0.425,NA,NA,NA,NA,NA,NA
NA,NA,NA,NA,0.35,NA,NA,NA,NA,NA,NA
NA,NA,NA,NA,0.258333333333333,NA,NA,NA,NA,NA,NA
NA,NA,NA,NA,0.116666666666667,NA,NA,NA,NA,NA,NA
NA,NA,NA,NA,0.125,NA,NA,NA,NA,NA,NA
NA,NA,NA,NA,0.333333333333333,NA,NA,NA,NA,NA,NA
NA,NA,NA,NA,0.366666666666667,NA,NA,NA,NA,NA,NA
NA,NA,NA,NA,0.275,NA,NA,NA,NA,NA,NA
NA,NA,NA,NA,0.116666666666667,NA,NA,NA,NA,NA,NA
NA,NA,NA,NA,0.1,NA,NA,NA,NA,NA,NA
NA,NA,NA,NA,0.183333333333333,NA,NA,NA,NA,NA,NA
NA,NA,NA,NA,0.2,NA,NA,NA,NA,NA,NA
NA,NA,NA,NA,0.2,NA,NA,NA,NA,NA,NA
NA,NA,NA,NA,0.208333333333333,NA,NA,NA,NA,NA,NA
NA,NA,NA,NA,0.133333333333333,NA,NA,NA,NA,NA,NA
NA,NA,NA,NA,0.1,NA,NA,NA,NA,NA,NA
NA,NA,NA,NA,0.1,NA,NA,NA,NA,NA,NA
NA,NA,NA,NA,0.1,NA,NA,NA,NA,NA,NA
NA,NA,NA,NA,0.158333333333333,NA,NA,NA,NA,NA,NA
NA,NA,NA,NA,0.2,NA,NA,NA,NA,NA,NA
NA,NA,NA,NA,0.2,NA,NA,NA,NA,NA,NA
NA,NA,NA,NA,0.216666666666667,NA,NA,NA,NA,NA,NA
NA,NA,NA,NA,0.341666666666667,NA,NA,NA,NA,NA,NA
NA,NA,NA,NA,0.425,NA,NA,NA,NA,NA,NA
NA,NA,NA,NA,0.408333333333333,NA,NA,NA,NA,NA,NA
NA,NA,NA,NA,0.366666666666667,NA,NA,NA,NA,NA,NA
NA,NA,NA,NA,0.333333333333333,NA,NA,NA,NA,NA,NA
NA,NA,NA,NA,0.425,NA,NA,NA,NA,NA,NA
NA,NA,NA,NA,0.5,NA,NA,NA,NA,NA,NA
NA,NA,NA,NA,0.608333333333333,NA,NA,NA,NA,NA,NA
NA,NA,NA,NA,0.825,NA,NA,NA,NA,NA,NA
NA,NA,NA,NA,0.9,NA,NA,NA,NA,NA,NA
NA,NA,NA,NA,0.941666666666667,NA,NA,NA,NA,NA,NA
NA,NA,NA,NA,0.966666666666667,NA,NA,NA,NA,NA,NA
NA,NA,NA,NA,0.983333333333333,NA,NA,NA,NA,NA,NA
NA,NA,NA,NA,1,NA,NA,NA,NA,NA,NA
NA,NA,NA,NA,1.21666666666667,NA,NA,NA,NA,NA,NA
NA,NA,NA,NA,1.50833333333333,NA,NA,NA,NA,NA,NA
NA,NA,NA,NA,2.03333333333333,NA,NA,NA,NA,NA,NA
NA,NA,NA,NA,1.73333333333333,NA,NA,NA,NA,NA,NA
NA,NA,NA,NA,1.20833333333333,NA,NA,NA,NA,NA,NA
NA,NA,NA,NA,1.11666666666667,NA,NA,NA,NA,NA,NA
NA,NA,NA,NA,1.43333333333333,NA,NA,NA,NA,NA,NA
NA,NA,NA,NA,1.9,NA,NA,NA,NA,NA,NA
NA,NA,NA,NA,2.53333333333333,NA,NA,NA,NA,NA,NA
NA,NA,NA,NA,3.29166666666667,NA,NA,NA,NA,NA,NA
NA,NA,NA,NA,3.99166666666667,NA,NA,NA,NA,NA,NA
NA,NA,NA,NA,4.1,NA,NA,NA,NA,NA,NA
NA,NA,NA,NA,4.1,NA,NA,NA,NA,NA,NA
NA,NA,NA,NA,4.16666666666667,NA,NA,NA,NA,NA,NA
NA,NA,NA,NA,4.25833333333333,NA,NA,NA,NA,NA,NA
NA,NA,NA,NA,4.51666666666667,NA,NA,NA,NA,NA,NA
NA,NA,NA,NA,4.73333333333333,NA,NA,NA,NA,NA,NA
NA,NA,NA,NA,4.86666666666667,NA,NA,NA,NA,NA,NA
NA,NA,NA,NA,5.04166666666667,NA,NA,NA,NA,NA,NA
NA,NA,NA,NA,5.20833333333333,NA,NA,NA,NA,NA,NA
NA,NA,NA,NA,5.45833333333333,NA,NA,NA,NA,NA,NA
NA,NA,NA,NA,5.64166666666667,NA,NA,NA,NA,NA,NA
NA,NA,NA,NA,5.84166666666667,NA,NA,NA,NA,NA,NA
NA,NA,NA,NA,5.9,NA,NA,NA,NA,NA,NA
NA,NA,NA,NA,6.00833333333333,NA,NA,NA,NA,NA,NA
NA,NA,NA,NA,6.18333333333333,NA,NA,NA,NA,NA,NA
NA,NA,NA,NA,6.20833333333333,NA,NA,NA,NA,NA,NA
NA,NA,NA,NA,6.3,NA,NA,NA,NA,NA,NA
NA,NA,NA,NA,6.26666666666667,NA,NA,NA,NA,NA,NA
NA,NA,NA,NA,6.2,NA,NA,NA,NA,NA,NA
NA,NA,NA,NA,6.14166666666667,NA,NA,NA,NA,NA,NA
NA,NA,NA,NA,6.1,NA,NA,NA,NA,NA,NA
NA,NA,NA,NA,6.1,NA,NA,NA,NA,NA,NA
NA,NA,NA,NA,6.18333333333333,NA,NA,NA,NA,NA,NA
NA,NA,NA,NA,6.425,NA,NA,NA,NA,NA,NA
NA,NA,NA,NA,6.56666666666667,NA,NA,NA,NA,NA,NA
NA,NA,NA,NA,6.56666666666667,NA,NA,NA,NA,NA,NA
NA,NA,NA,NA,6.6,NA,NA,NA,NA,NA,NA
NA,NA,NA,NA,6.6,NA,NA,NA,NA,NA,NA
NA,NA,NA,NA,6.6,NA,NA,NA,NA,NA,NA
NA,NA,NA,NA,6.6,NA,NA,NA,NA,NA,NA
NA,NA,NA,NA,6.65833333333333,NA,NA,NA,NA,NA,NA
NA,NA,NA,NA,6.83333333333333,NA,NA,NA,NA,NA,NA
NA,NA,NA,NA,6.96666666666667,NA,NA,NA,NA,NA,NA
NA,NA,NA,NA,7.04166666666667,NA,NA,NA,NA,NA,NA
NA,NA,NA,NA,7.125,NA,NA,NA,NA,NA,NA
NA,NA,NA,NA,6.95833333333333,NA,NA,NA,NA,NA,NA
NA,NA,NA,NA,6.575,NA,NA,NA,NA,NA,NA
NA,NA,NA,NA,6.35,NA,NA,NA,NA,NA,NA
NA,NA,NA,NA,6.225,NA,NA,NA,NA,NA,NA
NA,NA,NA,NA,6.04166666666667,NA,NA,NA,NA,NA,NA
NA,NA,NA,NA,5.91666666666667,NA,NA,NA,NA,NA,NA
NA,NA,NA,NA,5.775,NA,NA,NA,NA,NA,NA
NA,NA,NA,NA,5.63333333333333,NA,NA,NA,NA,NA,NA
NA,NA,NA,NA,5.425,NA,NA,NA,NA,NA,NA
NA,NA,NA,NA,5.29166666666667,NA,NA,NA,NA,NA,NA
NA,NA,NA,NA,5.2,NA,NA,NA,NA,NA,NA
NA,NA,NA,NA,5.25,NA,NA,NA,NA,NA,NA
NA,NA,NA,NA,5.425,NA,NA,NA,NA,NA,NA
NA,NA,NA,NA,5.55833333333333,NA,NA,NA,NA,NA,NA
NA,NA,NA,NA,5.59166666666667,NA,NA,NA,NA,NA,NA
NA,NA,NA,NA,5.65,NA,NA,NA,NA,NA,NA
NA,NA,NA,NA,5.73333333333333,NA,NA,NA,NA,NA,NA
NA,NA,NA,NA,5.85,NA,NA,NA,NA,NA,NA
NA,NA,NA,NA,5.93333333333333,NA,NA,NA,NA,NA,NA
NA,NA,NA,NA,6.06666666666667,NA,NA,NA,NA,NA,NA
NA,NA,NA,NA,6.28333333333333,NA,NA,NA,NA,NA,NA
NA,NA,NA,NA,6.44166666666667,NA,NA,NA,NA,NA,NA
NA,NA,NA,NA,6.5,NA,NA,NA,NA,NA,NA
NA,NA,NA,NA,6.6,NA,NA,NA,NA,NA,NA
NA,NA,NA,NA,6.6,NA,NA,NA,NA,NA,NA
NA,NA,NA,NA,6.6,NA,NA,NA,NA,NA,NA
NA,NA,NA,NA,6.50833333333333,NA,NA,NA,NA,NA,NA
NA,NA,NA,NA,6.55,NA,NA,NA,NA,NA,NA
NA,NA,NA,NA,6.66666666666667,NA,NA,NA,NA,NA,NA
NA,NA,NA,NA,6.7,NA,NA,NA,NA,NA,NA
NA,NA,NA,NA,6.7,NA,NA,NA,NA,NA,NA
NA,NA,NA,NA,6.84166666666667,NA,NA,NA,NA,NA,NA
NA,NA,NA,NA,7,NA,NA,NA,NA,NA,NA
NA,NA,NA,NA,7.06666666666667,NA,NA,NA,NA,NA,NA
NA,NA,NA,NA,7.19166666666667,NA,NA,NA,NA,NA,NA
NA,NA,NA,NA,7.53333333333333,NA,NA,NA,NA,NA,NA
NA,NA,NA,NA,7.93333333333333,NA,NA,NA,NA,NA,NA
NA,NA,NA,NA,8.15833333333333,NA,NA,NA,NA,NA,NA
NA,NA,NA,NA,8.1,NA,NA,NA,NA,NA,NA
NA,NA,NA,NA,8.2,NA,NA,NA,NA,NA,NA
NA,NA,NA,NA,8.20833333333333,NA,NA,NA,NA,NA,NA
NA,NA,NA,NA,8.01666666666667,NA,NA,NA,NA,NA,NA
NA,NA,NA,NA,7.79166666666667,NA,NA,NA,NA,NA,NA
NA,NA,NA,NA,7.7,NA,NA,NA,NA,NA,NA
NA,NA,NA,NA,7.75,NA,NA,NA,NA,NA,NA
NA,NA,NA,NA,7.8,NA,NA,NA,NA,NA,NA
NA,NA,NA,NA,7.70833333333333,NA,NA,NA,NA,NA,NA
NA,NA,NA,NA,7.7,NA,NA,NA,NA,NA,NA
NA,NA,NA,NA,7.8,NA,NA,NA,NA,NA,NA
NA,NA,NA,NA,7.8,NA,NA,NA,NA,NA,NA
NA,NA,NA,NA,7.78333333333333,NA,NA,NA,NA,NA,NA
NA,NA,NA,NA,7.775,NA,NA,NA,NA,NA,NA
NA,NA,NA,NA,7.86666666666667,NA,NA,NA,NA,NA,NA
NA,NA,NA,NA,8,NA,NA,NA,NA,NA,NA
NA,NA,NA,NA,7.98333333333333,NA,NA,NA,NA,NA,NA
NA,NA,NA,NA,7.9,NA,NA,NA,NA,NA,NA
NA,NA,NA,NA,7.925,NA,NA,NA,NA,NA,NA
NA,NA,NA,NA,7.85833333333333,NA,NA,NA,NA,NA,NA
NA,NA,NA,NA,7.73333333333333,NA,NA,NA,NA,NA,NA
NA,NA,NA,NA,7.75833333333333,NA,NA,NA,NA,NA,NA
NA,NA,NA,NA,7.8,NA,NA,NA,NA,NA,NA
NA,NA,NA,NA,7.725,NA,NA,NA,NA,NA,NA
NA,NA,NA,NA,7.54166666666667,NA,NA,NA,NA,NA,NA
NA,NA,NA,NA,7.375,NA,NA,NA,NA,NA,NA
NA,NA,NA,NA,7.19166666666667,NA,NA,NA,NA,NA,NA
NA,NA,NA,NA,6.93333333333333,NA,NA,NA,NA,NA,NA
NA,NA,NA,NA,6.73333333333333,NA,NA,NA,NA,NA,NA
NA,NA,NA,NA,6.6,NA,NA,NA,NA,NA,NA
NA,NA,NA,NA,6.55833333333333,NA,NA,NA,NA,NA,NA
NA,NA,NA,NA,6.5,NA,NA,NA,NA,NA,NA
NA,NA,NA,NA,6.51666666666667,NA,NA,NA,NA,NA,NA
NA,NA,NA,NA,6.63333333333333,NA,NA,NA,NA,NA,NA
NA,NA,NA,NA,6.83333333333333,NA,NA,NA,NA,NA,NA
NA,NA,NA,NA,7,NA,NA,NA,NA,NA,NA
NA,NA,NA,NA,7.14166666666667,NA,NA,NA,NA,NA,NA
NA,NA,NA,NA,7.28333333333333,NA,NA,NA,NA,NA,NA
NA,NA,NA,NA,7.48333333333333,NA,NA,NA,NA,NA,NA
NA,NA,NA,NA,7.5,NA,NA,NA,NA,NA,NA
NA,NA,NA,NA,7.43333333333333,NA,NA,NA,NA,NA,NA
NA,NA,NA,NA,7.5,NA,NA,NA,NA,NA,NA
NA,NA,NA,NA,7.45,NA,NA,NA,NA,NA,NA
NA,NA,NA,NA,7.525,NA,NA,NA,NA,NA,NA
NA,NA,NA,NA,7.5,NA,NA,NA,NA,NA,NA
NA,NA,NA,NA,7.525,NA,NA,NA,NA,NA,NA
NA,NA,NA,NA,7.6,NA,NA,NA,NA,NA,NA
NA,NA,NA,NA,7.63333333333333,NA,NA,NA,NA,NA,NA
NA,NA,NA,NA,7.7,NA,NA,NA,NA,NA,NA
NA,NA,NA,NA,7.775,NA,NA,NA,NA,NA,NA
NA,NA,NA,NA,7.8,NA,NA,NA,NA,NA,NA
NA,NA,NA,NA,7.73333333333333,NA,NA,NA,NA,NA,NA
NA,NA,NA,NA,7.7,NA,NA,NA,NA,NA,NA
NA,NA,NA,NA,7.71666666666667,NA,NA,NA,NA,NA,NA
NA,NA,NA,NA,7.8,NA,NA,NA,NA,NA,NA
NA,NA,NA,NA,7.75,NA,NA,NA,NA,NA,NA
NA,NA,NA,NA,7.575,NA,NA,NA,NA,NA,NA
NA,NA,NA,NA,7.38333333333333,NA,NA,NA,NA,NA,NA
NA,NA,NA,NA,7.19166666666667,NA,NA,NA,NA,NA,NA
NA,NA,NA,NA,7.03333333333333,NA,NA,NA,NA,NA,NA
NA,NA,NA,NA,6.84166666666667,NA,NA,NA,NA,NA,NA
NA,NA,NA,NA,6.73333333333333,NA,NA,NA,NA,NA,NA
NA,NA,NA,NA,6.7,NA,NA,NA,NA,NA,NA
NA,NA,NA,NA,6.7,NA,NA,NA,NA,NA,NA
NA,NA,NA,NA,6.7,NA,NA,NA,NA,NA,NA
NA,NA,NA,NA,6.69166666666667,NA,NA,NA,NA,NA,NA
NA,NA,NA,NA,6.6,NA,NA,NA,NA,NA,NA
NA,NA,NA,NA,6.63333333333333,NA,NA,NA,NA,NA,NA
NA,NA,NA,NA,6.65833333333333,NA,NA,NA,NA,NA,NA
NA,NA,NA,NA,6.65833333333333,NA,NA,NA,NA,NA,NA
NA,NA,NA,NA,6.71666666666667,NA,NA,NA,NA,NA,NA
NA,NA,NA,NA,6.75833333333333,NA,NA,NA,NA,NA,NA
NA,NA,NA,NA,6.75833333333333,NA,NA,NA,NA,NA,NA
NA,NA,NA,NA,6.66666666666667,NA,NA,NA,NA,NA,NA
NA,NA,NA,NA,6.64166666666667,NA,NA,NA,NA,NA,NA
NA,NA,NA,NA,6.63333333333333,NA,NA,NA,NA,NA,NA
NA,NA,NA,NA,6.55,NA,NA,NA,NA,NA,NA
NA,NA,NA,NA,6.48333333333333,NA,NA,NA,NA,NA,NA
NA,NA,NA,NA,6.475,NA,NA,NA,NA,NA,NA
NA,NA,NA,NA,6.44166666666667,NA,NA,NA,NA,NA,NA
NA,NA,NA,NA,6.33333333333333,NA,NA,NA,NA,NA,NA
NA,NA,NA,NA,6.21666666666667,NA,NA,NA,NA,NA,NA
NA,NA,NA,NA,6.175,NA,NA,NA,NA,NA,NA
NA,NA,NA,NA,6.1,NA,NA,NA,NA,NA,NA
NA,NA,NA,NA,6.00833333333333,NA,NA,NA,NA,NA,NA
NA,NA,NA,NA,6.1,NA,NA,NA,NA,NA,NA
NA,NA,NA,NA,6.14166666666667,NA,NA,NA,NA,NA,NA
NA,NA,NA,NA,6.26666666666667,NA,NA,NA,NA,NA,NA
NA,NA,NA,NA,6.3,NA,NA,NA,NA,NA,NA
NA,NA,NA,NA,6.3,NA,NA,NA,NA,NA,NA
NA,NA,NA,NA,6.35,NA,NA,NA,NA,NA,NA
NA,NA,NA,NA,6.4,NA,NA,NA,NA,NA,NA
NA,NA,NA,NA,6.48333333333333,NA,NA,NA,NA,NA,NA
NA,NA,NA,NA,6.575,NA,NA,NA,NA,NA,NA
NA,NA,NA,NA,6.725,NA,NA,NA,NA,NA,NA
NA,NA,NA,NA,6.775,NA,NA,NA,NA,NA,NA
NA,NA,NA,NA,6.8,NA,NA,NA,NA,NA,NA
NA,NA,NA,NA,6.80833333333333,NA,NA,NA,NA,NA,NA
NA,NA,NA,NA,6.89166666666667,NA,NA,NA,NA,NA,NA
NA,NA,NA,NA,6.96666666666667,NA,NA,NA,NA,NA,NA
NA,NA,NA,NA,7,NA,NA,NA,NA,NA,NA
NA,NA,NA,NA,7.125,NA,NA,NA,NA,NA,NA
NA,NA,NA,NA,7.3,NA,NA,NA,NA,NA,NA
NA,NA,NA,NA,7.25,NA,NA,NA,NA,NA,NA
NA,NA,NA,NA,7.125,NA,NA,NA,NA,NA,NA
NA,NA,NA,NA,7.01666666666667,NA,NA,NA,NA,NA,NA
NA,NA,NA,NA,6.9,NA,NA,NA,NA,NA,NA
NA,NA,NA,NA,6.8,NA,NA,NA,NA,NA,NA
NA,NA,NA,NA,6.8,NA,NA,NA,NA,NA,NA
NA,NA,NA,NA,6.73333333333333,NA,NA,NA,NA,NA,NA
NA,NA,NA,NA,6.8,NA,NA,NA,NA,NA,NA
NA,NA,NA,NA,6.8,NA,NA,NA,NA,NA,NA
NA,NA,NA,NA,6.775,NA,NA,NA,NA,NA,NA
NA,NA,NA,NA,6.8,NA,NA,NA,NA,NA,NA
NA,NA,NA,NA,6.88333333333333,NA,NA,NA,NA,NA,NA
NA,NA,NA,NA,6.93333333333333,NA,NA,NA,NA,NA,NA
NA,NA,NA,NA,7,NA,NA,NA,NA,NA,NA
NA,NA,NA,NA,7,NA,NA,NA,NA,NA,NA
NA,NA,NA,NA,7.06666666666667,NA,NA,NA,NA,NA,NA
NA,NA,NA,NA,6.95,NA,NA,NA,NA,NA,NA
NA,NA,NA,NA,6.75833333333333,NA,NA,NA,NA,NA,NA
NA,NA,NA,NA,6.55833333333333,NA,NA,NA,NA,NA,NA
NA,NA,NA,NA,6.39166666666667,NA,NA,NA,NA,NA,NA
NA,NA,NA,NA,6.23333333333333,NA,NA,NA,NA,NA,NA
NA,NA,NA,NA,5.99166666666667,NA,NA,NA,NA,NA,NA
NA,NA,NA,NA,5.84166666666667,NA,NA,NA,NA,NA,NA
NA,NA,NA,NA,5.86666666666667,NA,NA,NA,NA,NA,NA
NA,NA,NA,NA,5.76666666666667,NA,NA,NA,NA,NA,NA
NA,NA,NA,NA,5.65833333333333,NA,NA,NA,NA,NA,NA
NA,NA,NA,NA,5.6,NA,NA,NA,NA,NA,NA
NA,NA,NA,NA,5.6,NA,NA,NA,NA,NA,NA
NA,NA,NA,NA,5.54166666666667,NA,NA,NA,NA,NA,NA
NA,NA,NA,NA,5.425,NA,NA,NA,NA,NA,NA
NA,NA,NA,NA,5.4,NA,NA,NA,NA,NA,NA
NA,NA,NA,NA,5.49166666666667,NA,NA,NA,NA,NA,NA
NA,NA,NA,NA,5.375,NA,NA,NA,NA,NA,NA
NA,NA,NA,NA,5.23333333333333,NA,NA,NA,NA,NA,NA
NA,NA,NA,NA,5.09166666666667,NA,NA,NA,NA,NA,NA
NA,NA,NA,NA,4.94166666666667,NA,NA,NA,NA,NA,NA
NA,NA,NA,NA,4.84166666666667,NA,NA,NA,NA,NA,NA
NA,NA,NA,NA,4.70833333333333,NA,NA,NA,NA,NA,NA
NA,NA,NA,NA,4.63333333333333,NA,NA,NA,NA,NA,NA
NA,NA,NA,NA,4.65,NA,NA,NA,NA,NA,NA
NA,NA,NA,NA,4.56666666666667,NA,NA,NA,NA,NA,NA
NA,NA,NA,NA,4.44166666666667,NA,NA,NA,NA,NA,NA
NA,NA,NA,NA,4.29166666666667,NA,NA,NA,NA,NA,NA
NA,NA,NA,NA,4.14166666666667,NA,NA,NA,NA,NA,NA
NA,NA,NA,NA,3.875,NA,NA,NA,NA,NA,NA
NA,NA,NA,NA,3.56666666666667,NA,NA,NA,NA,NA,NA
NA,NA,NA,NA,3.55833333333333,NA,NA,NA,NA,NA,NA
NA,NA,NA,NA,3.58333333333333,NA,NA,NA,NA,NA,NA
NA,NA,NA,NA,3.5,NA,NA,NA,NA,NA,NA
NA,NA,NA,NA,3.50833333333333,NA,NA,NA,NA,NA,NA
NA,NA,NA,NA,3.625,NA,NA,NA,NA,NA,NA
NA,NA,NA,NA,3.7,NA,NA,NA,NA,NA,NA
NA,NA,NA,NA,3.725,NA,NA,NA,NA,NA,NA
NA,NA,NA,NA,3.7,NA,NA,NA,NA,NA,NA
NA,NA,NA,NA,3.81666666666667,NA,NA,NA,NA,NA,NA
NA,NA,NA,NA,4.01666666666667,NA,NA,NA,NA,NA,NA
NA,NA,NA,NA,4.09166666666667,NA,NA,NA,NA,NA,NA
NA,NA,NA,NA,3.91666666666667,NA,NA,NA,NA,NA,NA
NA,NA,NA,NA,3.8,NA,NA,NA,NA,NA,NA
NA,NA,NA,NA,3.68333333333333,NA,NA,NA,NA,NA,NA
NA,NA,NA,NA,3.58333333333333,NA,NA,NA,NA,NA,NA
NA,NA,NA,NA,3.45833333333333,NA,NA,NA,NA,NA,NA
NA,NA,NA,NA,3.36666666666667,NA,NA,NA,NA,NA,NA
NA,NA,NA,NA,3.38333333333333,NA,NA,NA,NA,NA,NA
NA,NA,NA,NA,3.4,NA,NA,NA,NA,NA,NA
NA,NA,NA,NA,3.325,NA,NA,NA,NA,NA,NA
NA,NA,NA,NA,3.3,NA,NA,NA,NA,NA,NA
NA,NA,NA,NA,3.3,NA,NA,NA,NA,NA,NA
NA,NA,NA,NA,3.3,NA,NA,NA,NA,NA,NA
NA,NA,NA,NA,3.3,NA,NA,NA,NA,NA,NA
NA,NA,NA,NA,3.35833333333333,NA,NA,NA,NA,NA,NA
NA,NA,NA,NA,3.525,NA,NA,NA,NA,NA,NA
NA,NA,NA,NA,3.58333333333333,NA,NA,NA,NA,NA,NA
NA,NA,NA,NA,3.5,NA,NA,NA,NA,NA,NA
NA,NA,NA,NA,3.5,NA,NA,NA,NA,NA,NA
NA,NA,NA,NA,3.58333333333333,NA,NA,NA,NA,NA,NA
NA,NA,NA,NA,3.6,NA,NA,NA,NA,NA,NA
NA,NA,NA,NA,3.6,NA,NA,NA,NA,NA,NA
NA,NA,NA,NA,3.68333333333333,NA,NA,NA,NA,NA,NA
NA,NA,NA,NA,3.85,NA,NA,NA,NA,NA,NA
NA,NA,NA,NA,4.01666666666667,NA,NA,NA,NA,NA,NA
NA,NA,NA,NA,4,NA,NA,NA,NA,NA,NA
NA,NA,NA,NA,4,NA,NA,NA,NA,NA,NA
NA,NA,NA,NA,3.98333333333333,NA,NA,NA,NA,NA,NA
NA,NA,NA,NA,3.9,NA,NA,NA,NA,NA,NA
NA,NA,NA,NA,3.9,NA,NA,NA,NA,NA,NA
NA,NA,NA,NA,3.95,NA,NA,NA,NA,NA,NA
NA,NA,NA,NA,4,NA,NA,NA,NA,NA,NA
NA,NA,NA,NA,4.01666666666667,NA,NA,NA,NA,NA,NA
NA,NA,NA,NA,4.04166666666667,NA,NA,NA,NA,NA,NA
NA,NA,NA,NA,4.06666666666667,NA,NA,NA,NA,NA,NA
NA,NA,NA,NA,4.01666666666667,NA,NA,NA,NA,NA,NA
NA,NA,NA,NA,4,NA,NA,NA,NA,NA,NA
NA,NA,NA,NA,4,NA,NA,NA,NA,NA,NA
NA,NA,NA,NA,4,NA,NA,NA,NA,NA,NA
NA,NA,NA,NA,4.075,NA,NA,NA,NA,NA,NA
NA,NA,NA,NA,4.1,NA,NA,NA,NA,NA,NA
NA,NA,NA,NA,4.075,NA,NA,NA,NA,NA,NA
NA,NA,NA,NA,4.00833333333333,NA,NA,NA,NA,NA,NA
NA,NA,NA,NA,4,NA,NA,NA,NA,NA,NA
NA,NA,NA,NA,3.95,NA,NA,NA,NA,NA,NA
NA,NA,NA,NA,3.85833333333333,NA,NA,NA,NA,NA,NA
NA,NA,NA,NA,3.85833333333333,NA,NA,NA,NA,NA,NA
NA,NA,NA,NA,3.80833333333333,NA,NA,NA,NA,NA,NA
NA,NA,NA,NA,3.8,NA,NA,NA,NA,NA,NA
NA,NA,NA,NA,3.70833333333333,NA,NA,NA,NA,NA,NA
NA,NA,NA,NA,3.64166666666667,NA,NA,NA,NA,NA,NA
NA,NA,NA,NA,3.55833333333333,NA,NA,NA,NA,NA,NA
NA,NA,NA,NA,3.45,NA,NA,NA,NA,NA,NA
NA,NA,NA,NA,3.4,NA,NA,NA,NA,NA,NA
NA,NA,NA,NA,3.4,NA,NA,NA,NA,NA,NA
NA,NA,NA,NA,3.4,NA,NA,NA,NA,NA,NA
NA,NA,NA,NA,3.40833333333333,NA,NA,NA,NA,NA,NA
NA,NA,NA,NA,3.45,NA,NA,NA,NA,NA,NA
NA,NA,NA,NA,3.4,NA,NA,NA,NA,NA,NA
NA,NA,NA,NA,3.38333333333333,NA,NA,NA,NA,NA,NA
NA,NA,NA,NA,3.3,NA,NA,NA,NA,NA,NA
NA,NA,NA,NA,3.3,NA,NA,NA,NA,NA,NA
NA,NA,NA,NA,3.3,NA,NA,NA,NA,NA,NA
NA,NA,NA,NA,3.3,NA,NA,NA,NA,NA,NA
NA,NA,NA,NA,3.28333333333333,NA,NA,NA,NA,NA,NA
NA,NA,NA,NA,3.175,NA,NA,NA,NA,NA,NA
NA,NA,NA,NA,3.1,NA,NA,NA,NA,NA,NA
NA,NA,NA,NA,3,NA,NA,NA,NA,NA,NA
NA,NA,NA,NA,2.91666666666667,NA,NA,NA,NA,NA,NA
NA,NA,NA,NA,2.8,NA,NA,NA,NA,NA,NA
NA,NA,NA,NA,2.8,NA,NA,NA,NA,NA,NA
NA,NA,NA,NA,2.8,NA,NA,NA,NA,NA,NA
NA,NA,NA,NA,2.76666666666667,NA,NA,NA,NA,NA,NA
NA,NA,NA,NA,2.575,NA,NA,NA,NA,NA,NA
NA,NA,NA,NA,2.35833333333333,NA,NA,NA,NA,NA,NA
NA,NA,NA,NA,2.3,NA,NA,NA,NA,NA,NA
NA,NA,NA,NA,2.3,NA,NA,NA,NA,NA,NA
NA,NA,NA,NA,2.3,NA,NA,NA,NA,NA,NA
NA,NA,NA,NA,2.35833333333333,NA,NA,NA,NA,NA,NA
NA,NA,NA,NA,2.5,NA,NA,NA,NA,NA,NA
NA,NA,NA,NA,2.5,NA,NA,NA,NA,NA,NA
NA,NA,NA,NA,2.58333333333333,NA,NA,NA,NA,NA,NA
NA,NA,NA,NA,2.66666666666667,NA,NA,NA,NA,NA,NA
NA,NA,NA,NA,2.71666666666667,NA,NA,NA,NA,NA,NA
NA,NA,NA,NA,2.875,NA,NA,NA,NA,NA,NA
NA,NA,NA,NA,2.89166666666667,NA,NA,NA,NA,NA,NA
NA,NA,NA,NA,3.05,NA,NA,NA,NA,NA,NA
NA,NA,NA,NA,3.21666666666667,NA,NA,NA,NA,NA,NA
NA,NA,NA,NA,3.3,NA,NA,NA,NA,NA,NA
NA,NA,NA,NA,3.39166666666667,NA,NA,NA,NA,NA,NA
NA,NA,NA,NA,3.5,NA,NA,NA,NA,NA,NA
NA,NA,NA,NA,3.575,NA,NA,NA,NA,NA,NA
NA,NA,NA,NA,3.75,NA,NA,NA,NA,NA,NA
NA,NA,NA,NA,3.85,NA,NA,NA,NA,NA,NA
NA,NA,NA,NA,3.925,NA,NA,NA,NA,NA,NA
NA,NA,NA,NA,4.06666666666667,NA,NA,NA,NA,NA,NA
NA,NA,NA,NA,4.1,NA,NA,NA,NA,NA,NA
NA,NA,NA,NA,4.1,NA,NA,NA,NA,NA,NA
NA,NA,NA,NA,4.15,NA,NA,NA,NA,NA,NA
NA,NA,NA,NA,4.225,NA,NA,NA,NA,NA,NA
NA,NA,NA,NA,4.2,NA,NA,NA,NA,NA,NA
NA,NA,NA,NA,4.21666666666667,NA,NA,NA,NA,NA,NA
NA,NA,NA,NA,4.2,NA,NA,NA,NA,NA,NA
NA,NA,NA,NA,4.14166666666667,NA,NA,NA,NA,NA,NA
NA,NA,NA,NA,4.13333333333333,NA,NA,NA,NA,NA,NA
NA,NA,NA,NA,3.975,NA,NA,NA,NA,NA,NA
NA,NA,NA,NA,3.85833333333333,NA,NA,NA,NA,NA,NA
NA,NA,NA,NA,3.65,NA,NA,NA,NA,NA,NA
NA,NA,NA,NA,3.66666666666667,NA,NA,NA,NA,NA,NA
NA,NA,NA,NA,3.7,NA,NA,NA,NA,NA,NA
NA,NA,NA,NA,3.725,NA,NA,NA,NA,NA,NA
NA,NA,NA,NA,3.90833333333333,NA,NA,NA,NA,NA,NA
NA,NA,NA,NA,4.10833333333333,NA,NA,NA,NA,NA,NA
NA,NA,NA,NA,4.30833333333333,NA,NA,NA,NA,NA,NA
NA,NA,NA,NA,4.4,NA,NA,NA,NA,NA,NA
NA,NA,NA,NA,4.38333333333333,NA,NA,NA,NA,NA,NA
NA,NA,NA,NA,4.175,NA,NA,NA,NA,NA,NA
NA,NA,NA,NA,3.9,NA,NA,NA,NA,NA,NA
NA,NA,NA,NA,3.88333333333333,NA,NA,NA,NA,NA,NA
NA,NA,NA,NA,4.29166666666667,NA,NA,NA,NA,NA,NA
NA,NA,NA,NA,4.4,NA,NA,NA,NA,NA,NA
NA,NA,NA,NA,3.98333333333333,NA,NA,NA,NA,NA,NA
NA,NA,NA,NA,3.63333333333333,NA,NA,NA,NA,NA,NA
NA,NA,NA,NA,3.38333333333333,NA,NA,NA,NA,NA,NA
NA,NA,NA,NA,3.11666666666667,NA,NA,NA,NA,NA,NA
NA,NA,NA,NA,2.975,NA,NA,NA,NA,NA,NA
NA,NA,NA,NA,3.01666666666667,NA,NA,NA,NA,NA,NA
NA,NA,NA,NA,3.225,NA,NA,NA,NA,NA,NA
NA,NA,NA,NA,3.30833333333333,NA,NA,NA,NA,NA,NA
NA,NA,NA,NA,3.33333333333333,NA,NA,NA,NA,NA,NA
NA,NA,NA,NA,3.38333333333333,NA,NA,NA,NA,NA,NA
NA,NA,NA,NA,3.31666666666667,NA,NA,NA,NA,NA,NA
NA,NA,NA,NA,3.25,NA,NA,NA,NA,NA,NA
NA,NA,NA,NA,3.2,NA,NA,NA,NA,NA,NA
NA,NA,NA,NA,3.25833333333333,NA,NA,NA,NA,NA,NA
NA,NA,NA,NA,3.44166666666667,NA,NA,NA,NA,NA,NA
NA,NA,NA,NA,3.55,NA,NA,NA,NA,NA,NA
NA,NA,NA,NA,3.6,NA,NA,NA,NA,NA,NA
NA,NA,NA,NA,3.55,NA,NA,NA,NA,NA,NA
NA,NA,NA,NA,3.4,NA,NA,NA,NA,NA,NA
NA,NA,NA,NA,3.175,NA,NA,NA,NA,NA,NA
NA,NA,NA,NA,2.91666666666667,NA,NA,NA,NA,NA,NA
NA,NA,NA,NA,2.86666666666667,NA,NA,NA,NA,NA,NA
NA,NA,NA,NA,3.01666666666667,NA,NA,NA,NA,NA,NA
NA,NA,NA,NA,3,NA,NA,NA,NA,NA,NA
NA,NA,NA,NA,2.775,NA,NA,NA,NA,NA,NA
NA,NA,NA,NA,2.625,NA,NA,NA,NA,NA,NA
NA,NA,NA,NA,2.49166666666667,NA,NA,NA,NA,NA,NA
NA,NA,NA,NA,2.325,NA,NA,NA,NA,NA,NA
NA,NA,NA,NA,2.11666666666667,NA,NA,NA,NA,NA,NA
NA,NA,NA,NA,2.125,NA,NA,NA,NA,NA,NA
NA,NA,NA,NA,2.375,NA,NA,NA,NA,NA,NA
NA,NA,NA,NA,2.46666666666667,NA,NA,NA,NA,NA,NA
NA,NA,NA,NA,2.25833333333333,NA,NA,NA,NA,NA,NA
NA,NA,NA,NA,2.1,NA,NA,NA,NA,NA,NA
NA,NA,NA,NA,2.04166666666667,NA,NA,NA,NA,NA,NA
NA,NA,NA,NA,1.875,NA,NA,NA,NA,NA,NA
NA,NA,NA,NA,1.70833333333333,NA,NA,NA,NA,NA,NA
NA,NA,NA,NA,1.75,NA,NA,NA,NA,NA,NA
NA,NA,NA,NA,1.98333333333333,NA,NA,NA,NA,NA,NA
NA,NA,NA,NA,2.1,NA,NA,NA,NA,NA,NA
NA,NA,NA,NA,1.94166666666667,NA,NA,NA,NA,NA,NA
NA,NA,NA,NA,1.8,NA,NA,NA,NA,NA,NA
NA,NA,NA,NA,1.71666666666667,NA,NA,NA,NA,NA,NA
NA,NA,NA,NA,1.625,NA,NA,NA,NA,NA,NA
NA,NA,NA,NA,1.6,NA,NA,NA,NA,NA,NA
NA,NA,NA,NA,1.7,NA,NA,NA,NA,NA,NA
NA,NA,NA,NA,1.875,NA,NA,NA,NA,NA,NA
NA,NA,NA,NA,2,NA,NA,NA,NA,NA,NA
NA,NA,NA,NA,2,NA,NA,NA,NA,NA,NA
NA,NA,NA,NA,2.01666666666667,NA,NA,NA,NA,NA,NA
NA,NA,NA,NA,2.1,NA,NA,NA,NA,NA,NA
NA,NA,NA,NA,2.19166666666667,NA,NA,NA,NA,NA,NA
NA,NA,NA,NA,2.34166666666667,NA,NA,NA,NA,NA,NA
NA,NA,NA,NA,2.51666666666667,NA,NA,NA,NA,NA,NA
NA,NA,NA,NA,2.68333333333333,NA,NA,NA,NA,NA,NA
NA,NA,NA,NA,2.83333333333333,NA,NA,NA,NA,NA,NA
NA,NA,NA,NA,2.95833333333333,NA,NA,NA,NA,NA,NA
NA,NA,NA,NA,3.14166666666667,NA,NA,NA,NA,NA,NA
NA,NA,NA,NA,3.325,NA,NA,NA,NA,NA,NA
NA,NA,NA,NA,3.475,NA,NA,NA,NA,NA,NA
NA,NA,NA,NA,3.575,NA,NA,NA,NA,NA,NA
NA,NA,NA,NA,3.8,NA,NA,NA,NA,NA,NA
NA,NA,NA,NA,4.06666666666667,NA,NA,NA,NA,NA,NA
NA,NA,NA,NA,4.24166666666667,NA,NA,NA,NA,NA,NA
NA,NA,NA,NA,4.3,NA,NA,NA,NA,NA,NA
NA,NA,NA,NA,4.375,NA,NA,NA,NA,NA,NA
NA,NA,NA,NA,4.40833333333333,NA,NA,NA,NA,NA,NA
NA,NA,NA,NA,4.43333333333333,NA,NA,NA,NA,NA,NA
NA,NA,NA,NA,4.44166666666667,NA,NA,NA,NA,NA,NA
NA,NA,NA,NA,4.54166666666667,NA,NA,NA,NA,NA,NA
NA,NA,NA,NA,4.675,NA,NA,NA,NA,NA,NA
NA,NA,NA,NA,4.7,NA,NA,NA,NA,NA,NA
NA,NA,NA,NA,4.61666666666667,NA,NA,NA,NA,NA,NA
NA,NA,NA,NA,4.46666666666667,NA,NA,NA,NA,NA,NA
NA,NA,NA,NA,4.375,NA,NA,NA,NA,NA,NA
NA,NA,NA,NA,4.24166666666667,NA,NA,NA,NA,NA,NA
NA,NA,NA,NA,4.08333333333333,NA,NA,NA,NA,NA,NA
NA,NA,NA,NA,4.04166666666667,NA,NA,NA,NA,NA,NA
NA,NA,NA,NA,4.1,NA,NA,NA,NA,NA,NA
NA,NA,NA,NA,4.00833333333333,NA,NA,NA,NA,NA,NA
NA,NA,NA,NA,3.925,NA,NA,NA,NA,NA,NA
NA,NA,NA,NA,3.875,NA,NA,NA,NA,NA,NA
NA,NA,NA,NA,3.8,NA,NA,NA,NA,NA,NA
NA,NA,NA,NA,3.8,NA,NA,NA,NA,NA,NA
NA,NA,NA,NA,3.8,NA,NA,NA,NA,NA,NA
NA,NA,NA,NA,3.90833333333333,NA,NA,NA,NA,NA,NA
NA,NA,NA,NA,4.06666666666667,NA,NA,NA,NA,NA,NA
NA,NA,NA,NA,4.10833333333333,NA,NA,NA,NA,NA,NA
NA,NA,NA,NA,4.11666666666667,NA,NA,NA,NA,NA,NA
NA,NA,NA,NA,4.00833333333333,NA,NA,NA,NA,NA,NA
NA,NA,NA,NA,3.99166666666667,NA,NA,NA,NA,NA,NA
NA,NA,NA,NA,3.9,NA,NA,NA,NA,NA,NA
NA,NA,NA,NA,3.9,NA,NA,NA,NA,NA,NA
NA,NA,NA,NA,4.05,NA,NA,NA,NA,NA,NA
NA,NA,NA,NA,4.325,NA,NA,NA,NA,NA,NA
NA,NA,NA,NA,4.49166666666667,NA,NA,NA,NA,NA,NA
NA,NA,NA,NA,4.45,NA,NA,NA,NA,NA,NA
NA,NA,NA,NA,4.4,NA,NA,NA,NA,NA,NA
NA,NA,NA,NA,4.40833333333333,NA,NA,NA,NA,NA,NA
NA,NA,NA,NA,4.5,NA,NA,NA,NA,NA,NA
NA,NA,NA,NA,4.575,NA,NA,NA,NA,NA,NA
NA,NA,NA,NA,4.81666666666667,NA,NA,NA,NA,NA,NA
NA,NA,NA,NA,5,NA,NA,NA,NA,NA,NA
NA,NA,NA,NA,5.2,NA,NA,NA,NA,NA,NA
NA,NA,NA,NA,5.40833333333333,NA,NA,NA,NA,NA,NA
NA,NA,NA,NA,5.69166666666667,NA,NA,NA,NA,NA,NA
NA,NA,NA,NA,5.94166666666667,NA,NA,NA,NA,NA,NA
NA,NA,NA,NA,6.15,NA,NA,NA,NA,NA,NA
NA,NA,NA,NA,6.34166666666667,NA,NA,NA,NA,NA,NA
NA,NA,NA,NA,6.6,NA,NA,NA,NA,NA,NA
NA,NA,NA,NA,6.78333333333333,NA,NA,NA,NA,NA,NA
NA,NA,NA,NA,6.8,NA,NA,NA,NA,NA,NA
NA,NA,NA,NA,6.73333333333333,NA,NA,NA,NA,NA,NA
NA,NA,NA,NA,6.7,NA,NA,NA,NA,NA,NA
NA,NA,NA,NA,6.71666666666667,NA,NA,NA,NA,NA,NA
NA,NA,NA,NA,6.83333333333333,NA,NA,NA,NA,NA,NA
NA,NA,NA,NA,6.86666666666667,NA,NA,NA,NA,NA,NA
NA,NA,NA,NA,6.95,NA,NA,NA,NA,NA,NA
NA,NA,NA,NA,7.01666666666667,NA,NA,NA,NA,NA,NA
NA,NA,NA,NA,7.1,NA,NA,NA,NA,NA,NA
NA,NA,NA,NA,7.01666666666667,NA,NA,NA,NA,NA,NA
NA,NA,NA,NA,6.825,NA,NA,NA,NA,NA,NA
NA,NA,NA,NA,6.69166666666667,NA,NA,NA,NA,NA,NA
NA,NA,NA,NA,6.45833333333333,NA,NA,NA,NA,NA,NA
NA,NA,NA,NA,6.31666666666667,NA,NA,NA,NA,NA,NA
NA,NA,NA,NA,6.56666666666667,NA,NA,NA,NA,NA,NA
NA,NA,NA,NA,6.83333333333333,NA,NA,NA,NA,NA,NA
NA,NA,NA,NA,6.875,NA,NA,NA,NA,NA,NA
NA,NA,NA,NA,6.69166666666667,NA,NA,NA,NA,NA,NA
NA,NA,NA,NA,6.625,NA,NA,NA,NA,NA,NA
NA,NA,NA,NA,6.7,NA,NA,NA,NA,NA,NA
NA,NA,NA,NA,6.65,NA,NA,NA,NA,NA,NA
NA,NA,NA,NA,6.6,NA,NA,NA,NA,NA,NA
NA,NA,NA,NA,6.65,NA,NA,NA,NA,NA,NA
NA,NA,NA,NA,6.91666666666667,NA,NA,NA,NA,NA,NA
NA,NA,NA,NA,7.09166666666667,NA,NA,NA,NA,NA,NA
NA,NA,NA,NA,7.1,NA,NA,NA,NA,NA,NA
NA,NA,NA,NA,7.09166666666667,NA,NA,NA,NA,NA,NA
NA,NA,NA,NA,7.03333333333333,NA,NA,NA,NA,NA,NA
NA,NA,NA,NA,6.91666666666667,NA,NA,NA,NA,NA,NA
NA,NA,NA,NA,6.8,NA,NA,NA,NA,NA,NA
NA,NA,NA,NA,6.95833333333333,NA,NA,NA,NA,NA,NA
NA,NA,NA,NA,7.29166666666667,NA,NA,NA,NA,NA,NA
NA,NA,NA,NA,7.425,NA,NA,NA,NA,NA,NA
NA,NA,NA,NA,7.25833333333333,NA,NA,NA,NA,NA,NA
NA,NA,NA,NA,7.125,NA,NA,NA,NA,NA,NA
NA,NA,NA,NA,7.2,NA,NA,NA,NA,NA,NA
NA,NA,NA,NA,7.18333333333333,NA,NA,NA,NA,NA,NA
NA,NA,NA,NA,7.10833333333333,NA,NA,NA,NA,NA,NA
NA,NA,NA,NA,7.2,NA,NA,NA,NA,NA,NA
NA,NA,NA,NA,7.35,NA,NA,NA,NA,NA,NA
NA,NA,NA,NA,7.41666666666667,NA,NA,NA,NA,NA,NA
NA,NA,NA,NA,7.35833333333333,NA,NA,NA,NA,NA,NA
NA,NA,NA,NA,7.325,NA,NA,NA,NA,NA,NA
NA,NA,NA,NA,7.4,NA,NA,NA,NA,NA,NA
NA,NA,NA,NA,7.4,NA,NA,NA,NA,NA,NA
NA,NA,NA,NA,7.39166666666667,NA,NA,NA,NA,NA,NA
NA,NA,NA,NA,7.41666666666667,NA,NA,NA,NA,NA,NA
NA,NA,NA,NA,7.525,NA,NA,NA,NA,NA,NA
NA,NA,NA,NA,7.54166666666667,NA,NA,NA,NA,NA,NA
NA,NA,NA,NA,7.35833333333333,NA,NA,NA,NA,NA,NA
NA,NA,NA,NA,7.20833333333333,NA,NA,NA,NA,NA,NA
NA,NA,NA,NA,7.03333333333333,NA,NA,NA,NA,NA,NA
NA,NA,NA,NA,6.74166666666667,NA,NA,NA,NA,NA,NA
NA,NA,NA,NA,6.475,NA,NA,NA,NA,NA,NA
NA,NA,NA,NA,6.275,NA,NA,NA,NA,NA,NA
NA,NA,NA,NA,6.14166666666667,NA,NA,NA,NA,NA,NA
NA,NA,NA,NA,6.08333333333333,NA,NA,NA,NA,NA,NA
NA,NA,NA,NA,5.76666666666667,NA,NA,NA,NA,NA,NA
NA,NA,NA,NA,5.34166666666667,NA,NA,NA,NA,NA,NA
NA,NA,NA,NA,5.09166666666667,NA,NA,NA,NA,NA,NA
NA,NA,NA,NA,4.71666666666667,NA,NA,NA,NA,NA,NA
NA,NA,NA,NA,4.41666666666667,NA,NA,NA,NA,NA,NA
NA,NA,NA,NA,4.38333333333333,NA,NA,NA,NA,NA,NA
NA,NA,NA,NA,4.41666666666667,NA,NA,NA,NA,NA,NA
NA,NA,NA,NA,4.275,NA,NA,NA,NA,NA,NA
NA,NA,NA,NA,4.09166666666667,NA,NA,NA,NA,NA,NA
NA,NA,NA,NA,3.8,NA,NA,NA,NA,NA,NA
NA,NA,NA,NA,3.55,NA,NA,NA,NA,NA,NA
NA,NA,NA,NA,3.225,NA,NA,NA,NA,NA,NA
NA,NA,NA,NA,3.05,NA,NA,NA,NA,NA,NA
NA,NA,NA,NA,3.175,NA,NA,NA,NA,NA,NA
NA,NA,NA,NA,3.39166666666667,NA,NA,NA,NA,NA,NA
NA,NA,NA,NA,3.45833333333333,NA,NA,NA,NA,NA,NA
NA,NA,NA,NA,3.19166666666667,NA,NA,NA,NA,NA,NA
NA,NA,NA,NA,2.95,NA,NA,NA,NA,NA,NA
NA,NA,NA,NA,2.79166666666667,NA,NA,NA,NA,NA,NA
NA,NA,NA,NA,2.61666666666667,NA,NA,NA,NA,NA,NA
NA,NA,NA,NA,2.525,NA,NA,NA,NA,NA,NA
NA,NA,NA,NA,2.71666666666667,NA,NA,NA,NA,NA,NA
NA,NA,NA,NA,3.075,NA,NA,NA,NA,NA,NA
NA,NA,NA,NA,3.3,NA,NA,NA,NA,NA,NA
NA,NA,NA,NA,3.175,NA,NA,NA,NA,NA,NA
NA,NA,NA,NA,2.94166666666667,NA,NA,NA,NA,NA,NA
NA,NA,NA,NA,2.85833333333333,NA,NA,NA,NA,NA,NA
NA,NA,NA,NA,2.73333333333333,NA,NA,NA,NA,NA,NA
NA,NA,NA,NA,2.675,NA,NA,NA,NA,NA,NA
NA,NA,NA,NA,2.975,NA,NA,NA,NA,NA,NA
NA,NA,NA,NA,3.39166666666667,NA,NA,NA,NA,NA,NA
NA,NA,NA,NA,3.64166666666667,NA,NA,NA,NA,NA,NA
NA,NA,NA,NA,3.53333333333333,NA,NA,NA,NA,NA,NA
NA,NA,NA,NA,3.39166666666667,NA,NA,NA,NA,NA,NA
NA,NA,NA,NA,3.3,NA,NA,NA,NA,NA,NA
NA,NA,NA,NA,3.25833333333333,NA,NA,NA,NA,NA,NA
NA,NA,NA,NA,3.23333333333333,NA,NA,NA,NA,NA,NA
NA,NA,NA,NA,3.65,NA,NA,NA,NA,NA,NA
NA,NA,NA,NA,4.13333333333333,NA,NA,NA,NA,NA,NA
NA,NA,NA,NA,4.38333333333333,NA,NA,NA,NA,NA,NA
NA,NA,NA,NA,4.3,NA,NA,NA,NA,NA,NA
NA,NA,NA,NA,4.10833333333333,NA,NA,NA,NA,NA,NA
NA,NA,NA,NA,4.09166666666667,NA,NA,NA,NA,NA,NA
NA,NA,NA,NA,3.975,NA,NA,NA,NA,NA,NA
NA,NA,NA,NA,3.93333333333333,NA,NA,NA,NA,NA,NA
NA,NA,NA,NA,4.3,NA,NA,NA,NA,NA,NA
NA,NA,NA,NA,4.69166666666667,NA,NA,NA,NA,NA,NA
NA,NA,NA,NA,4.84166666666667,NA,NA,NA,NA,NA,NA
NA,NA,NA,NA,4.64166666666667,NA,NA,NA,NA,NA,NA
NA,NA,NA,NA,4.3,NA,NA,NA,NA,NA,NA
NA,NA,NA,NA,4.125,NA,NA,NA,NA,NA,NA
NA,NA,NA,NA,4.025,NA,NA,NA,NA,NA,NA
NA,NA,NA,NA,3.9,NA,NA,NA,NA,NA,NA
NA,NA,NA,NA,3.925,NA,NA,NA,NA,NA,NA
NA,NA,NA,NA,3.975,NA,NA,NA,NA,NA,NA
NA,NA,NA,NA,3.93333333333333,NA,NA,NA,NA,NA,NA
NA,NA,NA,NA,3.9,NA,NA,NA,NA,NA,NA
NA,NA,NA,NA,3.86666666666667,NA,NA,NA,NA,NA,NA
NA,NA,NA,NA,3.9,NA,NA,NA,NA,NA,NA
NA,NA,NA,NA,3.9,NA,NA,NA,NA,NA,NA
NA,NA,NA,NA,3.9,NA,NA,NA,NA,NA,NA
NA,NA,NA,NA,4.06666666666667,NA,NA,NA,NA,NA,NA
NA,NA,NA,NA,4.19166666666667,NA,NA,NA,NA,NA,NA
NA,NA,NA,NA,4.2,NA,NA,NA,NA,NA,NA
NA,NA,NA,NA,4.15833333333333,NA,NA,NA,NA,NA,NA
NA,NA,NA,NA,4.1,NA,NA,NA,NA,NA,NA
NA,NA,NA,NA,4.1,NA,NA,NA,NA,NA,NA
NA,NA,NA,NA,4.09166666666667,NA,NA,NA,NA,NA,NA
NA,NA,NA,NA,4.09166666666667,NA,NA,NA,NA,NA,NA
NA,NA,NA,NA,4.225,NA,NA,NA,NA,NA,NA
NA,NA,NA,NA,4.375,NA,NA,NA,NA,NA,NA
NA,NA,NA,NA,4.35833333333333,NA,NA,NA,NA,NA,NA
NA,NA,NA,NA,4.26666666666667,NA,NA,NA,NA,NA,NA
NA,NA,NA,NA,4.19166666666667,NA,NA,NA,NA,NA,NA
NA,NA,NA,NA,4.15,NA,NA,NA,NA,NA,NA
NA,NA,NA,NA,4.1,NA,NA,NA,NA,NA,NA
NA,NA,NA,NA,4.1,NA,NA,NA,NA,NA,NA
NA,NA,NA,NA,4.275,NA,NA,NA,NA,NA,NA
NA,NA,NA,NA,4.51666666666667,NA,NA,NA,NA,NA,NA
NA,NA,NA,NA,4.38333333333333,NA,NA,NA,NA,NA,NA
NA,NA,NA,NA,4.25,NA,NA,NA,NA,NA,NA
NA,NA,NA,NA,4.25833333333333,NA,NA,NA,NA,NA,NA
NA,NA,NA,NA,4.33333333333333,NA,NA,NA,NA,NA,NA
NA,NA,NA,NA,4.4,NA,NA,NA,NA,NA,NA
NA,NA,NA,NA,4.4,NA,NA,NA,NA,NA,NA
NA,NA,NA,NA,4.4,NA,NA,NA,NA,NA,NA
NA,NA,NA,NA,4.44166666666667,NA,NA,NA,NA,NA,NA
NA,NA,NA,NA,4.55833333333333,NA,NA,NA,NA,NA,NA
NA,NA,NA,NA,4.74166666666667,NA,NA,NA,NA,NA,NA
NA,NA,NA,NA,4.60833333333333,NA,NA,NA,NA,NA,NA
NA,NA,NA,NA,4.6,NA,NA,NA,NA,NA,NA
NA,NA,NA,NA,4.65,NA,NA,NA,NA,NA,NA
NA,NA,NA,NA,4.875,NA,NA,NA,NA,NA,NA
NA,NA,NA,NA,5.23333333333333,NA,NA,NA,NA,NA,NA
NA,NA,NA,NA,5.79166666666667,NA,NA,NA,NA,NA,NA
NA,NA,NA,NA,5.94166666666667,NA,NA,NA,NA,NA,NA
NA,NA,NA,NA,5.9,NA,NA,NA,NA,NA,NA
NA,NA,NA,NA,5.9,NA,NA,NA,NA,NA,NA
NA,NA,NA,NA,5.89166666666667,NA,NA,NA,NA,NA,NA
NA,NA,NA,NA,5.78333333333333,NA,NA,NA,NA,NA,NA
NA,NA,NA,NA,5.71666666666667,NA,NA,NA,NA,NA,NA
NA,NA,NA,NA,6.03333333333333,NA,NA,NA,NA,NA,NA
NA,NA,NA,NA,6.575,NA,NA,NA,NA,NA,NA
NA,NA,NA,NA,6.75,NA,NA,NA,NA,NA,NA
NA,NA,NA,NA,6.8,NA,NA,NA,NA,NA,NA
NA,NA,NA,NA,6.66666666666667,NA,NA,NA,NA,NA,NA
NA,NA,NA,NA,6.275,NA,NA,NA,NA,NA,NA
NA,NA,NA,NA,5.78333333333333,NA,NA,NA,NA,NA,NA
NA,NA,NA,NA,5.275,NA,NA,NA,NA,NA,NA
NA,NA,NA,NA,5.09166666666667,NA,NA,NA,NA,NA,NA
NA,NA,NA,NA,4.96666666666667,NA,NA,NA,NA,NA,NA
NA,NA,NA,NA,4.85,NA,NA,NA,NA,NA,NA
NA,NA,NA,NA,4.75833333333333,NA,NA,NA,NA,NA,NA
NA,NA,NA,NA,4.56666666666667,NA,NA,NA,NA,NA,NA
NA,NA,NA,NA,4.28333333333333,NA,NA,NA,NA,NA,NA
NA,NA,NA,NA,4.00833333333333,NA,NA,NA,NA,NA,NA
NA,NA,NA,NA,3.84166666666667,NA,NA,NA,NA,NA,NA
NA,NA,NA,NA,3.96666666666667,NA,NA,NA,NA,NA,NA
NA,NA,NA,NA,4.16666666666667,NA,NA,NA,NA,NA,NA
NA,NA,NA,NA,4.3,NA,NA,NA,NA,NA,NA
NA,NA,NA,NA,4.59166666666667,NA,NA,NA,NA,NA,NA
NA,NA,NA,NA,4.80833333333333,NA,NA,NA,NA,NA,NA
NA,NA,NA,NA,4.925,NA,NA,NA,NA,NA,NA
NA,NA,NA,NA,5.025,NA,NA,NA,NA,NA,NA
NA,NA,NA,NA,5.18333333333333,NA,NA,NA,NA,NA,NA
NA,NA,NA,NA,5.45833333333333,NA,NA,NA,NA,NA,NA
NA,NA,NA,NA,5.98333333333333,NA,NA,NA,NA,NA,NA
NA,NA,NA,NA,6.40833333333333,NA,NA,NA,NA,NA,NA
NA,NA,NA,NA,6.6,NA,NA,NA,NA,NA,NA
NA,NA,NA,NA,6.91666666666667,NA,NA,NA,NA,NA,NA
NA,NA,NA,NA,7.05833333333333,NA,NA,NA,NA,NA,NA
NA,NA,NA,NA,7.05833333333333,NA,NA,NA,NA,NA,NA
NA,NA,NA,NA,7,NA,NA,NA,NA,NA,NA
NA,NA,NA,NA,7.06666666666667,NA,NA,NA,NA,NA,NA
NA,NA,NA,NA,7.575,NA,NA,NA,NA,NA,NA
NA,NA,NA,NA,7.8,NA,NA,NA,NA,NA,NA
NA,NA,NA,NA,7.58333333333333,NA,NA,NA,NA,NA,NA
NA,NA,NA,NA,7.2,NA,NA,NA,NA,NA,NA
NA,NA,NA,NA,6.81666666666667,NA,NA,NA,NA,NA,NA
NA,NA,NA,NA,6.275,NA,NA,NA,NA,NA,NA
NA,NA,NA,NA,5.88333333333333,NA,NA,NA,NA,NA,NA
NA,NA,NA,NA,5.9,NA,NA,NA,NA,NA,NA
NA,NA,NA,NA,6.03333333333333,NA,NA,NA,NA,NA,NA
NA,NA,NA,NA,5.96666666666667,NA,NA,NA,NA,NA,NA
NA,NA,NA,NA,5.70833333333333,NA,NA,NA,NA,NA,NA
NA,NA,NA,NA,5.53333333333333,NA,NA,NA,NA,NA,NA
NA,NA,NA,NA,5.3,NA,NA,NA,NA,NA,NA
NA,NA,NA,NA,5.025,NA,NA,NA,NA,NA,NA
NA,NA,NA,NA,4.83333333333333,NA,NA,NA,NA,NA,NA
NA,NA,NA,NA,5.01666666666667,NA,NA,NA,NA,NA,NA
NA,NA,NA,NA,5.5,NA,NA,NA,NA,NA,NA
NA,NA,NA,NA,5.7,NA,NA,NA,NA,NA,NA
NA,NA,NA,NA,5.7,NA,NA,NA,NA,NA,NA
NA,NA,NA,NA,5.69166666666667,NA,NA,NA,NA,NA,NA
NA,NA,NA,NA,5.55833333333333,NA,NA,NA,NA,NA,NA
NA,NA,NA,NA,5.325,NA,NA,NA,NA,NA,NA
NA,NA,NA,NA,5.125,NA,NA,NA,NA,NA,NA
NA,NA,NA,NA,5.425,NA,NA,NA,NA,NA,NA
NA,NA,NA,NA,6.025,NA,NA,NA,NA,NA,NA
NA,NA,NA,NA,6.41666666666667,NA,NA,NA,NA,NA,NA
NA,NA,NA,NA,6.58333333333333,NA,NA,NA,NA,NA,NA
NA,NA,NA,NA,6.7,NA,NA,NA,NA,NA,NA
NA,NA,NA,NA,6.7,NA,NA,NA,NA,NA,NA
NA,NA,NA,NA,6.55833333333333,NA,NA,NA,NA,NA,NA
NA,NA,NA,NA,6.4,NA,NA,NA,NA,NA,NA
NA,NA,NA,NA,6.63333333333333,NA,NA,NA,NA,NA,NA
NA,NA,NA,NA,7.25,NA,NA,NA,NA,NA,NA
NA,NA,NA,NA,7.65,NA,NA,NA,NA,NA,NA
NA,NA,NA,NA,7.71666666666667,NA,NA,NA,NA,NA,NA
NA,NA,NA,NA,7.8,NA,NA,NA,NA,NA,NA
NA,NA,NA,NA,7.75,NA,NA,NA,NA,NA,NA
NA,NA,NA,NA,7.5,NA,NA,NA,NA,NA,NA
NA,NA,NA,NA,7.3,NA,NA,NA,NA,NA,NA
NA,NA,NA,NA,7.23333333333333,NA,NA,NA,NA,NA,NA
NA,NA,NA,NA,7.45833333333333,NA,NA,NA,NA,NA,NA
NA,NA,NA,NA,7.7,NA,NA,NA,NA,NA,NA
NA,NA,NA,NA,7.79166666666667,NA,NA,NA,NA,NA,NA
NA,NA,NA,NA,7.84166666666667,NA,NA,NA,NA,NA,NA
NA,NA,NA,NA,7.9,NA,NA,NA,NA,NA,NA
NA,NA,NA,NA,7.79166666666667,NA,NA,NA,NA,NA,NA
NA,NA,NA,NA,7.7,NA,NA,NA,NA,NA,NA
NA,NA,NA,NA,7.7,NA,NA,NA,NA,NA,NA
NA,NA,NA,NA,7.84166666666667,NA,NA,NA,NA,NA,NA
NA,NA,NA,NA,7.93333333333333,NA,NA,NA,NA,NA,NA
NA,NA,NA,NA,7.9,NA,NA,NA,NA,NA,NA
NA,NA,NA,NA,7.9,NA,NA,NA,NA,NA,NA
NA,NA,NA,NA,7.875,NA,NA,NA,NA,NA,NA
NA,NA,NA,NA,7.74166666666667,NA,NA,NA,NA,NA,NA
NA,NA,NA,NA,7.70833333333333,NA,NA,NA,NA,NA,NA
NA,NA,NA,NA,8.00833333333333,NA,NA,NA,NA,NA,NA
NA,NA,NA,NA,8.60833333333333,NA,NA,NA,NA,NA,NA
NA,NA,NA,NA,8.96666666666667,NA,NA,NA,NA,NA,NA
NA,NA,NA,NA,8.88333333333333,NA,NA,NA,NA,NA,NA
NA,NA,NA,NA,8.9,NA,NA,NA,NA,NA,NA
NA,NA,NA,NA,8.84166666666667,NA,NA,NA,NA,NA,NA
NA,NA,NA,NA,8.65,NA,NA,NA,NA,NA,NA
NA,NA,NA,NA,8.5,NA,NA,NA,NA,NA,NA
NA,NA,NA,NA,8.75,NA,NA,NA,NA,NA,NA
NA,NA,NA,NA,9.15833333333333,NA,NA,NA,NA,NA,NA
NA,NA,NA,NA,9.36666666666667,NA,NA,NA,NA,NA,NA
NA,NA,NA,NA,9.30833333333333,NA,NA,NA,NA,NA,NA
NA,NA,NA,NA,9.28333333333333,NA,NA,NA,NA,NA,NA
NA,NA,NA,NA,9.3,NA,NA,NA,NA,NA,NA
NA,NA,NA,NA,9.3,NA,NA,NA,NA,NA,NA
NA,NA,NA,NA,9.2,NA,NA,NA,NA,NA,NA
NA,NA,NA,NA,9.24166666666667,NA,NA,NA,NA,NA,NA
NA,NA,NA,NA,9.39166666666667,NA,NA,NA,NA,NA,NA
NA,NA,NA,NA,9.55,NA,NA,NA,NA,NA,NA
NA,NA,NA,NA,9.55,NA,NA,NA,NA,NA,NA
NA,NA,NA,NA,9.5,NA,NA,NA,NA,NA,NA
NA,NA,NA,NA,9.4,NA,NA,NA,NA,NA,NA
NA,NA,NA,NA,9.4,NA,NA,NA,NA,NA,NA
NA,NA,NA,NA,9.34166666666667,NA,NA,NA,NA,NA,NA
NA,NA,NA,NA,9.51666666666667,NA,NA,NA,NA,NA,NA
NA,NA,NA,NA,9.66666666666667,NA,NA,NA,NA,NA,NA
NA,NA,NA,NA,9.74166666666667,NA,NA,NA,NA,NA,NA
NA,NA,NA,NA,9.60833333333333,NA,NA,NA,NA,NA,NA
NA,NA,NA,NA,9.375,NA,NA,NA,NA,NA,NA
NA,NA,NA,NA,9.26666666666667,NA,NA,NA,NA,NA,NA
NA,NA,NA,NA,9.04166666666667,NA,NA,NA,NA,NA,NA
NA,NA,NA,NA,8.875,NA,NA,NA,NA,NA,NA
NA,NA,NA,NA,8.93333333333333,NA,NA,NA,NA,NA,NA
NA,NA,NA,NA,8.975,NA,NA,NA,NA,NA,NA
NA,NA,NA,NA,9.03333333333333,NA,NA,NA,NA,NA,NA
NA,NA,NA,NA,8.88333333333333,NA,NA,NA,NA,NA,NA
NA,NA,NA,NA,8.58333333333333,NA,NA,NA,NA,NA,NA
NA,NA,NA,NA,8.3125,NA,NA,NA,NA,NA,NA
NA,NA,NA,NA,8.25833333333333,NA,NA,NA,NA,NA,NA
NA,NA,NA,NA,8.2,NA,NA,NA,NA,NA,NA
NA,NA,NA,NA,8.175,NA,NA,NA,NA,NA,NA
NA,NA,NA,NA,8.26666666666667,NA,NA,NA,NA,NA,NA
NA,NA,NA,NA,8.325,NA,NA,NA,NA,NA,NA
NA,NA,NA,NA,8.225,NA,NA,NA,NA,NA,NA
NA,NA,NA,NA,8.025,NA,NA,NA,NA,NA,NA
NA,NA,NA,NA,7.925,NA,NA,NA,NA,NA,NA
NA,NA,NA,NA,7.70833333333333,NA,NA,NA,NA,NA,NA
NA,NA,NA,NA,7.5,NA,NA,NA,NA,NA,NA
NA,NA,NA,NA,7.575,NA,NA,NA,NA,NA,NA
NA,NA,NA,NA,7.88333333333333,NA,NA,NA,NA,NA,NA
NA,NA,NA,NA,7.86666666666667,NA,NA,NA,NA,NA,NA
NA,NA,NA,NA,7.43333333333333,NA,NA,NA,NA,NA,NA
NA,NA,NA,NA,7.08333333333333,NA,NA,NA,NA,NA,NA
NA,NA,NA,NA,6.75833333333333,NA,NA,NA,NA,NA,NA
NA,NA,NA,NA,6.4,NA,NA,NA,NA,NA,NA
NA,NA,NA,NA,6.15833333333333,NA,NA,NA,NA,NA,NA
NA,NA,NA,NA,6.19166666666667,NA,NA,NA,NA,NA,NA
NA,NA,NA,NA,6.40833333333333,NA,NA,NA,NA,NA,NA
NA,NA,NA,NA,6.55833333333333,NA,NA,NA,NA,NA,NA
NA,NA,NA,NA,6.39166666666667,NA,NA,NA,NA,NA,NA
NA,NA,NA,NA,6.225,NA,NA,NA,NA,NA,NA
NA,NA,NA,NA,6.1,NA,NA,NA,NA,NA,NA
NA,NA,NA,NA,6.04166666666667,NA,NA,NA,NA,NA,NA
NA,NA,NA,NA,6,NA,NA,NA,NA,NA,NA
NA,NA,NA,NA,6.25833333333333,NA,NA,NA,NA,NA,NA
NA,NA,NA,NA,6.75,NA,NA,NA,NA,NA,NA
NA,NA,NA,NA,7.09166666666667,NA,NA,NA,NA,NA,NA
NA,NA,NA,NA,7.225,NA,NA,NA,NA,NA,NA
NA,NA,NA,NA,7.33333333333333,NA,NA,NA,NA,NA,NA
NA,NA,NA,NA,7.44166666666667,NA,NA,NA,NA,NA,NA
NA,NA,NA,NA,7.5,NA,NA,NA,NA,NA,NA
NA,NA,NA,NA,7.575,NA,NA,NA,NA,NA,NA
NA,NA,NA,NA,7.76666666666667,NA,NA,NA,NA,NA,NA
NA,NA,NA,NA,8.21666666666667,NA,NA,NA,NA,NA,NA
NA,NA,NA,NA,8.39166666666667,NA,NA,NA,NA,NA,NA
NA,NA,NA,NA,8.5,NA,NA,NA,NA,NA,NA
NA,NA,NA,NA,8.5,NA,NA,NA,NA,NA,NA
NA,NA,NA,NA,8.45833333333333,NA,NA,NA,NA,NA,NA
NA,NA,NA,NA,8.475,NA,NA,NA,NA,NA,NA
NA,NA,NA,NA,8.39166666666667,NA,NA,NA,NA,NA,NA
NA,NA,NA,NA,8.33333333333333,NA,NA,NA,NA,NA,NA
NA,NA,NA,NA,8.48333333333333,NA,NA,NA,NA,NA,NA
NA,NA,NA,NA,8.675,NA,NA,NA,NA,NA,NA
NA,NA,NA,NA,8.63333333333333,NA,NA,NA,NA,NA,NA
NA,NA,NA,NA,8.50833333333333,NA,NA,NA,NA,NA,NA
NA,NA,NA,NA,8.5,NA,NA,NA,NA,NA,NA
NA,NA,NA,NA,8.44166666666667,NA,NA,NA,NA,NA,NA
NA,NA,NA,NA,8.30833333333333,NA,NA,NA,NA,NA,NA
NA,NA,NA,NA,8.4,NA,NA,NA,NA,NA,NA
NA,NA,NA,NA,8.5,NA,NA,NA,NA,NA,NA
NA,NA,NA,NA,8.53333333333333,NA,NA,NA,NA,NA,NA
NA,NA,NA,NA,8.5,NA,NA,NA,NA,NA,NA
NA,NA,NA,NA,8.5,NA,NA,NA,NA,NA,NA
NA,NA,NA,NA,8.475,NA,NA,NA,NA,NA,NA
NA,NA,NA,NA,8.325,NA,NA,NA,NA,NA,NA
NA,NA,NA,NA,8.14166666666667,NA,NA,NA,NA,NA,NA
NA,NA,NA,NA,8.025,NA,NA,NA,NA,NA,NA
NA,NA,NA,NA,7.96666666666667,NA,NA,NA,NA,NA,NA
NA,NA,NA,NA,7.71666666666667,NA,NA,NA,NA,NA,NA
NA,NA,NA,NA,7.33333333333333,NA,NA,NA,NA,NA,NA
NA,NA,NA,NA,6.91666666666667,NA,NA,NA,NA,NA,NA
NA,NA,NA,NA,6.575,NA,NA,NA,NA,NA,NA
NA,NA,NA,NA,6.25833333333333,NA,NA,NA,NA,NA,NA
NA,NA,NA,NA,6.10833333333333,NA,NA,NA,NA,NA,NA
NA,NA,NA,NA,6.56666666666667,NA,NA,NA,NA,NA,NA
NA,NA,NA,NA,7.36666666666667,NA,NA,NA,NA,NA,NA
NA,NA,NA,NA,7.71666666666667,NA,NA,NA,NA,NA,NA
NA,NA,NA,NA,7.525,NA,NA,NA,NA,NA,NA
NA,NA,NA,NA,7.21666666666667,NA,NA,NA,NA,NA,NA
NA,NA,NA,NA,6.8,NA,NA,NA,NA,NA,NA
NA,NA,NA,NA,6.275,NA,NA,NA,NA,NA,NA
NA,NA,NA,NA,5.94166666666667,NA,NA,NA,NA,NA,NA
NA,NA,NA,NA,5.9,NA,NA,NA,NA,NA,NA
NA,NA,NA,NA,6,NA,NA,NA,NA,NA,NA
NA,NA,NA,NA,6.175,NA,NA,NA,NA,NA,NA
NA,NA,NA,NA,6.16666666666667,NA,NA,NA,NA,NA,NA
NA,NA,NA,NA,5.95833333333333,NA,NA,NA,NA,NA,NA
NA,NA,NA,NA,5.675,NA,NA,NA,NA,NA,NA
NA,NA,NA,NA,5.3,NA,NA,NA,NA,NA,NA
NA,NA,NA,NA,5.11666666666667,NA,NA,NA,NA,NA,NA
NA,NA,NA,NA,5.525,NA,NA,NA,NA,NA,NA
NA,NA,NA,NA,6.15833333333333,NA,NA,NA,NA,NA,NA
NA,NA,NA,NA,6.51666666666667,NA,NA,NA,NA,NA,NA
NA,NA,NA,NA,6.575,NA,NA,NA,NA,NA,NA
NA,NA,NA,NA,6.425,NA,NA,NA,NA,NA,NA
NA,NA,NA,NA,6.225,NA,NA,NA,NA,NA,NA
NA,NA,NA,NA,5.83333333333333,NA,NA,NA,NA,NA,NA
NA,NA,NA,NA,5.60833333333333,NA,NA,NA,NA,NA,NA
NA,NA,NA,NA,6.075,NA,NA,NA,NA,NA,NA
NA,NA,NA,NA,6.85833333333333,NA,NA,NA,NA,NA,NA
NA,NA,NA,NA,7.26666666666667,NA,NA,NA,NA,NA,NA
NA,NA,NA,NA,7.23333333333333,NA,NA,NA,NA,NA,NA
NA,NA,NA,NA,7.18333333333333,NA,NA,NA,NA,NA,NA
NA,NA,NA,NA,6.975,NA,NA,NA,NA,NA,NA
NA,NA,NA,NA,6.56666666666667,NA,NA,NA,NA,NA,NA
NA,NA,NA,NA,6.25833333333333,NA,NA,NA,NA,NA,NA
NA,NA,NA,NA,6.60833333333333,NA,NA,NA,NA,NA,NA
NA,NA,NA,NA,7.31666666666667,NA,NA,NA,NA,NA,NA
NA,NA,NA,NA,7.65833333333333,NA,NA,NA,NA,NA,NA
NA,NA,NA,NA,7.7,NA,NA,NA,NA,NA,NA
NA,NA,NA,NA,7.61666666666667,NA,NA,NA,NA,NA,NA
NA,NA,NA,NA,7.6,NA,NA,NA,NA,NA,NA
NA,NA,NA,NA,7.525,NA,NA,NA,NA,NA,NA
NA,NA,NA,NA,7.34166666666667,NA,NA,NA,NA,NA,NA
NA,NA,NA,NA,7.31666666666667,NA,NA,NA,NA,NA,NA
NA,NA,NA,NA,7.43333333333333,NA,NA,NA,NA,NA,NA
NA,NA,NA,NA,7.65833333333333,NA,NA,NA,NA,NA,NA
NA,NA,NA,NA,7.74166666666667,NA,NA,NA,NA,NA,NA
NA,NA,NA,NA,7.60833333333333,NA,NA,NA,NA,NA,NA
NA,NA,NA,NA,7.575,NA,NA,NA,NA,NA,NA
NA,NA,NA,NA,7.44166666666667,NA,NA,NA,NA,NA,NA
NA,NA,NA,NA,7.44166666666667,NA,NA,NA,NA,NA,NA
NA,NA,NA,NA,7.9,NA,NA,NA,NA,NA,NA
NA,NA,NA,NA,8.59166666666667,NA,NA,NA,NA,NA,NA
NA,NA,NA,NA,8.775,NA,NA,NA,NA,NA,NA
NA,NA,NA,NA,8.675,NA,NA,NA,NA,NA,NA
NA,NA,NA,NA,8.43333333333333,NA,NA,NA,NA,NA,NA
NA,NA,NA,NA,8.24166666666667,NA,NA,NA,NA,NA,NA
NA,NA,NA,NA,7.91666666666667,NA,NA,NA,NA,NA,NA
NA,NA,NA,NA,7.70833333333333,NA,NA,NA,NA,NA,NA
NA,NA,NA,NA,8.05,NA,NA,NA,NA,NA,NA
NA,NA,NA,NA,8.78333333333333,NA,NA,NA,NA,NA,NA
NA,NA,NA,NA,9.11666666666667,NA,NA,NA,NA,NA,NA
NA,NA,NA,NA,9.04166666666667,NA,NA,NA,NA,NA,NA
NA,NA,NA,NA,8.9,NA,NA,NA,NA,NA,NA
NA,NA,NA,NA,8.9,NA,NA,NA,NA,NA,NA
NA,NA,NA,NA,8.9,NA,NA,NA,NA,NA,NA
NA,NA,NA,NA,8.89166666666667,NA,NA,NA,NA,NA,NA
NA,NA,NA,NA,9.06666666666667,NA,NA,NA,NA,NA,NA
NA,NA,NA,NA,9.30833333333333,NA,NA,NA,NA,NA,NA
NA,NA,NA,NA,9.5,NA,NA,NA,NA,NA,NA
NA,NA,NA,NA,9.375,NA,NA,NA,NA,NA,NA
NA,NA,NA,NA,9.04166666666667,NA,NA,NA,NA,NA,NA
NA,NA,NA,NA,8.71666666666667,NA,NA,NA,NA,NA,NA
NA,NA,NA,NA,8.38333333333333,NA,NA,NA,NA,NA,NA
NA,NA,NA,NA,8.16666666666667,NA,NA,NA,NA,NA,NA
NA,NA,NA,NA,8.19166666666667,NA,NA,NA,NA,NA,NA
NA,NA,NA,NA,8.175,NA,NA,NA,NA,NA,NA
NA,NA,NA,NA,8.15,NA,NA,NA,NA,NA,NA
NA,NA,NA,NA,8.1,NA,NA,NA,NA,NA,NA
NA,NA,NA,NA,8.14166666666667,NA,NA,NA,NA,NA,NA
NA,NA,NA,NA,8.1,NA,NA,NA,NA,NA,NA
NA,NA,NA,NA,8.01666666666667,NA,NA,NA,NA,NA,NA
NA,NA,NA,NA,8,NA,NA,NA,NA,NA,NA
NA,NA,NA,NA,8.15833333333333,NA,NA,NA,NA,NA,NA
NA,NA,NA,NA,8.43333333333333,NA,NA,NA,NA,NA,NA
NA,NA,NA,NA,8.575,NA,NA,NA,NA,NA,NA
NA,NA,NA,NA,8.54166666666667,NA,NA,NA,NA,NA,NA
NA,NA,NA,NA,8.35,NA,NA,NA,NA,NA,NA
NA,NA,NA,NA,8.25,NA,NA,NA,NA,NA,NA
NA,NA,NA,NA,8.125,NA,NA,NA,NA,NA,NA
NA,NA,NA,NA,8.025,NA,NA,NA,NA,NA,NA
NA,NA,NA,NA,8.18333333333333,NA,NA,NA,NA,NA,NA
NA,NA,NA,NA,8.34166666666667,NA,NA,NA,NA,NA,NA
NA,NA,NA,NA,8.5,NA,NA,NA,NA,NA,NA
NA,NA,NA,NA,8.48333333333333,NA,NA,NA,NA,NA,NA
NA,NA,NA,NA,8.4,NA,NA,NA,NA,NA,NA
NA,NA,NA,NA,8.325,NA,NA,NA,NA,NA,NA
NA,NA,NA,NA,8.25,NA,NA,NA,NA,NA,NA
NA,NA,NA,NA,8.2,NA,NA,NA,NA,NA,NA
NA,NA,NA,NA,8.225,NA,NA,NA,NA,NA,NA
NA,NA,NA,NA,8.2,NA,NA,NA,NA,NA,NA
NA,NA,NA,NA,8.14166666666667,NA,NA,NA,NA,NA,NA
NA,NA,NA,NA,8.1,NA,NA,NA,NA,NA,NA
NA,NA,NA,NA,8.04166666666667,NA,NA,NA,NA,NA,NA
NA,NA,NA,NA,7.99166666666667,NA,NA,NA,NA,NA,NA
NA,NA,NA,NA,7.96666666666667,NA,NA,NA,NA,NA,NA
NA,NA,NA,NA,7.96666666666667,NA,NA,NA,NA,NA,NA
NA,NA,NA,NA,8.24166666666667,NA,NA,NA,NA,NA,NA
NA,NA,NA,NA,8.48333333333333,NA,NA,NA,NA,NA,NA
NA,NA,NA,NA,8.6,NA,NA,NA,NA,NA,NA
NA,NA,NA,NA,8.58333333333333,NA,NA,NA,NA,NA,NA
NA,NA,NA,NA,8.6,NA,NA,NA,NA,NA,NA
NA,NA,NA,NA,8.6,NA,NA,NA,NA,NA,NA
NA,NA,NA,NA,8.60833333333333,NA,NA,NA,NA,NA,NA
NA,NA,NA,NA,8.71666666666667,NA,NA,NA,NA,NA,NA
NA,NA,NA,NA,8.83333333333333,NA,NA,NA,NA,NA,NA
NA,NA,NA,NA,8.9,NA,NA,NA,NA,NA,NA
NA,NA,NA,NA,8.89166666666667,NA,NA,NA,NA,NA,NA
NA,NA,NA,NA,8.74166666666667,NA,NA,NA,NA,NA,NA
NA,NA,NA,NA,8.50833333333333,NA,NA,NA,NA,NA,NA
NA,NA,NA,NA,8.34166666666667,NA,NA,NA,NA,NA,NA
NA,NA,NA,NA,8.175,NA,NA,NA,NA,NA,NA
NA,NA,NA,NA,8.14166666666667,NA,NA,NA,NA,NA,NA
NA,NA,NA,NA,8.35833333333333,NA,NA,NA,NA,NA,NA
NA,NA,NA,NA,8.68333333333333,NA,NA,NA,NA,NA,NA
NA,NA,NA,NA,8.75833333333333,NA,NA,NA,NA,NA,NA
NA,NA,NA,NA,8.725,NA,NA,NA,NA,NA,NA
NA,NA,NA,NA,8.8,NA,NA,NA,NA,NA,NA
NA,NA,NA,NA,8.79166666666667,NA,NA,NA,NA,NA,NA
NA,NA,NA,NA,8.71666666666667,NA,NA,NA,NA,NA,NA
NA,NA,NA,NA,8.70833333333333,NA,NA,NA,NA,NA,NA
NA,NA,NA,NA,9.15833333333333,NA,NA,NA,NA,NA,NA
NA,NA,NA,NA,9.58333333333333,NA,NA,NA,NA,NA,NA
NA,NA,NA,NA,9.8,NA,NA,NA,NA,NA,NA
NA,NA,NA,NA,9.54166666666667,NA,NA,NA,NA,NA,NA
NA,NA,NA,NA,9.325,NA,NA,NA,NA,NA,NA
NA,NA,NA,NA,9.03333333333333,NA,NA,NA,NA,NA,NA
NA,NA,NA,NA,8.73333333333333,NA,NA,NA,NA,NA,NA
NA,NA,NA,NA,8.63333333333333,NA,NA,NA,NA,NA,NA
NA,NA,NA,NA,8.725,NA,NA,NA,NA,NA,NA
NA,NA,NA,NA,8.825,NA,NA,NA,NA,NA,NA
NA,NA,NA,NA,8.75833333333333,NA,NA,NA,NA,NA,NA
NA,NA,NA,NA,8.54166666666667,NA,NA,NA,NA,NA,NA
NA,NA,NA,NA,8.40833333333333,NA,NA,NA,NA,NA,NA
NA,NA,NA,NA,8.25833333333333,NA,NA,NA,NA,NA,NA
NA,NA,NA,NA,8.18333333333333,NA,NA,NA,NA,NA,NA
NA,NA,NA,NA,8.34166666666667,NA,NA,NA,NA,NA,NA
NA,NA,NA,NA,9.175,NA,NA,NA,NA,NA,NA
NA,NA,NA,NA,10.1583333333333,NA,NA,NA,NA,NA,NA
NA,NA,NA,NA,10.7333333333333,NA,NA,NA,NA,NA,NA
NA,NA,NA,NA,10.7833333333333,NA,NA,NA,NA,NA,NA
NA,NA,NA,NA,10.6166666666667,NA,NA,NA,NA,NA,NA
NA,NA,NA,NA,10.4833333333333,NA,NA,NA,NA,NA,NA
NA,NA,NA,NA,10.3416666666667,NA,NA,NA,NA,NA,NA
NA,NA,NA,NA,10.4083333333333,NA,NA,NA,NA,NA,NA
NA,NA,NA,NA,11,NA,NA,NA,NA,NA,NA
NA,NA,NA,NA,11.675,NA,NA,NA,NA,NA,NA
NA,NA,NA,NA,11.9833333333333,NA,NA,NA,NA,NA,NA
NA,NA,NA,NA,11.9833333333333,NA,NA,NA,NA,NA,NA
NA,NA,NA,NA,11.9,NA,NA,NA,NA,NA,NA
NA,NA,NA,NA,11.9,NA,NA,NA,NA,NA,NA
NA,NA,NA,NA,11.9666666666667,NA,NA,NA,NA,NA,NA
NA,NA,NA,NA,12.0166666666667,NA,NA,NA,NA,NA,NA
NA,NA,NA,NA,12.2166666666667,NA,NA,NA,NA,NA,NA
NA,NA,NA,NA,12.475,NA,NA,NA,NA,NA,NA
NA,NA,NA,NA,12.6,NA,NA,NA,NA,NA,NA
NA,NA,NA,NA,12.4416666666667,NA,NA,NA,NA,NA,NA
NA,NA,NA,NA,12.2666666666667,NA,NA,NA,NA,NA,NA
NA,NA,NA,NA,12.0416666666667,NA,NA,NA,NA,NA,NA
NA,NA,NA,NA,11.85,NA,NA,NA,NA,NA,NA
NA,NA,NA,NA,11.8,NA,NA,NA,NA,NA,NA
NA,NA,NA,NA,11.925,NA,NA,NA,NA,NA,NA
NA,NA,NA,NA,12.008333333333301,NA,NA,NA,NA,NA,NA
NA,NA,NA,NA,11.9083333333333,NA,NA,NA,NA,NA,NA
NA,NA,NA,NA,11.6583333333333,NA,NA,NA,NA,NA,NA
NA,NA,NA,NA,11.3916666666667,NA,NA,NA,NA,NA,NA
NA,NA,NA,NA,11.2,NA,NA,NA,NA,NA,NA
NA,NA,NA,NA,11.008333333333301,NA,NA,NA,NA,NA,NA
NA,NA,NA,NA,10.825,NA,NA,NA,NA,NA,NA
NA,NA,NA,NA,11.05,NA,NA,NA,NA,NA,NA
NA,NA,NA,NA,11.2,NA,NA,NA,NA,NA,NA
NA,NA,NA,NA,11.1916666666667,NA,NA,NA,NA,NA,NA
NA,NA,NA,NA,10.9083333333333,NA,NA,NA,NA,NA,NA
NA,NA,NA,NA,10.508333333333301,NA,NA,NA,NA,NA,NA
NA,NA,NA,NA,10.15,NA,NA,NA,NA,NA,NA
NA,NA,NA,NA,9.8,NA,NA,NA,NA,NA,NA
NA,NA,NA,NA,9.74166666666667,NA,NA,NA,NA,NA,NA
NA,NA,NA,NA,9.85,NA,NA,NA,NA,NA,NA
NA,NA,NA,NA,10.1083333333333,NA,NA,NA,NA,NA,NA
NA,NA,NA,NA,10.075,NA,NA,NA,NA,NA,NA
NA,NA,NA,NA,9.9,NA,NA,NA,NA,NA,NA
NA,NA,NA,NA,9.55833333333333,NA,NA,NA,NA,NA,NA
NA,NA,NA,NA,9.2,NA,NA,NA,NA,NA,NA
NA,NA,NA,NA,9.09166666666667,NA,NA,NA,NA,NA,NA
NA,NA,NA,NA,9.16666666666667,NA,NA,NA,NA,NA,NA
NA,NA,NA,NA,9.675,NA,NA,NA,NA,NA,NA
NA,NA,NA,NA,10.175,NA,NA,NA,NA,NA,NA
NA,NA,NA,NA,10.5416666666667,NA,NA,NA,NA,NA,NA
NA,NA,NA,NA,10.4666666666667,NA,NA,NA,NA,NA,NA
NA,NA,NA,NA,10.2,NA,NA,NA,NA,NA,NA
NA,NA,NA,NA,10.0166666666667,NA,NA,NA,NA,NA,NA
NA,NA,NA,NA,10,NA,NA,NA,NA,NA,NA
NA,NA,NA,NA,10,NA,NA,NA,NA,NA,NA
NA,NA,NA,NA,10.133333333333301,NA,NA,NA,NA,NA,NA
NA,NA,NA,NA,10.258333333333301,NA,NA,NA,NA,NA,NA
NA,NA,NA,NA,10.2,NA,NA,NA,NA,NA,NA
NA,NA,NA,NA,10.0666666666667,NA,NA,NA,NA,NA,NA
NA,NA,NA,NA,9.925,NA,NA,NA,NA,NA,NA
NA,NA,NA,NA,9.875,NA,NA,NA,NA,NA,NA
NA,NA,NA,NA,9.875,NA,NA,NA,NA,NA,NA
NA,NA,NA,NA,10.1833333333333,NA,NA,NA,NA,NA,NA
NA,NA,NA,NA,10.5833333333333,NA,NA,NA,NA,NA,NA
NA,NA,NA,NA,10.9916666666667,NA,NA,NA,NA,NA,NA
NA,NA,NA,NA,11,NA,NA,NA,NA,NA,NA
NA,NA,NA,NA,10.95,NA,NA,NA,NA,NA,NA
NA,NA,NA,NA,10.8166666666667,NA,NA,NA,NA,NA,NA
NA,NA,NA,NA,10.725,NA,NA,NA,NA,NA,NA
NA,NA,NA,NA,10.633333333333301,NA,NA,NA,NA,NA,NA
NA,NA,NA,NA,10.8,NA,NA,NA,NA,NA,NA
NA,NA,NA,NA,11.5416666666667,NA,NA,NA,NA,NA,NA
NA,NA,NA,NA,12.325,NA,NA,NA,NA,NA,NA
NA,NA,NA,NA,12.675,NA,NA,NA,NA,NA,NA
NA,NA,NA,NA,12.4833333333333,NA,NA,NA,NA,NA,NA
NA,NA,NA,NA,12.05,NA,NA,NA,NA,NA,NA
NA,NA,NA,NA,11.675,NA,NA,NA,NA,NA,NA
NA,NA,NA,NA,11.425,NA,NA,NA,NA,NA,NA
NA,NA,NA,NA,11.5166666666667,NA,NA,NA,NA,NA,NA
NA,NA,NA,NA,11.9,NA,NA,NA,NA,NA,NA
NA,NA,NA,NA,12.0583333333333,NA,NA,NA,NA,NA,NA
NA,NA,NA,NA,12.0333333333333,NA,NA,NA,NA,NA,NA
NA,NA,NA,NA,11.6,NA,NA,NA,NA,NA,NA
NA,NA,NA,NA,11.1583333333333,NA,NA,NA,NA,NA,NA
NA,NA,NA,NA,10.95,NA,NA,NA,NA,NA,NA
NA,NA,NA,NA,10.75,NA,NA,NA,NA,NA,NA
NA,NA,NA,NA,10.775,NA,NA,NA,NA,NA,NA
NA,NA,NA,NA,11.25,NA,NA,NA,NA,NA,NA
NA,NA,NA,NA,11.883333333333301,NA,NA,NA,NA,NA,NA
NA,NA,NA,NA,12.0333333333333,NA,NA,NA,NA,NA,NA
NA,NA,NA,NA,11.95,NA,NA,NA,NA,NA,NA
NA,NA,NA,NA,11.625,NA,NA,NA,NA,NA,NA
NA,NA,NA,NA,11.2916666666667,NA,NA,NA,NA,NA,NA
NA,NA,NA,NA,11.025,NA,NA,NA,NA,NA,NA
NA,NA,NA,NA,11.1583333333333,NA,NA,NA,NA,NA,NA
NA,NA,NA,NA,11.9166666666667,NA,NA,NA,NA,NA,NA
NA,NA,NA,NA,12.65,NA,NA,NA,NA,NA,NA
NA,NA,NA,NA,12.925,NA,NA,NA,NA,NA,NA
NA,NA,NA,NA,12.775,NA,NA,NA,NA,NA,NA
NA,NA,NA,NA,12.258333333333301,NA,NA,NA,NA,NA,NA
NA,NA,NA,NA,11.758333333333301,NA,NA,NA,NA,NA,NA
NA,NA,NA,NA,11.4166666666667,NA,NA,NA,NA,NA,NA
NA,NA,NA,NA,11.525,NA,NA,NA,NA,NA,NA
NA,NA,NA,NA,12.2416666666667,NA,NA,NA,NA,NA,NA
NA,NA,NA,NA,12.825,NA,NA,NA,NA,NA,NA
NA,NA,NA,NA,13.1,NA,NA,NA,NA,NA,NA
NA,NA,NA,NA,12.9333333333333,NA,NA,NA,NA,NA,NA
NA,NA,NA,NA,12.4166666666667,NA,NA,NA,NA,NA,NA
NA,NA,NA,NA,12.008333333333301,NA,NA,NA,NA,NA,NA
NA,NA,NA,NA,11.8,NA,NA,NA,NA,NA,NA
NA,NA,NA,NA,12.0166666666667,NA,NA,NA,NA,NA,NA
NA,NA,NA,NA,12.8166666666667,NA,NA,NA,NA,NA,NA
NA,NA,NA,NA,13.35,NA,NA,NA,NA,NA,NA
NA,NA,NA,NA,13.508333333333301,NA,NA,NA,NA,NA,NA
NA,NA,NA,NA,13.4166666666667,NA,NA,NA,NA,NA,NA
NA,NA,NA,NA,13.0916666666667,NA,NA,NA,NA,NA,NA
NA,NA,NA,NA,12.9,NA,NA,NA,NA,NA,NA
NA,NA,NA,NA,12.9,NA,NA,NA,NA,NA,NA
NA,NA,NA,NA,13.0833333333333,NA,NA,NA,NA,NA,NA
NA,NA,NA,NA,13.7833333333333,NA,NA,NA,NA,NA,NA
NA,NA,NA,NA,14.4333333333333,NA,NA,NA,NA,NA,NA
NA,NA,NA,NA,14.8,NA,NA,NA,NA,NA,NA
NA,NA,NA,NA,14.725,NA,NA,NA,NA,NA,NA
NA,NA,NA,NA,14.2666666666667,NA,NA,NA,NA,NA,NA
NA,NA,NA,NA,13.8583333333333,NA,NA,NA,NA,NA,NA
NA,NA,NA,NA,13.65,NA,NA,NA,NA,NA,NA
NA,NA,NA,NA,13.7666666666667,NA,NA,NA,NA,NA,NA
NA,NA,NA,NA,14.25,NA,NA,NA,NA,NA,NA
NA,NA,NA,NA,14.6916666666667,NA,NA,NA,NA,NA,NA
NA,NA,NA,NA,14.883333333333301,NA,NA,NA,NA,NA,NA
NA,NA,NA,NA,14.7833333333333,NA,NA,NA,NA,NA,NA
NA,NA,NA,NA,14.3916666666667,NA,NA,NA,NA,NA,NA
NA,NA,NA,NA,13.9333333333333,NA,NA,NA,NA,NA,NA
NA,NA,NA,NA,13.6583333333333,NA,NA,NA,NA,NA,NA
NA,NA,NA,NA,13.7416666666667,NA,NA,NA,NA,NA,NA
NA,NA,NA,NA,14.133333333333301,NA,NA,NA,NA,NA,NA
NA,NA,NA,NA,14.4583333333333,NA,NA,NA,NA,NA,NA
NA,NA,NA,NA,14.575,NA,NA,NA,NA,NA,NA
NA,NA,NA,NA,14.4416666666667,NA,NA,NA,NA,NA,NA
NA,NA,NA,NA,13.9333333333333,NA,NA,NA,NA,NA,NA
NA,NA,NA,NA,13.4333333333333,NA,NA,NA,NA,NA,NA
NA,NA,NA,NA,13.0583333333333,NA,NA,NA,NA,NA,NA
NA,NA,NA,NA,13.1416666666667,NA,NA,NA,NA,NA,NA
NA,NA,NA,NA,13.8666666666667,NA,NA,NA,NA,NA,NA
NA,NA,NA,NA,14.425,NA,NA,NA,NA,NA,NA
NA,NA,NA,NA,14.6666666666667,NA,NA,NA,NA,NA,NA
NA,NA,NA,NA,14.625,NA,NA,NA,NA,NA,NA
NA,NA,NA,NA,14.2166666666667,NA,NA,NA,NA,NA,NA
NA,NA,NA,NA,13.7666666666667,NA,NA,NA,NA,NA,NA
NA,NA,NA,NA,13.5833333333333,NA,NA,NA,NA,NA,NA
NA,NA,NA,NA,13.5583333333333,NA,NA,NA,NA,NA,NA
NA,NA,NA,NA,13.7166666666667,NA,NA,NA,NA,NA,NA
NA,NA,NA,NA,14,NA,NA,NA,NA,NA,NA
NA,NA,NA,NA,13.9916666666667,NA,NA,NA,NA,NA,NA
NA,NA,NA,NA,13.825,NA,NA,NA,NA,NA,NA
NA,NA,NA,NA,13.5416666666667,NA,NA,NA,NA,NA,NA
NA,NA,NA,NA,13.2833333333333,NA,NA,NA,NA,NA,NA
NA,NA,NA,NA,13.1666666666667,NA,NA,NA,NA,NA,NA
NA,NA,NA,NA,13.0166666666667,NA,NA,NA,NA,NA,NA
NA,NA,NA,NA,13.1416666666667,NA,NA,NA,NA,NA,NA
NA,NA,NA,NA,13.3083333333333,NA,NA,NA,NA,NA,NA
NA,NA,NA,NA,13.4083333333333,NA,NA,NA,NA,NA,NA
NA,NA,NA,NA,13.2,NA,NA,NA,NA,NA,NA
NA,NA,NA,NA,12.9916666666667,NA,NA,NA,NA,NA,NA
NA,NA,NA,NA,12.8083333333333,NA,NA,NA,NA,NA,NA
NA,NA,NA,NA,12.825,NA,NA,NA,NA,NA,NA
NA,NA,NA,NA,12.8,NA,NA,NA,NA,NA,NA
NA,NA,NA,NA,12.9666666666667,NA,NA,NA,NA,NA,NA
NA,NA,NA,NA,13.2083333333333,NA,NA,NA,NA,NA,NA
NA,NA,NA,NA,13.3916666666667,NA,NA,NA,NA,NA,NA
NA,NA,NA,NA,13.2416666666667,NA,NA,NA,NA,NA,NA
NA,NA,NA,NA,12.9416666666667,NA,NA,NA,NA,NA,NA
NA,NA,NA,NA,12.633333333333301,NA,NA,NA,NA,NA,NA
NA,NA,NA,NA,12.4,NA,NA,NA,NA,NA,NA
NA,NA,NA,NA,12.3666666666667,NA,NA,NA,NA,NA,NA
NA,NA,NA,NA,12.7416666666667,NA,NA,NA,NA,NA,NA
NA,NA,NA,NA,13.2166666666667,NA,NA,NA,NA,NA,NA
NA,NA,NA,NA,13.375,NA,NA,NA,NA,NA,NA
NA,NA,NA,NA,13.325,NA,NA,NA,NA,NA,NA
NA,NA,NA,NA,12.9833333333333,NA,NA,NA,NA,NA,NA
NA,NA,NA,NA,12.6,NA,NA,NA,NA,NA,NA
NA,NA,NA,NA,12.325,NA,NA,NA,NA,NA,NA
NA,NA,NA,NA,12.3166666666667,NA,NA,NA,NA,NA,NA
NA,NA,NA,NA,12.6666666666667,NA,NA,NA,NA,NA,NA
NA,NA,NA,NA,13.2333333333333,NA,NA,NA,NA,NA,NA
NA,NA,NA,NA,13.3583333333333,NA,NA,NA,NA,NA,NA
NA,NA,NA,NA,13.375,NA,NA,NA,NA,NA,NA
NA,NA,NA,NA,13.0416666666667,NA,NA,NA,NA,NA,NA
NA,NA,NA,NA,12.633333333333301,NA,NA,NA,NA,NA,NA
NA,NA,NA,NA,12.3333333333333,NA,NA,NA,NA,NA,NA
NA,NA,NA,NA,12.4916666666667,NA,NA,NA,NA,NA,NA
NA,NA,NA,NA,12.925,NA,NA,NA,NA,NA,NA
NA,NA,NA,NA,13.2916666666667,NA,NA,NA,NA,NA,NA
NA,NA,NA,NA,13.55,NA,NA,NA,NA,NA,NA
NA,NA,NA,NA,13.5166666666667,NA,NA,NA,NA,NA,NA
NA,NA,NA,NA,13.225,NA,NA,NA,NA,NA,NA
NA,NA,NA,NA,12.7833333333333,NA,NA,NA,NA,NA,NA
NA,NA,NA,NA,12.525,NA,NA,NA,NA,NA,NA
NA,NA,NA,NA,12.5583333333333,NA,NA,NA,NA,NA,NA
NA,NA,NA,NA,12.7916666666667,NA,NA,NA,NA,NA,NA
NA,NA,NA,NA,12.95,NA,NA,NA,NA,NA,NA
NA,NA,NA,NA,13.0333333333333,NA,NA,NA,NA,NA,NA
NA,NA,NA,NA,12.8,NA,NA,NA,NA,NA,NA
NA,NA,NA,NA,12.35,NA,NA,NA,NA,NA,NA
NA,NA,NA,NA,11.8,NA,NA,NA,NA,NA,NA
NA,NA,NA,NA,11.383333333333301,NA,NA,NA,NA,NA,NA
NA,NA,NA,NA,11.3,NA,NA,NA,NA,NA,NA
NA,NA,NA,NA,11.425,NA,NA,NA,NA,NA,NA
NA,NA,NA,NA,11.7833333333333,NA,NA,NA,NA,NA,NA
NA,NA,NA,NA,11.8,NA,NA,NA,NA,NA,NA
NA,NA,NA,NA,11.6666666666667,NA,NA,NA,NA,NA,NA
NA,NA,NA,NA,11.375,NA,NA,NA,NA,NA,NA
NA,NA,NA,NA,10.9333333333333,NA,NA,NA,NA,NA,NA
NA,NA,NA,NA,10.5416666666667,NA,NA,NA,NA,NA,NA
NA,NA,NA,NA,10.6583333333333,NA,NA,NA,NA,NA,NA
NA,NA,NA,NA,11.4,NA,NA,NA,NA,NA,NA
NA,NA,NA,NA,11.8666666666667,NA,NA,NA,NA,NA,NA
NA,NA,NA,NA,12.1916666666667,NA,NA,NA,NA,NA,NA
NA,NA,NA,NA,12.2083333333333,NA,NA,NA,NA,NA,NA
NA,NA,NA,NA,11.9,NA,NA,NA,NA,NA,NA
NA,NA,NA,NA,11.508333333333301,NA,NA,NA,NA,NA,NA
NA,NA,NA,NA,11.3166666666667,NA,NA,NA,NA,NA,NA
NA,NA,NA,NA,11.4916666666667,NA,NA,NA,NA,NA,NA
NA,NA,NA,NA,12.125,NA,NA,NA,NA,NA,NA
NA,NA,NA,NA,12.8,NA,NA,NA,NA,NA,NA
NA,NA,NA,NA,13.0666666666667,NA,NA,NA,NA,NA,NA
NA,NA,NA,NA,13.175,NA,NA,NA,NA,NA,NA
NA,NA,NA,NA,13.008333333333301,NA,NA,NA,NA,NA,NA
NA,NA,NA,NA,12.758333333333301,NA,NA,NA,NA,NA,NA
NA,NA,NA,NA,12.6083333333333,NA,NA,NA,NA,NA,NA
NA,NA,NA,NA,12.8916666666667,NA,NA,NA,NA,NA,NA
NA,NA,NA,NA,13.675,NA,NA,NA,NA,NA,NA
NA,NA,NA,NA,14.2,NA,NA,NA,NA,NA,NA
NA,NA,NA,NA,14.525,NA,NA,NA,NA,NA,NA
NA,NA,NA,NA,14.7,NA,NA,NA,NA,NA,NA
NA,NA,NA,NA,14.633333333333301,NA,NA,NA,NA,NA,NA
NA,NA,NA,NA,14.3916666666667,NA,NA,NA,NA,NA,NA
NA,NA,NA,NA,14.25,NA,NA,NA,NA,NA,NA
NA,NA,NA,NA,14.5583333333333,NA,NA,NA,NA,NA,NA
NA,NA,NA,NA,15.2166666666667,NA,NA,NA,NA,NA,NA
NA,NA,NA,NA,15.5833333333333,NA,NA,NA,NA,NA,NA
NA,NA,NA,NA,15.8166666666667,NA,NA,NA,NA,NA,NA
NA,NA,NA,NA,15.8166666666667,NA,NA,NA,NA,NA,NA
NA,NA,NA,NA,15.675,NA,NA,NA,NA,NA,NA
NA,NA,NA,NA,15.35,NA,NA,NA,NA,NA,NA
NA,NA,NA,NA,15.125,NA,NA,NA,NA,NA,NA
NA,NA,NA,NA,15.4333333333333,NA,NA,NA,NA,NA,NA
NA,NA,NA,NA,16.2333333333333,NA,NA,NA,NA,NA,NA
NA,NA,NA,NA,16.8916666666667,NA,NA,NA,NA,NA,NA
NA,NA,NA,NA,17.0333333333333,NA,NA,NA,NA,NA,NA
NA,NA,NA,NA,17.1583333333333,NA,NA,NA,NA,NA,NA
NA,NA,NA,NA,16.9333333333333,NA,NA,NA,NA,NA,NA
NA,NA,NA,NA,16.5416666666667,NA,NA,NA,NA,NA,NA
NA,NA,NA,NA,16.4,NA,NA,NA,NA,NA,NA
NA,NA,NA,NA,16.475,NA,NA,NA,NA,NA,NA
NA,NA,NA,NA,16.7583333333333,NA,NA,NA,NA,NA,NA
NA,NA,NA,NA,16.8333333333333,NA,NA,NA,NA,NA,NA
NA,NA,NA,NA,16.7166666666667,NA,NA,NA,NA,NA,NA
NA,NA,NA,NA,16.3833333333333,NA,NA,NA,NA,NA,NA
NA,NA,NA,NA,15.9916666666667,NA,NA,NA,NA,NA,NA
NA,NA,NA,NA,15.508333333333301,NA,NA,NA,NA,NA,NA
NA,NA,NA,NA,15.133333333333301,NA,NA,NA,NA,NA,NA
NA,NA,NA,NA,14.9416666666667,NA,NA,NA,NA,NA,NA
NA,NA,NA,NA,15.175,NA,NA,NA,NA,NA,NA
NA,NA,NA,NA,15.4166666666667,NA,NA,NA,NA,NA,NA
NA,NA,NA,NA,15.3166666666667,NA,NA,NA,NA,NA,NA
NA,NA,NA,NA,15.2166666666667,NA,NA,NA,NA,NA,NA
NA,NA,NA,NA,14.8166666666667,NA,NA,NA,NA,NA,NA
NA,NA,NA,NA,14.2333333333333,NA,NA,NA,NA,NA,NA
NA,NA,NA,NA,13.7083333333333,NA,NA,NA,NA,NA,NA
NA,NA,NA,NA,13.7916666666667,NA,NA,NA,NA,NA,NA
NA,NA,NA,NA,14.5666666666667,NA,NA,NA,NA,NA,NA
NA,NA,NA,NA,15.133333333333301,NA,NA,NA,NA,NA,NA
NA,NA,NA,NA,15.2166666666667,NA,NA,NA,NA,NA,NA
NA,NA,NA,NA,15.2166666666667,NA,NA,NA,NA,NA,NA
NA,NA,NA,NA,14.9333333333333,NA,NA,NA,NA,NA,NA
NA,NA,NA,NA,14.4,NA,NA,NA,NA,NA,NA
NA,NA,NA,NA,13.9,NA,NA,NA,NA,NA,NA
NA,NA,NA,NA,14.05,NA,NA,NA,NA,NA,NA
NA,NA,NA,NA,14.8416666666667,NA,NA,NA,NA,NA,NA
NA,NA,NA,NA,15.45,NA,NA,NA,NA,NA,NA
NA,NA,NA,NA,15.5916666666667,NA,NA,NA,NA,NA,NA
NA,NA,NA,NA,15.5583333333333,NA,NA,NA,NA,NA,NA
NA,NA,NA,NA,15.3583333333333,NA,NA,NA,NA,NA,NA
NA,NA,NA,NA,14.8416666666667,NA,NA,NA,NA,NA,NA
NA,NA,NA,NA,14.3166666666667,NA,NA,NA,NA,NA,NA
NA,NA,NA,NA,14.4083333333333,NA,NA,NA,NA,NA,NA
NA,NA,NA,NA,15.425,NA,NA,NA,NA,NA,NA
NA,NA,NA,NA,15.883333333333301,NA,NA,NA,NA,NA,NA
NA,NA,NA,NA,15.9916666666667,NA,NA,NA,NA,NA,NA
NA,NA,NA,NA,15.9666666666667,NA,NA,NA,NA,NA,NA
NA,NA,NA,NA,15.6416666666667,NA,NA,NA,NA,NA,NA
NA,NA,NA,NA,15.125,NA,NA,NA,NA,NA,NA
NA,NA,NA,NA,14.575,NA,NA,NA,NA,NA,NA
NA,NA,NA,NA,14.6916666666667,NA,NA,NA,NA,NA,NA
NA,NA,NA,NA,15.5916666666667,NA,NA,NA,NA,NA,NA
NA,NA,NA,NA,16.2,NA,NA,NA,NA,NA,NA
NA,NA,NA,NA,16.2333333333333,NA,NA,NA,NA,NA,NA
NA,NA,NA,NA,16.2083333333333,NA,NA,NA,NA,NA,NA
NA,NA,NA,NA,15.9166666666667,NA,NA,NA,NA,NA,NA
NA,NA,NA,NA,15.3916666666667,NA,NA,NA,NA,NA,NA
NA,NA,NA,NA,14.8083333333333,NA,NA,NA,NA,NA,NA
NA,NA,NA,NA,14.9416666666667,NA,NA,NA,NA,NA,NA
NA,NA,NA,NA,15.9,NA,NA,NA,NA,NA,NA
NA,NA,NA,NA,16.5,NA,NA,NA,NA,NA,NA
NA,NA,NA,NA,16.5083333333333,NA,NA,NA,NA,NA,NA
NA,NA,NA,NA,16.4666666666667,NA,NA,NA,NA,NA,NA
NA,NA,NA,NA,16.2916666666667,NA,NA,NA,NA,NA,NA
NA,NA,NA,NA,15.9,NA,NA,NA,NA,NA,NA
NA,NA,NA,NA,15.425,NA,NA,NA,NA,NA,NA
NA,NA,NA,NA,15.3916666666667,NA,NA,NA,NA,NA,NA
NA,NA,NA,NA,16.2583333333333,NA,NA,NA,NA,NA,NA
NA,NA,NA,NA,16.7833333333333,NA,NA,NA,NA,NA,NA
NA,NA,NA,NA,16.7333333333333,NA,NA,NA,NA,NA,NA
NA,NA,NA,NA,16.7083333333333,NA,NA,NA,NA,NA,NA
NA,NA,NA,NA,16.4166666666667,NA,NA,NA,NA,NA,NA
NA,NA,NA,NA,15.95,NA,NA,NA,NA,NA,NA
NA,NA,NA,NA,15.3666666666667,NA,NA,NA,NA,NA,NA
NA,NA,NA,NA,15.4333333333333,NA,NA,NA,NA,NA,NA
NA,NA,NA,NA,16.3166666666667,NA,NA,NA,NA,NA,NA
NA,NA,NA,NA,16.9,NA,NA,NA,NA,NA,NA
NA,NA,NA,NA,16.9,NA,NA,NA,NA,NA,NA
NA,NA,NA,NA,16.875,NA,NA,NA,NA,NA,NA
NA,NA,NA,NA,16.625,NA,NA,NA,NA,NA,NA
NA,NA,NA,NA,16.1583333333333,NA,NA,NA,NA,NA,NA
NA,NA,NA,NA,15.575,NA,NA,NA,NA,NA,NA
NA,NA,NA,NA,15.6416666666667,NA,NA,NA,NA,NA,NA
NA,NA,NA,NA,16.4666666666667,NA,NA,NA,NA,NA,NA
NA,NA,NA,NA,16.9333333333333,NA,NA,NA,NA,NA,NA
NA,NA,NA,NA,17,NA,NA,NA,NA,NA,NA
NA,NA,NA,NA,16.9416666666667,NA,NA,NA,NA,NA,NA
NA,NA,NA,NA,16.6916666666667,NA,NA,NA,NA,NA,NA
NA,NA,NA,NA,16.3,NA,NA,NA,NA,NA,NA
NA,NA,NA,NA,15.775,NA,NA,NA,NA,NA,NA
NA,NA,NA,NA,15.7333333333333,NA,NA,NA,NA,NA,NA
NA,NA,NA,NA,16.4666666666667,NA,NA,NA,NA,NA,NA
NA,NA,NA,NA,16.8916666666667,NA,NA,NA,NA,NA,NA
NA,NA,NA,NA,16.825,NA,NA,NA,NA,NA,NA
NA,NA,NA,NA,16.8,NA,NA,NA,NA,NA,NA
NA,NA,NA,NA,16.6416666666667,NA,NA,NA,NA,NA,NA
NA,NA,NA,NA,16.1833333333333,NA,NA,NA,NA,NA,NA
NA,NA,NA,NA,15.6833333333333,NA,NA,NA,NA,NA,NA
NA,NA,NA,NA,15.6666666666667,NA,NA,NA,NA,NA,NA
NA,NA,NA,NA,16.4916666666667,NA,NA,NA,NA,NA,NA
NA,NA,NA,NA,16.925,NA,NA,NA,NA,NA,NA
NA,NA,NA,NA,16.8,NA,NA,NA,NA,NA,NA
NA,NA,NA,NA,16.7333333333333,NA,NA,NA,NA,NA,NA
NA,NA,NA,NA,16.425,NA,NA,NA,NA,NA,NA
NA,NA,NA,NA,15.85,NA,NA,NA,NA,NA,NA
NA,NA,NA,NA,15.3083333333333,NA,NA,NA,NA,NA,NA
NA,NA,NA,NA,15.35,NA,NA,NA,NA,NA,NA
NA,NA,NA,NA,16.2833333333333,NA,NA,NA,NA,NA,NA
NA,NA,NA,NA,16.8166666666667,NA,NA,NA,NA,NA,NA
NA,NA,NA,NA,16.7,NA,NA,NA,NA,NA,NA
NA,NA,NA,NA,16.7,NA,NA,NA,NA,NA,NA
NA,NA,NA,NA,16.5,NA,NA,NA,NA,NA,NA
NA,NA,NA,NA,15.95,NA,NA,NA,NA,NA,NA
NA,NA,NA,NA,15.4583333333333,NA,NA,NA,NA,NA,NA
NA,NA,NA,NA,15.6,NA,NA,NA,NA,NA,NA
NA,NA,NA,NA,16.325,NA,NA,NA,NA,NA,NA
NA,NA,NA,NA,16.175,NA,NA,NA,NA,NA,NA
NA,NA,NA,NA,16.1083333333333,NA,NA,NA,NA,NA,NA
NA,NA,NA,NA,16.175,NA,NA,NA,NA,NA,NA
NA,NA,NA,NA,15.8916666666667,NA,NA,NA,NA,NA,NA
NA,NA,NA,NA,15.3916666666667,NA,NA,NA,NA,NA,NA
NA,NA,NA,NA,14.975,NA,NA,NA,NA,NA,NA
NA,NA,NA,NA,14.75,NA,NA,NA,NA,NA,NA
NA,NA,NA,NA,14.633333333333301,NA,NA,NA,NA,NA,NA
NA,NA,NA,NA,14.6,NA,NA,NA,NA,NA,NA
NA,NA,NA,NA,14.6416666666667,NA,NA,NA,NA,NA,NA
NA,NA,NA,NA,14.6916666666667,NA,NA,NA,NA,NA,NA
NA,NA,NA,NA,14.5833333333333,NA,NA,NA,NA,NA,NA
NA,NA,NA,NA,14.4416666666667,NA,NA,NA,NA,NA,NA
NA,NA,NA,NA,14.258333333333301,NA,NA,NA,NA,NA,NA
NA,NA,NA,NA,14.475,NA,NA,NA,NA,NA,NA
NA,NA,NA,NA,15.2166666666667,NA,NA,NA,NA,NA,NA
NA,NA,NA,NA,15.6833333333333,NA,NA,NA,NA,NA,NA
NA,NA,NA,NA,15.8333333333333,NA,NA,NA,NA,NA,NA
NA,NA,NA,NA,15.95,NA,NA,NA,NA,NA,NA
NA,NA,NA,NA,15.575,NA,NA,NA,NA,NA,NA
NA,NA,NA,NA,15.0416666666667,NA,NA,NA,NA,NA,NA
NA,NA,NA,NA,14.633333333333301,NA,NA,NA,NA,NA,NA
NA,NA,NA,NA,15.1,NA,NA,NA,NA,NA,NA
NA,NA,NA,NA,15.6583333333333,NA,NA,NA,NA,NA,NA
NA,NA,NA,NA,16.1833333333333,NA,NA,NA,NA,NA,NA
NA,NA,NA,NA,16.1666666666667,NA,NA,NA,NA,NA,NA
NA,NA,NA,NA,16.1916666666667,NA,NA,NA,NA,NA,NA
NA,NA,NA,NA,15.9666666666667,NA,NA,NA,NA,NA,NA
NA,NA,NA,NA,15.6083333333333,NA,NA,NA,NA,NA,NA
NA,NA,NA,NA,15.275,NA,NA,NA,NA,NA,NA
NA,NA,NA,NA,15.258333333333301,NA,NA,NA,NA,NA,NA
NA,NA,NA,NA,16.0166666666667,NA,NA,NA,NA,NA,NA
NA,NA,NA,NA,16.575,NA,NA,NA,NA,NA,NA
NA,NA,NA,NA,16.725,NA,NA,NA,NA,NA,NA
NA,NA,NA,NA,16.7916666666667,NA,NA,NA,NA,NA,NA
NA,NA,NA,NA,16.5916666666667,NA,NA,NA,NA,NA,NA
NA,NA,NA,NA,16.275,NA,NA,NA,NA,NA,NA
NA,NA,NA,NA,15.9666666666667,NA,NA,NA,NA,NA,NA
NA,NA,NA,NA,16.2083333333333,NA,NA,NA,NA,NA,NA
NA,NA,NA,NA,17.0416666666667,NA,NA,NA,NA,NA,NA
NA,NA,NA,NA,17.4333333333333,NA,NA,NA,NA,NA,NA
NA,NA,NA,NA,17.4666666666667,NA,NA,NA,NA,NA,NA
NA,NA,NA,NA,17.4916666666667,NA,NA,NA,NA,NA,NA
NA,NA,NA,NA,17.3166666666667,NA,NA,NA,NA,NA,NA
NA,NA,NA,NA,16.9416666666667,NA,NA,NA,NA,NA,NA
NA,NA,NA,NA,16.625,NA,NA,NA,NA,NA,NA
NA,NA,NA,NA,16.8,NA,NA,NA,NA,NA,NA
NA,NA,NA,NA,17.8833333333333,NA,NA,NA,NA,NA,NA
NA,NA,NA,NA,18.325,NA,NA,NA,NA,NA,NA
NA,NA,NA,NA,18.1666666666667,NA,NA,NA,NA,NA,NA
NA,NA,NA,NA,18.2666666666667,NA,NA,NA,NA,NA,NA
NA,NA,NA,NA,18.0666666666667,NA,NA,NA,NA,NA,NA
NA,NA,NA,NA,17.6083333333333,NA,NA,NA,NA,NA,NA
NA,NA,NA,NA,17.1583333333333,NA,NA,NA,NA,NA,NA
NA,NA,NA,NA,17.3833333333333,NA,NA,NA,NA,NA,NA
NA,NA,NA,NA,18.3166666666667,NA,NA,NA,NA,NA,NA
NA,NA,NA,NA,18.65,NA,NA,NA,NA,NA,NA
NA,NA,NA,NA,18.2833333333333,NA,NA,NA,NA,NA,NA
NA,NA,NA,NA,18.25,NA,NA,NA,NA,NA,NA
NA,NA,NA,NA,17.8083333333333,NA,NA,NA,NA,NA,NA
NA,NA,NA,NA,17.35,NA,NA,NA,NA,NA,NA
NA,NA,NA,NA,16.875,NA,NA,NA,NA,NA,NA
NA,NA,NA,NA,17.0583333333333,NA,NA,NA,NA,NA,NA
NA,NA,NA,NA,17.8833333333333,NA,NA,NA,NA,NA,NA
NA,NA,NA,NA,18.0833333333333,NA,NA,NA,NA,NA,NA
NA,NA,NA,NA,17.6666666666667,NA,NA,NA,NA,NA,NA
NA,NA,NA,NA,17.5833333333333,NA,NA,NA,NA,NA,NA
NA,NA,NA,NA,17.3416666666667,NA,NA,NA,NA,NA,NA
NA,NA,NA,NA,16.8833333333333,NA,NA,NA,NA,NA,NA
NA,NA,NA,NA,16.5583333333333,NA,NA,NA,NA,NA,NA
NA,NA,NA,NA,16.7083333333333,NA,NA,NA,NA,NA,NA
NA,NA,NA,NA,17.4166666666667,NA,NA,NA,NA,NA,NA
NA,NA,NA,NA,17.3833333333333,NA,NA,NA,NA,NA,NA
NA,NA,NA,NA,17.2583333333333,NA,NA,NA,NA,NA,NA
NA,NA,NA,NA,17.1833333333333,NA,NA,NA,NA,NA,NA
NA,NA,NA,NA,16.8833333333333,NA,NA,NA,NA,NA,NA
NA,NA,NA,NA,16.3666666666667,NA,NA,NA,NA,NA,NA
NA,NA,NA,NA,16.0166666666667,NA,NA,NA,NA,NA,NA
NA,NA,NA,NA,16.3166666666667,NA,NA,NA,NA,NA,NA
NA,NA,NA,NA,17.0166666666667,NA,NA,NA,NA,NA,NA
NA,NA,NA,NA,17.0333333333333,NA,NA,NA,NA,NA,NA
NA,NA,NA,NA,16.9416666666667,NA,NA,NA,NA,NA,NA
NA,NA,NA,NA,16.8,NA,NA,NA,NA,NA,NA
NA,NA,NA,NA,16.5666666666667,NA,NA,NA,NA,NA,NA
NA,NA,NA,NA,16.2333333333333,NA,NA,NA,NA,NA,NA
NA,NA,NA,NA,15.8916666666667,NA,NA,NA,NA,NA,NA
NA,NA,NA,NA,16.0333333333333,NA,NA,NA,NA,NA,NA
NA,NA,NA,NA,16.6083333333333,NA,NA,NA,NA,NA,NA
NA,NA,NA,NA,16.7916666666667,NA,NA,NA,NA,NA,NA
NA,NA,NA,NA,16.7083333333333,NA,NA,NA,NA,NA,NA
NA,NA,NA,NA,16.5166666666667,NA,NA,NA,NA,NA,NA
NA,NA,NA,NA,16.475,NA,NA,NA,NA,NA,NA
NA,NA,NA,NA,16.1833333333333,NA,NA,NA,NA,NA,NA
NA,NA,NA,NA,16.0583333333333,NA,NA,NA,NA,NA,NA
NA,NA,NA,NA,15.9166666666667,NA,NA,NA,NA,NA,NA
NA,NA,NA,NA,16.5666666666667,NA,NA,NA,NA,NA,NA
NA,NA,NA,NA,17.1666666666667,NA,NA,NA,NA,NA,NA
NA,NA,NA,NA,17.375,NA,NA,NA,NA,NA,NA
NA,NA,NA,NA,17.3166666666667,NA,NA,NA,NA,NA,NA
NA,NA,NA,NA,17.0666666666667,NA,NA,NA,NA,NA,NA
NA,NA,NA,NA,16.7416666666667,NA,NA,NA,NA,NA,NA
NA,NA,NA,NA,16.3916666666667,NA,NA,NA,NA,NA,NA
NA,NA,NA,NA,16.6083333333333,NA,NA,NA,NA,NA,NA
NA,NA,NA,NA,17.6416666666667,NA,NA,NA,NA,NA,NA
NA,NA,NA,NA,17.9916666666667,NA,NA,NA,NA,NA,NA
NA,NA,NA,NA,17.8416666666667,NA,NA,NA,NA,NA,NA
NA,NA,NA,NA,17.7416666666667,NA,NA,NA,NA,NA,NA
NA,NA,NA,NA,17.6833333333333,NA,NA,NA,NA,NA,NA
NA,NA,NA,NA,17.6333333333333,NA,NA,NA,NA,NA,NA
NA,NA,NA,NA,17.6166666666667,NA,NA,NA,NA,NA,NA
NA,NA,NA,NA,17.8916666666667,NA,NA,NA,NA,NA,NA
NA,NA,NA,NA,18.4416666666667,NA,NA,NA,NA,NA,NA
NA,NA,NA,NA,19.35,NA,NA,NA,NA,NA,NA
NA,NA,NA,NA,18.925,NA,NA,NA,NA,NA,NA
NA,NA,NA,NA,18.8416666666667,NA,NA,NA,NA,NA,NA
NA,NA,NA,NA,18.85,NA,NA,NA,NA,NA,NA
NA,NA,NA,NA,18.75,NA,NA,NA,NA,NA,NA
NA,NA,NA,NA,18.7,NA,NA,NA,NA,NA,NA
NA,NA,NA,NA,19.0416666666667,NA,NA,NA,NA,NA,NA
NA,NA,NA,NA,20.1,NA,NA,NA,NA,NA,NA
NA,NA,NA,NA,20.5166666666667,NA,NA,NA,NA,NA,NA
NA,NA,NA,NA,20.1083333333333,NA,NA,NA,NA,NA,NA
NA,NA,NA,NA,20,NA,NA,NA,NA,NA,NA
NA,NA,NA,NA,19.9333333333333,NA,NA,NA,NA,NA,NA
NA,NA,NA,NA,19.8166666666667,NA,NA,NA,NA,NA,NA
NA,NA,NA,NA,19.9166666666667,NA,NA,NA,NA,NA,NA
NA,NA,NA,NA,20.175,NA,NA,NA,NA,NA,NA
NA,NA,NA,NA,20.7333333333333,NA,NA,NA,NA,NA,NA
NA,NA,NA,NA,20.5416666666667,NA,NA,NA,NA,NA,NA
NA,NA,NA,NA,20.55,NA,NA,NA,NA,NA,NA
NA,NA,NA,NA,20.3333333333333,NA,NA,NA,NA,NA,NA
NA,NA,NA,NA,20.2166666666667,NA,NA,NA,NA,NA,NA
NA,NA,NA,NA,20.15,NA,NA,NA,NA,NA,NA
NA,NA,NA,NA,20.0333333333333,NA,NA,NA,NA,NA,NA
NA,NA,NA,NA,20.3,NA,NA,NA,NA,NA,NA
NA,NA,NA,NA,21.4166666666667,NA,NA,NA,NA,NA,NA
NA,NA,NA,NA,21.5666666666667,NA,NA,NA,NA,NA,NA
NA,NA,NA,NA,21.3666666666667,NA,NA,NA,NA,NA,NA
NA,NA,NA,NA,21.225,NA,NA,NA,NA,NA,NA
NA,NA,NA,NA,21.2,NA,NA,NA,NA,NA,NA
NA,NA,NA,NA,21.15,NA,NA,NA,NA,NA,NA
NA,NA,NA,NA,20.5583333333333,NA,NA,NA,NA,NA,NA
NA,NA,NA,NA,19.7,NA,NA,NA,NA,NA,NA
NA,NA,NA,NA,18.9083333333333,NA,NA,NA,NA,NA,NA
NA,NA,NA,NA,18.4,NA,NA,NA,NA,NA,NA
NA,NA,NA,NA,18.0833333333333,NA,NA,NA,NA,NA,NA
NA,NA,NA,NA,17.8083333333333,NA,NA,NA,NA,NA,NA
NA,NA,NA,NA,17.6,NA,NA,NA,NA,NA,NA
NA,NA,NA,NA,17.175,NA,NA,NA,NA,NA,NA
NA,NA,NA,NA,16.7916666666667,NA,NA,NA,NA,NA,NA
NA,NA,NA,NA,16.6333333333333,NA,NA,NA,NA,NA,NA
NA,NA,NA,NA,17.125,NA,NA,NA,NA,NA,NA
NA,NA,NA,NA,17.8416666666667,NA,NA,NA,NA,NA,NA
NA,NA,NA,NA,18.225,NA,NA,NA,NA,NA,NA
NA,NA,NA,NA,18.2333333333333,NA,NA,NA,NA,NA,NA
NA,NA,NA,NA,17.95,NA,NA,NA,NA,NA,NA
NA,NA,NA,NA,17.4,NA,NA,NA,NA,NA,NA
NA,NA,NA,NA,17.1,NA,NA,NA,NA,NA,NA
NA,NA,NA,NA,17.1583333333333,NA,NA,NA,NA,NA,NA
NA,NA,NA,NA,18.125,NA,NA,NA,NA,NA,NA
NA,NA,NA,NA,18.9833333333333,NA,NA,NA,NA,NA,NA
NA,NA,NA,NA,19.3,NA,NA,NA,NA,NA,NA
NA,NA,NA,NA,19.3,NA,NA,NA,NA,NA,NA
NA,NA,NA,NA,18.875,NA,NA,NA,NA,NA,NA
NA,NA,NA,NA,18.4916666666667,NA,NA,NA,NA,NA,NA
NA,NA,NA,NA,18.0333333333333,NA,NA,NA,NA,NA,NA
NA,NA,NA,NA,18.2833333333333,NA,NA,NA,NA,NA,NA
NA,NA,NA,NA,19.5166666666667,NA,NA,NA,NA,NA,NA
NA,NA,NA,NA,19.85,NA,NA,NA,NA,NA,NA
NA,NA,NA,NA,19.7083333333333,NA,NA,NA,NA,NA,NA
NA,NA,NA,NA,19.675,NA,NA,NA,NA,NA,NA
NA,NA,NA,NA,19.5916666666667,NA,NA,NA,NA,NA,NA
NA,NA,NA,NA,19.15,NA,NA,NA,NA,NA,NA
NA,NA,NA,NA,18.675,NA,NA,NA,NA,NA,NA
NA,NA,NA,NA,18.6666666666667,NA,NA,NA,NA,NA,NA
NA,NA,NA,NA,19.2,NA,NA,NA,NA,NA,NA
NA,NA,NA,NA,19.1416666666667,NA,NA,NA,NA,NA,NA
NA,NA,NA,NA,19.0833333333333,NA,NA,NA,NA,NA,NA
NA,NA,NA,NA,18.9333333333333,NA,NA,NA,NA,NA,NA
NA,NA,NA,NA,18.6416666666667,NA,NA,NA,NA,NA,NA
NA,NA,NA,NA,18.2,NA,NA,NA,NA,NA,NA
NA,NA,NA,NA,17.85,NA,NA,NA,NA,NA,NA
NA,NA,NA,NA,17.9416666666667,NA,NA,NA,NA,NA,NA
NA,NA,NA,NA,18.7416666666667,NA,NA,NA,NA,NA,NA
NA,NA,NA,NA,19.1166666666667,NA,NA,NA,NA,NA,NA
NA,NA,NA,NA,19.025,NA,NA,NA,NA,NA,NA
NA,NA,NA,NA,18.9416666666667,NA,NA,NA,NA,NA,NA
NA,NA,NA,NA,18.625,NA,NA,NA,NA,NA,NA
NA,NA,NA,NA,18.1416666666667,NA,NA,NA,NA,NA,NA
NA,NA,NA,NA,17.7666666666667,NA,NA,NA,NA,NA,NA
NA,NA,NA,NA,17.9416666666667,NA,NA,NA,NA,NA,NA
NA,NA,NA,NA,19.125,NA,NA,NA,NA,NA,NA
NA,NA,NA,NA,19.1833333333333,NA,NA,NA,NA,NA,NA
NA,NA,NA,NA,19.1333333333333,NA,NA,NA,NA,NA,NA
NA,NA,NA,NA,19.2,NA,NA,NA,NA,NA,NA
NA,NA,NA,NA,19.075,NA,NA,NA,NA,NA,NA
NA,NA,NA,NA,18.8583333333333,NA,NA,NA,NA,NA,NA
NA,NA,NA,NA,18.6333333333333,NA,NA,NA,NA,NA,NA
NA,NA,NA,NA,18.9,NA,NA,NA,NA,NA,NA
NA,NA,NA,NA,19.3583333333333,NA,NA,NA,NA,NA,NA
NA,NA,NA,NA,19.25,NA,NA,NA,NA,NA,NA
NA,NA,NA,NA,18.95,NA,NA,NA,NA,NA,NA
NA,NA,NA,NA,18.9666666666667,NA,NA,NA,NA,NA,NA
NA,NA,NA,NA,18.8416666666667,NA,NA,NA,NA,NA,NA
NA,NA,NA,NA,18.7666666666667,NA,NA,NA,NA,NA,NA
NA,NA,NA,NA,18.2083333333333,NA,NA,NA,NA,NA,NA
NA,NA,NA,NA,17.95,NA,NA,NA,NA,NA,NA
NA,NA,NA,NA,18.6333333333333,NA,NA,NA,NA,NA,NA
NA,NA,NA,NA,18.9916666666667,NA,NA,NA,NA,NA,NA
NA,NA,NA,NA,18.9,NA,NA,NA,NA,NA,NA
NA,NA,NA,NA,18.775,NA,NA,NA,NA,NA,NA
NA,NA,NA,NA,18.6083333333333,NA,NA,NA,NA,NA,NA
NA,NA,NA,NA,18.35,NA,NA,NA,NA,NA,NA
NA,NA,NA,NA,18.0916666666667,NA,NA,NA,NA,NA,NA
NA,NA,NA,NA,18.15,NA,NA,NA,NA,NA,NA
NA,NA,NA,NA,18.3416666666667,NA,NA,NA,NA,NA,NA
NA,NA,NA,NA,18.6,NA,NA,NA,NA,NA,NA
NA,NA,NA,NA,18.4333333333333,NA,NA,NA,NA,NA,NA
NA,NA,NA,NA,18.15,NA,NA,NA,NA,NA,NA
NA,NA,NA,NA,17.8,NA,NA,NA,NA,NA,NA
NA,NA,NA,NA,17.425,NA,NA,NA,NA,NA,NA
NA,NA,NA,NA,17.275,NA,NA,NA,NA,NA,NA
NA,NA,NA,NA,17.4833333333333,NA,NA,NA,NA,NA,NA
NA,NA,NA,NA,18.275,NA,NA,NA,NA,NA,NA
NA,NA,NA,NA,18.5666666666667,NA,NA,NA,NA,NA,NA
NA,NA,NA,NA,18.2,NA,NA,NA,NA,NA,NA
NA,NA,NA,NA,18.1,NA,NA,NA,NA,NA,NA
NA,NA,NA,NA,17.85,NA,NA,NA,NA,NA,NA
NA,NA,NA,NA,17.5916666666667,NA,NA,NA,NA,NA,NA
NA,NA,NA,NA,17.4083333333333,NA,NA,NA,NA,NA,NA
NA,NA,NA,NA,17.7,NA,NA,NA,NA,NA,NA
NA,NA,NA,NA,18.6583333333333,NA,NA,NA,NA,NA,NA
NA,NA,NA,NA,18.8666666666667,NA,NA,NA,NA,NA,NA
NA,NA,NA,NA,18.5416666666667,NA,NA,NA,NA,NA,NA
NA,NA,NA,NA,18.4166666666667,NA,NA,NA,NA,NA,NA
NA,NA,NA,NA,18.225,NA,NA,NA,NA,NA,NA
NA,NA,NA,NA,17.95,NA,NA,NA,NA,NA,NA
NA,NA,NA,NA,17.75,NA,NA,NA,NA,NA,NA
NA,NA,NA,NA,17.75,NA,NA,NA,NA,NA,NA
NA,NA,NA,NA,18.1583333333333,NA,NA,NA,NA,NA,NA
NA,NA,NA,NA,18.675,NA,NA,NA,NA,NA,NA
NA,NA,NA,NA,18.3416666666667,NA,NA,NA,NA,NA,NA
NA,NA,NA,NA,18.0916666666667,NA,NA,NA,NA,NA,NA
NA,NA,NA,NA,17.8166666666667,NA,NA,NA,NA,NA,NA
NA,NA,NA,NA,17.6166666666667,NA,NA,NA,NA,NA,NA
NA,NA,NA,NA,17.25,NA,NA,NA,NA,NA,NA
NA,NA,NA,NA,17.4666666666667,NA,NA,NA,NA,NA,NA
NA,NA,NA,NA,18.4,NA,NA,NA,NA,NA,NA
NA,NA,NA,NA,18.5583333333333,NA,NA,NA,NA,NA,NA
NA,NA,NA,NA,18.2083333333333,NA,NA,NA,NA,NA,NA
NA,NA,NA,NA,18.1166666666667,NA,NA,NA,NA,NA,NA
NA,NA,NA,NA,17.7916666666667,NA,NA,NA,NA,NA,NA
NA,NA,NA,NA,17.525,NA,NA,NA,NA,NA,NA
NA,NA,NA,NA,17.2833333333333,NA,NA,NA,NA,NA,NA
NA,NA,NA,NA,17.6833333333333,NA,NA,NA,NA,NA,NA
NA,NA,NA,NA,19.0333333333333,NA,NA,NA,NA,NA,NA
NA,NA,NA,NA,19.3333333333333,NA,NA,NA,NA,NA,NA
NA,NA,NA,NA,18.9,NA,NA,NA,NA,NA,NA
NA,NA,NA,NA,18.7083333333333,NA,NA,NA,NA,NA,NA
NA,NA,NA,NA,18.575,NA,NA,NA,NA,NA,NA
NA,NA,NA,NA,18.275,NA,NA,NA,NA,NA,NA
NA,NA,NA,NA,18.0083333333333,NA,NA,NA,NA,NA,NA
NA,NA,NA,NA,18.5583333333333,NA,NA,NA,NA,NA,NA
NA,NA,NA,NA,19.9583333333333,NA,NA,NA,NA,NA,NA
NA,NA,NA,NA,20.4333333333333,NA,NA,NA,NA,NA,NA
NA,NA,NA,NA,19.7666666666667,NA,NA,NA,NA,NA,NA
NA,NA,NA,NA,19.4916666666667,NA,NA,NA,NA,NA,NA
NA,NA,NA,NA,19.2916666666667,NA,NA,NA,NA,NA,NA
NA,NA,NA,NA,19.0166666666667,NA,NA,NA,NA,NA,NA
NA,NA,NA,NA,18.9166666666667,NA,NA,NA,NA,NA,NA
NA,NA,NA,NA,19.5333333333333,NA,NA,NA,NA,NA,NA
NA,NA,NA,NA,20.925,NA,NA,NA,NA,NA,NA
NA,NA,NA,NA,21.0833333333333,NA,NA,NA,NA,NA,NA
NA,NA,NA,NA,20.625,NA,NA,NA,NA,NA,NA
NA,NA,NA,NA,20.375,NA,NA,NA,NA,NA,NA
NA,NA,NA,NA,20.3583333333333,NA,NA,NA,NA,NA,NA
NA,NA,NA,NA,20.1166666666667,NA,NA,NA,NA,NA,NA
NA,NA,NA,NA,20.2333333333333,NA,NA,NA,NA,NA,NA
NA,NA,NA,NA,20.75,NA,NA,NA,NA,NA,NA
NA,NA,NA,NA,22,NA,NA,NA,NA,NA,NA
NA,NA,NA,NA,22.3416666666667,NA,NA,NA,NA,NA,NA
NA,NA,NA,NA,21.6333333333333,NA,NA,NA,NA,NA,NA
NA,NA,NA,NA,21.125,NA,NA,NA,NA,NA,NA
NA,NA,NA,NA,20.8416666666667,NA,NA,NA,NA,NA,NA
NA,NA,NA,NA,20.675,NA,NA,NA,NA,NA,NA
NA,NA,NA,NA,20.65,NA,NA,NA,NA,NA,NA
NA,NA,NA,NA,21.1916666666667,NA,NA,NA,NA,NA,NA
NA,NA,NA,NA,22.3916666666667,NA,NA,NA,NA,NA,NA
NA,NA,NA,NA,22.9416666666667,NA,NA,NA,NA,NA,NA
NA,NA,NA,NA,22.2083333333333,NA,NA,NA,NA,NA,NA
NA,NA,NA,NA,21.9083333333333,NA,NA,NA,NA,NA,NA
NA,NA,NA,NA,21.7583333333333,NA,NA,NA,NA,NA,NA
NA,NA,NA,NA,21.5333333333333,NA,NA,NA,NA,NA,NA
NA,NA,NA,NA,21.5916666666667,NA,NA,NA,NA,NA,NA
NA,NA,NA,NA,21.9916666666667,NA,NA,NA,NA,NA,NA
NA,NA,NA,NA,23.0583333333333,NA,NA,NA,NA,NA,NA
NA,NA,NA,NA,23.05,NA,NA,NA,NA,NA,NA
NA,NA,NA,NA,22.375,NA,NA,NA,NA,NA,NA
NA,NA,NA,NA,21.9166666666667,NA,NA,NA,NA,NA,NA
NA,NA,NA,NA,21.6583333333333,NA,NA,NA,NA,NA,NA
NA,NA,NA,NA,21.4,NA,NA,NA,NA,NA,NA
NA,NA,NA,NA,21.1583333333333,NA,NA,NA,NA,NA,NA
NA,NA,NA,NA,21.5,NA,NA,NA,NA,NA,NA
NA,NA,NA,NA,22.8416666666667,NA,NA,NA,NA,NA,NA
NA,NA,NA,NA,22.6833333333333,NA,NA,NA,NA,NA,NA
NA,NA,NA,NA,21.6666666666667,NA,NA,NA,NA,NA,NA
NA,NA,NA,NA,21.0166666666667,NA,NA,NA,NA,NA,NA
NA,NA,NA,NA,20.6833333333333,NA,NA,NA,NA,NA,NA
NA,NA,NA,NA,20.35,NA,NA,NA,NA,NA,NA
NA,NA,NA,NA,20.1083333333333,NA,NA,NA,NA,NA,NA
NA,NA,NA,NA,20.525,NA,NA,NA,NA,NA,NA
NA,NA,NA,NA,21.5083333333333,NA,NA,NA,NA,NA,NA
NA,NA,NA,NA,21.4583333333333,NA,NA,NA,NA,NA,NA
NA,NA,NA,NA,21.0916666666667,NA,NA,NA,NA,NA,NA
NA,NA,NA,NA,20.7166666666667,NA,NA,NA,NA,NA,NA
NA,NA,NA,NA,20.45,NA,NA,NA,NA,NA,NA
NA,NA,NA,NA,20.1083333333333,NA,NA,NA,NA,NA,NA
NA,NA,NA,NA,19.9083333333333,NA,NA,NA,NA,NA,NA
NA,NA,NA,NA,20.5083333333333,NA,NA,NA,NA,NA,NA
NA,NA,NA,NA,22.0166666666667,NA,NA,NA,NA,NA,NA
NA,NA,NA,NA,22.225,NA,NA,NA,NA,NA,NA
NA,NA,NA,NA,21.6833333333333,NA,NA,NA,NA,NA,NA
NA,NA,NA,NA,21.2416666666667,NA,NA,NA,NA,NA,NA
NA,NA,NA,NA,21.0666666666667,NA,NA,NA,NA,NA,NA
NA,NA,NA,NA,20.825,NA,NA,NA,NA,NA,NA
NA,NA,NA,NA,20.65,NA,NA,NA,NA,NA,NA
NA,NA,NA,NA,21.1416666666667,NA,NA,NA,NA,NA,NA
NA,NA,NA,NA,21.925,NA,NA,NA,NA,NA,NA
NA,NA,NA,NA,21.9083333333333,NA,NA,NA,NA,NA,NA
NA,NA,NA,NA,21.3916666666667,NA,NA,NA,NA,NA,NA
NA,NA,NA,NA,21.1916666666667,NA,NA,NA,NA,NA,NA
NA,NA,NA,NA,21.0083333333333,NA,NA,NA,NA,NA,NA
NA,NA,NA,NA,20.775,NA,NA,NA,NA,NA,NA
NA,NA,NA,NA,20.5,NA,NA,NA,NA,NA,NA
NA,NA,NA,NA,20.8083333333333,NA,NA,NA,NA,NA,NA
NA,NA,NA,NA,21.875,NA,NA,NA,NA,NA,NA
NA,NA,NA,NA,21.8666666666667,NA,NA,NA,NA,NA,NA
NA,NA,NA,NA,21.1416666666667,NA,NA,NA,NA,NA,NA
NA,NA,NA,NA,20.8916666666667,NA,NA,NA,NA,NA,NA
NA,NA,NA,NA,20.6083333333333,NA,NA,NA,NA,NA,NA
NA,NA,NA,NA,20.1666666666667,NA,NA,NA,NA,NA,NA
NA,NA,NA,NA,19.825,NA,NA,NA,NA,NA,NA
NA,NA,NA,NA,20.2333333333333,NA,NA,NA,NA,NA,NA
NA,NA,NA,NA,21.475,NA,NA,NA,NA,NA,NA
NA,NA,NA,NA,21.5833333333333,NA,NA,NA,NA,NA,NA
NA,NA,NA,NA,20.95,NA,NA,NA,NA,NA,NA
NA,NA,NA,NA,20.5416666666667,NA,NA,NA,NA,NA,NA
NA,NA,NA,NA,20.2666666666667,NA,NA,NA,NA,NA,NA
NA,NA,NA,NA,20.025,NA,NA,NA,NA,NA,NA
NA,NA,NA,NA,19.8333333333333,NA,NA,NA,NA,NA,NA
NA,NA,NA,NA,20.4166666666667,NA,NA,NA,NA,NA,NA
NA,NA,NA,NA,21.3833333333333,NA,NA,NA,NA,NA,NA
NA,NA,NA,NA,21.4333333333333,NA,NA,NA,NA,NA,NA
NA,NA,NA,NA,20.8333333333333,NA,NA,NA,NA,NA,NA
NA,NA,NA,NA,20.375,NA,NA,NA,NA,NA,NA
NA,NA,NA,NA,20.0833333333333,NA,NA,NA,NA,NA,NA
NA,NA,NA,NA,19.7916666666667,NA,NA,NA,NA,NA,NA
NA,NA,NA,NA,19.6083333333333,NA,NA,NA,NA,NA,NA
NA,NA,NA,NA,20.0583333333333,NA,NA,NA,NA,NA,NA
NA,NA,NA,NA,20.6916666666667,NA,NA,NA,NA,NA,NA
NA,NA,NA,NA,20.1916666666667,NA,NA,NA,NA,NA,NA
NA,NA,NA,NA,19.8,NA,NA,NA,NA,NA,NA
NA,NA,NA,NA,19.2333333333333,NA,NA,NA,NA,NA,NA
NA,NA,NA,NA,18.9666666666667,NA,NA,NA,NA,NA,NA
NA,NA,NA,NA,18.875,NA,NA,NA,NA,NA,NA
NA,NA,NA,NA,18.7916666666667,NA,NA,NA,NA,NA,NA
NA,NA,NA,NA,19.1416666666667,NA,NA,NA,NA,NA,NA
NA,NA,NA,NA,19.4833333333333,NA,NA,NA,NA,NA,NA
NA,NA,NA,NA,19.8083333333333,NA,NA,NA,NA,NA,NA
NA,NA,NA,NA,19.175,NA,NA,NA,NA,NA,NA
NA,NA,NA,NA,18.725,NA,NA,NA,NA,NA,NA
NA,NA,NA,NA,18.475,NA,NA,NA,NA,NA,NA
NA,NA,NA,NA,18.2,NA,NA,NA,NA,NA,NA
NA,NA,NA,NA,18.1166666666667,NA,NA,NA,NA,NA,NA
NA,NA,NA,NA,18.55,NA,NA,NA,NA,NA,NA
NA,NA,NA,NA,19.1,NA,NA,NA,NA,NA,NA
NA,NA,NA,NA,19.125,NA,NA,NA,NA,NA,NA
NA,NA,NA,NA,18.9333333333333,NA,NA,NA,NA,NA,NA
NA,NA,NA,NA,18.4166666666667,NA,NA,NA,NA,NA,NA
NA,NA,NA,NA,18.0083333333333,NA,NA,NA,NA,NA,NA
NA,NA,NA,NA,17.8333333333333,NA,NA,NA,NA,NA,NA
NA,NA,NA,NA,17.625,NA,NA,NA,NA,NA,NA
NA,NA,NA,NA,18.2833333333333,NA,NA,NA,NA,NA,NA
NA,NA,NA,NA,19.35,NA,NA,NA,NA,NA,NA
NA,NA,NA,NA,19.1,NA,NA,NA,NA,NA,NA
NA,NA,NA,NA,18.7583333333333,NA,NA,NA,NA,NA,NA
NA,NA,NA,NA,18.5083333333333,NA,NA,NA,NA,NA,NA
NA,NA,NA,NA,18.3333333333333,NA,NA,NA,NA,NA,NA
NA,NA,NA,NA,18.1083333333333,NA,NA,NA,NA,NA,NA
NA,NA,NA,NA,17.95,NA,NA,NA,NA,NA,NA
NA,NA,NA,NA,18.5,NA,NA,NA,NA,NA,NA
NA,NA,NA,NA,18.9833333333333,NA,NA,NA,NA,NA,NA
NA,NA,NA,NA,19.25,NA,NA,NA,NA,NA,NA
NA,NA,NA,NA,18.9083333333333,NA,NA,NA,NA,NA,NA
NA,NA,NA,NA,18.5666666666667,NA,NA,NA,NA,NA,NA
NA,NA,NA,NA,18.575,NA,NA,NA,NA,NA,NA
NA,NA,NA,NA,18.5,NA,NA,NA,NA,NA,NA
NA,NA,NA,NA,18.4416666666667,NA,NA,NA,NA,NA,NA
NA,NA,NA,NA,18.5583333333333,NA,NA,NA,NA,NA,NA
NA,NA,NA,NA,18.4833333333333,NA,NA,NA,NA,NA,NA
NA,NA,NA,NA,18.325,NA,NA,NA,NA,NA,NA
NA,NA,NA,NA,18.1416666666667,NA,NA,NA,NA,NA,NA
NA,NA,NA,NA,17.8833333333333,NA,NA,NA,NA,NA,NA
NA,NA,NA,NA,18.0083333333333,NA,NA,NA,NA,NA,NA
NA,NA,NA,NA,17.7083333333333,NA,NA,NA,NA,NA,NA
NA,NA,NA,NA,17.325,NA,NA,NA,NA,NA,NA
NA,NA,NA,NA,16.9833333333333,NA,NA,NA,NA,NA,NA
NA,NA,NA,NA,17.0583333333333,NA,NA,NA,NA,NA,NA
NA,NA,NA,NA,17.3833333333333,NA,NA,NA,NA,NA,NA
NA,NA,NA,NA,17.2083333333333,NA,NA,NA,NA,NA,NA
NA,NA,NA,NA,17.275,NA,NA,NA,NA,NA,NA
NA,NA,NA,NA,17.0166666666667,NA,NA,NA,NA,NA,NA
NA,NA,NA,NA,16.8083333333333,NA,NA,NA,NA,NA,NA
NA,NA,NA,NA,16.4333333333333,NA,NA,NA,NA,NA,NA
NA,NA,NA,NA,16.3,NA,NA,NA,NA,NA,NA
NA,NA,NA,NA,16.35,NA,NA,NA,NA,NA,NA
NA,NA,NA,NA,16.2166666666667,NA,NA,NA,NA,NA,NA
NA,NA,NA,NA,16.2666666666667,NA,NA,NA,NA,NA,NA
NA,NA,NA,NA,16.2,NA,NA,NA,NA,NA,NA
NA,NA,NA,NA,16.35,NA,NA,NA,NA,NA,NA
NA,NA,NA,NA,16.0916666666667,NA,NA,NA,NA,NA,NA
NA,NA,NA,NA,15.9416666666667,NA,NA,NA,NA,NA,NA
NA,NA,NA,NA,15.8333333333333,NA,NA,NA,NA,NA,NA
NA,NA,NA,NA,15.9083333333333,NA,NA,NA,NA,NA,NA
NA,NA,NA,NA,16.35,NA,NA,NA,NA,NA,NA
NA,NA,NA,NA,16.7166666666667,NA,NA,NA,NA,NA,NA
NA,NA,NA,NA,17.0083333333333,NA,NA,NA,NA,NA,NA
NA,NA,NA,NA,17.125,NA,NA,NA,NA,NA,NA
NA,NA,NA,NA,17.025,NA,NA,NA,NA,NA,NA
NA,NA,NA,NA,16.9583333333333,NA,NA,NA,NA,NA,NA
NA,NA,NA,NA,16.9,NA,NA,NA,NA,NA,NA
NA,NA,NA,NA,17.175,NA,NA,NA,NA,NA,NA
NA,NA,NA,NA,17.8833333333333,NA,NA,NA,NA,NA,NA
NA,NA,NA,NA,18.1,NA,NA,NA,NA,NA,NA
NA,NA,NA,NA,18.1,NA,NA,NA,NA,NA,NA
NA,NA,NA,NA,18.05,NA,NA,NA,NA,NA,NA
NA,NA,NA,NA,17.7583333333333,NA,NA,NA,NA,NA,NA
NA,NA,NA,NA,17.5083333333333,NA,NA,NA,NA,NA,NA
NA,NA,NA,NA,17.475,NA,NA,NA,NA,NA,NA
NA,NA,NA,NA,17.7,NA,NA,NA,NA,NA,NA
NA,NA,NA,NA,18.1,NA,NA,NA,NA,NA,NA
NA,NA,NA,NA,18.25,NA,NA,NA,NA,NA,NA
NA,NA,NA,NA,18.0416666666667,NA,NA,NA,NA,NA,NA
NA,NA,NA,NA,17.825,NA,NA,NA,NA,NA,NA
NA,NA,NA,NA,17.5166666666667,NA,NA,NA,NA,NA,NA
NA,NA,NA,NA,17.2833333333333,NA,NA,NA,NA,NA,NA
NA,NA,NA,NA,17.1166666666667,NA,NA,NA,NA,NA,NA
NA,NA,NA,NA,17.175,NA,NA,NA,NA,NA,NA
NA,NA,NA,NA,17.3833333333333,NA,NA,NA,NA,NA,NA
NA,NA,NA,NA,17.5166666666667,NA,NA,NA,NA,NA,NA
NA,NA,NA,NA,17.425,NA,NA,NA,NA,NA,NA
NA,NA,NA,NA,17.2583333333333,NA,NA,NA,NA,NA,NA
NA,NA,NA,NA,17.0583333333333,NA,NA,NA,NA,NA,NA
NA,NA,NA,NA,16.85,NA,NA,NA,NA,NA,NA
NA,NA,NA,NA,16.7,NA,NA,NA,NA,NA,NA
NA,NA,NA,NA,17.0416666666667,NA,NA,NA,NA,NA,NA
NA,NA,NA,NA,17.15,NA,NA,NA,NA,NA,NA
NA,NA,NA,NA,16.8666666666667,NA,NA,NA,NA,NA,NA
NA,NA,NA,NA,16.7166666666667,NA,NA,NA,NA,NA,NA
NA,NA,NA,NA,16.475,NA,NA,NA,NA,NA,NA
NA,NA,NA,NA,16.3083333333333,NA,NA,NA,NA,NA,NA
NA,NA,NA,NA,16.2083333333333,NA,NA,NA,NA,NA,NA
NA,NA,NA,NA,16.2916666666667,NA,NA,NA,NA,NA,NA
NA,NA,NA,NA,16.275,NA,NA,NA,NA,NA,NA
NA,NA,NA,NA,16.4416666666667,NA,NA,NA,NA,NA,NA
NA,NA,NA,NA,16.375,NA,NA,NA,NA,NA,NA
NA,NA,NA,NA,16.4416666666667,NA,NA,NA,NA,NA,NA
NA,NA,NA,NA,16.15,NA,NA,NA,NA,NA,NA
NA,NA,NA,NA,15.8166666666667,NA,NA,NA,NA,NA,NA
NA,NA,NA,NA,15.5666666666667,NA,NA,NA,NA,NA,NA
NA,NA,NA,NA,15.65,NA,NA,NA,NA,NA,NA
NA,NA,NA,NA,15.8083333333333,NA,NA,NA,NA,NA,NA
NA,NA,NA,NA,16.275,NA,NA,NA,NA,NA,NA
NA,NA,NA,NA,16.55,NA,NA,NA,NA,NA,NA
NA,NA,NA,NA,16.4583333333333,NA,NA,NA,NA,NA,NA
NA,NA,NA,NA,16.0916666666667,NA,NA,NA,NA,NA,NA
NA,NA,NA,NA,15.75,NA,NA,NA,NA,NA,NA
NA,NA,NA,NA,15.5916666666667,NA,NA,NA,NA,NA,NA
NA,NA,NA,NA,15.5916666666667,NA,NA,NA,NA,NA,NA
NA,NA,NA,NA,15.7916666666667,NA,NA,NA,NA,NA,NA
NA,NA,NA,NA,16.1,NA,NA,NA,NA,NA,NA
NA,NA,NA,NA,16.2583333333333,NA,NA,NA,NA,NA,NA
NA,NA,NA,NA,16.2583333333333,NA,NA,NA,NA,NA,NA
NA,NA,NA,NA,16.1583333333333,NA,NA,NA,NA,NA,NA
NA,NA,NA,NA,15.9166666666667,NA,NA,NA,NA,NA,NA
NA,NA,NA,NA,15.7333333333333,NA,NA,NA,NA,NA,NA
NA,NA,NA,NA,15.7,NA,NA,NA,NA,NA,NA
NA,NA,NA,NA,15.8666666666667,NA,NA,NA,NA,NA,NA
NA,NA,NA,NA,16.1166666666667,NA,NA,NA,NA,NA,NA
NA,NA,NA,NA,16.2833333333333,NA,NA,NA,NA,NA,NA
NA,NA,NA,NA,16.3,NA,NA,NA,NA,NA,NA
NA,NA,NA,NA,16.1666666666667,NA,NA,NA,NA,NA,NA
NA,NA,NA,NA,15.9166666666667,NA,NA,NA,NA,NA,NA
NA,NA,NA,NA,15.7083333333333,NA,NA,NA,NA,NA,NA
NA,NA,NA,NA,15.9333333333333,NA,NA,NA,NA,NA,NA
NA,NA,NA,NA,16.0583333333333,NA,NA,NA,NA,NA,NA
NA,NA,NA,NA,16.2583333333333,NA,NA,NA,NA,NA,NA
NA,NA,NA,NA,16.4666666666667,NA,NA,NA,NA,NA,NA
NA,NA,NA,NA,16.3916666666667,NA,NA,NA,NA,NA,NA
NA,NA,NA,NA,15.9166666666667,NA,NA,NA,NA,NA,NA
NA,NA,NA,NA,15.575,NA,NA,NA,NA,NA,NA
NA,NA,NA,NA,15.35,NA,NA,NA,NA,NA,NA
NA,NA,NA,NA,15.008333333333301,NA,NA,NA,NA,NA,NA
NA,NA,NA,NA,14.65,NA,NA,NA,NA,NA,NA
NA,NA,NA,NA,14.475,NA,NA,NA,NA,NA,NA
NA,NA,NA,NA,14.383333333333301,NA,NA,NA,NA,NA,NA
NA,NA,NA,NA,14.2166666666667,NA,NA,NA,NA,NA,NA
NA,NA,NA,NA,13.825,NA,NA,NA,NA,NA,NA
NA,NA,NA,NA,13.4583333333333,NA,NA,NA,NA,NA,NA
NA,NA,NA,NA,13.2416666666667,NA,NA,NA,NA,NA,NA
NA,NA,NA,NA,13.2083333333333,NA,NA,NA,NA,NA,NA
NA,NA,NA,NA,13.5,NA,NA,NA,NA,NA,NA
NA,NA,NA,NA,13.8166666666667,NA,NA,NA,NA,NA,NA
NA,NA,NA,NA,13.9,NA,NA,NA,NA,NA,NA
NA,NA,NA,NA,13.75,NA,NA,NA,NA,NA,NA
NA,NA,NA,NA,13.6416666666667,NA,NA,NA,NA,NA,NA
NA,NA,NA,NA,13.6,NA,NA,NA,NA,NA,NA
NA,NA,NA,NA,13.6416666666667,NA,NA,NA,NA,NA,NA
NA,NA,NA,NA,13.8,NA,NA,NA,NA,NA,NA
NA,NA,NA,NA,13.9,NA,NA,NA,NA,NA,NA
NA,NA,NA,NA,14.3416666666667,NA,NA,NA,NA,NA,NA
NA,NA,NA,NA,14.6916666666667,NA,NA,NA,NA,NA,NA
NA,NA,NA,NA,14.6083333333333,NA,NA,NA,NA,NA,NA
NA,NA,NA,NA,14.3,NA,NA,NA,NA,NA,NA
NA,NA,NA,NA,14.125,NA,NA,NA,NA,NA,NA
NA,NA,NA,NA,13.875,NA,NA,NA,NA,NA,NA
NA,NA,NA,NA,13.7,NA,NA,NA,NA,NA,NA
NA,NA,NA,NA,13.9666666666667,NA,NA,NA,NA,NA,NA
NA,NA,NA,NA,14.5,NA,NA,NA,NA,NA,NA
NA,NA,NA,NA,14.775,NA,NA,NA,NA,NA,NA
NA,NA,NA,NA,14.55,NA,NA,NA,NA,NA,NA
NA,NA,NA,NA,14.225,NA,NA,NA,NA,NA,NA
NA,NA,NA,NA,13.8916666666667,NA,NA,NA,NA,NA,NA
NA,NA,NA,NA,13.65,NA,NA,NA,NA,NA,NA
NA,NA,NA,NA,13.6833333333333,NA,NA,NA,NA,NA,NA
NA,NA,NA,NA,14.225,NA,NA,NA,NA,NA,NA
NA,NA,NA,NA,15.025,NA,NA,NA,NA,NA,NA
NA,NA,NA,NA,15.4916666666667,NA,NA,NA,NA,NA,NA
NA,NA,NA,NA,15.5833333333333,NA,NA,NA,NA,NA,NA
NA,NA,NA,NA,15.2333333333333,NA,NA,NA,NA,NA,NA
NA,NA,NA,NA,14.95,NA,NA,NA,NA,NA,NA
NA,NA,NA,NA,14.8,NA,NA,NA,NA,NA,NA
NA,NA,NA,NA,14.8333333333333,NA,NA,NA,NA,NA,NA
NA,NA,NA,NA,15.2916666666667,NA,NA,NA,NA,NA,NA
NA,NA,NA,NA,15.8083333333333,NA,NA,NA,NA,NA,NA
NA,NA,NA,NA,16.1833333333333,NA,NA,NA,NA,NA,NA
NA,NA,NA,NA,16.225,NA,NA,NA,NA,NA,NA
NA,NA,NA,NA,15.9583333333333,NA,NA,NA,NA,NA,NA
NA,NA,NA,NA,15.875,NA,NA,NA,NA,NA,NA
NA,NA,NA,NA,15.8,NA,NA,NA,NA,NA,NA
NA,NA,NA,NA,15.9583333333333,NA,NA,NA,NA,NA,NA
NA,NA,NA,NA,16.325,NA,NA,NA,NA,NA,NA
NA,NA,NA,NA,16.8583333333333,NA,NA,NA,NA,NA,NA
NA,NA,NA,NA,17.2416666666667,NA,NA,NA,NA,NA,NA
NA,NA,NA,NA,17.225,NA,NA,NA,NA,NA,NA
NA,NA,NA,NA,16.975,NA,NA,NA,NA,NA,NA
NA,NA,NA,NA,16.7833333333333,NA,NA,NA,NA,NA,NA
NA,NA,NA,NA,16.7,NA,NA,NA,NA,NA,NA
NA,NA,NA,NA,16.8333333333333,NA,NA,NA,NA,NA,NA
NA,NA,NA,NA,17.4333333333333,NA,NA,NA,NA,NA,NA
NA,NA,NA,NA,18.1,NA,NA,NA,NA,NA,NA
NA,NA,NA,NA,18.475,NA,NA,NA,NA,NA,NA
NA,NA,NA,NA,18.575,NA,NA,NA,NA,NA,NA
NA,NA,NA,NA,18.225,NA,NA,NA,NA,NA,NA
NA,NA,NA,NA,17.95,NA,NA,NA,NA,NA,NA
NA,NA,NA,NA,17.725,NA,NA,NA,NA,NA,NA
NA,NA,NA,NA,17.825,NA,NA,NA,NA,NA,NA
NA,NA,NA,NA,18.2916666666667,NA,NA,NA,NA,NA,NA
NA,NA,NA,NA,18.7333333333333,NA,NA,NA,NA,NA,NA
NA,NA,NA,NA,19.0416666666667,NA,NA,NA,NA,NA,NA
NA,NA,NA,NA,19.0916666666667,NA,NA,NA,NA,NA,NA
NA,NA,NA,NA,18.875,NA,NA,NA,NA,NA,NA
NA,NA,NA,NA,18.575,NA,NA,NA,NA,NA,NA
NA,NA,NA,NA,18.2416666666667,NA,NA,NA,NA,NA,NA
NA,NA,NA,NA,18.15,NA,NA,NA,NA,NA,NA
NA,NA,NA,NA,18.6416666666667,NA,NA,NA,NA,NA,NA
NA,NA,NA,NA,19.2166666666667,NA,NA,NA,NA,NA,NA
NA,NA,NA,NA,19.5333333333333,NA,NA,NA,NA,NA,NA
NA,NA,NA,NA,19.4333333333333,NA,NA,NA,NA,NA,NA
NA,NA,NA,NA,19.1833333333333,NA,NA,NA,NA,NA,NA
NA,NA,NA,NA,18.825,NA,NA,NA,NA,NA,NA
NA,NA,NA,NA,18.5333333333333,NA,NA,NA,NA,NA,NA
NA,NA,NA,NA,18.5833333333333,NA,NA,NA,NA,NA,NA
NA,NA,NA,NA,19.1,NA,NA,NA,NA,NA,NA
NA,NA,NA,NA,19.4916666666667,NA,NA,NA,NA,NA,NA
NA,NA,NA,NA,19.725,NA,NA,NA,NA,NA,NA
NA,NA,NA,NA,19.625,NA,NA,NA,NA,NA,NA
NA,NA,NA,NA,19.475,NA,NA,NA,NA,NA,NA
NA,NA,NA,NA,18.7666666666667,NA,NA,NA,NA,NA,NA
NA,NA,NA,NA,18.4833333333333,NA,NA,NA,NA,NA,NA
NA,NA,NA,NA,18.5333333333333,NA,NA,NA,NA,NA,NA
NA,NA,NA,NA,18.9083333333333,NA,NA,NA,NA,NA,NA
NA,NA,NA,NA,19.3416666666667,NA,NA,NA,NA,NA,NA
NA,NA,NA,NA,19.3583333333333,NA,NA,NA,NA,NA,NA
NA,NA,NA,NA,19.0833333333333,NA,NA,NA,NA,NA,NA
NA,NA,NA,NA,18.6583333333333,NA,NA,NA,NA,NA,NA
NA,NA,NA,NA,18.3416666666667,NA,NA,NA,NA,NA,NA
NA,NA,NA,NA,18.1333333333333,NA,NA,NA,NA,NA,NA
NA,NA,NA,NA,18.1833333333333,NA,NA,NA,NA,NA,NA
NA,NA,NA,NA,18.6083333333333,NA,NA,NA,NA,NA,NA
NA,NA,NA,NA,19.2083333333333,NA,NA,NA,NA,NA,NA
NA,NA,NA,NA,19.475,NA,NA,NA,NA,NA,NA
NA,NA,NA,NA,19.4083333333333,NA,NA,NA,NA,NA,NA
NA,NA,NA,NA,19.0666666666667,NA,NA,NA,NA,NA,NA
NA,NA,NA,NA,18.7416666666667,NA,NA,NA,NA,NA,NA
NA,NA,NA,NA,18.45,NA,NA,NA,NA,NA,NA
NA,NA,NA,NA,18.525,NA,NA,NA,NA,NA,NA
NA,NA,NA,NA,18.9583333333333,NA,NA,NA,NA,NA,NA
NA,NA,NA,NA,19.5416666666667,NA,NA,NA,NA,NA,NA
NA,NA,NA,NA,19.875,NA,NA,NA,NA,NA,NA
NA,NA,NA,NA,19.9916666666667,NA,NA,NA,NA,NA,NA
NA,NA,NA,NA,19.7833333333333,NA,NA,NA,NA,NA,NA
NA,NA,NA,NA,19.5,NA,NA,NA,NA,NA,NA
NA,NA,NA,NA,19.2916666666667,NA,NA,NA,NA,NA,NA
NA,NA,NA,NA,19.3166666666667,NA,NA,NA,NA,NA,NA
NA,NA,NA,NA,19.875,NA,NA,NA,NA,NA,NA
NA,NA,NA,NA,20.3166666666667,NA,NA,NA,NA,NA,NA
NA,NA,NA,NA,20.6,NA,NA,NA,NA,NA,NA
NA,NA,NA,NA,20.7583333333333,NA,NA,NA,NA,NA,NA
NA,NA,NA,NA,20.525,NA,NA,NA,NA,NA,NA
NA,NA,NA,NA,20.05,NA,NA,NA,NA,NA,NA
NA,NA,NA,NA,19.65,NA,NA,NA,NA,NA,NA
NA,NA,NA,NA,19.6333333333333,NA,NA,NA,NA,NA,NA
NA,NA,NA,NA,20.1166666666667,NA,NA,NA,NA,NA,NA
NA,NA,NA,NA,20.4166666666667,NA,NA,NA,NA,NA,NA
NA,NA,NA,NA,20.5583333333333,NA,NA,NA,NA,NA,NA
NA,NA,NA,NA,20.6916666666667,NA,NA,NA,NA,NA,NA
NA,NA,NA,NA,20.5083333333333,NA,NA,NA,NA,NA,NA
NA,NA,NA,NA,20.0583333333333,NA,NA,NA,NA,NA,NA
NA,NA,NA,NA,19.6,NA,NA,NA,NA,NA,NA
NA,NA,NA,NA,19.5916666666667,NA,NA,NA,NA,NA,NA
NA,NA,NA,NA,20.1,NA,NA,NA,NA,NA,NA
NA,NA,NA,NA,20.3083333333333,NA,NA,NA,NA,NA,NA
NA,NA,NA,NA,20.375,NA,NA,NA,NA,NA,NA
NA,NA,NA,NA,20.3416666666667,NA,NA,NA,NA,NA,NA
NA,NA,NA,NA,20.05,NA,NA,NA,NA,NA,NA
NA,NA,NA,NA,19.575,NA,NA,NA,NA,NA,NA
NA,NA,NA,NA,19.1166666666667,NA,NA,NA,NA,NA,NA
NA,NA,NA,NA,19.125,NA,NA,NA,NA,NA,NA
NA,NA,NA,NA,19.5333333333333,NA,NA,NA,NA,NA,NA
NA,NA,NA,NA,19.7333333333333,NA,NA,NA,NA,NA,NA
NA,NA,NA,NA,19.7916666666667,NA,NA,NA,NA,NA,NA
NA,NA,NA,NA,19.7833333333333,NA,NA,NA,NA,NA,NA
NA,NA,NA,NA,19.6083333333333,NA,NA,NA,NA,NA,NA
NA,NA,NA,NA,19.2583333333333,NA,NA,NA,NA,NA,NA
NA,NA,NA,NA,18.9833333333333,NA,NA,NA,NA,NA,NA
NA,NA,NA,NA,19.05,NA,NA,NA,NA,NA,NA
NA,NA,NA,NA,19.15,NA,NA,NA,NA,NA,NA
NA,NA,NA,NA,19.1666666666667,NA,NA,NA,NA,NA,NA
NA,NA,NA,NA,19.2,NA,NA,NA,NA,NA,NA
NA,NA,NA,NA,19.0833333333333,NA,NA,NA,NA,NA,NA
NA,NA,NA,NA,18.8416666666667,NA,NA,NA,NA,NA,NA
NA,NA,NA,NA,18.6666666666667,NA,NA,NA,NA,NA,NA
NA,NA,NA,NA,18.6,NA,NA,NA,NA,NA,NA
NA,NA,NA,NA,18.6833333333333,NA,NA,NA,NA,NA,NA
NA,NA,NA,NA,19.2666666666667,NA,NA,NA,NA,NA,NA
NA,NA,NA,NA,19.35,NA,NA,NA,NA,NA,NA
NA,NA,NA,NA,19.2,NA,NA,NA,NA,NA,NA
NA,NA,NA,NA,18.95,NA,NA,NA,NA,NA,NA
NA,NA,NA,NA,18.6333333333333,NA,NA,NA,NA,NA,NA
NA,NA,NA,NA,18.525,NA,NA,NA,NA,NA,NA
NA,NA,NA,NA,18.3083333333333,NA,NA,NA,NA,NA,NA
NA,NA,NA,NA,18.15,NA,NA,NA,NA,NA,NA
NA,NA,NA,NA,18.0083333333333,NA,NA,NA,NA,NA,NA
NA,NA,NA,NA,17.9083333333333,NA,NA,NA,NA,NA,NA
NA,NA,NA,NA,17.95,NA,NA,NA,NA,NA,NA
NA,NA,NA,NA,17.8083333333333,NA,NA,NA,NA,NA,NA
NA,NA,NA,NA,17.6,NA,NA,NA,NA,NA,NA
NA,NA,NA,NA,17.3416666666667,NA,NA,NA,NA,NA,NA
NA,NA,NA,NA,17.0666666666667,NA,NA,NA,NA,NA,NA
NA,NA,NA,NA,16.85,NA,NA,NA,NA,NA,NA
NA,NA,NA,NA,16.7416666666667,NA,NA,NA,NA,NA,NA
NA,NA,NA,NA,16.7416666666667,NA,NA,NA,NA,NA,NA
NA,NA,NA,NA,16.5916666666667,NA,NA,NA,NA,NA,NA
NA,NA,NA,NA,16.4666666666667,NA,NA,NA,NA,NA,NA
NA,NA,NA,NA,16.2333333333333,NA,NA,NA,NA,NA,NA
NA,NA,NA,NA,16.0166666666667,NA,NA,NA,NA,NA,NA
NA,NA,NA,NA,15.75,NA,NA,NA,NA,NA,NA
NA,NA,NA,NA,15.525,NA,NA,NA,NA,NA,NA
NA,NA,NA,NA,15.6166666666667,NA,NA,NA,NA,NA,NA
NA,NA,NA,NA,15.7,NA,NA,NA,NA,NA,NA
NA,NA,NA,NA,15.7,NA,NA,NA,NA,NA,NA
NA,NA,NA,NA,15.6583333333333,NA,NA,NA,NA,NA,NA
NA,NA,NA,NA,15.4416666666667,NA,NA,NA,NA,NA,NA
NA,NA,NA,NA,15.0916666666667,NA,NA,NA,NA,NA,NA
NA,NA,NA,NA,14.7916666666667,NA,NA,NA,NA,NA,NA
NA,NA,NA,NA,14.75,NA,NA,NA,NA,NA,NA
NA,NA,NA,NA,15.1583333333333,NA,NA,NA,NA,NA,NA
NA,NA,NA,NA,15.3416666666667,NA,NA,NA,NA,NA,NA
NA,NA,NA,NA,15.633333333333301,NA,NA,NA,NA,NA,NA
NA,NA,NA,NA,15.675,NA,NA,NA,NA,NA,NA
NA,NA,NA,NA,15.4666666666667,NA,NA,NA,NA,NA,NA
NA,NA,NA,NA,15.125,NA,NA,NA,NA,NA,NA
NA,NA,NA,NA,14.8583333333333,NA,NA,NA,NA,NA,NA
NA,NA,NA,NA,14.8333333333333,NA,NA,NA,NA,NA,NA
NA,NA,NA,NA,15.2,NA,NA,NA,NA,NA,NA
NA,NA,NA,NA,15.4,NA,NA,NA,NA,NA,NA
NA,NA,NA,NA,15.508333333333301,NA,NA,NA,NA,NA,NA
NA,NA,NA,NA,15.4416666666667,NA,NA,NA,NA,NA,NA
NA,NA,NA,NA,15.2166666666667,NA,NA,NA,NA,NA,NA
NA,NA,NA,NA,14.9083333333333,NA,NA,NA,NA,NA,NA
NA,NA,NA,NA,14.7333333333333,NA,NA,NA,NA,NA,NA
NA,NA,NA,NA,14.7416666666667,NA,NA,NA,NA,NA,NA
NA,NA,NA,NA,14.8666666666667,NA,NA,NA,NA,NA,NA
NA,NA,NA,NA,15.0916666666667,NA,NA,NA,NA,NA,NA
NA,NA,NA,NA,15.1583333333333,NA,NA,NA,NA,NA,NA
NA,NA,NA,NA,15.1,NA,NA,NA,NA,NA,NA
NA,NA,NA,NA,15,NA,NA,NA,NA,NA,NA
NA,NA,NA,NA,15,NA,NA,NA,NA,NA,NA
NA,NA,NA,NA,14.9083333333333,NA,NA,NA,NA,NA,NA
NA,NA,NA,NA,14.95,NA,NA,NA,NA,NA,NA
NA,NA,NA,NA,15.35,NA,NA,NA,NA,NA,NA
NA,NA,NA,NA,15.633333333333301,NA,NA,NA,NA,NA,NA
NA,NA,NA,NA,15.9083333333333,NA,NA,NA,NA,NA,NA
NA,NA,NA,NA,16.1,NA,NA,NA,NA,NA,NA
NA,NA,NA,NA,16.0666666666667,NA,NA,NA,NA,NA,NA
NA,NA,NA,NA,15.8333333333333,NA,NA,NA,NA,NA,NA
NA,NA,NA,NA,15.6166666666667,NA,NA,NA,NA,NA,NA
NA,NA,NA,NA,15.6666666666667,NA,NA,NA,NA,NA,NA
NA,NA,NA,NA,16.0583333333333,NA,NA,NA,NA,NA,NA
NA,NA,NA,NA,16.3666666666667,NA,NA,NA,NA,NA,NA
NA,NA,NA,NA,16.5416666666667,NA,NA,NA,NA,NA,NA
NA,NA,NA,NA,16.6,NA,NA,NA,NA,NA,NA
NA,NA,NA,NA,16.5083333333333,NA,NA,NA,NA,NA,NA
NA,NA,NA,NA,16.1083333333333,NA,NA,NA,NA,NA,NA
NA,NA,NA,NA,15.7916666666667,NA,NA,NA,NA,NA,NA
NA,NA,NA,NA,15.7666666666667,NA,NA,NA,NA,NA,NA
NA,NA,NA,NA,16.3916666666667,NA,NA,NA,NA,NA,NA
NA,NA,NA,NA,16.5333333333333,NA,NA,NA,NA,NA,NA
NA,NA,NA,NA,16.6166666666667,NA,NA,NA,NA,NA,NA
NA,NA,NA,NA,16.6833333333333,NA,NA,NA,NA,NA,NA
NA,NA,NA,NA,16.575,NA,NA,NA,NA,NA,NA
NA,NA,NA,NA,16.3416666666667,NA,NA,NA,NA,NA,NA
NA,NA,NA,NA,15.875,NA,NA,NA,NA,NA,NA
NA,NA,NA,NA,15.825,NA,NA,NA,NA,NA,NA
NA,NA,NA,NA,16.5583333333333,NA,NA,NA,NA,NA,NA
NA,NA,NA,NA,16.7,NA,NA,NA,NA,NA,NA
NA,NA,NA,NA,16.75,NA,NA,NA,NA,NA,NA
NA,NA,NA,NA,16.8,NA,NA,NA,NA,NA,NA
NA,NA,NA,NA,16.6666666666667,NA,NA,NA,NA,NA,NA
NA,NA,NA,NA,16.2916666666667,NA,NA,NA,NA,NA,NA
NA,NA,NA,NA,15.8583333333333,NA,NA,NA,NA,NA,NA
NA,NA,NA,NA,15.75,NA,NA,NA,NA,NA,NA
NA,NA,NA,NA,16.5333333333333,NA,NA,NA,NA,NA,NA
NA,NA,NA,NA,16.725,NA,NA,NA,NA,NA,NA
NA,NA,NA,NA,16.8166666666667,NA,NA,NA,NA,NA,NA
NA,NA,NA,NA,16.9,NA,NA,NA,NA,NA,NA
NA,NA,NA,NA,16.8583333333333,NA,NA,NA,NA,NA,NA
NA,NA,NA,NA,16.5,NA,NA,NA,NA,NA,NA
NA,NA,NA,NA,16.0583333333333,NA,NA,NA,NA,NA,NA
NA,NA,NA,NA,15.9666666666667,NA,NA,NA,NA,NA,NA
NA,NA,NA,NA,16.8,NA,NA,NA,NA,NA,NA
NA,NA,NA,NA,16.8666666666667,NA,NA,NA,NA,NA,NA
NA,NA,NA,NA,16.9666666666667,NA,NA,NA,NA,NA,NA
NA,NA,NA,NA,17.1833333333333,NA,NA,NA,NA,NA,NA
NA,NA,NA,NA,17.125,NA,NA,NA,NA,NA,NA
NA,NA,NA,NA,16.6833333333333,NA,NA,NA,NA,NA,NA
NA,NA,NA,NA,16.2333333333333,NA,NA,NA,NA,NA,NA
NA,NA,NA,NA,16.1916666666667,NA,NA,NA,NA,NA,NA
NA,NA,NA,NA,16.9333333333333,NA,NA,NA,NA,NA,NA
NA,NA,NA,NA,16.9583333333333,NA,NA,NA,NA,NA,NA
NA,NA,NA,NA,17.0166666666667,NA,NA,NA,NA,NA,NA
NA,NA,NA,NA,17.2,NA,NA,NA,NA,NA,NA
NA,NA,NA,NA,17.0166666666667,NA,NA,NA,NA,NA,NA
NA,NA,NA,NA,16.7333333333333,NA,NA,NA,NA,NA,NA
NA,NA,NA,NA,16.35,NA,NA,NA,NA,NA,NA
NA,NA,NA,NA,16.2166666666667,NA,NA,NA,NA,NA,NA
NA,NA,NA,NA,17.0916666666667,NA,NA,NA,NA,NA,NA
NA,NA,NA,NA,17.0583333333333,NA,NA,NA,NA,NA,NA
NA,NA,NA,NA,17.0333333333333,NA,NA,NA,NA,NA,NA
NA,NA,NA,NA,17.2,NA,NA,NA,NA,NA,NA
NA,NA,NA,NA,17.1333333333333,NA,NA,NA,NA,NA,NA
NA,NA,NA,NA,16.8416666666667,NA,NA,NA,NA,NA,NA
NA,NA,NA,NA,16.4416666666667,NA,NA,NA,NA,NA,NA
NA,NA,NA,NA,16.3833333333333,NA,NA,NA,NA,NA,NA
NA,NA,NA,NA,17.2666666666667,NA,NA,NA,NA,NA,NA
NA,NA,NA,NA,17.2083333333333,NA,NA,NA,NA,NA,NA
NA,NA,NA,NA,17.125,NA,NA,NA,NA,NA,NA
NA,NA,NA,NA,17.3,NA,NA,NA,NA,NA,NA
NA,NA,NA,NA,17.25,NA,NA,NA,NA,NA,NA
NA,NA,NA,NA,17.075,NA,NA,NA,NA,NA,NA
NA,NA,NA,NA,16.7666666666667,NA,NA,NA,NA,NA,NA
NA,NA,NA,NA,16.7333333333333,NA,NA,NA,NA,NA,NA
NA,NA,NA,NA,17.5833333333333,NA,NA,NA,NA,NA,NA
NA,NA,NA,NA,17.5666666666667,NA,NA,NA,NA,NA,NA
NA,NA,NA,NA,17.4833333333333,NA,NA,NA,NA,NA,NA
NA,NA,NA,NA,17.6416666666667,NA,NA,NA,NA,NA,NA
NA,NA,NA,NA,17.5333333333333,NA,NA,NA,NA,NA,NA
NA,NA,NA,NA,17.3333333333333,NA,NA,NA,NA,NA,NA
NA,NA,NA,NA,17.0083333333333,NA,NA,NA,NA,NA,NA
NA,NA,NA,NA,16.9833333333333,NA,NA,NA,NA,NA,NA
NA,NA,NA,NA,17.8,NA,NA,NA,NA,NA,NA
NA,NA,NA,NA,17.8333333333333,NA,NA,NA,NA,NA,NA
NA,NA,NA,NA,17.7916666666667,NA,NA,NA,NA,NA,NA
NA,NA,NA,NA,17.975,NA,NA,NA,NA,NA,NA
NA,NA,NA,NA,18.0583333333333,NA,NA,NA,NA,NA,NA
NA,NA,NA,NA,17.7416666666667,NA,NA,NA,NA,NA,NA
NA,NA,NA,NA,17.6333333333333,NA,NA,NA,NA,NA,NA
NA,NA,NA,NA,17.65,NA,NA,NA,NA,NA,NA
NA,NA,NA,NA,17.8666666666667,NA,NA,NA,NA,NA,NA
NA,NA,NA,NA,17.9,NA,NA,NA,NA,NA,NA
NA,NA,NA,NA,17.75,NA,NA,NA,NA,NA,NA
NA,NA,NA,NA,17.6916666666667,NA,NA,NA,NA,NA,NA
NA,NA,NA,NA,17.6583333333333,NA,NA,NA,NA,NA,NA
NA,NA,NA,NA,17.4666666666667,NA,NA,NA,NA,NA,NA
NA,NA,NA,NA,17.125,NA,NA,NA,NA,NA,NA
NA,NA,NA,NA,17.0333333333333,NA,NA,NA,NA,NA,NA
NA,NA,NA,NA,17.6166666666667,NA,NA,NA,NA,NA,NA
NA,NA,NA,NA,17.575,NA,NA,NA,NA,NA,NA
NA,NA,NA,NA,17.35,NA,NA,NA,NA,NA,NA
NA,NA,NA,NA,17.3,NA,NA,NA,NA,NA,NA
NA,NA,NA,NA,17.2,NA,NA,NA,NA,NA,NA
NA,NA,NA,NA,16.8,NA,NA,NA,NA,NA,NA
NA,NA,NA,NA,16.3083333333333,NA,NA,NA,NA,NA,NA
NA,NA,NA,NA,16.2416666666667,NA,NA,NA,NA,NA,NA
NA,NA,NA,NA,17.05,NA,NA,NA,NA,NA,NA
NA,NA,NA,NA,16.9916666666667,NA,NA,NA,NA,NA,NA
NA,NA,NA,NA,16.8,NA,NA,NA,NA,NA,NA
NA,NA,NA,NA,16.775,NA,NA,NA,NA,NA,NA
NA,NA,NA,NA,16.5833333333333,NA,NA,NA,NA,NA,NA
NA,NA,NA,NA,16.2,NA,NA,NA,NA,NA,NA
NA,NA,NA,NA,15.7416666666667,NA,NA,NA,NA,NA,NA
NA,NA,NA,NA,15.6833333333333,NA,NA,NA,NA,NA,NA
NA,NA,NA,NA,16.5583333333333,NA,NA,NA,NA,NA,NA
NA,NA,NA,NA,16.4166666666667,NA,NA,NA,NA,NA,NA
NA,NA,NA,NA,16.3,NA,NA,NA,NA,NA,NA
NA,NA,NA,NA,16.3,NA,NA,NA,NA,NA,NA
NA,NA,NA,NA,16.2583333333333,NA,NA,NA,NA,NA,NA
NA,NA,NA,NA,16.1166666666667,NA,NA,NA,NA,NA,NA
NA,NA,NA,NA,15.9583333333333,NA,NA,NA,NA,NA,NA
NA,NA,NA,NA,16.0166666666667,NA,NA,NA,NA,NA,NA
NA,NA,NA,NA,16.8583333333333,NA,NA,NA,NA,NA,NA
NA,NA,NA,NA,16.6833333333333,NA,NA,NA,NA,NA,NA
NA,NA,NA,NA,16.5,NA,NA,NA,NA,NA,NA
NA,NA,NA,NA,16.6,NA,NA,NA,NA,NA,NA
NA,NA,NA,NA,16.6333333333333,NA,NA,NA,NA,NA,NA
NA,NA,NA,NA,16.4583333333333,NA,NA,NA,NA,NA,NA
NA,NA,NA,NA,16.3,NA,NA,NA,NA,NA,NA
NA,NA,NA,NA,16.4416666666667,NA,NA,NA,NA,NA,NA
NA,NA,NA,NA,16.7333333333333,NA,NA,NA,NA,NA,NA
NA,NA,NA,NA,16.5,NA,NA,NA,NA,NA,NA
NA,NA,NA,NA,16.5333333333333,NA,NA,NA,NA,NA,NA
NA,NA,NA,NA,16.4,NA,NA,NA,NA,NA,NA
NA,NA,NA,NA,16.4,NA,NA,NA,NA,NA,NA
NA,NA,NA,NA,16.3416666666667,NA,NA,NA,NA,NA,NA
NA,NA,NA,NA,16.2,NA,NA,NA,NA,NA,NA
NA,NA,NA,NA,16.2,NA,NA,NA,NA,NA,NA
NA,NA,NA,NA,16.575,NA,NA,NA,NA,NA,NA
NA,NA,NA,NA,16.6,NA,NA,NA,NA,NA,NA
NA,NA,NA,NA,16.4,NA,NA,NA,NA,NA,NA
NA,NA,NA,NA,16.2166666666667,NA,NA,NA,NA,NA,NA
NA,NA,NA,NA,16.1666666666667,NA,NA,NA,NA,NA,NA
NA,NA,NA,NA,15.9083333333333,NA,NA,NA,NA,NA,NA
NA,NA,NA,NA,15.575,NA,NA,NA,NA,NA,NA
NA,NA,NA,NA,15.5583333333333,NA,NA,NA,NA,NA,NA
NA,NA,NA,NA,16.4333333333333,NA,NA,NA,NA,NA,NA
NA,NA,NA,NA,16.325,NA,NA,NA,NA,NA,NA
NA,NA,NA,NA,16.1916666666667,NA,NA,NA,NA,NA,NA
NA,NA,NA,NA,16.2,NA,NA,NA,NA,NA,NA
NA,NA,NA,NA,16.0833333333333,NA,NA,NA,NA,NA,NA
NA,NA,NA,NA,15.9416666666667,NA,NA,NA,NA,NA,NA
NA,NA,NA,NA,15.7333333333333,NA,NA,NA,NA,NA,NA
NA,NA,NA,NA,15.9,NA,NA,NA,NA,NA,NA
NA,NA,NA,NA,16.6333333333333,NA,NA,NA,NA,NA,NA
NA,NA,NA,NA,16.4833333333333,NA,NA,NA,NA,NA,NA
NA,NA,NA,NA,16.3,NA,NA,NA,NA,NA,NA
NA,NA,NA,NA,16.3083333333333,NA,NA,NA,NA,NA,NA
NA,NA,NA,NA,16.3916666666667,NA,NA,NA,NA,NA,NA
NA,NA,NA,NA,16.325,NA,NA,NA,NA,NA,NA
NA,NA,NA,NA,16.25,NA,NA,NA,NA,NA,NA
NA,NA,NA,NA,16.45,NA,NA,NA,NA,NA,NA
NA,NA,NA,NA,16.4833333333333,NA,NA,NA,NA,NA,NA
NA,NA,NA,NA,16.1583333333333,NA,NA,NA,NA,NA,NA
NA,NA,NA,NA,15.9333333333333,NA,NA,NA,NA,NA,NA
NA,NA,NA,NA,15.6416666666667,NA,NA,NA,NA,NA,NA
NA,NA,NA,NA,15.575,NA,NA,NA,NA,NA,NA
NA,NA,NA,NA,15.2916666666667,NA,NA,NA,NA,NA,NA
NA,NA,NA,NA,14.9583333333333,NA,NA,NA,NA,NA,NA
NA,NA,NA,NA,15.0166666666667,NA,NA,NA,NA,NA,NA
NA,NA,NA,NA,15.3166666666667,NA,NA,NA,NA,NA,NA
NA,NA,NA,NA,15.2916666666667,NA,NA,NA,NA,NA,NA
NA,NA,NA,NA,15.2166666666667,NA,NA,NA,NA,NA,NA
NA,NA,NA,NA,15.05,NA,NA,NA,NA,NA,NA
NA,NA,NA,NA,14.758333333333301,NA,NA,NA,NA,NA,NA
NA,NA,NA,NA,14.3916666666667,NA,NA,NA,NA,NA,NA
NA,NA,NA,NA,14.0916666666667,NA,NA,NA,NA,NA,NA
NA,NA,NA,NA,14.1166666666667,NA,NA,NA,NA,NA,NA
NA,NA,NA,NA,14.6583333333333,NA,NA,NA,NA,NA,NA
NA,NA,NA,NA,14.5,NA,NA,NA,NA,NA,NA
NA,NA,NA,NA,14.3,NA,NA,NA,NA,NA,NA
NA,NA,NA,NA,14.2333333333333,NA,NA,NA,NA,NA,NA
NA,NA,NA,NA,14.1166666666667,NA,NA,NA,NA,NA,NA
NA,NA,NA,NA,13.8583333333333,NA,NA,NA,NA,NA,NA
NA,NA,NA,NA,13.3583333333333,NA,NA,NA,NA,NA,NA
NA,NA,NA,NA,13.2416666666667,NA,NA,NA,NA,NA,NA
NA,NA,NA,NA,14.075,NA,NA,NA,NA,NA,NA
NA,NA,NA,NA,13.8666666666667,NA,NA,NA,NA,NA,NA
NA,NA,NA,NA,13.675,NA,NA,NA,NA,NA,NA
NA,NA,NA,NA,13.7,NA,NA,NA,NA,NA,NA
NA,NA,NA,NA,13.7,NA,NA,NA,NA,NA,NA
NA,NA,NA,NA,13.5583333333333,NA,NA,NA,NA,NA,NA
NA,NA,NA,NA,13.3416666666667,NA,NA,NA,NA,NA,NA
NA,NA,NA,NA,13.2916666666667,NA,NA,NA,NA,NA,NA
NA,NA,NA,NA,14.1583333333333,NA,NA,NA,NA,NA,NA
NA,NA,NA,NA,13.75,NA,NA,NA,NA,NA,NA
NA,NA,NA,NA,13.675,NA,NA,NA,NA,NA,NA
NA,NA,NA,NA,13.8,NA,NA,NA,NA,NA,NA
NA,NA,NA,NA,13.825,NA,NA,NA,NA,NA,NA
NA,NA,NA,NA,13.8,NA,NA,NA,NA,NA,NA
NA,NA,NA,NA,13.6583333333333,NA,NA,NA,NA,NA,NA
NA,NA,NA,NA,13.7333333333333,NA,NA,NA,NA,NA,NA
NA,NA,NA,NA,14.6666666666667,NA,NA,NA,NA,NA,NA
NA,NA,NA,NA,14.375,NA,NA,NA,NA,NA,NA
NA,NA,NA,NA,14.1,NA,NA,NA,NA,NA,NA
NA,NA,NA,NA,14.2416666666667,NA,NA,NA,NA,NA,NA
NA,NA,NA,NA,14.2833333333333,NA,NA,NA,NA,NA,NA
NA,NA,NA,NA,14.2,NA,NA,NA,NA,NA,NA
NA,NA,NA,NA,14.1833333333333,NA,NA,NA,NA,NA,NA
NA,NA,NA,NA,14.225,NA,NA,NA,NA,NA,NA
NA,NA,NA,NA,15.0166666666667,NA,NA,NA,NA,NA,NA
NA,NA,NA,NA,14.85,NA,NA,NA,NA,NA,NA
NA,NA,NA,NA,14.65,NA,NA,NA,NA,NA,NA
NA,NA,NA,NA,14.7,NA,NA,NA,NA,NA,NA
NA,NA,NA,NA,14.7666666666667,NA,NA,NA,NA,NA,NA
NA,NA,NA,NA,14.6416666666667,NA,NA,NA,NA,NA,NA
NA,NA,NA,NA,14.4166666666667,NA,NA,NA,NA,NA,NA
NA,NA,NA,NA,14.55,NA,NA,NA,NA,NA,NA
NA,NA,NA,NA,14.95,NA,NA,NA,NA,NA,NA
NA,NA,NA,NA,15.0916666666667,NA,NA,NA,NA,NA,NA
NA,NA,NA,NA,15.008333333333301,NA,NA,NA,NA,NA,NA
NA,NA,NA,NA,15.1,NA,NA,NA,NA,NA,NA
NA,NA,NA,NA,15.1,NA,NA,NA,NA,NA,NA
NA,NA,NA,NA,15.1,NA,NA,NA,NA,NA,NA
NA,NA,NA,NA,15.025,NA,NA,NA,NA,NA,NA
NA,NA,NA,NA,15,NA,NA,NA,NA,NA,NA
NA,NA,NA,NA,15.633333333333301,NA,NA,NA,NA,NA,NA
NA,NA,NA,NA,15.383333333333301,NA,NA,NA,NA,NA,NA
NA,NA,NA,NA,14.9583333333333,NA,NA,NA,NA,NA,NA
NA,NA,NA,NA,14.8,NA,NA,NA,NA,NA,NA
NA,NA,NA,NA,14.7666666666667,NA,NA,NA,NA,NA,NA
NA,NA,NA,NA,14.5416666666667,NA,NA,NA,NA,NA,NA
NA,NA,NA,NA,14.1416666666667,NA,NA,NA,NA,NA,NA
NA,NA,NA,NA,14.0666666666667,NA,NA,NA,NA,NA,NA
NA,NA,NA,NA,14.975,NA,NA,NA,NA,NA,NA
NA,NA,NA,NA,14.7416666666667,NA,NA,NA,NA,NA,NA
NA,NA,NA,NA,14.5416666666667,NA,NA,NA,NA,NA,NA
NA,NA,NA,NA,14.4916666666667,NA,NA,NA,NA,NA,NA
NA,NA,NA,NA,14.4583333333333,NA,NA,NA,NA,NA,NA
NA,NA,NA,NA,14.2833333333333,NA,NA,NA,NA,NA,NA
NA,NA,NA,NA,14,NA,NA,NA,NA,NA,NA
NA,NA,NA,NA,14,NA,NA,NA,NA,NA,NA
NA,NA,NA,NA,14.725,NA,NA,NA,NA,NA,NA
NA,NA,NA,NA,14.6,NA,NA,NA,NA,NA,NA
NA,NA,NA,NA,14.4083333333333,NA,NA,NA,NA,NA,NA
NA,NA,NA,NA,14.3,NA,NA,NA,NA,NA,NA
NA,NA,NA,NA,14.2916666666667,NA,NA,NA,NA,NA,NA
NA,NA,NA,NA,14.1583333333333,NA,NA,NA,NA,NA,NA
NA,NA,NA,NA,13.9666666666667,NA,NA,NA,NA,NA,NA
NA,NA,NA,NA,14.05,NA,NA,NA,NA,NA,NA
NA,NA,NA,NA,15.008333333333301,NA,NA,NA,NA,NA,NA
NA,NA,NA,NA,14.8083333333333,NA,NA,NA,NA,NA,NA
NA,NA,NA,NA,14.55,NA,NA,NA,NA,NA,NA
NA,NA,NA,NA,14.4583333333333,NA,NA,NA,NA,NA,NA
NA,NA,NA,NA,14.6,NA,NA,NA,NA,NA,NA
NA,NA,NA,NA,14.7833333333333,NA,NA,NA,NA,NA,NA
NA,NA,NA,NA,14.5166666666667,NA,NA,NA,NA,NA,NA
NA,NA,NA,NA,14.1416666666667,NA,NA,NA,NA,NA,NA
NA,NA,NA,NA,14.2083333333333,NA,NA,NA,NA,NA,NA
NA,NA,NA,NA,14.15,NA,NA,NA,NA,NA,NA
NA,NA,NA,NA,14.008333333333301,NA,NA,NA,NA,NA,NA
NA,NA,NA,NA,13.975,NA,NA,NA,NA,NA,NA
NA,NA,NA,NA,13.775,NA,NA,NA,NA,NA,NA
NA,NA,NA,NA,13.3916666666667,NA,NA,NA,NA,NA,NA
NA,NA,NA,NA,13.1916666666667,NA,NA,NA,NA,NA,NA
NA,NA,NA,NA,13.225,NA,NA,NA,NA,NA,NA
NA,NA,NA,NA,13.4416666666667,NA,NA,NA,NA,NA,NA
NA,NA,NA,NA,13.4,NA,NA,NA,NA,NA,NA
NA,NA,NA,NA,13.4,NA,NA,NA,NA,NA,NA
NA,NA,NA,NA,13.3083333333333,NA,NA,NA,NA,NA,NA
NA,NA,NA,NA,13.0833333333333,NA,NA,NA,NA,NA,NA
NA,NA,NA,NA,12.7416666666667,NA,NA,NA,NA,NA,NA
NA,NA,NA,NA,12.4833333333333,NA,NA,NA,NA,NA,NA
NA,NA,NA,NA,12.4333333333333,NA,NA,NA,NA,NA,NA
NA,NA,NA,NA,12.758333333333301,NA,NA,NA,NA,NA,NA
NA,NA,NA,NA,12.633333333333301,NA,NA,NA,NA,NA,NA
NA,NA,NA,NA,12.6166666666667,NA,NA,NA,NA,NA,NA
NA,NA,NA,NA,12.6166666666667,NA,NA,NA,NA,NA,NA
NA,NA,NA,NA,12.6,NA,NA,NA,NA,NA,NA
NA,NA,NA,NA,12.425,NA,NA,NA,NA,NA,NA
NA,NA,NA,NA,12.1916666666667,NA,NA,NA,NA,NA,NA
NA,NA,NA,NA,12.2,NA,NA,NA,NA,NA,NA
NA,NA,NA,NA,12.3,NA,NA,NA,NA,NA,NA
NA,NA,NA,NA,12.3333333333333,NA,NA,NA,NA,NA,NA
NA,NA,NA,NA,12.4,NA,NA,NA,NA,NA,NA
NA,NA,NA,NA,12.4,NA,NA,NA,NA,NA,NA
NA,NA,NA,NA,12.4,NA,NA,NA,NA,NA,NA
NA,NA,NA,NA,12.4,NA,NA,NA,NA,NA,NA
NA,NA,NA,NA,12.4,NA,NA,NA,NA,NA,NA
NA,NA,NA,NA,12.525,NA,NA,NA,NA,NA,NA
NA,NA,NA,NA,12.375,NA,NA,NA,NA,NA,NA
NA,NA,NA,NA,12.3,NA,NA,NA,NA,NA,NA
NA,NA,NA,NA,12.3,NA,NA,NA,NA,NA,NA
NA,NA,NA,NA,12.3,NA,NA,NA,NA,NA,NA
NA,NA,NA,NA,12.3,NA,NA,NA,NA,NA,NA
NA,NA,NA,NA,12.2666666666667,NA,NA,NA,NA,NA,NA
NA,NA,NA,NA,12.2,NA,NA,NA,NA,NA,NA
NA,NA,NA,NA,12.2,NA,NA,NA,NA,NA,NA
NA,NA,NA,NA,12.3083333333333,NA,NA,NA,NA,NA,NA
NA,NA,NA,NA,12.45,NA,NA,NA,NA,NA,NA
NA,NA,NA,NA,12.4833333333333,NA,NA,NA,NA,NA,NA
NA,NA,NA,NA,12.675,NA,NA,NA,NA,NA,NA
NA,NA,NA,NA,12.5916666666667,NA,NA,NA,NA,NA,NA
NA,NA,NA,NA,12.5,NA,NA,NA,NA,NA,NA
NA,NA,NA,NA,12.4,NA,NA,NA,NA,NA,NA
NA,NA,NA,NA,12.475,NA,NA,NA,NA,NA,NA
NA,NA,NA,NA,13.05,NA,NA,NA,NA,NA,NA
NA,NA,NA,NA,12.9166666666667,NA,NA,NA,NA,NA,NA
NA,NA,NA,NA,12.925,NA,NA,NA,NA,NA,NA
NA,NA,NA,NA,13,NA,NA,NA,NA,NA,NA
NA,NA,NA,NA,13,NA,NA,NA,NA,NA,NA
NA,NA,NA,NA,12.8916666666667,NA,NA,NA,NA,NA,NA
NA,NA,NA,NA,12.7333333333333,NA,NA,NA,NA,NA,NA
NA,NA,NA,NA,12.7166666666667,NA,NA,NA,NA,NA,NA
NA,NA,NA,NA,13.2916666666667,NA,NA,NA,NA,NA,NA
NA,NA,NA,NA,13.3,NA,NA,NA,NA,NA,NA
NA,NA,NA,NA,13.3166666666667,NA,NA,NA,NA,NA,NA
NA,NA,NA,NA,13.4416666666667,NA,NA,NA,NA,NA,NA
NA,NA,NA,NA,13.525,NA,NA,NA,NA,NA,NA
NA,NA,NA,NA,13.41,NA,NA,NA,NA,NA,NA
NA,NA,NA,NA,13.225,NA,NA,NA,NA,NA,NA
NA,NA,NA,NA,13.3,NA,NA,NA,NA,NA,NA
NA,NA,NA,NA,13.4416666666667,NA,NA,NA,NA,NA,NA
NA,NA,NA,NA,13.425,NA,NA,NA,NA,NA,NA
NA,NA,NA,NA,13.475,NA,NA,NA,NA,NA,NA
NA,NA,NA,NA,13.5,NA,NA,NA,NA,NA,NA
NA,NA,NA,NA,13.575,NA,NA,NA,NA,NA,NA
NA,NA,NA,NA,13.7416666666667,NA,NA,NA,NA,NA,NA
NA,NA,NA,NA,13.9833333333333,NA,NA,NA,NA,NA,NA
NA,NA,NA,NA,13.9416666666667,NA,NA,NA,NA,NA,NA
NA,NA,NA,NA,14.2083333333333,NA,NA,NA,NA,NA,NA
NA,NA,NA,NA,14.15,NA,NA,NA,NA,NA,NA
NA,NA,NA,NA,14.1,NA,NA,NA,NA,NA,NA
NA,NA,NA,NA,14.15,NA,NA,NA,NA,NA,NA
NA,NA,NA,NA,14.2,NA,NA,NA,NA,NA,NA
NA,NA,NA,NA,NA,NA,NA,NA,NA,NA,NA
NA,NA,NA,NA,14.12,NA,NA,NA,NA,NA,NA
NA,NA,NA,NA,14.2833333333333,NA,NA,NA,NA,NA,NA
NA,NA,NA,NA,14.6666666666667,NA,NA,NA,NA,NA,NA
NA,NA,NA,NA,14.383333333333301,NA,NA,NA,NA,NA,NA
NA,NA,NA,NA,14.0416666666667,NA,NA,NA,NA,NA,NA
NA,NA,NA,NA,13.975,NA,NA,NA,NA,NA,NA
NA,NA,NA,NA,13.7666666666667,NA,NA,NA,NA,NA,NA
NA,NA,NA,NA,13.4666666666667,NA,NA,NA,NA,NA,NA
NA,NA,NA,NA,13.1083333333333,NA,NA,NA,NA,NA,NA
NA,NA,NA,NA,12.9166666666667,NA,NA,NA,NA,NA,NA
NA,NA,NA,NA,13.1083333333333,NA,NA,NA,NA,NA,NA
NA,NA,NA,NA,12.7416666666667,NA,NA,NA,NA,NA,NA
NA,NA,NA,NA,12.4916666666667,NA,NA,NA,NA,NA,NA
NA,NA,NA,NA,12.2,NA,NA,NA,NA,NA,NA
NA,NA,NA,NA,11.9333333333333,NA,NA,NA,NA,NA,NA
NA,NA,NA,NA,11.633333333333301,NA,NA,NA,NA,NA,NA
NA,NA,NA,NA,11.2833333333333,NA,NA,NA,NA,NA,NA
NA,NA,NA,NA,11.0166666666667,NA,NA,NA,NA,NA,NA
NA,NA,NA,NA,11.008333333333301,NA,NA,NA,NA,NA,NA
NA,NA,NA,NA,10.9083333333333,NA,NA,NA,NA,NA,NA
NA,NA,NA,NA,10.6833333333333,NA,NA,NA,NA,NA,NA
NA,NA,NA,NA,10.4166666666667,NA,NA,NA,NA,NA,NA
NA,NA,NA,NA,10.2416666666667,NA,NA,NA,NA,NA,NA
NA,NA,NA,NA,9.95,NA,NA,NA,NA,NA,NA
NA,NA,NA,NA,9.58333333333333,NA,NA,NA,NA,NA,NA
NA,NA,NA,NA,9.4,NA,NA,NA,NA,NA,NA
NA,NA,NA,NA,9.56666666666667,NA,NA,NA,NA,NA,NA
NA,NA,NA,NA,9.40833333333333,NA,NA,NA,NA,NA,NA
NA,NA,NA,NA,9.18333333333333,NA,NA,NA,NA,NA,NA
NA,NA,NA,NA,9.04166666666667,NA,NA,NA,NA,NA,NA
NA,NA,NA,NA,8.80833333333333,NA,NA,NA,NA,NA,NA
NA,NA,NA,NA,8.46666666666667,NA,NA,NA,NA,NA,NA
NA,NA,NA,NA,8.04166666666667,NA,NA,NA,NA,NA,NA
NA,NA,NA,NA,7.99166666666667,NA,NA,NA,NA,NA,NA
NA,NA,NA,NA,8.35,NA,NA,NA,NA,NA,NA
NA,NA,NA,NA,8.38333333333333,NA,NA,NA,NA,NA,NA
NA,NA,NA,NA,8.20833333333333,NA,NA,NA,NA,NA,NA
NA,NA,NA,NA,8.30833333333333,NA,NA,NA,NA,NA,NA
NA,NA,NA,NA,8.45,NA,NA,NA,NA,NA,NA
NA,NA,NA,NA,8.4,NA,NA,NA,NA,NA,NA
NA,NA,NA,NA,8.35833333333333,NA,NA,NA,NA,NA,NA
NA,NA,NA,NA,8.65,NA,NA,NA,NA,NA,NA
NA,NA,NA,NA,9.76666666666667,NA,NA,NA,NA,NA,NA
NA,NA,NA,NA,9.55,NA,NA,NA,NA,NA,NA
NA,NA,NA,NA,9.19166666666667,NA,NA,NA,NA,NA,NA
NA,NA,NA,NA,9.275,NA,NA,NA,NA,NA,NA
NA,NA,NA,NA,9.29166666666667,NA,NA,NA,NA,NA,NA
NA,NA,NA,NA,9.15833333333333,NA,NA,NA,NA,NA,NA
NA,NA,NA,NA,9.18333333333333,NA,NA,NA,NA,NA,NA
NA,NA,NA,NA,9.2,NA,NA,NA,NA,NA,NA
NA,NA,NA,NA,9.375,NA,NA,NA,NA,NA,NA
NA,NA,NA,NA,9.63333333333333,NA,NA,NA,NA,NA,NA
NA,NA,NA,NA,9.94166666666667,NA,NA,NA,NA,NA,NA
NA,NA,NA,NA,10.1416666666667,NA,NA,NA,NA,NA,NA
NA,NA,NA,NA,10.25,NA,NA,NA,NA,NA,NA
NA,NA,NA,NA,10.225,NA,NA,NA,NA,NA,NA
NA,NA,NA,NA,10.3583333333333,NA,NA,NA,NA,NA,NA
NA,NA,NA,NA,10.4416666666667,NA,NA,NA,NA,NA,NA
NA,NA,NA,NA,10.9666666666667,NA,NA,NA,NA,NA,NA
NA,NA,NA,NA,10.9416666666667,NA,NA,NA,NA,NA,NA
NA,NA,NA,NA,11.0416666666667,NA,NA,NA,NA,NA,NA
NA,NA,NA,NA,11.2083333333333,NA,NA,NA,NA,NA,NA
NA,NA,NA,NA,11.3416666666667,NA,NA,NA,NA,NA,NA
NA,NA,NA,NA,11.2833333333333,NA,NA,NA,NA,NA,NA
NA,NA,NA,NA,11.133333333333301,NA,NA,NA,NA,NA,NA
NA,NA,NA,NA,11.3,NA,NA,NA,NA,NA,NA
NA,NA,NA,NA,11.675,NA,NA,NA,NA,NA,NA
NA,NA,NA,NA,11.575,NA,NA,NA,NA,NA,NA
NA,NA,NA,NA,11.525,NA,NA,NA,NA,NA,NA
NA,NA,NA,NA,11.6,NA,NA,NA,NA,NA,NA
NA,NA,NA,NA,11.525,NA,NA,NA,NA,NA,NA
NA,NA,NA,NA,11.25,NA,NA,NA,NA,NA,NA
NA,NA,NA,NA,10.9833333333333,NA,NA,NA,NA,NA,NA
NA,NA,NA,NA,10.875,NA,NA,NA,NA,NA,NA
NA,NA,NA,NA,11.2333333333333,NA,NA,NA,NA,NA,NA
NA,NA,NA,NA,11.2333333333333,NA,NA,NA,NA,NA,NA
NA,NA,NA,NA,11.2,NA,NA,NA,NA,NA,NA
NA,NA,NA,NA,11.3,NA,NA,NA,NA,NA,NA
NA,NA,NA,NA,11.3,NA,NA,NA,NA,NA,NA
NA,NA,NA,NA,11.3,NA,NA,NA,NA,NA,NA
NA,NA,NA,NA,11.2083333333333,NA,NA,NA,NA,NA,NA
NA,NA,NA,NA,11.258333333333301,NA,NA,NA,NA,NA,NA
NA,NA,NA,NA,11.3,NA,NA,NA,NA,NA,NA
NA,NA,NA,NA,11.2083333333333,NA,NA,NA,NA,NA,NA
NA,NA,NA,NA,11.2,NA,NA,NA,NA,NA,NA
NA,NA,NA,NA,11.3166666666667,NA,NA,NA,NA,NA,NA
NA,NA,NA,NA,12.025,NA,NA,NA,NA,NA,NA
NA,NA,NA,NA,11.758333333333301,NA,NA,NA,NA,NA,NA
NA,NA,NA,NA,11.2916666666667,NA,NA,NA,NA,NA,NA
NA,NA,NA,NA,11.1,NA,NA,NA,NA,NA,NA
NA,NA,NA,NA,11.258333333333301,NA,NA,NA,NA,NA,NA
NA,NA,NA,NA,11.3,NA,NA,NA,NA,NA,NA
NA,NA,NA,NA,11.35,NA,NA,NA,NA,NA,NA
NA,NA,NA,NA,11.475,NA,NA,NA,NA,NA,NA
NA,NA,NA,NA,11.45,NA,NA,NA,NA,NA,NA
NA,NA,NA,NA,11.4,NA,NA,NA,NA,NA,NA
NA,NA,NA,NA,11.4333333333333,NA,NA,NA,NA,NA,NA
NA,NA,NA,NA,11.6833333333333,NA,NA,NA,NA,NA,NA
NA,NA,NA,NA,11.65,NA,NA,NA,NA,NA,NA
NA,NA,NA,NA,11.6166666666667,NA,NA,NA,NA,NA,NA
NA,NA,NA,NA,11.7,NA,NA,NA,NA,NA,NA
NA,NA,NA,NA,11.6,NA,NA,NA,NA,NA,NA
NA,NA,NA,NA,11.5,NA,NA,NA,NA,NA,NA
NA,NA,NA,NA,11.6166666666667,NA,NA,NA,NA,NA,NA
NA,NA,NA,NA,11.5583333333333,NA,NA,NA,NA,NA,NA
NA,NA,NA,NA,11.5,NA,NA,NA,NA,NA,NA
NA,NA,NA,NA,11.508333333333301,NA,NA,NA,NA,NA,NA
NA,NA,NA,NA,11.5583333333333,NA,NA,NA,NA,NA,NA
NA,NA,NA,NA,11.55,NA,NA,NA,NA,NA,NA
NA,NA,NA,NA,11.5,NA,NA,NA,NA,NA,NA
NA,NA,NA,NA,11.4583333333333,NA,NA,NA,NA,NA,NA
NA,NA,NA,NA,11.4666666666667,NA,NA,NA,NA,NA,NA
NA,NA,NA,NA,11.35,NA,NA,NA,NA,NA,NA
NA,NA,NA,NA,11.3,NA,NA,NA,NA,NA,NA
NA,NA,NA,NA,11.4583333333333,NA,NA,NA,NA,NA,NA
NA,NA,NA,NA,11.4416666666667,NA,NA,NA,NA,NA,NA
NA,NA,NA,NA,11.35,NA,NA,NA,NA,NA,NA
NA,NA,NA,NA,11.225,NA,NA,NA,NA,NA,NA
NA,NA,NA,NA,11.1916666666667,NA,NA,NA,NA,NA,NA
NA,NA,NA,NA,11.1,NA,NA,NA,NA,NA,NA
NA,NA,NA,NA,11.0333333333333,NA,NA,NA,NA,NA,NA
NA,NA,NA,NA,10.95,NA,NA,NA,NA,NA,NA
NA,NA,NA,NA,11,NA,NA,NA,NA,NA,NA
NA,NA,NA,NA,11.1833333333333,NA,NA,NA,NA,NA,NA
NA,NA,NA,NA,11.3,NA,NA,NA,NA,NA,NA
NA,NA,NA,NA,11.2916666666667,NA,NA,NA,NA,NA,NA
NA,NA,NA,NA,11.2,NA,NA,NA,NA,NA,NA
NA,NA,NA,NA,11.2333333333333,NA,NA,NA,NA,NA,NA
NA,NA,NA,NA,11.25,NA,NA,NA,NA,NA,NA
NA,NA,NA,NA,11.2416666666667,NA,NA,NA,NA,NA,NA
NA,NA,NA,NA,11.3916666666667,NA,NA,NA,NA,NA,NA
NA,NA,NA,NA,11.5416666666667,NA,NA,NA,NA,NA,NA
NA,NA,NA,NA,11.6,NA,NA,NA,NA,NA,NA
NA,NA,NA,NA,11.525,NA,NA,NA,NA,NA,NA
NA,NA,NA,NA,11.4666666666667,NA,NA,NA,NA,NA,NA
NA,NA,NA,NA,11.4,NA,NA,NA,NA,NA,NA
NA,NA,NA,NA,11.3083333333333,NA,NA,NA,NA,NA,NA
NA,NA,NA,NA,11.4,NA,NA,NA,NA,NA,NA
NA,NA,NA,NA,11.4333333333333,NA,NA,NA,NA,NA,NA
NA,NA,NA,NA,11.4083333333333,NA,NA,NA,NA,NA,NA
NA,NA,NA,NA,11.3083333333333,NA,NA,NA,NA,NA,NA
NA,NA,NA,NA,11.2,NA,NA,NA,NA,NA,NA
NA,NA,NA,NA,11.15,NA,NA,NA,NA,NA,NA
NA,NA,NA,NA,11.1,NA,NA,NA,NA,NA,NA
NA,NA,NA,NA,11.025,NA,NA,NA,NA,NA,NA
NA,NA,NA,NA,11.05,NA,NA,NA,NA,NA,NA
NA,NA,NA,NA,11.258333333333301,NA,NA,NA,NA,NA,NA
NA,NA,NA,NA,11.4916666666667,NA,NA,NA,NA,NA,NA
NA,NA,NA,NA,11.4083333333333,NA,NA,NA,NA,NA,NA
NA,NA,NA,NA,11.3166666666667,NA,NA,NA,NA,NA,NA
NA,NA,NA,NA,11.0833333333333,NA,NA,NA,NA,NA,NA
NA,NA,NA,NA,10.8333333333333,NA,NA,NA,NA,NA,NA
NA,NA,NA,NA,10.633333333333301,NA,NA,NA,NA,NA,NA
NA,NA,NA,NA,10.6,NA,NA,NA,NA,NA,NA
NA,NA,NA,NA,10.6,NA,NA,NA,NA,NA,NA
NA,NA,NA,NA,10.6,NA,NA,NA,NA,NA,NA
NA,NA,NA,NA,10.5833333333333,NA,NA,NA,NA,NA,NA
NA,NA,NA,NA,10.383333333333301,NA,NA,NA,NA,NA,NA
NA,NA,NA,NA,10.2666666666667,NA,NA,NA,NA,NA,NA
NA,NA,NA,NA,10.1416666666667,NA,NA,NA,NA,NA,NA
NA,NA,NA,NA,9.925,NA,NA,NA,NA,NA,NA
NA,NA,NA,NA,9.8,NA,NA,NA,NA,NA,NA
NA,NA,NA,NA,9.8,NA,NA,NA,NA,NA,NA
NA,NA,NA,NA,9.8,NA,NA,NA,NA,NA,NA
NA,NA,NA,NA,9.8,NA,NA,NA,NA,NA,NA
NA,NA,NA,NA,9.7,NA,NA,NA,NA,NA,NA
NA,NA,NA,NA,9.54166666666667,NA,NA,NA,NA,NA,NA
NA,NA,NA,NA,9.375,NA,NA,NA,NA,NA,NA
NA,NA,NA,NA,9.18333333333333,NA,NA,NA,NA,NA,NA
NA,NA,NA,NA,9.05833333333333,NA,NA,NA,NA,NA,NA
NA,NA,NA,NA,9.16666666666667,NA,NA,NA,NA,NA,NA
NA,NA,NA,NA,9.29166666666667,NA,NA,NA,NA,NA,NA
NA,NA,NA,NA,9.3,NA,NA,NA,NA,NA,NA
NA,NA,NA,NA,9.225,NA,NA,NA,NA,NA,NA
NA,NA,NA,NA,9.125,NA,NA,NA,NA,NA,NA
NA,NA,NA,NA,9.21666666666667,NA,NA,NA,NA,NA,NA
NA,NA,NA,NA,9.24166666666667,NA,NA,NA,NA,NA,NA
NA,NA,NA,NA,9.20833333333333,NA,NA,NA,NA,NA,NA
NA,NA,NA,NA,9.36666666666667,NA,NA,NA,NA,NA,NA
NA,NA,NA,NA,9.40833333333333,NA,NA,NA,NA,NA,NA
NA,NA,NA,NA,9.38333333333333,NA,NA,NA,NA,NA,NA
NA,NA,NA,NA,9.38333333333333,NA,NA,NA,NA,NA,NA
NA,NA,NA,NA,9.325,NA,NA,NA,NA,NA,NA
NA,NA,NA,NA,9.2,NA,NA,NA,NA,NA,NA
NA,NA,NA,NA,9.15833333333333,NA,NA,NA,NA,NA,NA
NA,NA,NA,NA,9.14166666666667,NA,NA,NA,NA,NA,NA
NA,NA,NA,NA,9.29166666666667,NA,NA,NA,NA,NA,NA
NA,NA,NA,NA,9.53333333333333,NA,NA,NA,NA,NA,NA
NA,NA,NA,NA,9.64166666666667,NA,NA,NA,NA,NA,NA
NA,NA,NA,NA,9.7,NA,NA,NA,NA,NA,NA
NA,NA,NA,NA,9.60833333333333,NA,NA,NA,NA,NA,NA
NA,NA,NA,NA,9.59166666666667,NA,NA,NA,NA,NA,NA
NA,NA,NA,NA,9.6,NA,NA,NA,NA,NA,NA
NA,NA,NA,NA,9.6,NA,NA,NA,NA,NA,NA
NA,NA,NA,NA,9.725,NA,NA,NA,NA,NA,NA
NA,NA,NA,NA,9.83333333333333,NA,NA,NA,NA,NA,NA
NA,NA,NA,NA,9.75833333333333,NA,NA,NA,NA,NA,NA
NA,NA,NA,NA,9.64166666666667,NA,NA,NA,NA,NA,NA
NA,NA,NA,NA,9.50833333333333,NA,NA,NA,NA,NA,NA
NA,NA,NA,NA,9.33333333333333,NA,NA,NA,NA,NA,NA
NA,NA,NA,NA,9.20833333333333,NA,NA,NA,NA,NA,NA
NA,NA,NA,NA,9.14166666666667,NA,NA,NA,NA,NA,NA
NA,NA,NA,NA,9.23333333333333,NA,NA,NA,NA,NA,NA
NA,NA,NA,NA,9.3,NA,NA,NA,NA,NA,NA
NA,NA,NA,NA,9.25833333333333,NA,NA,NA,NA,NA,NA
NA,NA,NA,NA,9.13333333333333,NA,NA,NA,NA,NA,NA
NA,NA,NA,NA,8.91666666666667,NA,NA,NA,NA,NA,NA
NA,NA,NA,NA,8.69166666666667,NA,NA,NA,NA,NA,NA
NA,NA,NA,NA,8.46666666666667,NA,NA,NA,NA,NA,NA
NA,NA,NA,NA,8.30833333333333,NA,NA,NA,NA,NA,NA
NA,NA,NA,NA,8.36666666666667,NA,NA,NA,NA,NA,NA
NA,NA,NA,NA,8.51666666666667,NA,NA,NA,NA,NA,NA
NA,NA,NA,NA,8.49166666666667,NA,NA,NA,NA,NA,NA
NA,NA,NA,NA,8.35,NA,NA,NA,NA,NA,NA
NA,NA,NA,NA,8.26363636363636,NA,NA,NA,NA,NA,NA
NA,NA,NA,NA,8.275,NA,NA,NA,NA,NA,NA
NA,NA,NA,NA,8.3,NA,NA,NA,NA,NA,NA
NA,NA,NA,NA,8.33333333333333,NA,NA,NA,NA,NA,NA
NA,NA,NA,NA,8.5,NA,NA,NA,NA,NA,NA
NA,NA,NA,NA,8.61666666666667,NA,NA,NA,NA,NA,NA
NA,NA,NA,NA,8.575,NA,NA,NA,NA,NA,NA
NA,NA,NA,NA,8.425,NA,NA,NA,NA,NA,NA
NA,NA,NA,NA,8.3,NA,NA,NA,NA,NA,NA
NA,NA,NA,NA,8.26666666666667,NA,NA,NA,NA,NA,NA
NA,NA,NA,NA,8.2,NA,NA,NA,NA,NA,NA
NA,NA,NA,NA,8.2,NA,NA,NA,NA,NA,NA
NA,NA,NA,NA,8.45,NA,NA,NA,NA,NA,NA
NA,NA,NA,NA,8.775,NA,NA,NA,NA,NA,NA
NA,NA,NA,NA,8.44166666666667,NA,NA,NA,NA,NA,NA
NA,NA,NA,NA,8.16666666666667,NA,NA,NA,NA,NA,NA
NA,NA,NA,NA,8.05833333333333,NA,NA,NA,NA,NA,NA
NA,NA,NA,NA,7.93333333333333,NA,NA,NA,NA,NA,NA
NA,NA,NA,NA,7.78333333333333,NA,NA,NA,NA,NA,NA
NA,NA,NA,NA,7.7,NA,NA,NA,NA,NA,NA
NA,NA,NA,NA,7.83333333333333,NA,NA,NA,NA,NA,NA
NA,NA,NA,NA,7.9,NA,NA,NA,NA,NA,NA
NA,NA,NA,NA,7.84166666666667,NA,NA,NA,NA,NA,NA
NA,NA,NA,NA,7.70833333333333,NA,NA,NA,NA,NA,NA
NA,NA,NA,NA,7.525,NA,NA,NA,NA,NA,NA
NA,NA,NA,NA,7.5,NA,NA,NA,NA,NA,NA
NA,NA,NA,NA,7.525,NA,NA,NA,NA,NA,NA
NA,NA,NA,NA,7.5,NA,NA,NA,NA,NA,NA
NA,NA,NA,NA,7.5,NA,NA,NA,NA,NA,NA
NA,NA,NA,NA,7.58333333333333,NA,NA,NA,NA,NA,NA
NA,NA,NA,NA,7.79166666666667,NA,NA,NA,NA,NA,NA
NA,NA,NA,NA,8.01666666666667,NA,NA,NA,NA,NA,NA
NA,NA,NA,NA,8.075,NA,NA,NA,NA,NA,NA
NA,NA,NA,NA,8.225,NA,NA,NA,NA,NA,NA
NA,NA,NA,NA,8.10833333333333,NA,NA,NA,NA,NA,NA
NA,NA,NA,NA,8.23333333333333,NA,NA,NA,NA,NA,NA
NA,NA,NA,NA,8.44166666666667,NA,NA,NA,NA,NA,NA
NA,NA,NA,NA,8.975,NA,NA,NA,NA,NA,NA
NA,NA,NA,NA,9.2,NA,NA,NA,NA,NA,NA
NA,NA,NA,NA,9.14166666666667,NA,NA,NA,NA,NA,NA
NA,NA,NA,NA,9,NA,NA,NA,NA,NA,NA
NA,NA,NA,NA,9,NA,NA,NA,NA,NA,NA
NA,NA,NA,NA,8.96666666666667,NA,NA,NA,NA,NA,NA
NA,NA,NA,NA,9,NA,NA,NA,NA,NA,NA
NA,NA,NA,NA,9.075,NA,NA,NA,NA,NA,NA
NA,NA,NA,NA,9.11666666666667,NA,NA,NA,NA,NA,NA
NA,NA,NA,NA,9.125,NA,NA,NA,NA,NA,NA
NA,NA,NA,NA,9.10833333333333,NA,NA,NA,NA,NA,NA
NA,NA,NA,NA,9.14166666666667,NA,NA,NA,NA,NA,NA
NA,NA,NA,NA,9.1,NA,NA,NA,NA,NA,NA
NA,NA,NA,NA,9.03333333333333,NA,NA,NA,NA,NA,NA
NA,NA,NA,NA,8.90833333333333,NA,NA,NA,NA,NA,NA
NA,NA,NA,NA,8.9,NA,NA,NA,NA,NA,NA
NA,NA,NA,NA,9,NA,NA,NA,NA,NA,NA
NA,NA,NA,NA,9,NA,NA,NA,NA,NA,NA
NA,NA,NA,NA,8.91666666666667,NA,NA,NA,NA,NA,NA
NA,NA,NA,NA,8.9,NA,NA,NA,NA,NA,NA
NA,NA,NA,NA,8.76666666666667,NA,NA,NA,NA,NA,NA
NA,NA,NA,NA,8.55833333333333,NA,NA,NA,NA,NA,NA
NA,NA,NA,NA,8.36666666666667,NA,NA,NA,NA,NA,NA
NA,NA,NA,NA,8.225,NA,NA,NA,NA,NA,NA
NA,NA,NA,NA,8.2,NA,NA,NA,NA,NA,NA
NA,NA,NA,NA,8.125,NA,NA,NA,NA,NA,NA
NA,NA,NA,NA,7.85833333333333,NA,NA,NA,NA,NA,NA
NA,NA,NA,NA,7.55833333333333,NA,NA,NA,NA,NA,NA
NA,NA,NA,NA,7.25833333333333,NA,NA,NA,NA,NA,NA
NA,NA,NA,NA,6.93333333333333,NA,NA,NA,NA,NA,NA
NA,NA,NA,NA,6.64166666666667,NA,NA,NA,NA,NA,NA
NA,NA,NA,NA,6.5,NA,NA,NA,NA,NA,NA
NA,NA,NA,NA,6.5,NA,NA,NA,NA,NA,NA
NA,NA,NA,NA,6.5,NA,NA,NA,NA,NA,NA
NA,NA,NA,NA,6.40833333333333,NA,NA,NA,NA,NA,NA
NA,NA,NA,NA,6.41666666666667,NA,NA,NA,NA,NA,NA
NA,NA,NA,NA,6.525,NA,NA,NA,NA,NA,NA
NA,NA,NA,NA,6.66666666666667,NA,NA,NA,NA,NA,NA
NA,NA,NA,NA,6.79166666666667,NA,NA,NA,NA,NA,NA
NA,NA,NA,NA,7.04166666666667,NA,NA,NA,NA,NA,NA
NA,NA,NA,NA,7.26666666666667,NA,NA,NA,NA,NA,NA
NA,NA,NA,NA,7.44166666666667,NA,NA,NA,NA,NA,NA
NA,NA,NA,NA,7.50833333333333,NA,NA,NA,NA,NA,NA
NA,NA,NA,NA,7.60833333333333,NA,NA,NA,NA,NA,NA
NA,NA,NA,NA,7.9,NA,NA,NA,NA,NA,NA
NA,NA,NA,NA,8.03333333333333,NA,NA,NA,NA,NA,NA
NA,NA,NA,NA,8.11666666666667,NA,NA,NA,NA,NA,NA
NA,NA,NA,NA,8.25,NA,NA,NA,NA,NA,NA
NA,NA,NA,NA,8.35,NA,NA,NA,NA,NA,NA
NA,NA,NA,NA,8.44166666666667,NA,NA,NA,NA,NA,NA
NA,NA,NA,NA,8.49166666666667,NA,NA,NA,NA,NA,NA
NA,NA,NA,NA,8.5,NA,NA,NA,NA,NA,NA
NA,NA,NA,NA,8.575,NA,NA,NA,NA,NA,NA
NA,NA,NA,NA,8.65,NA,NA,NA,NA,NA,NA
NA,NA,NA,NA,8.675,NA,NA,NA,NA,NA,NA
NA,NA,NA,NA,8.69166666666667,NA,NA,NA,NA,NA,NA
NA,NA,NA,NA,8.8,NA,NA,NA,NA,NA,NA
NA,NA,NA,NA,8.8,NA,NA,NA,NA,NA,NA
NA,NA,NA,NA,8.725,NA,NA,NA,NA,NA,NA
NA,NA,NA,NA,8.6,NA,NA,NA,NA,NA,NA
NA,NA,NA,NA,8.4,NA,NA,NA,NA,NA,NA
NA,NA,NA,NA,8.11666666666667,NA,NA,NA,NA,NA,NA
NA,NA,NA,NA,7.85,NA,NA,NA,NA,NA,NA
NA,NA,NA,NA,7.65833333333333,NA,NA,NA,NA,NA,NA
NA,NA,NA,NA,7.46666666666667,NA,NA,NA,NA,NA,NA
NA,NA,NA,NA,7.18333333333333,NA,NA,NA,NA,NA,NA
NA,NA,NA,NA,6.90833333333333,NA,NA,NA,NA,NA,NA
NA,NA,NA,NA,6.65833333333333,NA,NA,NA,NA,NA,NA
NA,NA,NA,NA,6.41666666666667,NA,NA,NA,NA,NA,NA
NA,NA,NA,NA,6.175,NA,NA,NA,NA,NA,NA
NA,NA,NA,NA,5.975,NA,NA,NA,NA,NA,NA
NA,NA,NA,NA,5.85,NA,NA,NA,NA,NA,NA
NA,NA,NA,NA,5.81666666666667,NA,NA,NA,NA,NA,NA
NA,NA,NA,NA,5.925,NA,NA,NA,NA,NA,NA
NA,NA,NA,NA,5.9,NA,NA,NA,NA,NA,NA
NA,NA,NA,NA,6,NA,NA,NA,NA,NA,NA
NA,NA,NA,NA,6.11666666666667,NA,NA,NA,NA,NA,NA
NA,NA,NA,NA,6.19166666666667,NA,NA,NA,NA,NA,NA
NA,NA,NA,NA,6.275,NA,NA,NA,NA,NA,NA
NA,NA,NA,NA,6.38333333333333,NA,NA,NA,NA,NA,NA
NA,NA,NA,NA,6.525,NA,NA,NA,NA,NA,NA
NA,NA,NA,NA,6.53333333333333,NA,NA,NA,NA,NA,NA
NA,NA,NA,NA,6.35,NA,NA,NA,NA,NA,NA
NA,NA,NA,NA,6.28333333333333,NA,NA,NA,NA,NA,NA
NA,NA,NA,NA,6.075,NA,NA,NA,NA,NA,NA
NA,NA,NA,NA,5.775,NA,NA,NA,NA,NA,NA
NA,NA,NA,NA,5.6,NA,NA,NA,NA,NA,NA
NA,NA,NA,NA,5.60833333333333,NA,NA,NA,NA,NA,NA
NA,NA,NA,NA,5.65833333333333,NA,NA,NA,NA,NA,NA
NA,NA,NA,NA,5.55833333333333,NA,NA,NA,NA,NA,NA
NA,NA,NA,NA,5.46666666666667,NA,NA,NA,NA,NA,NA
NA,NA,NA,NA,5.325,NA,NA,NA,NA,NA,NA
NA,NA,NA,NA,5.25833333333333,NA,NA,NA,NA,NA,NA
NA,NA,NA,NA,5.10833333333333,NA,NA,NA,NA,NA,NA
NA,NA,NA,NA,4.91666666666667,NA,NA,NA,NA,NA,NA
NA,NA,NA,NA,4.86666666666667,NA,NA,NA,NA,NA,NA
NA,NA,NA,NA,4.91666666666667,NA,NA,NA,NA,NA,NA
NA,NA,NA,NA,4.94166666666667,NA,NA,NA,NA,NA,NA
NA,NA,NA,NA,4.925,NA,NA,NA,NA,NA,NA
NA,NA,NA,NA,5,NA,NA,NA,NA,NA,NA
NA,NA,NA,NA,5.05,NA,NA,NA,NA,NA,NA
NA,NA,NA,NA,5.1,NA,NA,NA,NA,NA,NA
NA,NA,NA,NA,5.125,NA,NA,NA,NA,NA,NA
NA,NA,NA,NA,5.25,NA,NA,NA,NA,NA,NA
NA,NA,NA,NA,5.3,NA,NA,NA,NA,NA,NA
NA,NA,NA,NA,5.25833333333333,NA,NA,NA,NA,NA,NA
NA,NA,NA,NA,5.38333333333333,NA,NA,NA,NA,NA,NA
NA,NA,NA,NA,5.33333333333333,NA,NA,NA,NA,NA,NA
NA,NA,NA,NA,5.3,NA,NA,NA,NA,NA,NA
NA,NA,NA,NA,5.20833333333333,NA,NA,NA,NA,NA,NA
NA,NA,NA,NA,5.1,NA,NA,NA,NA,NA,NA
NA,NA,NA,NA,5.1,NA,NA,NA,NA,NA,NA
NA,NA,NA,NA,5.1,NA,NA,NA,NA,NA,NA
NA,NA,NA,NA,5.1,NA,NA,NA,NA,NA,NA
NA,NA,NA,NA,5.05,NA,NA,NA,NA,NA,NA
NA,NA,NA,NA,4.95,NA,NA,NA,NA,NA,NA
NA,NA,NA,NA,4.80833333333333,NA,NA,NA,NA,NA,NA
NA,NA,NA,NA,4.56666666666667,NA,NA,NA,NA,NA,NA
NA,NA,NA,NA,4.325,NA,NA,NA,NA,NA,NA
NA,NA,NA,NA,4.30833333333333,NA,NA,NA,NA,NA,NA
NA,NA,NA,NA,4.30833333333333,NA,NA,NA,NA,NA,NA
NA,NA,NA,NA,4.24166666666667,NA,NA,NA,NA,NA,NA
NA,NA,NA,NA,4.15,NA,NA,NA,NA,NA,NA
NA,NA,NA,NA,4.1,NA,NA,NA,NA,NA,NA
NA,NA,NA,NA,4.1,NA,NA,NA,NA,NA,NA
NA,NA,NA,NA,4.1,NA,NA,NA,NA,NA,NA
NA,NA,NA,NA,4.15833333333333,NA,NA,NA,NA,NA,NA
NA,NA,NA,NA,4.325,NA,NA,NA,NA,NA,NA
NA,NA,NA,NA,4.48333333333333,NA,NA,NA,NA,NA,NA
NA,NA,NA,NA,4.53333333333333,NA,NA,NA,NA,NA,NA
NA,NA,NA,NA,4.46666666666667,NA,NA,NA,NA,NA,NA
NA,NA,NA,NA,4.4,NA,NA,NA,NA,NA,NA
NA,NA,NA,NA,4.43333333333333,NA,NA,NA,NA,NA,NA
NA,NA,NA,NA,4.41666666666667,NA,NA,NA,NA,NA,NA
NA,NA,NA,NA,4.33333333333333,NA,NA,NA,NA,NA,NA
NA,NA,NA,NA,4.35,NA,NA,NA,NA,NA,NA
NA,NA,NA,NA,4.40833333333333,NA,NA,NA,NA,NA,NA
NA,NA,NA,NA,4.4,NA,NA,NA,NA,NA,NA
NA,NA,NA,NA,4.30833333333333,NA,NA,NA,NA,NA,NA
NA,NA,NA,NA,4.23333333333333,NA,NA,NA,NA,NA,NA
NA,NA,NA,NA,4.15,NA,NA,NA,NA,NA,NA
NA,NA,NA,NA,3.98333333333333,NA,NA,NA,NA,NA,NA
NA,NA,NA,NA,3.83333333333333,NA,NA,NA,NA,NA,NA
NA,NA,NA,NA,3.79166666666667,NA,NA,NA,NA,NA,NA
NA,NA,NA,NA,3.70833333333333,NA,NA,NA,NA,NA,NA
NA,NA,NA,NA,3.63333333333333,NA,NA,NA,NA,NA,NA
NA,NA,NA,NA,3.51666666666667,NA,NA,NA,NA,NA,NA
NA,NA,NA,NA,3.36666666666667,NA,NA,NA,NA,NA,NA
NA,NA,NA,NA,3.24166666666667,NA,NA,NA,NA,NA,NA
NA,NA,NA,NA,3.06666666666667,NA,NA,NA,NA,NA,NA
NA,NA,NA,NA,2.93333333333333,NA,NA,NA,NA,NA,NA
NA,NA,NA,NA,2.975,NA,NA,NA,NA,NA,NA
NA,NA,NA,NA,2.99166666666667,NA,NA,NA,NA,NA,NA
NA,NA,NA,NA,2.86666666666667,NA,NA,NA,NA,NA,NA
NA,NA,NA,NA,2.7,NA,NA,NA,NA,NA,NA
NA,NA,NA,NA,2.58333333333333,NA,NA,NA,NA,NA,NA
NA,NA,NA,NA,2.475,NA,NA,NA,NA,NA,NA
NA,NA,NA,NA,2.35833333333333,NA,NA,NA,NA,NA,NA
NA,NA,NA,NA,2.21666666666667,NA,NA,NA,NA,NA,NA
NA,NA,NA,NA,2.26666666666667,NA,NA,NA,NA,NA,NA
NA,NA,NA,NA,2.3,NA,NA,NA,NA,NA,NA
NA,NA,NA,NA,2.275,NA,NA,NA,NA,NA,NA
NA,NA,NA,NA,2.13333333333333,NA,NA,NA,NA,NA,NA
NA,NA,NA,NA,2,NA,NA,NA,NA,NA,NA
NA,NA,NA,NA,2,NA,NA,NA,NA,NA,NA
NA,NA,NA,NA,1.88333333333333,NA,NA,NA,NA,NA,NA
NA,NA,NA,NA,1.825,NA,NA,NA,NA,NA,NA
NA,NA,NA,NA,2.075,NA,NA,NA,NA,NA,NA
NA,NA,NA,NA,2.33333333333333,NA,NA,NA,NA,NA,NA
NA,NA,NA,NA,2.48333333333333,NA,NA,NA,NA,NA,NA
NA,NA,NA,NA,2.575,NA,NA,NA,NA,NA,NA
NA,NA,NA,NA,2.59166666666667,NA,NA,NA,NA,NA,NA
NA,NA,NA,NA,2.75833333333333,NA,NA,NA,NA,NA,NA
NA,NA,NA,NA,2.93333333333333,NA,NA,NA,NA,NA,NA
NA,NA,NA,NA,3.13333333333333,NA,NA,NA,NA,NA,NA
NA,NA,NA,NA,3.46666666666667,NA,NA,NA,NA,NA,NA
NA,NA,NA,NA,3.66666666666667,NA,NA,NA,NA,NA,NA
NA,NA,NA,NA,3.76666666666667,NA,NA,NA,NA,NA,NA
NA,NA,NA,NA,3.74166666666667,NA,NA,NA,NA,NA,NA
NA,NA,NA,NA,3.81666666666667,NA,NA,NA,NA,NA,NA
NA,NA,NA,NA,3.975,NA,NA,NA,NA,NA,NA
NA,NA,NA,NA,3.96666666666667,NA,NA,NA,NA,NA,NA
NA,NA,NA,NA,3.90833333333333,NA,NA,NA,NA,NA,NA
NA,NA,NA,NA,4.05,NA,NA,NA,NA,NA,NA
NA,NA,NA,NA,4.125,NA,NA,NA,NA,NA,NA
NA,NA,NA,NA,4.08333333333333,NA,NA,NA,NA,NA,NA
NA,NA,NA,NA,3.98333333333333,NA,NA,NA,NA,NA,NA
NA,NA,NA,NA,3.84166666666667,NA,NA,NA,NA,NA,NA
NA,NA,NA,NA,3.75,NA,NA,NA,NA,NA,NA
NA,NA,NA,NA,3.64166666666667,NA,NA,NA,NA,NA,NA
NA,NA,NA,NA,3.475,NA,NA,NA,NA,NA,NA
NA,NA,NA,NA,3.4,NA,NA,NA,NA,NA,NA
NA,NA,NA,NA,3.325,NA,NA,NA,NA,NA,NA
NA,NA,NA,NA,3.20833333333333,NA,NA,NA,NA,NA,NA
NA,NA,NA,NA,3.14166666666667,NA,NA,NA,NA,NA,NA
NA,NA,NA,NA,3.11666666666667,NA,NA,NA,NA,NA,NA
NA,NA,NA,NA,3.2,NA,NA,NA,NA,NA,NA
NA,NA,NA,NA,3.24166666666667,NA,NA,NA,NA,NA,NA
NA,NA,NA,NA,3.3,NA,NA,NA,NA,NA,NA
NA,NA,NA,NA,3.475,NA,NA,NA,NA,NA,NA
NA,NA,NA,NA,3.66666666666667,NA,NA,NA,NA,NA,NA
NA,NA,NA,NA,3.875,NA,NA,NA,NA,NA,NA
NA,NA,NA,NA,3.975,NA,NA,NA,NA,NA,NA
NA,NA,NA,NA,4.05,NA,NA,NA,NA,NA,NA
NA,NA,NA,NA,4.45833333333333,NA,NA,NA,NA,NA,NA
NA,NA,NA,NA,4.60833333333333,NA,NA,NA,NA,NA,NA
NA,NA,NA,NA,4.51666666666667,NA,NA,NA,NA,NA,NA
NA,NA,NA,NA,4.34166666666667,NA,NA,NA,NA,NA,NA
NA,NA,NA,NA,4.58333333333333,NA,NA,NA,NA,NA,NA
NA,NA,NA,NA,4.775,NA,NA,NA,NA,NA,NA
NA,NA,NA,NA,4.8,NA,NA,NA,NA,NA,NA
NA,NA,NA,NA,4.93333333333333,NA,NA,NA,NA,NA,NA
NA,NA,NA,NA,5.06666666666667,NA,NA,NA,NA,NA,NA
NA,NA,NA,NA,5.175,NA,NA,NA,NA,NA,NA
NA,NA,NA,NA,5.225,NA,NA,NA,NA,NA,NA
NA,NA,NA,NA,5.40833333333333,NA,NA,NA,NA,NA,NA
NA,NA,NA,NA,5.65833333333333,NA,NA,NA,NA,NA,NA
NA,NA,NA,NA,5.85,NA,NA,NA,NA,NA,NA
NA,NA,NA,NA,6.03333333333333,NA,NA,NA,NA,NA,NA
NA,NA,NA,NA,6.23333333333333,NA,NA,NA,NA,NA,NA
NA,NA,NA,NA,6.3,NA,NA,NA,NA,NA,NA
NA,NA,NA,NA,6.3,NA,NA,NA,NA,NA,NA
NA,NA,NA,NA,6.3,NA,NA,NA,NA,NA,NA
NA,NA,NA,NA,6.3,NA,NA,NA,NA,NA,NA
NA,NA,NA,NA,6.36666666666667,NA,NA,NA,NA,NA,NA
NA,NA,NA,NA,6.45,NA,NA,NA,NA,NA,NA
NA,NA,NA,NA,6.54166666666667,NA,NA,NA,NA,NA,NA
NA,NA,NA,NA,6.61666666666667,NA,NA,NA,NA,NA,NA
NA,NA,NA,NA,6.7,NA,NA,NA,NA,NA,NA
NA,NA,NA,NA,6.79166666666667,NA,NA,NA,NA,NA,NA
NA,NA,NA,NA,6.80833333333333,NA,NA,NA,NA,NA,NA
NA,NA,NA,NA,6.91666666666667,NA,NA,NA,NA,NA,NA
NA,NA,NA,NA,7.05,NA,NA,NA,NA,NA,NA
NA,NA,NA,NA,7.125,NA,NA,NA,NA,NA,NA
NA,NA,NA,NA,7.2,NA,NA,NA,NA,NA,NA
NA,NA,NA,NA,7.2,NA,NA,NA,NA,NA,NA
NA,NA,NA,NA,7.2,NA,NA,NA,NA,NA,NA
NA,NA,NA,NA,7.15,NA,NA,NA,NA,NA,NA
NA,NA,NA,NA,7.1,NA,NA,NA,NA,NA,NA
NA,NA,NA,NA,7.1,NA,NA,NA,NA,NA,NA
NA,NA,NA,NA,7.1,NA,NA,NA,NA,NA,NA
NA,NA,NA,NA,7.1,NA,NA,NA,NA,NA,NA
NA,NA,NA,NA,7,NA,NA,NA,NA,NA,NA
NA,NA,NA,NA,6.9,NA,NA,NA,NA,NA,NA
NA,NA,NA,NA,6.71666666666667,NA,NA,NA,NA,NA,NA
NA,NA,NA,NA,6.55833333333333,NA,NA,NA,NA,NA,NA
NA,NA,NA,NA,6.36666666666667,NA,NA,NA,NA,NA,NA
NA,NA,NA,NA,6.3,NA,NA,NA,NA,NA,NA
NA,NA,NA,NA,6.25,NA,NA,NA,NA,NA,NA
NA,NA,NA,NA,6.13333333333333,NA,NA,NA,NA,NA,NA
NA,NA,NA,NA,6.1,NA,NA,NA,NA,NA,NA
NA,NA,NA,NA,6.075,NA,NA,NA,NA,NA,NA
NA,NA,NA,NA,6,NA,NA,NA,NA,NA,NA
NA,NA,NA,NA,6,NA,NA,NA,NA,NA,NA
NA,NA,NA,NA,6,NA,NA,NA,NA,NA,NA
NA,NA,NA,NA,6.15,NA,NA,NA,NA,NA,NA
NA,NA,NA,NA,6.275,NA,NA,NA,NA,NA,NA
NA,NA,NA,NA,6.28333333333333,NA,NA,NA,NA,NA,NA
NA,NA,NA,NA,6.2,NA,NA,NA,NA,NA,NA
NA,NA,NA,NA,6.2,NA,NA,NA,NA,NA,NA
NA,NA,NA,NA,6.15,NA,NA,NA,NA,NA,NA
NA,NA,NA,NA,5.95833333333333,NA,NA,NA,NA,NA,NA
NA,NA,NA,NA,5.75833333333333,NA,NA,NA,NA,NA,NA
NA,NA,NA,NA,5.7,NA,NA,NA,NA,NA,NA
NA,NA,NA,NA,5.775,NA,NA,NA,NA,NA,NA
NA,NA,NA,NA,5.74166666666667,NA,NA,NA,NA,NA,NA
NA,NA,NA,NA,5.525,NA,NA,NA,NA,NA,NA
NA,NA,NA,NA,5.4,NA,NA,NA,NA,NA,NA
NA,NA,NA,NA,5.35,NA,NA,NA,NA,NA,NA
NA,NA,NA,NA,5.28333333333333,NA,NA,NA,NA,NA,NA
NA,NA,NA,NA,5.18333333333333,NA,NA,NA,NA,NA,NA
NA,NA,NA,NA,5.1,NA,NA,NA,NA,NA,NA
NA,NA,NA,NA,5.1,NA,NA,NA,NA,NA,NA
NA,NA,NA,NA,4.98333333333333,NA,NA,NA,NA,NA,NA
NA,NA,NA,NA,4.7,NA,NA,NA,NA,NA,NA
NA,NA,NA,NA,4.56666666666667,NA,NA,NA,NA,NA,NA
NA,NA,NA,NA,4.43333333333333,NA,NA,NA,NA,NA,NA
NA,NA,NA,NA,4.30833333333333,NA,NA,NA,NA,NA,NA
NA,NA,NA,NA,4.225,NA,NA,NA,NA,NA,NA
NA,NA,NA,NA,4.26666666666667,NA,NA,NA,NA,NA,NA
NA,NA,NA,NA,4.44166666666667,NA,NA,NA,NA,NA,NA
NA,NA,NA,NA,4.575,NA,NA,NA,NA,NA,NA
NA,NA,NA,NA,4.625,NA,NA,NA,NA,NA,NA
NA,NA,NA,NA,4.75,NA,NA,NA,NA,NA,NA
NA,NA,NA,NA,4.98333333333333,NA,NA,NA,NA,NA,NA
NA,NA,NA,NA,5.36666666666667,NA,NA,NA,NA,NA,NA
NA,NA,NA,NA,5.5,NA,NA,NA,NA,NA,NA
NA,NA,NA,NA,5.5,NA,NA,NA,NA,NA,NA
NA,NA,NA,NA,5.5,NA,NA,NA,NA,NA,NA
NA,NA,NA,NA,5.5,NA,NA,NA,NA,NA,NA
NA,NA,NA,NA,5.475,NA,NA,NA,NA,NA,NA
NA,NA,NA,NA,5.49166666666667,NA,NA,NA,NA,NA,NA
NA,NA,NA,NA,5.625,NA,NA,NA,NA,NA,NA
NA,NA,NA,NA,5.78333333333333,NA,NA,NA,NA,NA,NA
NA,NA,NA,NA,5.7,NA,NA,NA,NA,NA,NA
NA,NA,NA,NA,5.8,NA,NA,NA,NA,NA,NA
NA,NA,NA,NA,5.86666666666667,NA,NA,NA,NA,NA,NA
NA,NA,NA,NA,5.95833333333333,NA,NA,NA,NA,NA,NA
NA,NA,NA,NA,6.125,NA,NA,NA,NA,NA,NA
NA,NA,NA,NA,6.10833333333333,NA,NA,NA,NA,NA,NA
NA,NA,NA,NA,5.95833333333333,NA,NA,NA,NA,NA,NA
NA,NA,NA,NA,5.70833333333333,NA,NA,NA,NA,NA,NA
NA,NA,NA,NA,5.34166666666667,NA,NA,NA,NA,NA,NA
NA,NA,NA,NA,5.04166666666667,NA,NA,NA,NA,NA,NA
NA,NA,NA,NA,4.9,NA,NA,NA,NA,NA,NA
NA,NA,NA,NA,4.99166666666667,NA,NA,NA,NA,NA,NA
NA,NA,NA,NA,5.08333333333333,NA,NA,NA,NA,NA,NA
NA,NA,NA,NA,5.19166666666667,NA,NA,NA,NA,NA,NA
NA,NA,NA,NA,5.19166666666667,NA,NA,NA,NA,NA,NA
NA,NA,NA,NA,5.11666666666667,NA,NA,NA,NA,NA,NA
NA,NA,NA,NA,5.125,NA,NA,NA,NA,NA,NA
NA,NA,NA,NA,5.35833333333333,NA,NA,NA,NA,NA,NA
NA,NA,NA,NA,5.65833333333333,NA,NA,NA,NA,NA,NA
NA,NA,NA,NA,5.8,NA,NA,NA,NA,NA,NA
NA,NA,NA,NA,5.89166666666667,NA,NA,NA,NA,NA,NA
NA,NA,NA,NA,5.9,NA,NA,NA,NA,NA,NA
NA,NA,NA,NA,5.9,NA,NA,NA,NA,NA,NA
NA,NA,NA,NA,5.96666666666667,NA,NA,NA,NA,NA,NA
NA,NA,NA,NA,6.03333333333333,NA,NA,NA,NA,NA,NA
NA,NA,NA,NA,6.30833333333333,NA,NA,NA,NA,NA,NA
NA,NA,NA,NA,6.54166666666667,NA,NA,NA,NA,NA,NA
NA,NA,NA,NA,6.65833333333333,NA,NA,NA,NA,NA,NA
NA,NA,NA,NA,6.825,NA,NA,NA,NA,NA,NA
NA,NA,NA,NA,6.975,NA,NA,NA,NA,NA,NA
NA,NA,NA,NA,7.1,NA,NA,NA,NA,NA,NA
NA,NA,NA,NA,7.125,NA,NA,NA,NA,NA,NA
NA,NA,NA,NA,7.2,NA,NA,NA,NA,NA,NA
NA,NA,NA,NA,7.28333333333333,NA,NA,NA,NA,NA,NA
NA,NA,NA,NA,7.39166666666667,NA,NA,NA,NA,NA,NA
NA,NA,NA,NA,7.4,NA,NA,NA,NA,NA,NA
NA,NA,NA,NA,7.4,NA,NA,NA,NA,NA,NA
NA,NA,NA,NA,7.475,NA,NA,NA,NA,NA,NA
NA,NA,NA,NA,7.5,NA,NA,NA,NA,NA,NA
NA,NA,NA,NA,7.45833333333333,NA,NA,NA,NA,NA,NA
NA,NA,NA,NA,7.4,NA,NA,NA,NA,NA,NA
NA,NA,NA,NA,7.50833333333333,NA,NA,NA,NA,NA,NA
NA,NA,NA,NA,7.65,NA,NA,NA,NA,NA,NA
NA,NA,NA,NA,7.5,NA,NA,NA,NA,NA,NA
NA,NA,NA,NA,7.34166666666667,NA,NA,NA,NA,NA,NA
NA,NA,NA,NA,7.24166666666667,NA,NA,NA,NA,NA,NA
NA,NA,NA,NA,6.98333333333333,NA,NA,NA,NA,NA,NA
NA,NA,NA,NA,6.75833333333333,NA,NA,NA,NA,NA,NA
NA,NA,NA,NA,6.51666666666667,NA,NA,NA,NA,NA,NA
NA,NA,NA,NA,6.44166666666667,NA,NA,NA,NA,NA,NA
NA,NA,NA,NA,6.58333333333333,NA,NA,NA,NA,NA,NA
NA,NA,NA,NA,6.6,NA,NA,NA,NA,NA,NA
NA,NA,NA,NA,6.6,NA,NA,NA,NA,NA,NA
NA,NA,NA,NA,6.575,NA,NA,NA,NA,NA,NA
NA,NA,NA,NA,6.44166666666667,NA,NA,NA,NA,NA,NA
NA,NA,NA,NA,6.28333333333333,NA,NA,NA,NA,NA,NA
NA,NA,NA,NA,6.2,NA,NA,NA,NA,NA,NA
NA,NA,NA,NA,6.24166666666667,NA,NA,NA,NA,NA,NA
NA,NA,NA,NA,6.39166666666667,NA,NA,NA,NA,NA,NA
NA,NA,NA,NA,6.59166666666667,NA,NA,NA,NA,NA,NA
NA,NA,NA,NA,6.775,NA,NA,NA,NA,NA,NA
NA,NA,NA,NA,6.94166666666667,NA,NA,NA,NA,NA,NA
NA,NA,NA,NA,7.075,NA,NA,NA,NA,NA,NA
NA,NA,NA,NA,7.1,NA,NA,NA,NA,NA,NA
NA,NA,NA,NA,7.11666666666667,NA,NA,NA,NA,NA,NA
NA,NA,NA,NA,7.275,NA,NA,NA,NA,NA,NA
NA,NA,NA,NA,7.48333333333333,NA,NA,NA,NA,NA,NA
NA,NA,NA,NA,7.5,NA,NA,NA,NA,NA,NA
NA,NA,NA,NA,7.5,NA,NA,NA,NA,NA,NA
NA,NA,NA,NA,7.5,NA,NA,NA,NA,NA,NA
NA,NA,NA,NA,7.5,NA,NA,NA,NA,NA,NA
NA,NA,NA,NA,7.45833333333333,NA,NA,NA,NA,NA,NA
NA,NA,NA,NA,7.4,NA,NA,NA,NA,NA,NA
NA,NA,NA,NA,7.45833333333333,NA,NA,NA,NA,NA,NA
NA,NA,NA,NA,7.58333333333333,NA,NA,NA,NA,NA,NA
NA,NA,NA,NA,7.55,NA,NA,NA,NA,NA,NA
NA,NA,NA,NA,7.40833333333333,NA,NA,NA,NA,NA,NA
NA,NA,NA,NA,7.25,NA,NA,NA,NA,NA,NA
NA,NA,NA,NA,7.13333333333333,NA,NA,NA,NA,NA,NA
NA,NA,NA,NA,6.88333333333333,NA,NA,NA,NA,NA,NA
NA,NA,NA,NA,6.64166666666667,NA,NA,NA,NA,NA,NA
NA,NA,NA,NA,6.6,NA,NA,NA,NA,NA,NA
NA,NA,NA,NA,6.6,NA,NA,NA,NA,NA,NA
NA,NA,NA,NA,6.6,NA,NA,NA,NA,NA,NA
NA,NA,NA,NA,6.6,NA,NA,NA,NA,NA,NA
NA,NA,NA,NA,6.6,NA,NA,NA,NA,NA,NA
NA,NA,NA,NA,6.6,NA,NA,NA,NA,NA,NA
NA,NA,NA,NA,6.525,NA,NA,NA,NA,NA,NA
NA,NA,NA,NA,6.5,NA,NA,NA,NA,NA,NA
NA,NA,NA,NA,6.51666666666667,NA,NA,NA,NA,NA,NA
NA,NA,NA,NA,6.6,NA,NA,NA,NA,NA,NA
NA,NA,NA,NA,6.59166666666667,NA,NA,NA,NA,NA,NA
NA,NA,NA,NA,6.5,NA,NA,NA,NA,NA,NA
NA,NA,NA,NA,6.5,NA,NA,NA,NA,NA,NA
NA,NA,NA,NA,6.5,NA,NA,NA,NA,NA,NA
NA,NA,NA,NA,6.45833333333333,NA,NA,NA,NA,NA,NA
NA,NA,NA,NA,6.41666666666667,NA,NA,NA,NA,NA,NA
NA,NA,NA,NA,6.525,NA,NA,NA,NA,NA,NA
NA,NA,NA,NA,6.6,NA,NA,NA,NA,NA,NA
NA,NA,NA,NA,6.55833333333333,NA,NA,NA,NA,NA,NA
NA,NA,NA,NA,6.5,NA,NA,NA,NA,NA,NA
NA,NA,NA,NA,6.6,NA,NA,NA,NA,NA,NA
NA,NA,NA,NA,6.75,NA,NA,NA,NA,NA,NA
NA,NA,NA,NA,6.85833333333333,NA,NA,NA,NA,NA,NA
NA,NA,NA,NA,6.75833333333333,NA,NA,NA,NA,NA,NA
NA,NA,NA,NA,6.90833333333333,NA,NA,NA,NA,NA,NA
NA,NA,NA,NA,7.175,NA,NA,NA,NA,NA,NA
NA,NA,NA,NA,7.08333333333333,NA,NA,NA,NA,NA,NA
NA,NA,NA,NA,7.09166666666667,NA,NA,NA,NA,NA,NA
NA,NA,NA,NA,7.01666666666667,NA,NA,NA,NA,NA,NA
NA,NA,NA,NA,6.975,NA,NA,NA,NA,NA,NA
NA,NA,NA,NA,6.875,NA,NA,NA,NA,NA,NA
NA,NA,NA,NA,6.8,NA,NA,NA,NA,NA,NA
NA,NA,NA,NA,6.83333333333333,NA,NA,NA,NA,NA,NA
NA,NA,NA,NA,6.925,NA,NA,NA,NA,NA,NA
NA,NA,NA,NA,6.825,NA,NA,NA,NA,NA,NA
NA,NA,NA,NA,6.675,NA,NA,NA,NA,NA,NA
NA,NA,NA,NA,6.51666666666667,NA,NA,NA,NA,NA,NA
NA,NA,NA,NA,6.44166666666667,NA,NA,NA,NA,NA,NA
NA,NA,NA,NA,6.225,NA,NA,NA,NA,NA,NA
NA,NA,NA,NA,5.91666666666667,NA,NA,NA,NA,NA,NA
NA,NA,NA,NA,6.00833333333333,NA,NA,NA,NA,NA,NA
NA,NA,NA,NA,6.28333333333333,NA,NA,NA,NA,NA,NA
NA,NA,NA,NA,6.26666666666667,NA,NA,NA,NA,NA,NA
NA,NA,NA,NA,6.13333333333333,NA,NA,NA,NA,NA,NA
NA,NA,NA,NA,6.03333333333333,NA,NA,NA,NA,NA,NA
NA,NA,NA,NA,5.93333333333333,NA,NA,NA,NA,NA,NA
NA,NA,NA,NA,5.79166666666667,NA,NA,NA,NA,NA,NA
NA,NA,NA,NA,5.7,NA,NA,NA,NA,NA,NA
NA,NA,NA,NA,5.775,NA,NA,NA,NA,NA,NA
NA,NA,NA,NA,5.975,NA,NA,NA,NA,NA,NA
NA,NA,NA,NA,6.11666666666667,NA,NA,NA,NA,NA,NA
NA,NA,NA,NA,6.2,NA,NA,NA,NA,NA,NA
NA,NA,NA,NA,6.29166666666667,NA,NA,NA,NA,NA,NA
NA,NA,NA,NA,6.3,NA,NA,NA,NA,NA,NA
NA,NA,NA,NA,6.19166666666667,NA,NA,NA,NA,NA,NA
NA,NA,NA,NA,6.025,NA,NA,NA,NA,NA,NA
NA,NA,NA,NA,5.825,NA,NA,NA,NA,NA,NA
NA,NA,NA,NA,5.6,NA,NA,NA,NA,NA,NA
NA,NA,NA,NA,5.25833333333333,NA,NA,NA,NA,NA,NA
NA,NA,NA,NA,4.9,NA,NA,NA,NA,NA,NA
NA,NA,NA,NA,4.58333333333333,NA,NA,NA,NA,NA,NA
NA,NA,NA,NA,4.29166666666667,NA,NA,NA,NA,NA,NA
NA,NA,NA,NA,4.01666666666667,NA,NA,NA,NA,NA,NA
NA,NA,NA,NA,3.75833333333333,NA,NA,NA,NA,NA,NA
NA,NA,NA,NA,3.55833333333333,NA,NA,NA,NA,NA,NA
NA,NA,NA,NA,3.43333333333333,NA,NA,NA,NA,NA,NA
NA,NA,NA,NA,3.18333333333333,NA,NA,NA,NA,NA,NA
NA,NA,NA,NA,2.88333333333333,NA,NA,NA,NA,NA,NA
NA,NA,NA,NA,2.6,NA,NA,NA,NA,NA,NA
NA,NA,NA,NA,2.30833333333333,NA,NA,NA,NA,NA,NA
NA,NA,NA,NA,2.03333333333333,NA,NA,NA,NA,NA,NA
NA,NA,NA,NA,1.8,NA,NA,NA,NA,NA,NA
NA,NA,NA,NA,1.55833333333333,NA,NA,NA,NA,NA,NA
NA,NA,NA,NA,1.6,NA,NA,NA,NA,NA,NA
NA,NA,NA,NA,1.59166666666667,NA,NA,NA,NA,NA,NA
NA,NA,NA,NA,1.5,NA,NA,NA,NA,NA,NA
NA,NA,NA,NA,1.5,NA,NA,NA,NA,NA,NA
NA,NA,NA,NA,1.5,NA,NA,NA,NA,NA,NA
NA,NA,NA,NA,1.5,NA,NA,NA,NA,NA,NA
NA,NA,NA,NA,1.5,NA,NA,NA,NA,NA,NA
NA,NA,NA,NA,1.6,NA,NA,NA,NA,NA,NA
NA,NA,NA,NA,1.84166666666667,NA,NA,NA,NA,NA,NA
NA,NA,NA,NA,2.00833333333333,NA,NA,NA,NA,NA,NA
NA,NA,NA,NA,2.025,NA,NA,NA,NA,NA,NA
NA,NA,NA,NA,2.1,NA,NA,NA,NA,NA,NA
NA,NA,NA,NA,2.06666666666667,NA,NA,NA,NA,NA,NA
NA,NA,NA,NA,1.96666666666667,NA,NA,NA,NA,NA,NA
NA,NA,NA,NA,1.83333333333333,NA,NA,NA,NA,NA,NA
NA,NA,NA,NA,1.84166666666667,NA,NA,NA,NA,NA,NA
NA,NA,NA,NA,2.00833333333333,NA,NA,NA,NA,NA,NA
NA,NA,NA,NA,2.05,NA,NA,NA,NA,NA,NA
NA,NA,NA,NA,2,NA,NA,NA,NA,NA,NA
NA,NA,NA,NA,2.13333333333333,NA,NA,NA,NA,NA,NA
NA,NA,NA,NA,2.31666666666667,NA,NA,NA,NA,NA,NA
NA,NA,NA,NA,2.44166666666667,NA,NA,NA,NA,NA,NA
NA,NA,NA,NA,2.55833333333333,NA,NA,NA,NA,NA,NA
NA,NA,NA,NA,2.75,NA,NA,NA,NA,NA,NA
NA,NA,NA,NA,2.925,NA,NA,NA,NA,NA,NA
NA,NA,NA,NA,3,NA,NA,NA,NA,NA,NA
NA,NA,NA,NA,3.06666666666667,NA,NA,NA,NA,NA,NA
NA,NA,NA,NA,3.1,NA,NA,NA,NA,NA,NA
NA,NA,NA,NA,3.1,NA,NA,NA,NA,NA,NA
NA,NA,NA,NA,3.11666666666667,NA,NA,NA,NA,NA,NA
NA,NA,NA,NA,3.1,NA,NA,NA,NA,NA,NA
NA,NA,NA,NA,3.1,NA,NA,NA,NA,NA,NA
NA,NA,NA,NA,3.19166666666667,NA,NA,NA,NA,NA,NA
NA,NA,NA,NA,3.19166666666667,NA,NA,NA,NA,NA,NA
NA,NA,NA,NA,3.1,NA,NA,NA,NA,NA,NA
NA,NA,NA,NA,3.1,NA,NA,NA,NA,NA,NA
NA,NA,NA,NA,3.1,NA,NA,NA,NA,NA,NA
NA,NA,NA,NA,3.1,NA,NA,NA,NA,NA,NA
NA,NA,NA,NA,3,NA,NA,NA,NA,NA,NA
NA,NA,NA,NA,3,NA,NA,NA,NA,NA,NA
NA,NA,NA,NA,3.09166666666667,NA,NA,NA,NA,NA,NA
NA,NA,NA,NA,3.1,NA,NA,NA,NA,NA,NA
NA,NA,NA,NA,3.1,NA,NA,NA,NA,NA,NA
NA,NA,NA,NA,3.1,NA,NA,NA,NA,NA,NA
NA,NA,NA,NA,3.01666666666667,NA,NA,NA,NA,NA,NA
NA,NA,NA,NA,2.93333333333333,NA,NA,NA,NA,NA,NA
NA,NA,NA,NA,2.84166666666667,NA,NA,NA,NA,NA,NA
NA,NA,NA,NA,2.84166666666667,NA,NA,NA,NA,NA,NA
NA,NA,NA,NA,2.85833333333333,NA,NA,NA,NA,NA,NA
NA,NA,NA,NA,2.8,NA,NA,NA,NA,NA,NA
NA,NA,NA,NA,2.73333333333333,NA,NA,NA,NA,NA,NA
NA,NA,NA,NA,2.7,NA,NA,NA,NA,NA,NA
NA,NA,NA,NA,2.7,NA,NA,NA,NA,NA,NA
NA,NA,NA,NA,2.68333333333333,NA,NA,NA,NA,NA,NA
NA,NA,NA,NA,2.61666666666667,NA,NA,NA,NA,NA,NA
NA,NA,NA,NA,2.74166666666667,NA,NA,NA,NA,NA,NA
NA,NA,NA,NA,2.85833333333333,NA,NA,NA,NA,NA,NA
NA,NA,NA,NA,2.9,NA,NA,NA,NA,NA,NA
NA,NA,NA,NA,2.84166666666667,NA,NA,NA,NA,NA,NA
NA,NA,NA,NA,2.78333333333333,NA,NA,NA,NA,NA,NA
NA,NA,NA,NA,2.63333333333333,NA,NA,NA,NA,NA,NA
NA,NA,NA,NA,2.425,NA,NA,NA,NA,NA,NA
NA,NA,NA,NA,2.23333333333333,NA,NA,NA,NA,NA,NA
NA,NA,NA,NA,2.16666666666667,NA,NA,NA,NA,NA,NA
NA,NA,NA,NA,2.175,NA,NA,NA,NA,NA,NA
NA,NA,NA,NA,2.2,NA,NA,NA,NA,NA,NA
NA,NA,NA,NA,2.3,NA,NA,NA,NA,NA,NA
NA,NA,NA,NA,2.64166666666667,NA,NA,NA,NA,NA,NA
NA,NA,NA,NA,2.94166666666667,NA,NA,NA,NA,NA,NA
NA,NA,NA,NA,3.15,NA,NA,NA,NA,NA,NA
NA,NA,NA,NA,3.25,NA,NA,NA,NA,NA,NA
NA,NA,NA,NA,3.28333333333333,NA,NA,NA,NA,NA,NA
NA,NA,NA,NA,3.29166666666667,NA,NA,NA,NA,NA,NA
NA,NA,NA,NA,3.25,NA,NA,NA,NA,NA,NA
NA,NA,NA,NA,3.14166666666667,NA,NA,NA,NA,NA,NA
NA,NA,NA,NA,2.95,NA,NA,NA,NA,NA,NA
NA,NA,NA,NA,2.70833333333333,NA,NA,NA,NA,NA,NA
NA,NA,NA,NA,2.56666666666667,NA,NA,NA,NA,NA,NA
NA,NA,NA,NA,2.49166666666667,NA,NA,NA,NA,NA,NA
NA,NA,NA,NA,2.48333333333333,NA,NA,NA,NA,NA,NA
NA,NA,NA,NA,2.56666666666667,NA,NA,NA,NA,NA,NA
NA,NA,NA,NA,2.5,NA,NA,NA,NA,NA,NA
NA,NA,NA,NA,2.41666666666667,NA,NA,NA,NA,NA,NA
NA,NA,NA,NA,2.46666666666667,NA,NA,NA,NA,NA,NA
NA,NA,NA,NA,2.5,NA,NA,NA,NA,NA,NA
NA,NA,NA,NA,2.5,NA,NA,NA,NA,NA,NA
NA,NA,NA,NA,2.45833333333333,NA,NA,NA,NA,NA,NA
NA,NA,NA,NA,2.51666666666667,NA,NA,NA,NA,NA,NA
NA,NA,NA,NA,2.6,NA,NA,NA,NA,NA,NA
NA,NA,NA,NA,2.6,NA,NA,NA,NA,NA,NA
NA,NA,NA,NA,2.375,NA,NA,NA,NA,NA,NA
NA,NA,NA,NA,2.04166666666667,NA,NA,NA,NA,NA,NA
NA,NA,NA,NA,1.71666666666667,NA,NA,NA,NA,NA,NA
NA,NA,NA,NA,1.31666666666667,NA,NA,NA,NA,NA,NA
NA,NA,NA,NA,0.975,NA,NA,NA,NA,NA,NA
NA,NA,NA,NA,0.9,NA,NA,NA,NA,NA,NA
NA,NA,NA,NA,0.991666666666667,NA,NA,NA,NA,NA,NA
NA,NA,NA,NA,0.941666666666667,NA,NA,NA,NA,NA,NA
NA,NA,NA,NA,0.9,NA,NA,NA,NA,NA,NA
NA,NA,NA,NA,1,NA,NA,NA,NA,NA,NA
NA,NA,NA,NA,1.19166666666667,NA,NA,NA,NA,NA,NA
NA,NA,NA,NA,1.3,NA,NA,NA,NA,NA,NA
NA,NA,NA,NA,1.475,NA,NA,NA,NA,NA,NA
NA,NA,NA,NA,1.86666666666667,NA,NA,NA,NA,NA,NA
NA,NA,NA,NA,2.25,NA,NA,NA,NA,NA,NA
NA,NA,NA,NA,2.65,NA,NA,NA,NA,NA,NA
NA,NA,NA,NA,3.01666666666667,NA,NA,NA,NA,NA,NA
NA,NA,NA,NA,3.18333333333333,NA,NA,NA,NA,NA,NA
NA,NA,NA,NA,3.45,NA,NA,NA,NA,NA,NA
NA,NA,NA,NA,3.54166666666667,NA,NA,NA,NA,NA,NA
NA,NA,NA,NA,3.425,NA,NA,NA,NA,NA,NA
NA,NA,NA,NA,3.51666666666667,NA,NA,NA,NA,NA,NA
NA,NA,NA,NA,3.85,NA,NA,NA,NA,NA,NA
NA,NA,NA,NA,3.99166666666667,NA,NA,NA,NA,NA,NA
NA,NA,NA,NA,3.9,NA,NA,NA,NA,NA,NA
NA,NA,NA,NA,3.93333333333333,NA,NA,NA,NA,NA,NA
NA,NA,NA,NA,4.05,NA,NA,NA,NA,NA,NA
NA,NA,NA,NA,4.225,NA,NA,NA,NA,NA,NA
NA,NA,NA,NA,4.38333333333333,NA,NA,NA,NA,NA,NA
NA,NA,NA,NA,4.74166666666667,NA,NA,NA,NA,NA,NA
NA,NA,NA,NA,5.16666666666667,NA,NA,NA,NA,NA,NA
NA,NA,NA,NA,5.325,NA,NA,NA,NA,NA,NA
NA,NA,NA,NA,5.4,NA,NA,NA,NA,NA,NA
NA,NA,NA,NA,5.4,NA,NA,NA,NA,NA,NA
NA,NA,NA,NA,5.325,NA,NA,NA,NA,NA,NA
NA,NA,NA,NA,5.3,NA,NA,NA,NA,NA,NA
NA,NA,NA,NA,5.21666666666667,NA,NA,NA,NA,NA,NA
NA,NA,NA,NA,5.24166666666667,NA,NA,NA,NA,NA,NA
NA,NA,NA,NA,5.35833333333333,NA,NA,NA,NA,NA,NA
NA,NA,NA,NA,5.375,NA,NA,NA,NA,NA,NA
NA,NA,NA,NA,5.225,NA,NA,NA,NA,NA,NA
NA,NA,NA,NA,5.1,NA,NA,NA,NA,NA,NA
NA,NA,NA,NA,5.1,NA,NA,NA,NA,NA,NA
NA,NA,NA,NA,5.03333333333333,NA,NA,NA,NA,NA,NA
NA,NA,NA,NA,5,NA,NA,NA,NA,NA,NA
NA,NA,NA,NA,5.075,NA,NA,NA,NA,NA,NA
NA,NA,NA,NA,5.23333333333333,NA,NA,NA,NA,NA,NA
NA,NA,NA,NA,5.44166666666667,NA,NA,NA,NA,NA,NA
NA,NA,NA,NA,5.49166666666667,NA,NA,NA,NA,NA,NA
NA,NA,NA,NA,5.475,NA,NA,NA,NA,NA,NA
NA,NA,NA,NA,5.43333333333333,NA,NA,NA,NA,NA,NA
NA,NA,NA,NA,5.23333333333333,NA,NA,NA,NA,NA,NA
NA,NA,NA,NA,4.96666666666667,NA,NA,NA,NA,NA,NA
NA,NA,NA,NA,4.80833333333333,NA,NA,NA,NA,NA,NA
NA,NA,NA,NA,4.89166666666667,NA,NA,NA,NA,NA,NA
NA,NA,NA,NA,4.80833333333333,NA,NA,NA,NA,NA,NA
NA,NA,NA,NA,4.49166666666667,NA,NA,NA,NA,NA,NA
NA,NA,NA,NA,4.29166666666667,NA,NA,NA,NA,NA,NA
NA,NA,NA,NA,4.11666666666667,NA,NA,NA,NA,NA,NA
NA,NA,NA,NA,3.85,NA,NA,NA,NA,NA,NA
NA,NA,NA,NA,3.575,NA,NA,NA,NA,NA,NA
NA,NA,NA,NA,3.5,NA,NA,NA,NA,NA,NA
NA,NA,NA,NA,3.625,NA,NA,NA,NA,NA,NA
NA,NA,NA,NA,3.65833333333333,NA,NA,NA,NA,NA,NA
NA,NA,NA,NA,3.45833333333333,NA,NA,NA,NA,NA,NA
NA,NA,NA,NA,3.35833333333333,NA,NA,NA,NA,NA,NA
NA,NA,NA,NA,3.25833333333333,NA,NA,NA,NA,NA,NA
NA,NA,NA,NA,3.125,NA,NA,NA,NA,NA,NA
NA,NA,NA,NA,2.975,NA,NA,NA,NA,NA,NA
NA,NA,NA,NA,3.125,NA,NA,NA,NA,NA,NA
NA,NA,NA,NA,3.34166666666667,NA,NA,NA,NA,NA,NA
NA,NA,NA,NA,3.49166666666667,NA,NA,NA,NA,NA,NA
NA,NA,NA,NA,3.4,NA,NA,NA,NA,NA,NA
NA,NA,NA,NA,3.4,NA,NA,NA,NA,NA,NA
NA,NA,NA,NA,3.4,NA,NA,NA,NA,NA,NA
NA,NA,NA,NA,3.35,NA,NA,NA,NA,NA,NA
NA,NA,NA,NA,3.3,NA,NA,NA,NA,NA,NA
NA,NA,NA,NA,3.425,NA,NA,NA,NA,NA,NA
NA,NA,NA,NA,3.61666666666667,NA,NA,NA,NA,NA,NA
NA,NA,NA,NA,3.70833333333333,NA,NA,NA,NA,NA,NA
NA,NA,NA,NA,3.84166666666667,NA,NA,NA,NA,NA,NA
NA,NA,NA,NA,3.94166666666667,NA,NA,NA,NA,NA,NA
NA,NA,NA,NA,4.10833333333333,NA,NA,NA,NA,NA,NA
NA,NA,NA,NA,4.25833333333333,NA,NA,NA,NA,NA,NA
NA,NA,NA,NA,4.36666666666667,NA,NA,NA,NA,NA,NA
NA,NA,NA,NA,4.575,NA,NA,NA,NA,NA,NA
NA,NA,NA,NA,4.84166666666667,NA,NA,NA,NA,NA,NA
NA,NA,NA,NA,5.06666666666667,NA,NA,NA,NA,NA,NA
NA,NA,NA,NA,5.175,NA,NA,NA,NA,NA,NA
NA,NA,NA,NA,5.30833333333333,NA,NA,NA,NA,NA,NA
NA,NA,NA,NA,5.4,NA,NA,NA,NA,NA,NA
NA,NA,NA,NA,5.5,NA,NA,NA,NA,NA,NA
NA,NA,NA,NA,5.53333333333333,NA,NA,NA,NA,NA,NA
NA,NA,NA,NA,5.81666666666667,NA,NA,NA,NA,NA,NA
NA,NA,NA,NA,5.975,NA,NA,NA,NA,NA,NA
NA,NA,NA,NA,5.99166666666667,NA,NA,NA,NA,NA,NA
NA,NA,NA,NA,5.76666666666667,NA,NA,NA,NA,NA,NA
NA,NA,NA,NA,5.50833333333333,NA,NA,NA,NA,NA,NA
NA,NA,NA,NA,5.3,NA,NA,NA,NA,NA,NA
NA,NA,NA,NA,5.06666666666667,NA,NA,NA,NA,NA,NA
NA,NA,NA,NA,4.90833333333333,NA,NA,NA,NA,NA,NA
NA,NA,NA,NA,4.9,NA,NA,NA,NA,NA,NA
NA,NA,NA,NA,4.9,NA,NA,NA,NA,NA,NA
NA,NA,NA,NA,4.9,NA,NA,NA,NA,NA,NA
NA,NA,NA,NA,4.9,NA,NA,NA,NA,NA,NA
NA,NA,NA,NA,4.93333333333333,NA,NA,NA,NA,NA,NA
NA,NA,NA,NA,5.05,NA,NA,NA,NA,NA,NA
NA,NA,NA,NA,5.2,NA,NA,NA,NA,NA,NA
NA,NA,NA,NA,5.33333333333333,NA,NA,NA,NA,NA,NA
NA,NA,NA,NA,5.49166666666667,NA,NA,NA,NA,NA,NA
NA,NA,NA,NA,5.675,NA,NA,NA,NA,NA,NA
NA,NA,NA,NA,5.81666666666667,NA,NA,NA,NA,NA,NA
NA,NA,NA,NA,5.91666666666667,NA,NA,NA,NA,NA,NA
NA,NA,NA,NA,6.025,NA,NA,NA,NA,NA,NA
NA,NA,NA,NA,6.125,NA,NA,NA,NA,NA,NA
NA,NA,NA,NA,6.225,NA,NA,NA,NA,NA,NA
NA,NA,NA,NA,6.31666666666667,NA,NA,NA,NA,NA,NA
NA,NA,NA,NA,6.475,NA,NA,NA,NA,NA,NA
NA,NA,NA,NA,6.65,NA,NA,NA,NA,NA,NA
NA,NA,NA,NA,6.7,NA,NA,NA,NA,NA,NA
NA,NA,NA,NA,6.74166666666667,NA,NA,NA,NA,NA,NA
NA,NA,NA,NA,6.8,NA,NA,NA,NA,NA,NA
NA,NA,NA,NA,6.8,NA,NA,NA,NA,NA,NA
NA,NA,NA,NA,6.79166666666667,NA,NA,NA,NA,NA,NA
NA,NA,NA,NA,6.775,NA,NA,NA,NA,NA,NA
NA,NA,NA,NA,6.8,NA,NA,NA,NA,NA,NA
NA,NA,NA,NA,6.9,NA,NA,NA,NA,NA,NA
NA,NA,NA,NA,6.9,NA,NA,NA,NA,NA,NA
NA,NA,NA,NA,6.75,NA,NA,NA,NA,NA,NA
NA,NA,NA,NA,6.625,NA,NA,NA,NA,NA,NA
NA,NA,NA,NA,6.525,NA,NA,NA,NA,NA,NA
NA,NA,NA,NA,6.425,NA,NA,NA,NA,NA,NA
NA,NA,NA,NA,6.3,NA,NA,NA,NA,NA,NA
NA,NA,NA,NA,6.3,NA,NA,NA,NA,NA,NA
NA,NA,NA,NA,6.3,NA,NA,NA,NA,NA,NA
NA,NA,NA,NA,6.3,NA,NA,NA,NA,NA,NA
NA,NA,NA,NA,6.3,NA,NA,NA,NA,NA,NA
NA,NA,NA,NA,6.3,NA,NA,NA,NA,NA,NA
NA,NA,NA,NA,6.3,NA,NA,NA,NA,NA,NA
NA,NA,NA,NA,6.3,NA,NA,NA,NA,NA,NA
NA,NA,NA,NA,6.325,NA,NA,NA,NA,NA,NA
NA,NA,NA,NA,6.45833333333333,NA,NA,NA,NA,NA,NA
NA,NA,NA,NA,6.58333333333333,NA,NA,NA,NA,NA,NA
NA,NA,NA,NA,6.60833333333333,NA,NA,NA,NA,NA,NA
NA,NA,NA,NA,6.6,NA,NA,NA,NA,NA,NA
NA,NA,NA,NA,6.6,NA,NA,NA,NA,NA,NA
NA,NA,NA,NA,6.44166666666667,NA,NA,NA,NA,NA,NA
NA,NA,NA,NA,6.15833333333333,NA,NA,NA,NA,NA,NA
NA,NA,NA,NA,6,NA,NA,NA,NA,NA,NA
NA,NA,NA,NA,5.99166666666667,NA,NA,NA,NA,NA,NA
NA,NA,NA,NA,5.9,NA,NA,NA,NA,NA,NA
NA,NA,NA,NA,5.91666666666667,NA,NA,NA,NA,NA,NA
NA,NA,NA,NA,6.06666666666667,NA,NA,NA,NA,NA,NA
NA,NA,NA,NA,6.325,NA,NA,NA,NA,NA,NA
NA,NA,NA,NA,6.48333333333333,NA,NA,NA,NA,NA,NA
NA,NA,NA,NA,6.58333333333333,NA,NA,NA,NA,NA,NA
NA,NA,NA,NA,6.61666666666667,NA,NA,NA,NA,NA,NA
NA,NA,NA,NA,6.91666666666667,NA,NA,NA,NA,NA,NA
NA,NA,NA,NA,7.525,NA,NA,NA,NA,NA,NA
NA,NA,NA,NA,7.625,NA,NA,NA,NA,NA,NA
NA,NA,NA,NA,7.6,NA,NA,NA,NA,NA,NA
NA,NA,NA,NA,7.6,NA,NA,NA,NA,NA,NA
NA,NA,NA,NA,7.60833333333333,NA,NA,NA,NA,NA,NA
NA,NA,NA,NA,7.45833333333333,NA,NA,NA,NA,NA,NA
NA,NA,NA,NA,7.35,NA,NA,NA,NA,NA,NA
NA,NA,NA,NA,7.56666666666667,NA,NA,NA,NA,NA,NA
NA,NA,NA,NA,7.96666666666667,NA,NA,NA,NA,NA,NA
NA,NA,NA,NA,7.95833333333333,NA,NA,NA,NA,NA,NA
NA,NA,NA,NA,7.775,NA,NA,NA,NA,NA,NA
NA,NA,NA,NA,7.69166666666667,NA,NA,NA,NA,NA,NA
NA,NA,NA,NA,7.55,NA,NA,NA,NA,NA,NA
NA,NA,NA,NA,7.38333333333333,NA,NA,NA,NA,NA,NA
NA,NA,NA,NA,7.3,NA,NA,NA,NA,NA,NA
NA,NA,NA,NA,7.325,NA,NA,NA,NA,NA,NA
NA,NA,NA,NA,7.41666666666667,NA,NA,NA,NA,NA,NA
NA,NA,NA,NA,7.5,NA,NA,NA,NA,NA,NA
NA,NA,NA,NA,7.4,NA,NA,NA,NA,NA,NA
NA,NA,NA,NA,7.3,NA,NA,NA,NA,NA,NA
NA,NA,NA,NA,7.15,NA,NA,NA,NA,NA,NA
NA,NA,NA,NA,7.05833333333333,NA,NA,NA,NA,NA,NA
NA,NA,NA,NA,7,NA,NA,NA,NA,NA,NA
NA,NA,NA,NA,7.1,NA,NA,NA,NA,NA,NA
NA,NA,NA,NA,7.39166666666667,NA,NA,NA,NA,NA,NA
NA,NA,NA,NA,7.49166666666667,NA,NA,NA,NA,NA,NA
NA,NA,NA,NA,7.35833333333333,NA,NA,NA,NA,NA,NA
NA,NA,NA,NA,7.2,NA,NA,NA,NA,NA,NA
NA,NA,NA,NA,6.875,NA,NA,NA,NA,NA,NA
NA,NA,NA,NA,6.59166666666667,NA,NA,NA,NA,NA,NA
NA,NA,NA,NA,6.31666666666667,NA,NA,NA,NA,NA,NA
NA,NA,NA,NA,6.30833333333333,NA,NA,NA,NA,NA,NA
NA,NA,NA,NA,6.59166666666667,NA,NA,NA,NA,NA,NA
NA,NA,NA,NA,6.79166666666667,NA,NA,NA,NA,NA,NA
NA,NA,NA,NA,6.64166666666667,NA,NA,NA,NA,NA,NA
NA,NA,NA,NA,6.4,NA,NA,NA,NA,NA,NA
NA,NA,NA,NA,6.11666666666667,NA,NA,NA,NA,NA,NA
NA,NA,NA,NA,5.86666666666667,NA,NA,NA,NA,NA,NA
NA,NA,NA,NA,5.70833333333333,NA,NA,NA,NA,NA,NA
NA,NA,NA,NA,5.73333333333333,NA,NA,NA,NA,NA,NA
NA,NA,NA,NA,5.91666666666667,NA,NA,NA,NA,NA,NA
NA,NA,NA,NA,6.19166666666667,NA,NA,NA,NA,NA,NA
NA,NA,NA,NA,6.39166666666667,NA,NA,NA,NA,NA,NA
NA,NA,NA,NA,6.625,NA,NA,NA,NA,NA,NA
NA,NA,NA,NA,6.825,NA,NA,NA,NA,NA,NA
NA,NA,NA,NA,6.925,NA,NA,NA,NA,NA,NA
NA,NA,NA,NA,7.04166666666667,NA,NA,NA,NA,NA,NA
NA,NA,NA,NA,7.26666666666667,NA,NA,NA,NA,NA,NA
NA,NA,NA,NA,7.61666666666667,NA,NA,NA,NA,NA,NA
NA,NA,NA,NA,7.85,NA,NA,NA,NA,NA,NA
NA,NA,NA,NA,7.99166666666667,NA,NA,NA,NA,NA,NA
NA,NA,NA,NA,8,NA,NA,NA,NA,NA,NA
NA,NA,NA,NA,7.85833333333333,NA,NA,NA,NA,NA,NA
NA,NA,NA,NA,7.65,NA,NA,NA,NA,NA,NA
NA,NA,NA,NA,7.45833333333333,NA,NA,NA,NA,NA,NA
NA,NA,NA,NA,7.5,NA,NA,NA,NA,NA,NA
NA,NA,NA,NA,7.73333333333333,NA,NA,NA,NA,NA,NA
NA,NA,NA,NA,7.95833333333333,NA,NA,NA,NA,NA,NA
NA,NA,NA,NA,8.09166666666667,NA,NA,NA,NA,NA,NA
NA,NA,NA,NA,8.25833333333333,NA,NA,NA,NA,NA,NA
NA,NA,NA,NA,8.35,NA,NA,NA,NA,NA,NA
NA,NA,NA,NA,8.36666666666667,NA,NA,NA,NA,NA,NA
NA,NA,NA,NA,8.3,NA,NA,NA,NA,NA,NA
NA,NA,NA,NA,8.4,NA,NA,NA,NA,NA,NA
NA,NA,NA,NA,8.59166666666667,NA,NA,NA,NA,NA,NA
NA,NA,NA,NA,8.6,NA,NA,NA,NA,NA,NA
NA,NA,NA,NA,8.6,NA,NA,NA,NA,NA,NA
NA,NA,NA,NA,8.59166666666667,NA,NA,NA,NA,NA,NA
NA,NA,NA,NA,8.475,NA,NA,NA,NA,NA,NA
NA,NA,NA,NA,8.30833333333333,NA,NA,NA,NA,NA,NA
NA,NA,NA,NA,8.18333333333333,NA,NA,NA,NA,NA,NA
NA,NA,NA,NA,8.23333333333333,NA,NA,NA,NA,NA,NA
NA,NA,NA,NA,8.43333333333333,NA,NA,NA,NA,NA,NA
NA,NA,NA,NA,8.44166666666667,NA,NA,NA,NA,NA,NA
NA,NA,NA,NA,8.4,NA,NA,NA,NA,NA,NA
NA,NA,NA,NA,8.4,NA,NA,NA,NA,NA,NA
NA,NA,NA,NA,8.38333333333333,NA,NA,NA,NA,NA,NA
NA,NA,NA,NA,8.25,NA,NA,NA,NA,NA,NA
NA,NA,NA,NA,8.10833333333333,NA,NA,NA,NA,NA,NA
NA,NA,NA,NA,8.1,NA,NA,NA,NA,NA,NA
NA,NA,NA,NA,8.1,NA,NA,NA,NA,NA,NA
NA,NA,NA,NA,8.09166666666667,NA,NA,NA,NA,NA,NA
NA,NA,NA,NA,8.01666666666667,NA,NA,NA,NA,NA,NA
NA,NA,NA,NA,7.95833333333333,NA,NA,NA,NA,NA,NA
NA,NA,NA,NA,7.88333333333333,NA,NA,NA,NA,NA,NA
NA,NA,NA,NA,7.75,NA,NA,NA,NA,NA,NA
NA,NA,NA,NA,7.63333333333333,NA,NA,NA,NA,NA,NA
NA,NA,NA,NA,7.7,NA,NA,NA,NA,NA,NA
NA,NA,NA,NA,7.93333333333333,NA,NA,NA,NA,NA,NA
NA,NA,NA,NA,7.95,NA,NA,NA,NA,NA,NA
NA,NA,NA,NA,7.84166666666667,NA,NA,NA,NA,NA,NA
NA,NA,NA,NA,7.8,NA,NA,NA,NA,NA,NA
NA,NA,NA,NA,7.68333333333333,NA,NA,NA,NA,NA,NA
NA,NA,NA,NA,7.55833333333333,NA,NA,NA,NA,NA,NA
NA,NA,NA,NA,7.48333333333333,NA,NA,NA,NA,NA,NA
NA,NA,NA,NA,7.54166666666667,NA,NA,NA,NA,NA,NA
NA,NA,NA,NA,7.8,NA,NA,NA,NA,NA,NA
NA,NA,NA,NA,7.9,NA,NA,NA,NA,NA,NA
NA,NA,NA,NA,7.81666666666667,NA,NA,NA,NA,NA,NA
NA,NA,NA,NA,7.8,NA,NA,NA,NA,NA,NA
NA,NA,NA,NA,7.8,NA,NA,NA,NA,NA,NA
NA,NA,NA,NA,7.70833333333333,NA,NA,NA,NA,NA,NA
NA,NA,NA,NA,7.7,NA,NA,NA,NA,NA,NA
NA,NA,NA,NA,7.74166666666667,NA,NA,NA,NA,NA,NA
NA,NA,NA,NA,7.85,NA,NA,NA,NA,NA,NA
NA,NA,NA,NA,7.9,NA,NA,NA,NA,NA,NA
NA,NA,NA,NA,7.96666666666667,NA,NA,NA,NA,NA,NA
NA,NA,NA,NA,8.05,NA,NA,NA,NA,NA,NA
NA,NA,NA,NA,8,NA,NA,NA,NA,NA,NA
NA,NA,NA,NA,7.86666666666667,NA,NA,NA,NA,NA,NA
NA,NA,NA,NA,7.73333333333333,NA,NA,NA,NA,NA,NA
NA,NA,NA,NA,7.69166666666667,NA,NA,NA,NA,NA,NA
NA,NA,NA,NA,7.61666666666667,NA,NA,NA,NA,NA,NA
NA,NA,NA,NA,7.48333333333333,NA,NA,NA,NA,NA,NA
NA,NA,NA,NA,7.25833333333333,NA,NA,NA,NA,NA,NA
NA,NA,NA,NA,7.03333333333333,NA,NA,NA,NA,NA,NA
NA,NA,NA,NA,6.75833333333333,NA,NA,NA,NA,NA,NA
NA,NA,NA,NA,6.45,NA,NA,NA,NA,NA,NA
NA,NA,NA,NA,6.18333333333333,NA,NA,NA,NA,NA,NA
NA,NA,NA,NA,6.15833333333333,NA,NA,NA,NA,NA,NA
NA,NA,NA,NA,6.36666666666667,NA,NA,NA,NA,NA,NA
NA,NA,NA,NA,6.5,NA,NA,NA,NA,NA,NA
NA,NA,NA,NA,6.36666666666667,NA,NA,NA,NA,NA,NA
NA,NA,NA,NA,6.3,NA,NA,NA,NA,NA,NA
NA,NA,NA,NA,6.25833333333333,NA,NA,NA,NA,NA,NA
NA,NA,NA,NA,6.09166666666667,NA,NA,NA,NA,NA,NA
NA,NA,NA,NA,5.90833333333333,NA,NA,NA,NA,NA,NA
NA,NA,NA,NA,6.025,NA,NA,NA,NA,NA,NA
NA,NA,NA,NA,6.4,NA,NA,NA,NA,NA,NA
NA,NA,NA,NA,6.5,NA,NA,NA,NA,NA,NA
NA,NA,NA,NA,6.49166666666667,NA,NA,NA,NA,NA,NA
NA,NA,NA,NA,6.39166666666667,NA,NA,NA,NA,NA,NA
NA,NA,NA,NA,6.25833333333333,NA,NA,NA,NA,NA,NA
NA,NA,NA,NA,6.01666666666667,NA,NA,NA,NA,NA,NA
NA,NA,NA,NA,5.74166666666667,NA,NA,NA,NA,NA,NA
NA,NA,NA,NA,5.75,NA,NA,NA,NA,NA,NA
NA,NA,NA,NA,5.96666666666667,NA,NA,NA,NA,NA,NA
NA,NA,NA,NA,6.15,NA,NA,NA,NA,NA,NA
NA,NA,NA,NA,6.29166666666667,NA,NA,NA,NA,NA,NA
NA,NA,NA,NA,6.48333333333333,NA,NA,NA,NA,NA,NA
NA,NA,NA,NA,6.625,NA,NA,NA,NA,NA,NA
NA,NA,NA,NA,6.675,NA,NA,NA,NA,NA,NA
NA,NA,NA,NA,6.625,NA,NA,NA,NA,NA,NA
NA,NA,NA,NA,6.775,NA,NA,NA,NA,NA,NA
NA,NA,NA,NA,6.95833333333333,NA,NA,NA,NA,NA,NA
NA,NA,NA,NA,7,NA,NA,NA,NA,NA,NA
NA,NA,NA,NA,7,NA,NA,NA,NA,NA,NA
NA,NA,NA,NA,6.90833333333333,NA,NA,NA,NA,NA,NA
NA,NA,NA,NA,6.875,NA,NA,NA,NA,NA,NA
NA,NA,NA,NA,6.775,NA,NA,NA,NA,NA,NA
NA,NA,NA,NA,6.7,NA,NA,NA,NA,NA,NA
NA,NA,NA,NA,6.74166666666667,NA,NA,NA,NA,NA,NA
NA,NA,NA,NA,7.03333333333333,NA,NA,NA,NA,NA,NA
NA,NA,NA,NA,7.28333333333333,NA,NA,NA,NA,NA,NA
NA,NA,NA,NA,7.10833333333333,NA,NA,NA,NA,NA,NA
NA,NA,NA,NA,6.96666666666667,NA,NA,NA,NA,NA,NA
NA,NA,NA,NA,6.78333333333333,NA,NA,NA,NA,NA,NA
NA,NA,NA,NA,6.56666666666667,NA,NA,NA,NA,NA,NA
NA,NA,NA,NA,6.41666666666667,NA,NA,NA,NA,NA,NA
NA,NA,NA,NA,6.33333333333333,NA,NA,NA,NA,NA,NA
NA,NA,NA,NA,6.36666666666667,NA,NA,NA,NA,NA,NA
NA,NA,NA,NA,6.4,NA,NA,NA,NA,NA,NA
NA,NA,NA,NA,6.34166666666667,NA,NA,NA,NA,NA,NA
NA,NA,NA,NA,6.24166666666667,NA,NA,NA,NA,NA,NA
NA,NA,NA,NA,6.13333333333333,NA,NA,NA,NA,NA,NA
NA,NA,NA,NA,6.04166666666667,NA,NA,NA,NA,NA,NA
NA,NA,NA,NA,6,NA,NA,NA,NA,NA,NA
NA,NA,NA,NA,6.01666666666667,NA,NA,NA,NA,NA,NA
NA,NA,NA,NA,6.15833333333333,NA,NA,NA,NA,NA,NA
NA,NA,NA,NA,6.2,NA,NA,NA,NA,NA,NA
NA,NA,NA,NA,6.2,NA,NA,NA,NA,NA,NA
NA,NA,NA,NA,6.2,NA,NA,NA,NA,NA,NA
NA,NA,NA,NA,6.20833333333333,NA,NA,NA,NA,NA,NA
NA,NA,NA,NA,6.3,NA,NA,NA,NA,NA,NA
NA,NA,NA,NA,6.35,NA,NA,NA,NA,NA,NA
NA,NA,NA,NA,6.51666666666667,NA,NA,NA,NA,NA,NA
NA,NA,NA,NA,6.94166666666667,NA,NA,NA,NA,NA,NA
NA,NA,NA,NA,7.175,NA,NA,NA,NA,NA,NA
NA,NA,NA,NA,7.15833333333333,NA,NA,NA,NA,NA,NA
NA,NA,NA,NA,7.06666666666667,NA,NA,NA,NA,NA,NA
NA,NA,NA,NA,6.99166666666667,NA,NA,NA,NA,NA,NA
NA,NA,NA,NA,6.81666666666667,NA,NA,NA,NA,NA,NA
NA,NA,NA,NA,6.68333333333333,NA,NA,NA,NA,NA,NA
NA,NA,NA,NA,6.85,NA,NA,NA,NA,NA,NA
NA,NA,NA,NA,7.29166666666667,NA,NA,NA,NA,NA,NA
NA,NA,NA,NA,7.58333333333333,NA,NA,NA,NA,NA,NA
NA,NA,NA,NA,7.45,NA,NA,NA,NA,NA,NA
NA,NA,NA,NA,7.30833333333333,NA,NA,NA,NA,NA,NA
NA,NA,NA,NA,7.21666666666667,NA,NA,NA,NA,NA,NA
NA,NA,NA,NA,7.09166666666667,NA,NA,NA,NA,NA,NA
NA,NA,NA,NA,7,NA,NA,NA,NA,NA,NA
NA,NA,NA,NA,7.15,NA,NA,NA,NA,NA,NA
NA,NA,NA,NA,7.50833333333333,NA,NA,NA,NA,NA,NA
NA,NA,NA,NA,7.775,NA,NA,NA,NA,NA,NA
NA,NA,NA,NA,7.725,NA,NA,NA,NA,NA,NA
NA,NA,NA,NA,7.7,NA,NA,NA,NA,NA,NA
NA,NA,NA,NA,7.79166666666667,NA,NA,NA,NA,NA,NA
NA,NA,NA,NA,7.89166666666667,NA,NA,NA,NA,NA,NA
NA,NA,NA,NA,8,NA,NA,NA,NA,NA,NA
NA,NA,NA,NA,8.15833333333333,NA,NA,NA,NA,NA,NA
NA,NA,NA,NA,8.30833333333333,NA,NA,NA,NA,NA,NA
NA,NA,NA,NA,8.35833333333333,NA,NA,NA,NA,NA,NA
NA,NA,NA,NA,8.3,NA,NA,NA,NA,NA,NA
NA,NA,NA,NA,8.23333333333333,NA,NA,NA,NA,NA,NA
NA,NA,NA,NA,8.2,NA,NA,NA,NA,NA,NA
NA,NA,NA,NA,8.10833333333333,NA,NA,NA,NA,NA,NA
NA,NA,NA,NA,8.1,NA,NA,NA,NA,NA,NA
NA,NA,NA,NA,8.15833333333333,NA,NA,NA,NA,NA,NA
NA,NA,NA,NA,8.38333333333333,NA,NA,NA,NA,NA,NA
NA,NA,NA,NA,8.56666666666667,NA,NA,NA,NA,NA,NA
NA,NA,NA,NA,8.35,NA,NA,NA,NA,NA,NA
NA,NA,NA,NA,8.08333333333333,NA,NA,NA,NA,NA,NA
NA,NA,NA,NA,7.80833333333333,NA,NA,NA,NA,NA,NA
NA,NA,NA,NA,7.5,NA,NA,NA,NA,NA,NA
NA,NA,NA,NA,7.30833333333333,NA,NA,NA,NA,NA,NA
NA,NA,NA,NA,7.375,NA,NA,NA,NA,NA,NA
NA,NA,NA,NA,7.4,NA,NA,NA,NA,NA,NA
NA,NA,NA,NA,7.275,NA,NA,NA,NA,NA,NA
NA,NA,NA,NA,6.99166666666667,NA,NA,NA,NA,NA,NA
NA,NA,NA,NA,6.675,NA,NA,NA,NA,NA,NA
NA,NA,NA,NA,6.36666666666667,NA,NA,NA,NA,NA,NA
NA,NA,NA,NA,6.03333333333333,NA,NA,NA,NA,NA,NA
NA,NA,NA,NA,5.84166666666667,NA,NA,NA,NA,NA,NA
NA,NA,NA,NA,6.06666666666667,NA,NA,NA,NA,NA,NA
NA,NA,NA,NA,6.41666666666667,NA,NA,NA,NA,NA,NA
NA,NA,NA,NA,6.53333333333333,NA,NA,NA,NA,NA,NA
NA,NA,NA,NA,6.35,NA,NA,NA,NA,NA,NA
NA,NA,NA,NA,6.06666666666667,NA,NA,NA,NA,NA,NA
NA,NA,NA,NA,5.9,NA,NA,NA,NA,NA,NA
NA,NA,NA,NA,5.68333333333333,NA,NA,NA,NA,NA,NA
NA,NA,NA,NA,5.60833333333333,NA,NA,NA,NA,NA,NA
NA,NA,NA,NA,5.93333333333333,NA,NA,NA,NA,NA,NA
NA,NA,NA,NA,6.4,NA,NA,NA,NA,NA,NA
NA,NA,NA,NA,6.65,NA,NA,NA,NA,NA,NA
NA,NA,NA,NA,6.55,NA,NA,NA,NA,NA,NA
NA,NA,NA,NA,6.39166666666667,NA,NA,NA,NA,NA,NA
NA,NA,NA,NA,6.30833333333333,NA,NA,NA,NA,NA,NA
NA,NA,NA,NA,6.25,NA,NA,NA,NA,NA,NA
NA,NA,NA,NA,6.25,NA,NA,NA,NA,NA,NA
NA,NA,NA,NA,6.58333333333333,NA,NA,NA,NA,NA,NA
NA,NA,NA,NA,6.89166666666667,NA,NA,NA,NA,NA,NA
NA,NA,NA,NA,7,NA,NA,NA,NA,NA,NA
NA,NA,NA,NA,6.91666666666667,NA,NA,NA,NA,NA,NA
NA,NA,NA,NA,6.95833333333333,NA,NA,NA,NA,NA,NA
NA,NA,NA,NA,7.06666666666667,NA,NA,NA,NA,NA,NA
NA,NA,NA,NA,7.16666666666667,NA,NA,NA,NA,NA,NA
NA,NA,NA,NA,7.225,NA,NA,NA,NA,NA,NA
NA,NA,NA,NA,7.575,NA,NA,NA,NA,NA,NA
NA,NA,NA,NA,7.98333333333333,NA,NA,NA,NA,NA,NA
NA,NA,NA,NA,8.29166666666667,NA,NA,NA,NA,NA,NA
NA,NA,NA,NA,8.20833333333333,NA,NA,NA,NA,NA,NA
NA,NA,NA,NA,8.04166666666667,NA,NA,NA,NA,NA,NA
NA,NA,NA,NA,7.86666666666667,NA,NA,NA,NA,NA,NA
NA,NA,NA,NA,7.69166666666667,NA,NA,NA,NA,NA,NA
NA,NA,NA,NA,7.51666666666667,NA,NA,NA,NA,NA,NA
NA,NA,NA,NA,7.53333333333333,NA,NA,NA,NA,NA,NA
NA,NA,NA,NA,7.60833333333333,NA,NA,NA,NA,NA,NA
NA,NA,NA,NA,7.58333333333333,NA,NA,NA,NA,NA,NA
NA,NA,NA,NA,7.41666666666667,NA,NA,NA,NA,NA,NA
NA,NA,NA,NA,7.25,NA,NA,NA,NA,NA,NA
NA,NA,NA,NA,7.2,NA,NA,NA,NA,NA,NA
NA,NA,NA,NA,7.2,NA,NA,NA,NA,NA,NA
NA,NA,NA,NA,7.23333333333333,NA,NA,NA,NA,NA,NA
NA,NA,NA,NA,7.45,NA,NA,NA,NA,NA,NA
NA,NA,NA,NA,7.675,NA,NA,NA,NA,NA,NA
NA,NA,NA,NA,7.8,NA,NA,NA,NA,NA,NA
NA,NA,NA,NA,7.8,NA,NA,NA,NA,NA,NA
NA,NA,NA,NA,7.8,NA,NA,NA,NA,NA,NA
NA,NA,NA,NA,7.83333333333333,NA,NA,NA,NA,NA,NA
NA,NA,NA,NA,7.95,NA,NA,NA,NA,NA,NA
NA,NA,NA,NA,8.06666666666667,NA,NA,NA,NA,NA,NA
NA,NA,NA,NA,8.39166666666667,NA,NA,NA,NA,NA,NA
NA,NA,NA,NA,8.73333333333333,NA,NA,NA,NA,NA,NA
NA,NA,NA,NA,8.9,NA,NA,NA,NA,NA,NA
NA,NA,NA,NA,8.78333333333333,NA,NA,NA,NA,NA,NA
NA,NA,NA,NA,8.64166666666667,NA,NA,NA,NA,NA,NA
NA,NA,NA,NA,8.49166666666667,NA,NA,NA,NA,NA,NA
NA,NA,NA,NA,8.375,NA,NA,NA,NA,NA,NA
NA,NA,NA,NA,8.375,NA,NA,NA,NA,NA,NA
NA,NA,NA,NA,8.83333333333333,NA,NA,NA,NA,NA,NA
NA,NA,NA,NA,9.19166666666667,NA,NA,NA,NA,NA,NA
NA,NA,NA,NA,9.3,NA,NA,NA,NA,NA,NA
NA,NA,NA,NA,9.09166666666667,NA,NA,NA,NA,NA,NA
NA,NA,NA,NA,8.9,NA,NA,NA,NA,NA,NA
NA,NA,NA,NA,8.95833333333333,NA,NA,NA,NA,NA,NA
NA,NA,NA,NA,9.01666666666667,NA,NA,NA,NA,NA,NA
NA,NA,NA,NA,9.125,NA,NA,NA,NA,NA,NA
NA,NA,NA,NA,9.4,NA,NA,NA,NA,NA,NA
NA,NA,NA,NA,9.76666666666667,NA,NA,NA,NA,NA,NA
NA,NA,NA,NA,9.76666666666667,NA,NA,NA,NA,NA,NA
NA,NA,NA,NA,9.575,NA,NA,NA,NA,NA,NA
NA,NA,NA,NA,9.35,NA,NA,NA,NA,NA,NA
NA,NA,NA,NA,9.16666666666667,NA,NA,NA,NA,NA,NA
NA,NA,NA,NA,8.975,NA,NA,NA,NA,NA,NA
NA,NA,NA,NA,8.9,NA,NA,NA,NA,NA,NA
NA,NA,NA,NA,9.1,NA,NA,NA,NA,NA,NA
NA,NA,NA,NA,9.375,NA,NA,NA,NA,NA,NA
NA,NA,NA,NA,9.38333333333333,NA,NA,NA,NA,NA,NA
NA,NA,NA,NA,9.09166666666667,NA,NA,NA,NA,NA,NA
NA,NA,NA,NA,8.74166666666667,NA,NA,NA,NA,NA,NA
NA,NA,NA,NA,8.55833333333333,NA,NA,NA,NA,NA,NA
NA,NA,NA,NA,8.30833333333333,NA,NA,NA,NA,NA,NA
NA,NA,NA,NA,8.23333333333333,NA,NA,NA,NA,NA,NA
NA,NA,NA,NA,8.46666666666667,NA,NA,NA,NA,NA,NA
NA,NA,NA,NA,8.70833333333333,NA,NA,NA,NA,NA,NA
NA,NA,NA,NA,8.675,NA,NA,NA,NA,NA,NA
NA,NA,NA,NA,8.45,NA,NA,NA,NA,NA,NA
NA,NA,NA,NA,8.3,NA,NA,NA,NA,NA,NA
NA,NA,NA,NA,8.29166666666667,NA,NA,NA,NA,NA,NA
NA,NA,NA,NA,8.2,NA,NA,NA,NA,NA,NA
NA,NA,NA,NA,8.26666666666667,NA,NA,NA,NA,NA,NA
NA,NA,NA,NA,8.76666666666667,NA,NA,NA,NA,NA,NA
NA,NA,NA,NA,9.28333333333333,NA,NA,NA,NA,NA,NA
NA,NA,NA,NA,9.5,NA,NA,NA,NA,NA,NA
NA,NA,NA,NA,9.275,NA,NA,NA,NA,NA,NA
NA,NA,NA,NA,8.90833333333333,NA,NA,NA,NA,NA,NA
NA,NA,NA,NA,8.725,NA,NA,NA,NA,NA,NA
NA,NA,NA,NA,8.55,NA,NA,NA,NA,NA,NA
NA,NA,NA,NA,8.50833333333333,NA,NA,NA,NA,NA,NA
NA,NA,NA,NA,8.80833333333333,NA,NA,NA,NA,NA,NA
NA,NA,NA,NA,9.16666666666667,NA,NA,NA,NA,NA,NA
NA,NA,NA,NA,9.28333333333333,NA,NA,NA,NA,NA,NA
NA,NA,NA,NA,9.05833333333333,NA,NA,NA,NA,NA,NA
NA,NA,NA,NA,8.71666666666667,NA,NA,NA,NA,NA,NA
NA,NA,NA,NA,8.525,NA,NA,NA,NA,NA,NA
NA,NA,NA,NA,8.46666666666667,NA,NA,NA,NA,NA,NA
NA,NA,NA,NA,8.51666666666667,NA,NA,NA,NA,NA,NA
NA,NA,NA,NA,8.89166666666667,NA,NA,NA,NA,NA,NA
NA,NA,NA,NA,9.21666666666667,NA,NA,NA,NA,NA,NA
NA,NA,NA,NA,9.375,NA,NA,NA,NA,NA,NA
NA,NA,NA,NA,9.15,NA,NA,NA,NA,NA,NA
NA,NA,NA,NA,8.84166666666667,NA,NA,NA,NA,NA,NA
NA,NA,NA,NA,8.61666666666667,NA,NA,NA,NA,NA,NA
NA,NA,NA,NA,8.45833333333333,NA,NA,NA,NA,NA,NA
NA,NA,NA,NA,8.49166666666667,NA,NA,NA,NA,NA,NA
NA,NA,NA,NA,8.90833333333333,NA,NA,NA,NA,NA,NA
NA,NA,NA,NA,9.38333333333333,NA,NA,NA,NA,NA,NA
NA,NA,NA,NA,9.5,NA,NA,NA,NA,NA,NA
NA,NA,NA,NA,9.35,NA,NA,NA,NA,NA,NA
NA,NA,NA,NA,9.10833333333333,NA,NA,NA,NA,NA,NA
NA,NA,NA,NA,9,NA,NA,NA,NA,NA,NA
NA,NA,NA,NA,9.05,NA,NA,NA,NA,NA,NA
NA,NA,NA,NA,9.15833333333333,NA,NA,NA,NA,NA,NA
NA,NA,NA,NA,9.56666666666667,NA,NA,NA,NA,NA,NA
NA,NA,NA,NA,9.79166666666667,NA,NA,NA,NA,NA,NA
NA,NA,NA,NA,9.64166666666667,NA,NA,NA,NA,NA,NA
NA,NA,NA,NA,9.35,NA,NA,NA,NA,NA,NA
NA,NA,NA,NA,8.94166666666667,NA,NA,NA,NA,NA,NA
NA,NA,NA,NA,8.68333333333333,NA,NA,NA,NA,NA,NA
NA,NA,NA,NA,8.55833333333333,NA,NA,NA,NA,NA,NA
NA,NA,NA,NA,8.39166666666667,NA,NA,NA,NA,NA,NA
NA,NA,NA,NA,8.33333333333333,NA,NA,NA,NA,NA,NA
NA,NA,NA,NA,8.375,NA,NA,NA,NA,NA,NA
NA,NA,NA,NA,8.24166666666667,NA,NA,NA,NA,NA,NA
NA,NA,NA,NA,7.93333333333333,NA,NA,NA,NA,NA,NA
NA,NA,NA,NA,7.63333333333333,NA,NA,NA,NA,NA,NA
NA,NA,NA,NA,7.41666666666667,NA,NA,NA,NA,NA,NA
NA,NA,NA,NA,7.24166666666667,NA,NA,NA,NA,NA,NA
NA,NA,NA,NA,7.2,NA,NA,NA,NA,NA,NA
NA,NA,NA,NA,7.31666666666667,NA,NA,NA,NA,NA,NA
NA,NA,NA,NA,7.51666666666667,NA,NA,NA,NA,NA,NA
NA,NA,NA,NA,7.6,NA,NA,NA,NA,NA,NA
NA,NA,NA,NA,7.46666666666667,NA,NA,NA,NA,NA,NA
NA,NA,NA,NA,7.16666666666667,NA,NA,NA,NA,NA,NA
NA,NA,NA,NA,6.95,NA,NA,NA,NA,NA,NA
NA,NA,NA,NA,6.76666666666667,NA,NA,NA,NA,NA,NA
NA,NA,NA,NA,6.73333333333333,NA,NA,NA,NA,NA,NA
NA,NA,NA,NA,7.05,NA,NA,NA,NA,NA,NA
NA,NA,NA,NA,7.50833333333333,NA,NA,NA,NA,NA,NA
NA,NA,NA,NA,7.6,NA,NA,NA,NA,NA,NA
NA,NA,NA,NA,7.38333333333333,NA,NA,NA,NA,NA,NA
NA,NA,NA,NA,7.10833333333333,NA,NA,NA,NA,NA,NA
NA,NA,NA,NA,6.95833333333333,NA,NA,NA,NA,NA,NA
NA,NA,NA,NA,6.9,NA,NA,NA,NA,NA,NA
NA,NA,NA,NA,7.11666666666667,NA,NA,NA,NA,NA,NA
NA,NA,NA,NA,7.66666666666667,NA,NA,NA,NA,NA,NA
NA,NA,NA,NA,8.13333333333333,NA,NA,NA,NA,NA,NA
NA,NA,NA,NA,8.30833333333333,NA,NA,NA,NA,NA,NA
NA,NA,NA,NA,8.23333333333333,NA,NA,NA,NA,NA,NA
NA,NA,NA,NA,8.1,NA,NA,NA,NA,NA,NA
NA,NA,NA,NA,8.04166666666667,NA,NA,NA,NA,NA,NA
NA,NA,NA,NA,8.26666666666667,NA,NA,NA,NA,NA,NA
NA,NA,NA,NA,8.50833333333333,NA,NA,NA,NA,NA,NA
NA,NA,NA,NA,8.66666666666667,NA,NA,NA,NA,NA,NA
NA,NA,NA,NA,8.94166666666667,NA,NA,NA,NA,NA,NA
NA,NA,NA,NA,8.83333333333333,NA,NA,NA,NA,NA,NA
NA,NA,NA,NA,8.56666666666667,NA,NA,NA,NA,NA,NA
NA,NA,NA,NA,8.325,NA,NA,NA,NA,NA,NA
NA,NA,NA,NA,8.08333333333333,NA,NA,NA,NA,NA,NA
NA,NA,NA,NA,7.85833333333333,NA,NA,NA,NA,NA,NA
NA,NA,NA,NA,7.80833333333333,NA,NA,NA,NA,NA,NA
NA,NA,NA,NA,7.88333333333333,NA,NA,NA,NA,NA,NA
NA,NA,NA,NA,8.16666666666667,NA,NA,NA,NA,NA,NA
NA,NA,NA,NA,8.35,NA,NA,NA,NA,NA,NA
NA,NA,NA,NA,8.21666666666667,NA,NA,NA,NA,NA,NA
NA,NA,NA,NA,8.11666666666667,NA,NA,NA,NA,NA,NA
NA,NA,NA,NA,8.08333333333333,NA,NA,NA,NA,NA,NA
NA,NA,NA,NA,8.06666666666667,NA,NA,NA,NA,NA,NA
NA,NA,NA,NA,8.24166666666667,NA,NA,NA,NA,NA,NA
NA,NA,NA,NA,8.78333333333333,NA,NA,NA,NA,NA,NA
NA,NA,NA,NA,9.14166666666667,NA,NA,NA,NA,NA,NA
NA,NA,NA,NA,9.30833333333333,NA,NA,NA,NA,NA,NA
NA,NA,NA,NA,9.19166666666667,NA,NA,NA,NA,NA,NA
NA,NA,NA,NA,9.1,NA,NA,NA,NA,NA,NA
NA,NA,NA,NA,9.1,NA,NA,NA,NA,NA,NA
NA,NA,NA,NA,9.175,NA,NA,NA,NA,NA,NA
NA,NA,NA,NA,9.38333333333333,NA,NA,NA,NA,NA,NA
NA,NA,NA,NA,10,NA,NA,NA,NA,NA,NA
NA,NA,NA,NA,10.65,NA,NA,NA,NA,NA,NA
NA,NA,NA,NA,10.883333333333301,NA,NA,NA,NA,NA,NA
NA,NA,NA,NA,10.8,NA,NA,NA,NA,NA,NA
NA,NA,NA,NA,10.525,NA,NA,NA,NA,NA,NA
NA,NA,NA,NA,10.4,NA,NA,NA,NA,NA,NA
NA,NA,NA,NA,10.4,NA,NA,NA,NA,NA,NA
NA,NA,NA,NA,10.45,NA,NA,NA,NA,NA,NA
NA,NA,NA,NA,10.7916666666667,NA,NA,NA,NA,NA,NA
NA,NA,NA,NA,11.05,NA,NA,NA,NA,NA,NA
NA,NA,NA,NA,10.875,NA,NA,NA,NA,NA,NA
NA,NA,NA,NA,10.4916666666667,NA,NA,NA,NA,NA,NA
NA,NA,NA,NA,10.25,NA,NA,NA,NA,NA,NA
NA,NA,NA,NA,10.0416666666667,NA,NA,NA,NA,NA,NA
NA,NA,NA,NA,9.93333333333333,NA,NA,NA,NA,NA,NA
NA,NA,NA,NA,9.9,NA,NA,NA,NA,NA,NA
NA,NA,NA,NA,10.1166666666667,NA,NA,NA,NA,NA,NA
NA,NA,NA,NA,10.4416666666667,NA,NA,NA,NA,NA,NA
NA,NA,NA,NA,10.45,NA,NA,NA,NA,NA,NA
NA,NA,NA,NA,10.258333333333301,NA,NA,NA,NA,NA,NA
NA,NA,NA,NA,9.95,NA,NA,NA,NA,NA,NA
NA,NA,NA,NA,9.71666666666667,NA,NA,NA,NA,NA,NA
NA,NA,NA,NA,9.6,NA,NA,NA,NA,NA,NA
NA,NA,NA,NA,9.675,NA,NA,NA,NA,NA,NA
NA,NA,NA,NA,9.825,NA,NA,NA,NA,NA,NA
NA,NA,NA,NA,10,NA,NA,NA,NA,NA,NA
NA,NA,NA,NA,9.95,NA,NA,NA,NA,NA,NA
NA,NA,NA,NA,9.80833333333333,NA,NA,NA,NA,NA,NA
NA,NA,NA,NA,9.74166666666667,NA,NA,NA,NA,NA,NA
NA,NA,NA,NA,9.675,NA,NA,NA,NA,NA,NA
NA,NA,NA,NA,9.6,NA,NA,NA,NA,NA,NA
NA,NA,NA,NA,9.66666666666667,NA,NA,NA,NA,NA,NA
NA,NA,NA,NA,9.89166666666667,NA,NA,NA,NA,NA,NA
NA,NA,NA,NA,10.075,NA,NA,NA,NA,NA,NA
NA,NA,NA,NA,10.0666666666667,NA,NA,NA,NA,NA,NA
NA,NA,NA,NA,9.98333333333333,NA,NA,NA,NA,NA,NA
NA,NA,NA,NA,9.825,NA,NA,NA,NA,NA,NA
NA,NA,NA,NA,9.65,NA,NA,NA,NA,NA,NA
NA,NA,NA,NA,9.6,NA,NA,NA,NA,NA,NA
NA,NA,NA,NA,9.675,NA,NA,NA,NA,NA,NA
NA,NA,NA,NA,10.0333333333333,NA,NA,NA,NA,NA,NA
NA,NA,NA,NA,10.6666666666667,NA,NA,NA,NA,NA,NA
NA,NA,NA,NA,11.1,NA,NA,NA,NA,NA,NA
NA,NA,NA,NA,11.1666666666667,NA,NA,NA,NA,NA,NA
NA,NA,NA,NA,11.15,NA,NA,NA,NA,NA,NA
NA,NA,NA,NA,11.2,NA,NA,NA,NA,NA,NA
NA,NA,NA,NA,11.2916666666667,NA,NA,NA,NA,NA,NA
NA,NA,NA,NA,11.5416666666667,NA,NA,NA,NA,NA,NA
NA,NA,NA,NA,12.2166666666667,NA,NA,NA,NA,NA,NA
NA,NA,NA,NA,12.95,NA,NA,NA,NA,NA,NA
NA,NA,NA,NA,13.4,NA,NA,NA,NA,NA,NA
NA,NA,NA,NA,13.325,NA,NA,NA,NA,NA,NA
NA,NA,NA,NA,13.0416666666667,NA,NA,NA,NA,NA,NA
NA,NA,NA,NA,12.7916666666667,NA,NA,NA,NA,NA,NA
NA,NA,NA,NA,12.633333333333301,NA,NA,NA,NA,NA,NA
NA,NA,NA,NA,12.6666666666667,NA,NA,NA,NA,NA,NA
NA,NA,NA,NA,13.0916666666667,NA,NA,NA,NA,NA,NA
NA,NA,NA,NA,13.5166666666667,NA,NA,NA,NA,NA,NA
NA,NA,NA,NA,13.6916666666667,NA,NA,NA,NA,NA,NA
NA,NA,NA,NA,13.4166666666667,NA,NA,NA,NA,NA,NA
NA,NA,NA,NA,13.05,NA,NA,NA,NA,NA,NA
NA,NA,NA,NA,12.9166666666667,NA,NA,NA,NA,NA,NA
NA,NA,NA,NA,12.8166666666667,NA,NA,NA,NA,NA,NA
NA,NA,NA,NA,12.9916666666667,NA,NA,NA,NA,NA,NA
NA,NA,NA,NA,13.5666666666667,NA,NA,NA,NA,NA,NA
NA,NA,NA,NA,14.15,NA,NA,NA,NA,NA,NA
NA,NA,NA,NA,14.4583333333333,NA,NA,NA,NA,NA,NA
NA,NA,NA,NA,14.3166666666667,NA,NA,NA,NA,NA,NA
NA,NA,NA,NA,13.9916666666667,NA,NA,NA,NA,NA,NA
NA,NA,NA,NA,13.75,NA,NA,NA,NA,NA,NA
NA,NA,NA,NA,13.7,NA,NA,NA,NA,NA,NA
NA,NA,NA,NA,13.7916666666667,NA,NA,NA,NA,NA,NA
NA,NA,NA,NA,14.025,NA,NA,NA,NA,NA,NA
NA,NA,NA,NA,14.1,NA,NA,NA,NA,NA,NA
NA,NA,NA,NA,13.875,NA,NA,NA,NA,NA,NA
NA,NA,NA,NA,13.4416666666667,NA,NA,NA,NA,NA,NA
NA,NA,NA,NA,12.9583333333333,NA,NA,NA,NA,NA,NA
NA,NA,NA,NA,12.7083333333333,NA,NA,NA,NA,NA,NA
NA,NA,NA,NA,12.4833333333333,NA,NA,NA,NA,NA,NA
NA,NA,NA,NA,12.3333333333333,NA,NA,NA,NA,NA,NA
NA,NA,NA,NA,12.5416666666667,NA,NA,NA,NA,NA,NA
NA,NA,NA,NA,12.6833333333333,NA,NA,NA,NA,NA,NA
NA,NA,NA,NA,12.65,NA,NA,NA,NA,NA,NA
NA,NA,NA,NA,12.3333333333333,NA,NA,NA,NA,NA,NA
NA,NA,NA,NA,11.8083333333333,NA,NA,NA,NA,NA,NA
NA,NA,NA,NA,11.3166666666667,NA,NA,NA,NA,NA,NA
NA,NA,NA,NA,10.925,NA,NA,NA,NA,NA,NA
NA,NA,NA,NA,10.883333333333301,NA,NA,NA,NA,NA,NA
NA,NA,NA,NA,11.508333333333301,NA,NA,NA,NA,NA,NA
NA,NA,NA,NA,11.9833333333333,NA,NA,NA,NA,NA,NA
NA,NA,NA,NA,12.2,NA,NA,NA,NA,NA,NA
NA,NA,NA,NA,12.0166666666667,NA,NA,NA,NA,NA,NA
NA,NA,NA,NA,11.4166666666667,NA,NA,NA,NA,NA,NA
NA,NA,NA,NA,11.075,NA,NA,NA,NA,NA,NA
NA,NA,NA,NA,10.875,NA,NA,NA,NA,NA,NA
NA,NA,NA,NA,10.9833333333333,NA,NA,NA,NA,NA,NA
NA,NA,NA,NA,11.7,NA,NA,NA,NA,NA,NA
NA,NA,NA,NA,12.275,NA,NA,NA,NA,NA,NA
NA,NA,NA,NA,12.575,NA,NA,NA,NA,NA,NA
NA,NA,NA,NA,12.55,NA,NA,NA,NA,NA,NA
NA,NA,NA,NA,12.1666666666667,NA,NA,NA,NA,NA,NA
NA,NA,NA,NA,11.7666666666667,NA,NA,NA,NA,NA,NA
NA,NA,NA,NA,11.6083333333333,NA,NA,NA,NA,NA,NA
NA,NA,NA,NA,11.775,NA,NA,NA,NA,NA,NA
NA,NA,NA,NA,12.4083333333333,NA,NA,NA,NA,NA,NA
NA,NA,NA,NA,13.075,NA,NA,NA,NA,NA,NA
NA,NA,NA,NA,13.4416666666667,NA,NA,NA,NA,NA,NA
NA,NA,NA,NA,13.4583333333333,NA,NA,NA,NA,NA,NA
NA,NA,NA,NA,13.0666666666667,NA,NA,NA,NA,NA,NA
NA,NA,NA,NA,12.6583333333333,NA,NA,NA,NA,NA,NA
NA,NA,NA,NA,12.5,NA,NA,NA,NA,NA,NA
NA,NA,NA,NA,12.675,NA,NA,NA,NA,NA,NA
NA,NA,NA,NA,13.3,NA,NA,NA,NA,NA,NA
NA,NA,NA,NA,13.7333333333333,NA,NA,NA,NA,NA,NA
NA,NA,NA,NA,13.975,NA,NA,NA,NA,NA,NA
NA,NA,NA,NA,13.875,NA,NA,NA,NA,NA,NA
NA,NA,NA,NA,13.5583333333333,NA,NA,NA,NA,NA,NA
NA,NA,NA,NA,13.1916666666667,NA,NA,NA,NA,NA,NA
NA,NA,NA,NA,13.008333333333301,NA,NA,NA,NA,NA,NA
NA,NA,NA,NA,13.05,NA,NA,NA,NA,NA,NA
NA,NA,NA,NA,13.425,NA,NA,NA,NA,NA,NA
NA,NA,NA,NA,13.6166666666667,NA,NA,NA,NA,NA,NA
NA,NA,NA,NA,13.6666666666667,NA,NA,NA,NA,NA,NA
NA,NA,NA,NA,13.4416666666667,NA,NA,NA,NA,NA,NA
NA,NA,NA,NA,12.8333333333333,NA,NA,NA,NA,NA,NA
NA,NA,NA,NA,12.2166666666667,NA,NA,NA,NA,NA,NA
NA,NA,NA,NA,11.825,NA,NA,NA,NA,NA,NA
NA,NA,NA,NA,11.6,NA,NA,NA,NA,NA,NA
NA,NA,NA,NA,11.675,NA,NA,NA,NA,NA,NA
NA,NA,NA,NA,11.425,NA,NA,NA,NA,NA,NA
NA,NA,NA,NA,11.1666666666667,NA,NA,NA,NA,NA,NA
NA,NA,NA,NA,10.7833333333333,NA,NA,NA,NA,NA,NA
NA,NA,NA,NA,10.35,NA,NA,NA,NA,NA,NA
NA,NA,NA,NA,10.05,NA,NA,NA,NA,NA,NA
NA,NA,NA,NA,9.76666666666667,NA,NA,NA,NA,NA,NA
NA,NA,NA,NA,9.58333333333333,NA,NA,NA,NA,NA,NA
NA,NA,NA,NA,9.875,NA,NA,NA,NA,NA,NA
NA,NA,NA,NA,10.1416666666667,NA,NA,NA,NA,NA,NA
NA,NA,NA,NA,10.2,NA,NA,NA,NA,NA,NA
NA,NA,NA,NA,9.975,NA,NA,NA,NA,NA,NA
NA,NA,NA,NA,9.70833333333333,NA,NA,NA,NA,NA,NA
NA,NA,NA,NA,9.51666666666667,NA,NA,NA,NA,NA,NA
NA,NA,NA,NA,9.65833333333333,NA,NA,NA,NA,NA,NA
NA,NA,NA,NA,9.51666666666667,NA,NA,NA,NA,NA,NA
NA,NA,NA,NA,9.725,NA,NA,NA,NA,NA,NA
NA,NA,NA,NA,10.05,NA,NA,NA,NA,NA,NA
NA,NA,NA,NA,10.1666666666667,NA,NA,NA,NA,NA,NA
NA,NA,NA,NA,10.0416666666667,NA,NA,NA,NA,NA,NA
NA,NA,NA,NA,9.775,NA,NA,NA,NA,NA,NA
NA,NA,NA,NA,9.35,NA,NA,NA,NA,NA,NA
NA,NA,NA,NA,9.13333333333333,NA,NA,NA,NA,NA,NA
NA,NA,NA,NA,9.11666666666667,NA,NA,NA,NA,NA,NA
NA,NA,NA,NA,9.08333333333333,NA,NA,NA,NA,NA,NA
NA,NA,NA,NA,8.98333333333333,NA,NA,NA,NA,NA,NA
NA,NA,NA,NA,8.9,NA,NA,NA,NA,NA,NA
NA,NA,NA,NA,8.93333333333333,NA,NA,NA,NA,NA,NA
NA,NA,NA,NA,8.575,NA,NA,NA,NA,NA,NA
NA,NA,NA,NA,8.08333333333333,NA,NA,NA,NA,NA,NA
NA,NA,NA,NA,7.80833333333333,NA,NA,NA,NA,NA,NA
NA,NA,NA,NA,7.74166666666667,NA,NA,NA,NA,NA,NA
NA,NA,NA,NA,7.85833333333333,NA,NA,NA,NA,NA,NA
NA,NA,NA,NA,8.225,NA,NA,NA,NA,NA,NA
NA,NA,NA,NA,8.55833333333333,NA,NA,NA,NA,NA,NA
NA,NA,NA,NA,8.44166666666667,NA,NA,NA,NA,NA,NA
NA,NA,NA,NA,8.125,NA,NA,NA,NA,NA,NA
NA,NA,NA,NA,7.98333333333333,NA,NA,NA,NA,NA,NA
NA,NA,NA,NA,7.85833333333333,NA,NA,NA,NA,NA,NA
NA,NA,NA,NA,7.66666666666667,NA,NA,NA,NA,NA,NA
NA,NA,NA,NA,7.54166666666667,NA,NA,NA,NA,NA,NA
NA,NA,NA,NA,7.425,NA,NA,NA,NA,NA,NA
NA,NA,NA,NA,7.375,NA,NA,NA,NA,NA,NA
NA,NA,NA,NA,7.2,NA,NA,NA,NA,NA,NA
NA,NA,NA,NA,6.99166666666667,NA,NA,NA,NA,NA,NA
NA,NA,NA,NA,6.775,NA,NA,NA,NA,NA,NA
NA,NA,NA,NA,6.5,NA,NA,NA,NA,NA,NA
NA,NA,NA,NA,6.33333333333333,NA,NA,NA,NA,NA,NA
NA,NA,NA,NA,6.56666666666667,NA,NA,NA,NA,NA,NA
NA,NA,NA,NA,6.86666666666667,NA,NA,NA,NA,NA,NA
NA,NA,NA,NA,7,NA,NA,NA,NA,NA,NA
NA,NA,NA,NA,6.96666666666667,NA,NA,NA,NA,NA,NA
NA,NA,NA,NA,6.70833333333333,NA,NA,NA,NA,NA,NA
NA,NA,NA,NA,6.6,NA,NA,NA,NA,NA,NA
NA,NA,NA,NA,6.53333333333333,NA,NA,NA,NA,NA,NA
NA,NA,NA,NA,6.56666666666667,NA,NA,NA,NA,NA,NA
NA,NA,NA,NA,7.08333333333333,NA,NA,NA,NA,NA,NA
NA,NA,NA,NA,7.65,NA,NA,NA,NA,NA,NA
NA,NA,NA,NA,7.84166666666667,NA,NA,NA,NA,NA,NA
NA,NA,NA,NA,7.60833333333333,NA,NA,NA,NA,NA,NA
NA,NA,NA,NA,7.36666666666667,NA,NA,NA,NA,NA,NA
NA,NA,NA,NA,7.225,NA,NA,NA,NA,NA,NA
NA,NA,NA,NA,7.2,NA,NA,NA,NA,NA,NA
NA,NA,NA,NA,7.2,NA,NA,NA,NA,NA,NA
NA,NA,NA,NA,7.35,NA,NA,NA,NA,NA,NA
NA,NA,NA,NA,7.5,NA,NA,NA,NA,NA,NA
NA,NA,NA,NA,7.5,NA,NA,NA,NA,NA,NA
NA,NA,NA,NA,7.36666666666667,NA,NA,NA,NA,NA,NA
NA,NA,NA,NA,7.2,NA,NA,NA,NA,NA,NA
NA,NA,NA,NA,7.11666666666667,NA,NA,NA,NA,NA,NA
NA,NA,NA,NA,6.95,NA,NA,NA,NA,NA,NA
NA,NA,NA,NA,7.00833333333333,NA,NA,NA,NA,NA,NA
NA,NA,NA,NA,7.38333333333333,NA,NA,NA,NA,NA,NA
NA,NA,NA,NA,7.775,NA,NA,NA,NA,NA,NA
NA,NA,NA,NA,7.975,NA,NA,NA,NA,NA,NA
NA,NA,NA,NA,7.90833333333333,NA,NA,NA,NA,NA,NA
NA,NA,NA,NA,7.73333333333333,NA,NA,NA,NA,NA,NA
NA,NA,NA,NA,7.63333333333333,NA,NA,NA,NA,NA,NA
NA,NA,NA,NA,7.44166666666667,NA,NA,NA,NA,NA,NA
NA,NA,NA,NA,7.525,NA,NA,NA,NA,NA,NA
NA,NA,NA,NA,8.01666666666667,NA,NA,NA,NA,NA,NA
NA,NA,NA,NA,8.44166666666667,NA,NA,NA,NA,NA,NA
NA,NA,NA,NA,8.49166666666667,NA,NA,NA,NA,NA,NA
NA,NA,NA,NA,8.4,NA,NA,NA,NA,NA,NA
NA,NA,NA,NA,8.33333333333333,NA,NA,NA,NA,NA,NA
NA,NA,NA,NA,8.3,NA,NA,NA,NA,NA,NA
NA,NA,NA,NA,8.2,NA,NA,NA,NA,NA,NA
NA,NA,NA,NA,8.475,NA,NA,NA,NA,NA,NA
NA,NA,NA,NA,9.26666666666667,NA,NA,NA,NA,NA,NA
NA,NA,NA,NA,10.0666666666667,NA,NA,NA,NA,NA,NA
NA,NA,NA,NA,10.508333333333301,NA,NA,NA,NA,NA,NA
NA,NA,NA,NA,10.4916666666667,NA,NA,NA,NA,NA,NA
NA,NA,NA,NA,10.3333333333333,NA,NA,NA,NA,NA,NA
NA,NA,NA,NA,10.1833333333333,NA,NA,NA,NA,NA,NA
NA,NA,NA,NA,10.0416666666667,NA,NA,NA,NA,NA,NA
NA,NA,NA,NA,10.225,NA,NA,NA,NA,NA,NA
NA,NA,NA,NA,10.6666666666667,NA,NA,NA,NA,NA,NA
NA,NA,NA,NA,11.275,NA,NA,NA,NA,NA,NA
NA,NA,NA,NA,11.5,NA,NA,NA,NA,NA,NA
NA,NA,NA,NA,11.3916666666667,NA,NA,NA,NA,NA,NA
NA,NA,NA,NA,11.2166666666667,NA,NA,NA,NA,NA,NA
NA,NA,NA,NA,11.15,NA,NA,NA,NA,NA,NA
NA,NA,NA,NA,11.2083333333333,NA,NA,NA,NA,NA,NA
NA,NA,NA,NA,11.383333333333301,NA,NA,NA,NA,NA,NA
NA,NA,NA,NA,11.9333333333333,NA,NA,NA,NA,NA,NA
NA,NA,NA,NA,12.6583333333333,NA,NA,NA,NA,NA,NA
NA,NA,NA,NA,13.125,NA,NA,NA,NA,NA,NA
NA,NA,NA,NA,13.1666666666667,NA,NA,NA,NA,NA,NA
NA,NA,NA,NA,12.875,NA,NA,NA,NA,NA,NA
NA,NA,NA,NA,12.6166666666667,NA,NA,NA,NA,NA,NA
NA,NA,NA,NA,12.5333333333333,NA,NA,NA,NA,NA,NA
NA,NA,NA,NA,12.825,NA,NA,NA,NA,NA,NA
NA,NA,NA,NA,13.6666666666667,NA,NA,NA,NA,NA,NA
NA,NA,NA,NA,14.4083333333333,NA,NA,NA,NA,NA,NA
NA,NA,NA,NA,14.8,NA,NA,NA,NA,NA,NA
NA,NA,NA,NA,14.7166666666667,NA,NA,NA,NA,NA,NA
NA,NA,NA,NA,14.2916666666667,NA,NA,NA,NA,NA,NA
NA,NA,NA,NA,13.9666666666667,NA,NA,NA,NA,NA,NA
NA,NA,NA,NA,13.8,NA,NA,NA,NA,NA,NA
NA,NA,NA,NA,13.975,NA,NA,NA,NA,NA,NA
NA,NA,NA,NA,14.6583333333333,NA,NA,NA,NA,NA,NA
NA,NA,NA,NA,15.275,NA,NA,NA,NA,NA,NA
NA,NA,NA,NA,15.5666666666667,NA,NA,NA,NA,NA,NA
NA,NA,NA,NA,15.45,NA,NA,NA,NA,NA,NA
NA,NA,NA,NA,15.05,NA,NA,NA,NA,NA,NA
NA,NA,NA,NA,14.625,NA,NA,NA,NA,NA,NA
NA,NA,NA,NA,14.3916666666667,NA,NA,NA,NA,NA,NA
NA,NA,NA,NA,14.575,NA,NA,NA,NA,NA,NA
NA,NA,NA,NA,15.3083333333333,NA,NA,NA,NA,NA,NA
NA,NA,NA,NA,15.7833333333333,NA,NA,NA,NA,NA,NA
NA,NA,NA,NA,15.9583333333333,NA,NA,NA,NA,NA,NA
NA,NA,NA,NA,15.7833333333333,NA,NA,NA,NA,NA,NA
NA,NA,NA,NA,15.3083333333333,NA,NA,NA,NA,NA,NA
NA,NA,NA,NA,15.008333333333301,NA,NA,NA,NA,NA,NA
NA,NA,NA,NA,14.8083333333333,NA,NA,NA,NA,NA,NA
NA,NA,NA,NA,14.5833333333333,NA,NA,NA,NA,NA,NA
NA,NA,NA,NA,14.525,NA,NA,NA,NA,NA,NA
NA,NA,NA,NA,14.4833333333333,NA,NA,NA,NA,NA,NA
NA,NA,NA,NA,14.3166666666667,NA,NA,NA,NA,NA,NA
NA,NA,NA,NA,13.975,NA,NA,NA,NA,NA,NA
NA,NA,NA,NA,13.6083333333333,NA,NA,NA,NA,NA,NA
NA,NA,NA,NA,13.258333333333301,NA,NA,NA,NA,NA,NA
NA,NA,NA,NA,13.008333333333301,NA,NA,NA,NA,NA,NA
NA,NA,NA,NA,12.9083333333333,NA,NA,NA,NA,NA,NA
NA,NA,NA,NA,13.0583333333333,NA,NA,NA,NA,NA,NA
NA,NA,NA,NA,13.2916666666667,NA,NA,NA,NA,NA,NA
NA,NA,NA,NA,13.2416666666667,NA,NA,NA,NA,NA,NA
NA,NA,NA,NA,13.1083333333333,NA,NA,NA,NA,NA,NA
NA,NA,NA,NA,12.8416666666667,NA,NA,NA,NA,NA,NA
NA,NA,NA,NA,12.5416666666667,NA,NA,NA,NA,NA,NA
NA,NA,NA,NA,12.4,NA,NA,NA,NA,NA,NA
NA,NA,NA,NA,12.425,NA,NA,NA,NA,NA,NA
NA,NA,NA,NA,12.7416666666667,NA,NA,NA,NA,NA,NA
NA,NA,NA,NA,13.0583333333333,NA,NA,NA,NA,NA,NA
NA,NA,NA,NA,13.1,NA,NA,NA,NA,NA,NA
NA,NA,NA,NA,13.0416666666667,NA,NA,NA,NA,NA,NA
NA,NA,NA,NA,12.8083333333333,NA,NA,NA,NA,NA,NA
NA,NA,NA,NA,12.5333333333333,NA,NA,NA,NA,NA,NA
NA,NA,NA,NA,12.5,NA,NA,NA,NA,NA,NA
NA,NA,NA,NA,12.5416666666667,NA,NA,NA,NA,NA,NA
NA,NA,NA,NA,12.825,NA,NA,NA,NA,NA,NA
NA,NA,NA,NA,13.1666666666667,NA,NA,NA,NA,NA,NA
NA,NA,NA,NA,13.3166666666667,NA,NA,NA,NA,NA,NA
NA,NA,NA,NA,13.3166666666667,NA,NA,NA,NA,NA,NA
NA,NA,NA,NA,13.133333333333301,NA,NA,NA,NA,NA,NA
NA,NA,NA,NA,13.008333333333301,NA,NA,NA,NA,NA,NA
NA,NA,NA,NA,12.875,NA,NA,NA,NA,NA,NA
NA,NA,NA,NA,12.8,NA,NA,NA,NA,NA,NA
NA,NA,NA,NA,12.8916666666667,NA,NA,NA,NA,NA,NA
NA,NA,NA,NA,12.9416666666667,NA,NA,NA,NA,NA,NA
NA,NA,NA,NA,12.7666666666667,NA,NA,NA,NA,NA,NA
NA,NA,NA,NA,12.525,NA,NA,NA,NA,NA,NA
NA,NA,NA,NA,12.275,NA,NA,NA,NA,NA,NA
NA,NA,NA,NA,12.025,NA,NA,NA,NA,NA,NA
NA,NA,NA,NA,11.825,NA,NA,NA,NA,NA,NA
NA,NA,NA,NA,11.7666666666667,NA,NA,NA,NA,NA,NA
NA,NA,NA,NA,11.85,NA,NA,NA,NA,NA,NA
NA,NA,NA,NA,11.9833333333333,NA,NA,NA,NA,NA,NA
NA,NA,NA,NA,11.95,NA,NA,NA,NA,NA,NA
NA,NA,NA,NA,11.7083333333333,NA,NA,NA,NA,NA,NA
NA,NA,NA,NA,11.475,NA,NA,NA,NA,NA,NA
NA,NA,NA,NA,11.175,NA,NA,NA,NA,NA,NA
NA,NA,NA,NA,10.9416666666667,NA,NA,NA,NA,NA,NA
NA,NA,NA,NA,11.0583333333333,NA,NA,NA,NA,NA,NA
NA,NA,NA,NA,11.7333333333333,NA,NA,NA,NA,NA,NA
NA,NA,NA,NA,12.4666666666667,NA,NA,NA,NA,NA,NA
NA,NA,NA,NA,12.8666666666667,NA,NA,NA,NA,NA,NA
NA,NA,NA,NA,12.825,NA,NA,NA,NA,NA,NA
NA,NA,NA,NA,12.3416666666667,NA,NA,NA,NA,NA,NA
NA,NA,NA,NA,12.0583333333333,NA,NA,NA,NA,NA,NA
NA,NA,NA,NA,11.85,NA,NA,NA,NA,NA,NA
NA,NA,NA,NA,11.9666666666667,NA,NA,NA,NA,NA,NA
NA,NA,NA,NA,12.7916666666667,NA,NA,NA,NA,NA,NA
NA,NA,NA,NA,13.5166666666667,NA,NA,NA,NA,NA,NA
NA,NA,NA,NA,13.9,NA,NA,NA,NA,NA,NA
NA,NA,NA,NA,13.875,NA,NA,NA,NA,NA,NA
NA,NA,NA,NA,13.45,NA,NA,NA,NA,NA,NA
NA,NA,NA,NA,12.9666666666667,NA,NA,NA,NA,NA,NA
NA,NA,NA,NA,12.6833333333333,NA,NA,NA,NA,NA,NA
NA,NA,NA,NA,12.8,NA,NA,NA,NA,NA,NA
NA,NA,NA,NA,13.35,NA,NA,NA,NA,NA,NA
NA,NA,NA,NA,14.0333333333333,NA,NA,NA,NA,NA,NA
NA,NA,NA,NA,14.3083333333333,NA,NA,NA,NA,NA,NA
NA,NA,NA,NA,14.3583333333333,NA,NA,NA,NA,NA,NA
NA,NA,NA,NA,13.9833333333333,NA,NA,NA,NA,NA,NA
NA,NA,NA,NA,13.5416666666667,NA,NA,NA,NA,NA,NA
NA,NA,NA,NA,13.2416666666667,NA,NA,NA,NA,NA,NA
NA,NA,NA,NA,13.4416666666667,NA,NA,NA,NA,NA,NA
NA,NA,NA,NA,14.2916666666667,NA,NA,NA,NA,NA,NA
NA,NA,NA,NA,15.0333333333333,NA,NA,NA,NA,NA,NA
NA,NA,NA,NA,15.3,NA,NA,NA,NA,NA,NA
NA,NA,NA,NA,15.15,NA,NA,NA,NA,NA,NA
NA,NA,NA,NA,14.7416666666667,NA,NA,NA,NA,NA,NA
NA,NA,NA,NA,14.3333333333333,NA,NA,NA,NA,NA,NA
NA,NA,NA,NA,14.075,NA,NA,NA,NA,NA,NA
NA,NA,NA,NA,14.1916666666667,NA,NA,NA,NA,NA,NA
NA,NA,NA,NA,14.9333333333333,NA,NA,NA,NA,NA,NA
NA,NA,NA,NA,15.508333333333301,NA,NA,NA,NA,NA,NA
NA,NA,NA,NA,15.8583333333333,NA,NA,NA,NA,NA,NA
NA,NA,NA,NA,15.9416666666667,NA,NA,NA,NA,NA,NA
NA,NA,NA,NA,15.475,NA,NA,NA,NA,NA,NA
NA,NA,NA,NA,14.8416666666667,NA,NA,NA,NA,NA,NA
NA,NA,NA,NA,14.45,NA,NA,NA,NA,NA,NA
NA,NA,NA,NA,14.633333333333301,NA,NA,NA,NA,NA,NA
NA,NA,NA,NA,15.475,NA,NA,NA,NA,NA,NA
NA,NA,NA,NA,16.0916666666667,NA,NA,NA,NA,NA,NA
NA,NA,NA,NA,16.3333333333333,NA,NA,NA,NA,NA,NA
NA,NA,NA,NA,16.3545454545455,NA,NA,NA,NA,NA,NA
NA,NA,NA,NA,15.9833333333333,NA,NA,NA,NA,NA,NA
NA,NA,NA,NA,15.3666666666667,NA,NA,NA,NA,NA,NA
NA,NA,NA,NA,14.95,NA,NA,NA,NA,NA,NA
NA,NA,NA,NA,15.0583333333333,NA,NA,NA,NA,NA,NA
NA,NA,NA,NA,15.8,NA,NA,NA,NA,NA,NA
NA,NA,NA,NA,16.4333333333333,NA,NA,NA,NA,NA,NA
NA,NA,NA,NA,16.6666666666667,NA,NA,NA,NA,NA,NA
NA,NA,NA,NA,16.775,NA,NA,NA,NA,NA,NA
NA,NA,NA,NA,16.475,NA,NA,NA,NA,NA,NA
NA,NA,NA,NA,15.9333333333333,NA,NA,NA,NA,NA,NA
NA,NA,NA,NA,15.625,NA,NA,NA,NA,NA,NA
NA,NA,NA,NA,15.65,NA,NA,NA,NA,NA,NA
NA,NA,NA,NA,15.8916666666667,NA,NA,NA,NA,NA,NA
NA,NA,NA,NA,16.0666666666667,NA,NA,NA,NA,NA,NA
NA,NA,NA,NA,16.0666666666667,NA,NA,NA,NA,NA,NA
NA,NA,NA,NA,15.95,NA,NA,NA,NA,NA,NA
NA,NA,NA,NA,15.8166666666667,NA,NA,NA,NA,NA,NA
NA,NA,NA,NA,15.5166666666667,NA,NA,NA,NA,NA,NA
NA,NA,NA,NA,15.1416666666667,NA,NA,NA,NA,NA,NA
NA,NA,NA,NA,14.8083333333333,NA,NA,NA,NA,NA,NA
NA,NA,NA,NA,14.633333333333301,NA,NA,NA,NA,NA,NA
NA,NA,NA,NA,14.65,NA,NA,NA,NA,NA,NA
NA,NA,NA,NA,14.7,NA,NA,NA,NA,NA,NA
NA,NA,NA,NA,14.7083333333333,NA,NA,NA,NA,NA,NA
NA,NA,NA,NA,14.3666666666667,NA,NA,NA,NA,NA,NA
NA,NA,NA,NA,14.1,NA,NA,NA,NA,NA,NA
NA,NA,NA,NA,13.9,NA,NA,NA,NA,NA,NA
NA,NA,NA,NA,13.8166666666667,NA,NA,NA,NA,NA,NA
NA,NA,NA,NA,14.075,NA,NA,NA,NA,NA,NA
NA,NA,NA,NA,14.4166666666667,NA,NA,NA,NA,NA,NA
NA,NA,NA,NA,14.5916666666667,NA,NA,NA,NA,NA,NA
NA,NA,NA,NA,14.6,NA,NA,NA,NA,NA,NA
NA,NA,NA,NA,14.4083333333333,NA,NA,NA,NA,NA,NA
NA,NA,NA,NA,14.0583333333333,NA,NA,NA,NA,NA,NA
NA,NA,NA,NA,13.9,NA,NA,NA,NA,NA,NA
NA,NA,NA,NA,14.0166666666667,NA,NA,NA,NA,NA,NA
NA,NA,NA,NA,14.2833333333333,NA,NA,NA,NA,NA,NA
NA,NA,NA,NA,14.633333333333301,NA,NA,NA,NA,NA,NA
NA,NA,NA,NA,14.8083333333333,NA,NA,NA,NA,NA,NA
NA,NA,NA,NA,14.6583333333333,NA,NA,NA,NA,NA,NA
NA,NA,NA,NA,14.3083333333333,NA,NA,NA,NA,NA,NA
NA,NA,NA,NA,13.9166666666667,NA,NA,NA,NA,NA,NA
NA,NA,NA,NA,13.575,NA,NA,NA,NA,NA,NA
NA,NA,NA,NA,13.6916666666667,NA,NA,NA,NA,NA,NA
NA,NA,NA,NA,14.45,NA,NA,NA,NA,NA,NA
NA,NA,NA,NA,15.0333333333333,NA,NA,NA,NA,NA,NA
NA,NA,NA,NA,15.3666666666667,NA,NA,NA,NA,NA,NA
NA,NA,NA,NA,15.5,NA,NA,NA,NA,NA,NA
NA,NA,NA,NA,15.258333333333301,NA,NA,NA,NA,NA,NA
NA,NA,NA,NA,14.7666666666667,NA,NA,NA,NA,NA,NA
NA,NA,NA,NA,14.4166666666667,NA,NA,NA,NA,NA,NA
NA,NA,NA,NA,14.525,NA,NA,NA,NA,NA,NA
NA,NA,NA,NA,14.9,NA,NA,NA,NA,NA,NA
NA,NA,NA,NA,15.2333333333333,NA,NA,NA,NA,NA,NA
NA,NA,NA,NA,15.275,NA,NA,NA,NA,NA,NA
NA,NA,NA,NA,15.275,NA,NA,NA,NA,NA,NA
NA,NA,NA,NA,15.2416666666667,NA,NA,NA,NA,NA,NA
NA,NA,NA,NA,15.0666666666667,NA,NA,NA,NA,NA,NA
NA,NA,NA,NA,14.7916666666667,NA,NA,NA,NA,NA,NA
NA,NA,NA,NA,14.6916666666667,NA,NA,NA,NA,NA,NA
NA,NA,NA,NA,14.7833333333333,NA,NA,NA,NA,NA,NA
NA,NA,NA,NA,14.7083333333333,NA,NA,NA,NA,NA,NA
NA,NA,NA,NA,14.7833333333333,NA,NA,NA,NA,NA,NA
NA,NA,NA,NA,14.6,NA,NA,NA,NA,NA,NA
NA,NA,NA,NA,14.325,NA,NA,NA,NA,NA,NA
NA,NA,NA,NA,14.0583333333333,NA,NA,NA,NA,NA,NA
NA,NA,NA,NA,13.8,NA,NA,NA,NA,NA,NA
NA,NA,NA,NA,13.775,NA,NA,NA,NA,NA,NA
NA,NA,NA,NA,14.2166666666667,NA,NA,NA,NA,NA,NA
NA,NA,NA,NA,14.8,NA,NA,NA,NA,NA,NA
NA,NA,NA,NA,15,NA,NA,NA,NA,NA,NA
NA,NA,NA,NA,14.9666666666667,NA,NA,NA,NA,NA,NA
NA,NA,NA,NA,14.65,NA,NA,NA,NA,NA,NA
NA,NA,NA,NA,14.2666666666667,NA,NA,NA,NA,NA,NA
NA,NA,NA,NA,14.2166666666667,NA,NA,NA,NA,NA,NA
NA,NA,NA,NA,14.3916666666667,NA,NA,NA,NA,NA,NA
NA,NA,NA,NA,14.6083333333333,NA,NA,NA,NA,NA,NA
NA,NA,NA,NA,14.883333333333301,NA,NA,NA,NA,NA,NA
NA,NA,NA,NA,14.9416666666667,NA,NA,NA,NA,NA,NA
NA,NA,NA,NA,14.85,NA,NA,NA,NA,NA,NA
NA,NA,NA,NA,14.5833333333333,NA,NA,NA,NA,NA,NA
NA,NA,NA,NA,14.3,NA,NA,NA,NA,NA,NA
NA,NA,NA,NA,14.1166666666667,NA,NA,NA,NA,NA,NA
NA,NA,NA,NA,14.075,NA,NA,NA,NA,NA,NA
NA,NA,NA,NA,14.35,NA,NA,NA,NA,NA,NA
NA,NA,NA,NA,14.8583333333333,NA,NA,NA,NA,NA,NA
NA,NA,NA,NA,14.9916666666667,NA,NA,NA,NA,NA,NA
NA,NA,NA,NA,14.8166666666667,NA,NA,NA,NA,NA,NA
NA,NA,NA,NA,14.4166666666667,NA,NA,NA,NA,NA,NA
NA,NA,NA,NA,14.1416666666667,NA,NA,NA,NA,NA,NA
NA,NA,NA,NA,13.95,NA,NA,NA,NA,NA,NA
NA,NA,NA,NA,14.0416666666667,NA,NA,NA,NA,NA,NA
NA,NA,NA,NA,14.625,NA,NA,NA,NA,NA,NA
NA,NA,NA,NA,15.3083333333333,NA,NA,NA,NA,NA,NA
NA,NA,NA,NA,15.8166666666667,NA,NA,NA,NA,NA,NA
NA,NA,NA,NA,15.7,NA,NA,NA,NA,NA,NA
NA,NA,NA,NA,15.1833333333333,NA,NA,NA,NA,NA,NA
NA,NA,NA,NA,14.8416666666667,NA,NA,NA,NA,NA,NA
NA,NA,NA,NA,14.7166666666667,NA,NA,NA,NA,NA,NA
NA,NA,NA,NA,14.8083333333333,NA,NA,NA,NA,NA,NA
NA,NA,NA,NA,15.1583333333333,NA,NA,NA,NA,NA,NA
NA,NA,NA,NA,15.6666666666667,NA,NA,NA,NA,NA,NA
NA,NA,NA,NA,15.9833333333333,NA,NA,NA,NA,NA,NA
NA,NA,NA,NA,16.0833333333333,NA,NA,NA,NA,NA,NA
NA,NA,NA,NA,15.8083333333333,NA,NA,NA,NA,NA,NA
NA,NA,NA,NA,15.4083333333333,NA,NA,NA,NA,NA,NA
NA,NA,NA,NA,15.1416666666667,NA,NA,NA,NA,NA,NA
NA,NA,NA,NA,15.1083333333333,NA,NA,NA,NA,NA,NA
NA,NA,NA,NA,15.2416666666667,NA,NA,NA,NA,NA,NA
NA,NA,NA,NA,15.6166666666667,NA,NA,NA,NA,NA,NA
NA,NA,NA,NA,15.775,NA,NA,NA,NA,NA,NA
NA,NA,NA,NA,15.625,NA,NA,NA,NA,NA,NA
NA,NA,NA,NA,15.1916666666667,NA,NA,NA,NA,NA,NA
NA,NA,NA,NA,14.6916666666667,NA,NA,NA,NA,NA,NA
NA,NA,NA,NA,14.3916666666667,NA,NA,NA,NA,NA,NA
NA,NA,NA,NA,14.35,NA,NA,NA,NA,NA,NA
NA,NA,NA,NA,14.4916666666667,NA,NA,NA,NA,NA,NA
NA,NA,NA,NA,14.6916666666667,NA,NA,NA,NA,NA,NA
NA,NA,NA,NA,14.7833333333333,NA,NA,NA,NA,NA,NA
NA,NA,NA,NA,14.5666666666667,NA,NA,NA,NA,NA,NA
NA,NA,NA,NA,14.2666666666667,NA,NA,NA,NA,NA,NA
NA,NA,NA,NA,14.075,NA,NA,NA,NA,NA,NA
NA,NA,NA,NA,13.9166666666667,NA,NA,NA,NA,NA,NA
NA,NA,NA,NA,13.9583333333333,NA,NA,NA,NA,NA,NA
NA,NA,NA,NA,14.1083333333333,NA,NA,NA,NA,NA,NA
NA,NA,NA,NA,14.3416666666667,NA,NA,NA,NA,NA,NA
NA,NA,NA,NA,14.4833333333333,NA,NA,NA,NA,NA,NA
NA,NA,NA,NA,14.375,NA,NA,NA,NA,NA,NA
NA,NA,NA,NA,14.15,NA,NA,NA,NA,NA,NA
NA,NA,NA,NA,14,NA,NA,NA,NA,NA,NA
NA,NA,NA,NA,14.0666666666667,NA,NA,NA,NA,NA,NA
NA,NA,NA,NA,14.133333333333301,NA,NA,NA,NA,NA,NA
NA,NA,NA,NA,14.475,NA,NA,NA,NA,NA,NA
NA,NA,NA,NA,14.85,NA,NA,NA,NA,NA,NA
NA,NA,NA,NA,14.8666666666667,NA,NA,NA,NA,NA,NA
NA,NA,NA,NA,14.5916666666667,NA,NA,NA,NA,NA,NA
NA,NA,NA,NA,14.3083333333333,NA,NA,NA,NA,NA,NA
NA,NA,NA,NA,14.15,NA,NA,NA,NA,NA,NA
NA,NA,NA,NA,14.0333333333333,NA,NA,NA,NA,NA,NA
NA,NA,NA,NA,14,NA,NA,NA,NA,NA,NA
NA,NA,NA,NA,14.133333333333301,NA,NA,NA,NA,NA,NA
NA,NA,NA,NA,14.425,NA,NA,NA,NA,NA,NA
NA,NA,NA,NA,14.5416666666667,NA,NA,NA,NA,NA,NA
NA,NA,NA,NA,14.3583333333333,NA,NA,NA,NA,NA,NA
NA,NA,NA,NA,14.3,NA,NA,NA,NA,NA,NA
NA,NA,NA,NA,14.45,NA,NA,NA,NA,NA,NA
NA,NA,NA,NA,14.5,NA,NA,NA,NA,NA,NA
NA,NA,NA,NA,14.508333333333301,NA,NA,NA,NA,NA,NA
NA,NA,NA,NA,14.6416666666667,NA,NA,NA,NA,NA,NA
NA,NA,NA,NA,15.1083333333333,NA,NA,NA,NA,NA,NA
NA,NA,NA,NA,15.8166666666667,NA,NA,NA,NA,NA,NA
NA,NA,NA,NA,15.8083333333333,NA,NA,NA,NA,NA,NA
NA,NA,NA,NA,15.65,NA,NA,NA,NA,NA,NA
NA,NA,NA,NA,15.3666666666667,NA,NA,NA,NA,NA,NA
NA,NA,NA,NA,15.1083333333333,NA,NA,NA,NA,NA,NA
NA,NA,NA,NA,14.95,NA,NA,NA,NA,NA,NA
NA,NA,NA,NA,14.9,NA,NA,NA,NA,NA,NA
NA,NA,NA,NA,14.9583333333333,NA,NA,NA,NA,NA,NA
NA,NA,NA,NA,15,NA,NA,NA,NA,NA,NA
NA,NA,NA,NA,14.8666666666667,NA,NA,NA,NA,NA,NA
NA,NA,NA,NA,14.575,NA,NA,NA,NA,NA,NA
NA,NA,NA,NA,14.258333333333301,NA,NA,NA,NA,NA,NA
NA,NA,NA,NA,13.9166666666667,NA,NA,NA,NA,NA,NA
NA,NA,NA,NA,13.7166666666667,NA,NA,NA,NA,NA,NA
NA,NA,NA,NA,13.975,NA,NA,NA,NA,NA,NA
NA,NA,NA,NA,14.4,NA,NA,NA,NA,NA,NA
NA,NA,NA,NA,14.6083333333333,NA,NA,NA,NA,NA,NA
NA,NA,NA,NA,14.475,NA,NA,NA,NA,NA,NA
NA,NA,NA,NA,14.175,NA,NA,NA,NA,NA,NA
NA,NA,NA,NA,13.9083333333333,NA,NA,NA,NA,NA,NA
NA,NA,NA,NA,13.6583333333333,NA,NA,NA,NA,NA,NA
NA,NA,NA,NA,13.6666666666667,NA,NA,NA,NA,NA,NA
NA,NA,NA,NA,13.758333333333301,NA,NA,NA,NA,NA,NA
NA,NA,NA,NA,13.7833333333333,NA,NA,NA,NA,NA,NA
NA,NA,NA,NA,13.775,NA,NA,NA,NA,NA,NA
NA,NA,NA,NA,13.7083333333333,NA,NA,NA,NA,NA,NA
NA,NA,NA,NA,13.5916666666667,NA,NA,NA,NA,NA,NA
NA,NA,NA,NA,13.4583333333333,NA,NA,NA,NA,NA,NA
NA,NA,NA,NA,13.375,NA,NA,NA,NA,NA,NA
NA,NA,NA,NA,13.4916666666667,NA,NA,NA,NA,NA,NA
NA,NA,NA,NA,13.9833333333333,NA,NA,NA,NA,NA,NA
NA,NA,NA,NA,14.6166666666667,NA,NA,NA,NA,NA,NA
NA,NA,NA,NA,14.9,NA,NA,NA,NA,NA,NA
NA,NA,NA,NA,14.8666666666667,NA,NA,NA,NA,NA,NA
NA,NA,NA,NA,14.5833333333333,NA,NA,NA,NA,NA,NA
NA,NA,NA,NA,14.3583333333333,NA,NA,NA,NA,NA,NA
NA,NA,NA,NA,14.1666666666667,NA,NA,NA,NA,NA,NA
NA,NA,NA,NA,14.2,NA,NA,NA,NA,NA,NA
NA,NA,NA,NA,14.6583333333333,NA,NA,NA,NA,NA,NA
NA,NA,NA,NA,15.2416666666667,NA,NA,NA,NA,NA,NA
NA,NA,NA,NA,15.4,NA,NA,NA,NA,NA,NA
NA,NA,NA,NA,15.3583333333333,NA,NA,NA,NA,NA,NA
NA,NA,NA,NA,15.05,NA,NA,NA,NA,NA,NA
NA,NA,NA,NA,14.7,NA,NA,NA,NA,NA,NA
NA,NA,NA,NA,14.383333333333301,NA,NA,NA,NA,NA,NA
NA,NA,NA,NA,14.425,NA,NA,NA,NA,NA,NA
NA,NA,NA,NA,14.975,NA,NA,NA,NA,NA,NA
NA,NA,NA,NA,15.633333333333301,NA,NA,NA,NA,NA,NA
NA,NA,NA,NA,15.9,NA,NA,NA,NA,NA,NA
NA,NA,NA,NA,15.8166666666667,NA,NA,NA,NA,NA,NA
NA,NA,NA,NA,15.4833333333333,NA,NA,NA,NA,NA,NA
NA,NA,NA,NA,15.2083333333333,NA,NA,NA,NA,NA,NA
NA,NA,NA,NA,14.9666666666667,NA,NA,NA,NA,NA,NA
NA,NA,NA,NA,15.0166666666667,NA,NA,NA,NA,NA,NA
NA,NA,NA,NA,15.5916666666667,NA,NA,NA,NA,NA,NA
NA,NA,NA,NA,16.1666666666667,NA,NA,NA,NA,NA,NA
NA,NA,NA,NA,16.3916666666667,NA,NA,NA,NA,NA,NA
NA,NA,NA,NA,16.15,NA,NA,NA,NA,NA,NA
NA,NA,NA,NA,15.7166666666667,NA,NA,NA,NA,NA,NA
NA,NA,NA,NA,15.383333333333301,NA,NA,NA,NA,NA,NA
NA,NA,NA,NA,15.1083333333333,NA,NA,NA,NA,NA,NA
NA,NA,NA,NA,15.1166666666667,NA,NA,NA,NA,NA,NA
NA,NA,NA,NA,15.55,NA,NA,NA,NA,NA,NA
NA,NA,NA,NA,16.025,NA,NA,NA,NA,NA,NA
NA,NA,NA,NA,16.1833333333333,NA,NA,NA,NA,NA,NA
NA,NA,NA,NA,15.925,NA,NA,NA,NA,NA,NA
NA,NA,NA,NA,15.4833333333333,NA,NA,NA,NA,NA,NA
NA,NA,NA,NA,15.008333333333301,NA,NA,NA,NA,NA,NA
NA,NA,NA,NA,14.7,NA,NA,NA,NA,NA,NA
NA,NA,NA,NA,14.6,NA,NA,NA,NA,NA,NA
NA,NA,NA,NA,14.6666666666667,NA,NA,NA,NA,NA,NA
NA,NA,NA,NA,14.9083333333333,NA,NA,NA,NA,NA,NA
NA,NA,NA,NA,14.9416666666667,NA,NA,NA,NA,NA,NA
NA,NA,NA,NA,14.65,NA,NA,NA,NA,NA,NA
NA,NA,NA,NA,14.1833333333333,NA,NA,NA,NA,NA,NA
NA,NA,NA,NA,13.75,NA,NA,NA,NA,NA,NA
NA,NA,NA,NA,13.425,NA,NA,NA,NA,NA,NA
NA,NA,NA,NA,13.45,NA,NA,NA,NA,NA,NA
NA,NA,NA,NA,13.7083333333333,NA,NA,NA,NA,NA,NA
NA,NA,NA,NA,14.275,NA,NA,NA,NA,NA,NA
NA,NA,NA,NA,14.4833333333333,NA,NA,NA,NA,NA,NA
NA,NA,NA,NA,14.258333333333301,NA,NA,NA,NA,NA,NA
NA,NA,NA,NA,13.8916666666667,NA,NA,NA,NA,NA,NA
NA,NA,NA,NA,13.4666666666667,NA,NA,NA,NA,NA,NA
NA,NA,NA,NA,13.2333333333333,NA,NA,NA,NA,NA,NA
NA,NA,NA,NA,13.25,NA,NA,NA,NA,NA,NA
NA,NA,NA,NA,13.6583333333333,NA,NA,NA,NA,NA,NA
NA,NA,NA,NA,13.9666666666667,NA,NA,NA,NA,NA,NA
NA,NA,NA,NA,14.2416666666667,NA,NA,NA,NA,NA,NA
NA,NA,NA,NA,14.0916666666667,NA,NA,NA,NA,NA,NA
NA,NA,NA,NA,13.7666666666667,NA,NA,NA,NA,NA,NA
NA,NA,NA,NA,13.375,NA,NA,NA,NA,NA,NA
NA,NA,NA,NA,13.1416666666667,NA,NA,NA,NA,NA,NA
NA,NA,NA,NA,13.1083333333333,NA,NA,NA,NA,NA,NA
NA,NA,NA,NA,13.3083333333333,NA,NA,NA,NA,NA,NA
NA,NA,NA,NA,13.4666666666667,NA,NA,NA,NA,NA,NA
NA,NA,NA,NA,13.5583333333333,NA,NA,NA,NA,NA,NA
NA,NA,NA,NA,13.4,NA,NA,NA,NA,NA,NA
NA,NA,NA,NA,13.1916666666667,NA,NA,NA,NA,NA,NA
NA,NA,NA,NA,13.075,NA,NA,NA,NA,NA,NA
NA,NA,NA,NA,13,NA,NA,NA,NA,NA,NA
NA,NA,NA,NA,13.075,NA,NA,NA,NA,NA,NA
NA,NA,NA,NA,13.575,NA,NA,NA,NA,NA,NA
NA,NA,NA,NA,14.2416666666667,NA,NA,NA,NA,NA,NA
NA,NA,NA,NA,14.425,NA,NA,NA,NA,NA,NA
NA,NA,NA,NA,14.475,NA,NA,NA,NA,NA,NA
NA,NA,NA,NA,14.1083333333333,NA,NA,NA,NA,NA,NA
NA,NA,NA,NA,13.825,NA,NA,NA,NA,NA,NA
NA,NA,NA,NA,13.6166666666667,NA,NA,NA,NA,NA,NA
NA,NA,NA,NA,13.7083333333333,NA,NA,NA,NA,NA,NA
NA,NA,NA,NA,14.3083333333333,NA,NA,NA,NA,NA,NA
NA,NA,NA,NA,14.85,NA,NA,NA,NA,NA,NA
NA,NA,NA,NA,15.0833333333333,NA,NA,NA,NA,NA,NA
NA,NA,NA,NA,15.05,NA,NA,NA,NA,NA,NA
NA,NA,NA,NA,14.875,NA,NA,NA,NA,NA,NA
NA,NA,NA,NA,14.7,NA,NA,NA,NA,NA,NA
NA,NA,NA,NA,14.6,NA,NA,NA,NA,NA,NA
NA,NA,NA,NA,14.758333333333301,NA,NA,NA,NA,NA,NA
NA,NA,NA,NA,15.125,NA,NA,NA,NA,NA,NA
NA,NA,NA,NA,15.6583333333333,NA,NA,NA,NA,NA,NA
NA,NA,NA,NA,15.9166666666667,NA,NA,NA,NA,NA,NA
NA,NA,NA,NA,16.0833333333333,NA,NA,NA,NA,NA,NA
NA,NA,NA,NA,15.85,NA,NA,NA,NA,NA,NA
NA,NA,NA,NA,15.4333333333333,NA,NA,NA,NA,NA,NA
NA,NA,NA,NA,15.2416666666667,NA,NA,NA,NA,NA,NA
NA,NA,NA,NA,15.4583333333333,NA,NA,NA,NA,NA,NA
NA,NA,NA,NA,16.2666666666667,NA,NA,NA,NA,NA,NA
NA,NA,NA,NA,17.0833333333333,NA,NA,NA,NA,NA,NA
NA,NA,NA,NA,17.425,NA,NA,NA,NA,NA,NA
NA,NA,NA,NA,17.5,NA,NA,NA,NA,NA,NA
NA,NA,NA,NA,17.425,NA,NA,NA,NA,NA,NA
NA,NA,NA,NA,17.0916666666667,NA,NA,NA,NA,NA,NA
NA,NA,NA,NA,16.925,NA,NA,NA,NA,NA,NA
NA,NA,NA,NA,17,NA,NA,NA,NA,NA,NA
NA,NA,NA,NA,17.125,NA,NA,NA,NA,NA,NA
NA,NA,NA,NA,17.2,NA,NA,NA,NA,NA,NA
NA,NA,NA,NA,17.1916666666667,NA,NA,NA,NA,NA,NA
NA,NA,NA,NA,17.1,NA,NA,NA,NA,NA,NA
NA,NA,NA,NA,16.85,NA,NA,NA,NA,NA,NA
NA,NA,NA,NA,16.5416666666667,NA,NA,NA,NA,NA,NA
NA,NA,NA,NA,16.2916666666667,NA,NA,NA,NA,NA,NA
NA,NA,NA,NA,16.1666666666667,NA,NA,NA,NA,NA,NA
NA,NA,NA,NA,16.5833333333333,NA,NA,NA,NA,NA,NA
NA,NA,NA,NA,16.9166666666667,NA,NA,NA,NA,NA,NA
NA,NA,NA,NA,17.1666666666667,NA,NA,NA,NA,NA,NA
NA,NA,NA,NA,17.025,NA,NA,NA,NA,NA,NA
NA,NA,NA,NA,16.7833333333333,NA,NA,NA,NA,NA,NA
NA,NA,NA,NA,16.3833333333333,NA,NA,NA,NA,NA,NA
NA,NA,NA,NA,16.1916666666667,NA,NA,NA,NA,NA,NA
NA,NA,NA,NA,16.35,NA,NA,NA,NA,NA,NA
NA,NA,NA,NA,16.6666666666667,NA,NA,NA,NA,NA,NA
NA,NA,NA,NA,16.85,NA,NA,NA,NA,NA,NA
NA,NA,NA,NA,17.1,NA,NA,NA,NA,NA,NA
NA,NA,NA,NA,17.0583333333333,NA,NA,NA,NA,NA,NA
NA,NA,NA,NA,16.9416666666667,NA,NA,NA,NA,NA,NA
NA,NA,NA,NA,16.7,NA,NA,NA,NA,NA,NA
NA,NA,NA,NA,16.5,NA,NA,NA,NA,NA,NA
NA,NA,NA,NA,16.6166666666667,NA,NA,NA,NA,NA,NA
NA,NA,NA,NA,16.7333333333333,NA,NA,NA,NA,NA,NA
NA,NA,NA,NA,16.9416666666667,NA,NA,NA,NA,NA,NA
NA,NA,NA,NA,17.125,NA,NA,NA,NA,NA,NA
NA,NA,NA,NA,17.1,NA,NA,NA,NA,NA,NA
NA,NA,NA,NA,16.9333333333333,NA,NA,NA,NA,NA,NA
NA,NA,NA,NA,16.7083333333333,NA,NA,NA,NA,NA,NA
NA,NA,NA,NA,16.6,NA,NA,NA,NA,NA,NA
NA,NA,NA,NA,16.6833333333333,NA,NA,NA,NA,NA,NA
NA,NA,NA,NA,17.1,NA,NA,NA,NA,NA,NA
NA,NA,NA,NA,17.575,NA,NA,NA,NA,NA,NA
NA,NA,NA,NA,17.9,NA,NA,NA,NA,NA,NA
NA,NA,NA,NA,17.9083333333333,NA,NA,NA,NA,NA,NA
NA,NA,NA,NA,17.625,NA,NA,NA,NA,NA,NA
NA,NA,NA,NA,17.0583333333333,NA,NA,NA,NA,NA,NA
NA,NA,NA,NA,16.6166666666667,NA,NA,NA,NA,NA,NA
NA,NA,NA,NA,16.725,NA,NA,NA,NA,NA,NA
NA,NA,NA,NA,17.4166666666667,NA,NA,NA,NA,NA,NA
NA,NA,NA,NA,18.2083333333333,NA,NA,NA,NA,NA,NA
NA,NA,NA,NA,18.3083333333333,NA,NA,NA,NA,NA,NA
NA,NA,NA,NA,18.375,NA,NA,NA,NA,NA,NA
NA,NA,NA,NA,18.0666666666667,NA,NA,NA,NA,NA,NA
NA,NA,NA,NA,17.5416666666667,NA,NA,NA,NA,NA,NA
NA,NA,NA,NA,17.15,NA,NA,NA,NA,NA,NA
NA,NA,NA,NA,17.3,NA,NA,NA,NA,NA,NA
NA,NA,NA,NA,18.175,NA,NA,NA,NA,NA,NA
NA,NA,NA,NA,18.7833333333333,NA,NA,NA,NA,NA,NA
NA,NA,NA,NA,18.8916666666667,NA,NA,NA,NA,NA,NA
NA,NA,NA,NA,18.9333333333333,NA,NA,NA,NA,NA,NA
NA,NA,NA,NA,18.7583333333333,NA,NA,NA,NA,NA,NA
NA,NA,NA,NA,18.25,NA,NA,NA,NA,NA,NA
NA,NA,NA,NA,17.9083333333333,NA,NA,NA,NA,NA,NA
NA,NA,NA,NA,18.2083333333333,NA,NA,NA,NA,NA,NA
NA,NA,NA,NA,19.0833333333333,NA,NA,NA,NA,NA,NA
NA,NA,NA,NA,19.6,NA,NA,NA,NA,NA,NA
NA,NA,NA,NA,19.6083333333333,NA,NA,NA,NA,NA,NA
NA,NA,NA,NA,19.55,NA,NA,NA,NA,NA,NA
NA,NA,NA,NA,19.4333333333333,NA,NA,NA,NA,NA,NA
NA,NA,NA,NA,19.05,NA,NA,NA,NA,NA,NA
NA,NA,NA,NA,18.8166666666667,NA,NA,NA,NA,NA,NA
NA,NA,NA,NA,19.1166666666667,NA,NA,NA,NA,NA,NA
NA,NA,NA,NA,19.9,NA,NA,NA,NA,NA,NA
NA,NA,NA,NA,20.3416666666667,NA,NA,NA,NA,NA,NA
NA,NA,NA,NA,20.0083333333333,NA,NA,NA,NA,NA,NA
NA,NA,NA,NA,19.7333333333333,NA,NA,NA,NA,NA,NA
NA,NA,NA,NA,18.9333333333333,NA,NA,NA,NA,NA,NA
NA,NA,NA,NA,18.2,NA,NA,NA,NA,NA,NA
NA,NA,NA,NA,18.1,NA,NA,NA,NA,NA,NA
NA,NA,NA,NA,17.9416666666667,NA,NA,NA,NA,NA,NA
NA,NA,NA,NA,18.3333333333333,NA,NA,NA,NA,NA,NA
NA,NA,NA,NA,19.025,NA,NA,NA,NA,NA,NA
NA,NA,NA,NA,19.2583333333333,NA,NA,NA,NA,NA,NA
NA,NA,NA,NA,19.25,NA,NA,NA,NA,NA,NA
NA,NA,NA,NA,18.8416666666667,NA,NA,NA,NA,NA,NA
NA,NA,NA,NA,18.3416666666667,NA,NA,NA,NA,NA,NA
NA,NA,NA,NA,18.05,NA,NA,NA,NA,NA,NA
NA,NA,NA,NA,18.0416666666667,NA,NA,NA,NA,NA,NA
NA,NA,NA,NA,18.5083333333333,NA,NA,NA,NA,NA,NA
NA,NA,NA,NA,19.0333333333333,NA,NA,NA,NA,NA,NA
NA,NA,NA,NA,19.35,NA,NA,NA,NA,NA,NA
NA,NA,NA,NA,19.2333333333333,NA,NA,NA,NA,NA,NA
NA,NA,NA,NA,19.0333333333333,NA,NA,NA,NA,NA,NA
NA,NA,NA,NA,18.85,NA,NA,NA,NA,NA,NA
NA,NA,NA,NA,18.675,NA,NA,NA,NA,NA,NA
NA,NA,NA,NA,18.7916666666667,NA,NA,NA,NA,NA,NA
NA,NA,NA,NA,19.0583333333333,NA,NA,NA,NA,NA,NA
NA,NA,NA,NA,19.3333333333333,NA,NA,NA,NA,NA,NA
NA,NA,NA,NA,19.3083333333333,NA,NA,NA,NA,NA,NA
NA,NA,NA,NA,19.0333333333333,NA,NA,NA,NA,NA,NA
NA,NA,NA,NA,18.6416666666667,NA,NA,NA,NA,NA,NA
NA,NA,NA,NA,18.325,NA,NA,NA,NA,NA,NA
NA,NA,NA,NA,18,NA,NA,NA,NA,NA,NA
NA,NA,NA,NA,17.6,NA,NA,NA,NA,NA,NA
NA,NA,NA,NA,17.55,NA,NA,NA,NA,NA,NA
NA,NA,NA,NA,17.6416666666667,NA,NA,NA,NA,NA,NA
NA,NA,NA,NA,17.775,NA,NA,NA,NA,NA,NA
NA,NA,NA,NA,17.5416666666667,NA,NA,NA,NA,NA,NA
NA,NA,NA,NA,17.175,NA,NA,NA,NA,NA,NA
NA,NA,NA,NA,16.7916666666667,NA,NA,NA,NA,NA,NA
NA,NA,NA,NA,16.475,NA,NA,NA,NA,NA,NA
NA,NA,NA,NA,16.4333333333333,NA,NA,NA,NA,NA,NA
NA,NA,NA,NA,16.5166666666667,NA,NA,NA,NA,NA,NA
NA,NA,NA,NA,16.4916666666667,NA,NA,NA,NA,NA,NA
NA,NA,NA,NA,16.4,NA,NA,NA,NA,NA,NA
NA,NA,NA,NA,16.025,NA,NA,NA,NA,NA,NA
NA,NA,NA,NA,15.7111111111111,NA,NA,NA,NA,NA,NA
NA,NA,NA,NA,15.525,NA,NA,NA,NA,NA,NA
NA,NA,NA,NA,15.375,NA,NA,NA,NA,NA,NA
NA,NA,NA,NA,15.3416666666667,NA,NA,NA,NA,NA,NA
NA,NA,NA,NA,15.6166666666667,NA,NA,NA,NA,NA,NA
NA,NA,NA,NA,15.883333333333301,NA,NA,NA,NA,NA,NA
NA,NA,NA,NA,15.8333333333333,NA,NA,NA,NA,NA,NA
NA,NA,NA,NA,15.7083333333333,NA,NA,NA,NA,NA,NA
NA,NA,NA,NA,15.4333333333333,NA,NA,NA,NA,NA,NA
NA,NA,NA,NA,15.1583333333333,NA,NA,NA,NA,NA,NA
NA,NA,NA,NA,14.8916666666667,NA,NA,NA,NA,NA,NA
NA,NA,NA,NA,14.8,NA,NA,NA,NA,NA,NA
NA,NA,NA,NA,14.925,NA,NA,NA,NA,NA,NA
NA,NA,NA,NA,15.3333333333333,NA,NA,NA,NA,NA,NA
NA,NA,NA,NA,15.3,NA,NA,NA,NA,NA,NA
NA,NA,NA,NA,15.2416666666667,NA,NA,NA,NA,NA,NA
NA,NA,NA,NA,15.0166666666667,NA,NA,NA,NA,NA,NA
NA,NA,NA,NA,14.75,NA,NA,NA,NA,NA,NA
NA,NA,NA,NA,14.6166666666667,NA,NA,NA,NA,NA,NA
NA,NA,NA,NA,14.625,NA,NA,NA,NA,NA,NA
NA,NA,NA,NA,14.925,NA,NA,NA,NA,NA,NA
NA,NA,NA,NA,15.3666666666667,NA,NA,NA,NA,NA,NA
NA,NA,NA,NA,15.5833333333333,NA,NA,NA,NA,NA,NA
NA,NA,NA,NA,15.775,NA,NA,NA,NA,NA,NA
NA,NA,NA,NA,15.5916666666667,NA,NA,NA,NA,NA,NA
NA,NA,NA,NA,15.225,NA,NA,NA,NA,NA,NA
NA,NA,NA,NA,15.008333333333301,NA,NA,NA,NA,NA,NA
NA,NA,NA,NA,15.14,NA,NA,NA,NA,NA,NA
NA,NA,NA,NA,15.9818181818182,NA,NA,NA,NA,NA,NA
NA,NA,NA,NA,16.4083333333333,NA,NA,NA,NA,NA,NA
NA,NA,NA,NA,16.7333333333333,NA,NA,NA,NA,NA,NA
NA,NA,NA,NA,16.65,NA,NA,NA,NA,NA,NA
NA,NA,NA,NA,16.4166666666667,NA,NA,NA,NA,NA,NA
NA,NA,NA,NA,16.175,NA,NA,NA,NA,NA,NA
NA,NA,NA,NA,16.0166666666667,NA,NA,NA,NA,NA,NA
NA,NA,NA,NA,16.15,NA,NA,NA,NA,NA,NA
NA,NA,NA,NA,16.5083333333333,NA,NA,NA,NA,NA,NA
NA,NA,NA,NA,16.9333333333333,NA,NA,NA,NA,NA,NA
NA,NA,NA,NA,17.1,NA,NA,NA,NA,NA,NA
NA,NA,NA,NA,17,NA,NA,NA,NA,NA,NA
NA,NA,NA,NA,16.6083333333333,NA,NA,NA,NA,NA,NA
NA,NA,NA,NA,16.1166666666667,NA,NA,NA,NA,NA,NA
NA,NA,NA,NA,15.825,NA,NA,NA,NA,NA,NA
NA,NA,NA,NA,15.925,NA,NA,NA,NA,NA,NA
NA,NA,NA,NA,16.275,NA,NA,NA,NA,NA,NA
NA,NA,NA,NA,17.0083333333333,NA,NA,NA,NA,NA,NA
NA,NA,NA,NA,17.35,NA,NA,NA,NA,NA,NA
NA,NA,NA,NA,17.2666666666667,NA,NA,NA,NA,NA,NA
NA,NA,NA,NA,16.8083333333333,NA,NA,NA,NA,NA,NA
NA,NA,NA,NA,16.3416666666667,NA,NA,NA,NA,NA,NA
NA,NA,NA,NA,16.125,NA,NA,NA,NA,NA,NA
NA,NA,NA,NA,16.35,NA,NA,NA,NA,NA,NA
NA,NA,NA,NA,17.15,NA,NA,NA,NA,NA,NA
NA,NA,NA,NA,17.8416666666667,NA,NA,NA,NA,NA,NA
NA,NA,NA,NA,18.3666666666667,NA,NA,NA,NA,NA,NA
NA,NA,NA,NA,18.4833333333333,NA,NA,NA,NA,NA,NA
NA,NA,NA,NA,18.2916666666667,NA,NA,NA,NA,NA,NA
NA,NA,NA,NA,17.8166666666667,NA,NA,NA,NA,NA,NA
NA,NA,NA,NA,17.7,NA,NA,NA,NA,NA,NA
NA,NA,NA,NA,17.7583333333333,NA,NA,NA,NA,NA,NA
NA,NA,NA,NA,18.0833333333333,NA,NA,NA,NA,NA,NA
NA,NA,NA,NA,18.25,NA,NA,NA,NA,NA,NA
NA,NA,NA,NA,18.4666666666667,NA,NA,NA,NA,NA,NA
NA,NA,NA,NA,18.425,NA,NA,NA,NA,NA,NA
NA,NA,NA,NA,18.2833333333333,NA,NA,NA,NA,NA,NA
NA,NA,NA,NA,18.0916666666667,NA,NA,NA,NA,NA,NA
NA,NA,NA,NA,17.875,NA,NA,NA,NA,NA,NA
NA,NA,NA,NA,17.975,NA,NA,NA,NA,NA,NA
NA,NA,NA,NA,18.3166666666667,NA,NA,NA,NA,NA,NA
NA,NA,NA,NA,18.7,NA,NA,NA,NA,NA,NA
NA,NA,NA,NA,18.8666666666667,NA,NA,NA,NA,NA,NA
NA,NA,NA,NA,18.9,NA,NA,NA,NA,NA,NA
NA,NA,NA,NA,18.9,NA,NA,NA,NA,NA,NA
NA,NA,NA,NA,18.85,NA,NA,NA,NA,NA,NA
NA,NA,NA,NA,18.5916666666667,NA,NA,NA,NA,NA,NA
NA,NA,NA,NA,18.575,NA,NA,NA,NA,NA,NA
NA,NA,NA,NA,18.875,NA,NA,NA,NA,NA,NA
NA,NA,NA,NA,19.1083333333333,NA,NA,NA,NA,NA,NA
NA,NA,NA,NA,19.2,NA,NA,NA,NA,NA,NA
NA,NA,NA,NA,18.9916666666667,NA,NA,NA,NA,NA,NA
NA,NA,NA,NA,18.75,NA,NA,NA,NA,NA,NA
NA,NA,NA,NA,18.5166666666667,NA,NA,NA,NA,NA,NA
NA,NA,NA,NA,18.225,NA,NA,NA,NA,NA,NA
NA,NA,NA,NA,18.2416666666667,NA,NA,NA,NA,NA,NA
NA,NA,NA,NA,18.4916666666667,NA,NA,NA,NA,NA,NA
NA,NA,NA,NA,18.8083333333333,NA,NA,NA,NA,NA,NA
NA,NA,NA,NA,19.0916666666667,NA,NA,NA,NA,NA,NA
NA,NA,NA,NA,19.1,NA,NA,NA,NA,NA,NA
NA,NA,NA,NA,18.7166666666667,NA,NA,NA,NA,NA,NA
NA,NA,NA,NA,18.2166666666667,NA,NA,NA,NA,NA,NA
NA,NA,NA,NA,17.6833333333333,NA,NA,NA,NA,NA,NA
NA,NA,NA,NA,17.4583333333333,NA,NA,NA,NA,NA,NA
NA,NA,NA,NA,17.7166666666667,NA,NA,NA,NA,NA,NA
NA,NA,NA,NA,18.15,NA,NA,NA,NA,NA,NA
NA,NA,NA,NA,18.3,NA,NA,NA,NA,NA,NA
NA,NA,NA,NA,18.2583333333333,NA,NA,NA,NA,NA,NA
NA,NA,NA,NA,17.9166666666667,NA,NA,NA,NA,NA,NA
NA,NA,NA,NA,17.4583333333333,NA,NA,NA,NA,NA,NA
NA,NA,NA,NA,17.1,NA,NA,NA,NA,NA,NA
NA,NA,NA,NA,17.1416666666667,NA,NA,NA,NA,NA,NA
NA,NA,NA,NA,17.8333333333333,NA,NA,NA,NA,NA,NA
NA,NA,NA,NA,18.4833333333333,NA,NA,NA,NA,NA,NA
NA,NA,NA,NA,18.775,NA,NA,NA,NA,NA,NA
NA,NA,NA,NA,18.9916666666667,NA,NA,NA,NA,NA,NA
NA,NA,NA,NA,18.9083333333333,NA,NA,NA,NA,NA,NA
NA,NA,NA,NA,18.575,NA,NA,NA,NA,NA,NA
NA,NA,NA,NA,18.325,NA,NA,NA,NA,NA,NA
NA,NA,NA,NA,18.2666666666667,NA,NA,NA,NA,NA,NA
NA,NA,NA,NA,18.7833333333333,NA,NA,NA,NA,NA,NA
NA,NA,NA,NA,19.1416666666667,NA,NA,NA,NA,NA,NA
NA,NA,NA,NA,19.2833333333333,NA,NA,NA,NA,NA,NA
NA,NA,NA,NA,19.25,NA,NA,NA,NA,NA,NA
NA,NA,NA,NA,18.95,NA,NA,NA,NA,NA,NA
NA,NA,NA,NA,18.4916666666667,NA,NA,NA,NA,NA,NA
NA,NA,NA,NA,18.05,NA,NA,NA,NA,NA,NA
NA,NA,NA,NA,18.0916666666667,NA,NA,NA,NA,NA,NA
NA,NA,NA,NA,18.7666666666667,NA,NA,NA,NA,NA,NA
NA,NA,NA,NA,19.0833333333333,NA,NA,NA,NA,NA,NA
NA,NA,NA,NA,19.275,NA,NA,NA,NA,NA,NA
NA,NA,NA,NA,19.2083333333333,NA,NA,NA,NA,NA,NA
NA,NA,NA,NA,18.8416666666667,NA,NA,NA,NA,NA,NA
NA,NA,NA,NA,18.25,NA,NA,NA,NA,NA,NA
NA,NA,NA,NA,17.7916666666667,NA,NA,NA,NA,NA,NA
NA,NA,NA,NA,17.8833333333333,NA,NA,NA,NA,NA,NA
NA,NA,NA,NA,18.4583333333333,NA,NA,NA,NA,NA,NA
NA,NA,NA,NA,19.0333333333333,NA,NA,NA,NA,NA,NA
NA,NA,NA,NA,19.125,NA,NA,NA,NA,NA,NA
NA,NA,NA,NA,18.9083333333333,NA,NA,NA,NA,NA,NA
NA,NA,NA,NA,18.7333333333333,NA,NA,NA,NA,NA,NA
NA,NA,NA,NA,18.2833333333333,NA,NA,NA,NA,NA,NA
NA,NA,NA,NA,17.925,NA,NA,NA,NA,NA,NA
NA,NA,NA,NA,18.1583333333333,NA,NA,NA,NA,NA,NA
NA,NA,NA,NA,18.9416666666667,NA,NA,NA,NA,NA,NA
NA,NA,NA,NA,19.45,NA,NA,NA,NA,NA,NA
NA,NA,NA,NA,19.4666666666667,NA,NA,NA,NA,NA,NA
NA,NA,NA,NA,19.3833333333333,NA,NA,NA,NA,NA,NA
NA,NA,NA,NA,19.2333333333333,NA,NA,NA,NA,NA,NA
NA,NA,NA,NA,18.9166666666667,NA,NA,NA,NA,NA,NA
NA,NA,NA,NA,18.625,NA,NA,NA,NA,NA,NA
NA,NA,NA,NA,18.8583333333333,NA,NA,NA,NA,NA,NA
NA,NA,NA,NA,19.4333333333333,NA,NA,NA,NA,NA,NA
NA,NA,NA,NA,19.65,NA,NA,NA,NA,NA,NA
NA,NA,NA,NA,19.875,NA,NA,NA,NA,NA,NA
NA,NA,NA,NA,19.8,NA,NA,NA,NA,NA,NA
NA,NA,NA,NA,19.6166666666667,NA,NA,NA,NA,NA,NA
NA,NA,NA,NA,19.2833333333333,NA,NA,NA,NA,NA,NA
NA,NA,NA,NA,18.9416666666667,NA,NA,NA,NA,NA,NA
NA,NA,NA,NA,19.25,NA,NA,NA,NA,NA,NA
NA,NA,NA,NA,20.2083333333333,NA,NA,NA,NA,NA,NA
NA,NA,NA,NA,20.4,NA,NA,NA,NA,NA,NA
NA,NA,NA,NA,20.2416666666667,NA,NA,NA,NA,NA,NA
NA,NA,NA,NA,20.275,NA,NA,NA,NA,NA,NA
NA,NA,NA,NA,19.8833333333333,NA,NA,NA,NA,NA,NA
NA,NA,NA,NA,19.6,NA,NA,NA,NA,NA,NA
NA,NA,NA,NA,19.3666666666667,NA,NA,NA,NA,NA,NA
NA,NA,NA,NA,19.4166666666667,NA,NA,NA,NA,NA,NA
NA,NA,NA,NA,19.7333333333333,NA,NA,NA,NA,NA,NA
NA,NA,NA,NA,20.0333333333333,NA,NA,NA,NA,NA,NA
NA,NA,NA,NA,19.9166666666667,NA,NA,NA,NA,NA,NA
NA,NA,NA,NA,19.8916666666667,NA,NA,NA,NA,NA,NA
NA,NA,NA,NA,19.7166666666667,NA,NA,NA,NA,NA,NA
NA,NA,NA,NA,19.3416666666667,NA,NA,NA,NA,NA,NA
NA,NA,NA,NA,18.975,NA,NA,NA,NA,NA,NA
NA,NA,NA,NA,19.1333333333333,NA,NA,NA,NA,NA,NA
NA,NA,NA,NA,19.4166666666667,NA,NA,NA,NA,NA,NA
NA,NA,NA,NA,19.7916666666667,NA,NA,NA,NA,NA,NA
NA,NA,NA,NA,19.75,NA,NA,NA,NA,NA,NA
NA,NA,NA,NA,19.6,NA,NA,NA,NA,NA,NA
NA,NA,NA,NA,19.3416666666667,NA,NA,NA,NA,NA,NA
NA,NA,NA,NA,18.9666666666667,NA,NA,NA,NA,NA,NA
NA,NA,NA,NA,18.6416666666667,NA,NA,NA,NA,NA,NA
NA,NA,NA,NA,18.6416666666667,NA,NA,NA,NA,NA,NA
NA,NA,NA,NA,18.9416666666667,NA,NA,NA,NA,NA,NA
NA,NA,NA,NA,19.1666666666667,NA,NA,NA,NA,NA,NA
NA,NA,NA,NA,19.1333333333333,NA,NA,NA,NA,NA,NA
NA,NA,NA,NA,19.05,NA,NA,NA,NA,NA,NA
NA,NA,NA,NA,18.825,NA,NA,NA,NA,NA,NA
NA,NA,NA,NA,18.3916666666667,NA,NA,NA,NA,NA,NA
NA,NA,NA,NA,17.9333333333333,NA,NA,NA,NA,NA,NA
NA,NA,NA,NA,17.975,NA,NA,NA,NA,NA,NA
NA,NA,NA,NA,18.6916666666667,NA,NA,NA,NA,NA,NA
NA,NA,NA,NA,19.0916666666667,NA,NA,NA,NA,NA,NA
NA,NA,NA,NA,19.2166666666667,NA,NA,NA,NA,NA,NA
NA,NA,NA,NA,19.1416666666667,NA,NA,NA,NA,NA,NA
NA,NA,NA,NA,18.875,NA,NA,NA,NA,NA,NA
NA,NA,NA,NA,18.4666666666667,NA,NA,NA,NA,NA,NA
NA,NA,NA,NA,18.025,NA,NA,NA,NA,NA,NA
NA,NA,NA,NA,17.9416666666667,NA,NA,NA,NA,NA,NA
NA,NA,NA,NA,18.0916666666667,NA,NA,NA,NA,NA,NA
NA,NA,NA,NA,18.575,NA,NA,NA,NA,NA,NA
NA,NA,NA,NA,18.7,NA,NA,NA,NA,NA,NA
NA,NA,NA,NA,18.575,NA,NA,NA,NA,NA,NA
NA,NA,NA,NA,18.3416666666667,NA,NA,NA,NA,NA,NA
NA,NA,NA,NA,18.1083333333333,NA,NA,NA,NA,NA,NA
NA,NA,NA,NA,17.8333333333333,NA,NA,NA,NA,NA,NA
NA,NA,NA,NA,17.8083333333333,NA,NA,NA,NA,NA,NA
NA,NA,NA,NA,18.5083333333333,NA,NA,NA,NA,NA,NA
NA,NA,NA,NA,18.825,NA,NA,NA,NA,NA,NA
NA,NA,NA,NA,18.8,NA,NA,NA,NA,NA,NA
NA,NA,NA,NA,18.7083333333333,NA,NA,NA,NA,NA,NA
NA,NA,NA,NA,18.45,NA,NA,NA,NA,NA,NA
NA,NA,NA,NA,18.3083333333333,NA,NA,NA,NA,NA,NA
NA,NA,NA,NA,18.1166666666667,NA,NA,NA,NA,NA,NA
NA,NA,NA,NA,18.5916666666667,NA,NA,NA,NA,NA,NA
NA,NA,NA,NA,19.0833333333333,NA,NA,NA,NA,NA,NA
NA,NA,NA,NA,19.3583333333333,NA,NA,NA,NA,NA,NA
NA,NA,NA,NA,19.4,NA,NA,NA,NA,NA,NA
NA,NA,NA,NA,19.2916666666667,NA,NA,NA,NA,NA,NA
NA,NA,NA,NA,18.9666666666667,NA,NA,NA,NA,NA,NA
NA,NA,NA,NA,18.6083333333333,NA,NA,NA,NA,NA,NA
NA,NA,NA,NA,18.2,NA,NA,NA,NA,NA,NA
NA,NA,NA,NA,18.2666666666667,NA,NA,NA,NA,NA,NA
NA,NA,NA,NA,19.15,NA,NA,NA,NA,NA,NA
NA,NA,NA,NA,19.4333333333333,NA,NA,NA,NA,NA,NA
NA,NA,NA,NA,19.4,NA,NA,NA,NA,NA,NA
NA,NA,NA,NA,19.35,NA,NA,NA,NA,NA,NA
NA,NA,NA,NA,19.1666666666667,NA,NA,NA,NA,NA,NA
NA,NA,NA,NA,18.6666666666667,NA,NA,NA,NA,NA,NA
NA,NA,NA,NA,18.1333333333333,NA,NA,NA,NA,NA,NA
NA,NA,NA,NA,18.1833333333333,NA,NA,NA,NA,NA,NA
NA,NA,NA,NA,19.0333333333333,NA,NA,NA,NA,NA,NA
NA,NA,NA,NA,19.4583333333333,NA,NA,NA,NA,NA,NA
NA,NA,NA,NA,19.525,NA,NA,NA,NA,NA,NA
NA,NA,NA,NA,19.5416666666667,NA,NA,NA,NA,NA,NA
NA,NA,NA,NA,19.2666666666667,NA,NA,NA,NA,NA,NA
NA,NA,NA,NA,18.9083333333333,NA,NA,NA,NA,NA,NA
NA,NA,NA,NA,18.425,NA,NA,NA,NA,NA,NA
NA,NA,NA,NA,18.4363636363636,NA,NA,NA,NA,NA,NA
NA,NA,NA,NA,19.2416666666667,NA,NA,NA,NA,NA,NA
NA,NA,NA,NA,19.7166666666667,NA,NA,NA,NA,NA,NA
NA,NA,NA,NA,19.875,NA,NA,NA,NA,NA,NA
NA,NA,NA,NA,20.0666666666667,NA,NA,NA,NA,NA,NA
NA,NA,NA,NA,19.9916666666667,NA,NA,NA,NA,NA,NA
NA,NA,NA,NA,19.7833333333333,NA,NA,NA,NA,NA,NA
NA,NA,NA,NA,19.4666666666667,NA,NA,NA,NA,NA,NA
NA,NA,NA,NA,19.4333333333333,NA,NA,NA,NA,NA,NA
NA,NA,NA,NA,20.2333333333333,NA,NA,NA,NA,NA,NA
NA,NA,NA,NA,20.1833333333333,NA,NA,NA,NA,NA,NA
NA,NA,NA,NA,20.275,NA,NA,NA,NA,NA,NA
NA,NA,NA,NA,20.375,NA,NA,NA,NA,NA,NA
NA,NA,NA,NA,20.35,NA,NA,NA,NA,NA,NA
NA,NA,NA,NA,19.95,NA,NA,NA,NA,NA,NA
NA,NA,NA,NA,19.7083333333333,NA,NA,NA,NA,NA,NA
NA,NA,NA,NA,19.6,NA,NA,NA,NA,NA,NA
NA,NA,NA,NA,19.575,NA,NA,NA,NA,NA,NA
NA,NA,NA,NA,19.6583333333333,NA,NA,NA,NA,NA,NA
NA,NA,NA,NA,19.7083333333333,NA,NA,NA,NA,NA,NA
NA,NA,NA,NA,19.4416666666667,NA,NA,NA,NA,NA,NA
NA,NA,NA,NA,19.3333333333333,NA,NA,NA,NA,NA,NA
NA,NA,NA,NA,19.0083333333333,NA,NA,NA,NA,NA,NA
NA,NA,NA,NA,18.6333333333333,NA,NA,NA,NA,NA,NA
NA,NA,NA,NA,18.6083333333333,NA,NA,NA,NA,NA,NA
NA,NA,NA,NA,19.275,NA,NA,NA,NA,NA,NA
NA,NA,NA,NA,19.6083333333333,NA,NA,NA,NA,NA,NA
NA,NA,NA,NA,19.8333333333333,NA,NA,NA,NA,NA,NA
NA,NA,NA,NA,19.8666666666667,NA,NA,NA,NA,NA,NA
NA,NA,NA,NA,19.7916666666667,NA,NA,NA,NA,NA,NA
NA,NA,NA,NA,19.3833333333333,NA,NA,NA,NA,NA,NA
NA,NA,NA,NA,18.8083333333333,NA,NA,NA,NA,NA,NA
NA,NA,NA,NA,18.4833333333333,NA,NA,NA,NA,NA,NA
NA,NA,NA,NA,18.35,NA,NA,NA,NA,NA,NA
NA,NA,NA,NA,18.7833333333333,NA,NA,NA,NA,NA,NA
NA,NA,NA,NA,18.9416666666667,NA,NA,NA,NA,NA,NA
NA,NA,NA,NA,18.7583333333333,NA,NA,NA,NA,NA,NA
NA,NA,NA,NA,18.6166666666667,NA,NA,NA,NA,NA,NA
NA,NA,NA,NA,18.5083333333333,NA,NA,NA,NA,NA,NA
NA,NA,NA,NA,18.3666666666667,NA,NA,NA,NA,NA,NA
NA,NA,NA,NA,18.3333333333333,NA,NA,NA,NA,NA,NA
NA,NA,NA,NA,18.5583333333333,NA,NA,NA,NA,NA,NA
NA,NA,NA,NA,18.9833333333333,NA,NA,NA,NA,NA,NA
NA,NA,NA,NA,19.0583333333333,NA,NA,NA,NA,NA,NA
NA,NA,NA,NA,19.0833333333333,NA,NA,NA,NA,NA,NA
NA,NA,NA,NA,18.8083333333333,NA,NA,NA,NA,NA,NA
NA,NA,NA,NA,18.3333333333333,NA,NA,NA,NA,NA,NA
NA,NA,NA,NA,17.9083333333333,NA,NA,NA,NA,NA,NA
NA,NA,NA,NA,17.95,NA,NA,NA,NA,NA,NA
NA,NA,NA,NA,18.6666666666667,NA,NA,NA,NA,NA,NA
NA,NA,NA,NA,19.0333333333333,NA,NA,NA,NA,NA,NA
NA,NA,NA,NA,19.2166666666667,NA,NA,NA,NA,NA,NA
NA,NA,NA,NA,19.2333333333333,NA,NA,NA,NA,NA,NA
NA,NA,NA,NA,19.025,NA,NA,NA,NA,NA,NA
NA,NA,NA,NA,18.5416666666667,NA,NA,NA,NA,NA,NA
NA,NA,NA,NA,18.2,NA,NA,NA,NA,NA,NA
NA,NA,NA,NA,NA,NA,NA,NA,NA,NA,NA
NA,NA,NA,NA,NA,NA,NA,NA,NA,NA,NA
NA,NA,NA,NA,NA,NA,NA,NA,NA,NA,NA
NA,NA,NA,NA,NA,NA,NA,NA,NA,NA,NA
NA,NA,NA,NA,NA,NA,NA,NA,NA,NA,NA
NA,NA,NA,NA,NA,NA,NA,NA,NA,NA,NA
NA,NA,NA,NA,NA,NA,NA,NA,NA,NA,NA
NA,NA,NA,NA,NA,NA,NA,NA,NA,NA,NA
NA,NA,NA,NA,18.36,NA,NA,NA,NA,NA,NA
NA,NA,NA,NA,18.8833333333333,NA,NA,NA,NA,NA,NA
NA,NA,NA,NA,19.225,NA,NA,NA,NA,NA,NA
NA,NA,NA,NA,19.2416666666667,NA,NA,NA,NA,NA,NA
NA,NA,NA,NA,19.1666666666667,NA,NA,NA,NA,NA,NA
NA,NA,NA,NA,18.9166666666667,NA,NA,NA,NA,NA,NA
NA,NA,NA,NA,18.5166666666667,NA,NA,NA,NA,NA,NA
NA,NA,NA,NA,18.0333333333333,NA,NA,NA,NA,NA,NA
NA,NA,NA,NA,18.025,NA,NA,NA,NA,NA,NA
NA,NA,NA,NA,18.7416666666667,NA,NA,NA,NA,NA,NA
NA,NA,NA,NA,19,NA,NA,NA,NA,NA,NA
NA,NA,NA,NA,19.1583333333333,NA,NA,NA,NA,NA,NA
NA,NA,NA,NA,19.1416666666667,NA,NA,NA,NA,NA,NA
NA,NA,NA,NA,19.0083333333333,NA,NA,NA,NA,NA,NA
NA,NA,NA,NA,18.7666666666667,NA,NA,NA,NA,NA,NA
NA,NA,NA,NA,18.3666666666667,NA,NA,NA,NA,NA,NA
NA,NA,NA,NA,18.375,NA,NA,NA,NA,NA,NA
NA,NA,NA,NA,18.8833333333333,NA,NA,NA,NA,NA,NA
NA,NA,NA,NA,19.3416666666667,NA,NA,NA,NA,NA,NA
NA,NA,NA,NA,19.4083333333333,NA,NA,NA,NA,NA,NA
NA,NA,NA,NA,19.3833333333333,NA,NA,NA,NA,NA,NA
NA,NA,NA,NA,19.2416666666667,NA,NA,NA,NA,NA,NA
NA,NA,NA,NA,19.0083333333333,NA,NA,NA,NA,NA,NA
NA,NA,NA,NA,18.5916666666667,NA,NA,NA,NA,NA,NA
NA,NA,NA,NA,18.4916666666667,NA,NA,NA,NA,NA,NA
NA,NA,NA,NA,19.3583333333333,NA,NA,NA,NA,NA,NA
NA,NA,NA,NA,19.825,NA,NA,NA,NA,NA,NA
NA,NA,NA,NA,19.825,NA,NA,NA,NA,NA,NA
NA,NA,NA,NA,19.9,NA,NA,NA,NA,NA,NA
NA,NA,NA,NA,19.8333333333333,NA,NA,NA,NA,NA,NA
NA,NA,NA,NA,19.6583333333333,NA,NA,NA,NA,NA,NA
NA,NA,NA,NA,19.2833333333333,NA,NA,NA,NA,NA,NA
NA,NA,NA,NA,19.1,NA,NA,NA,NA,NA,NA
NA,NA,NA,NA,20.0666666666667,NA,NA,NA,NA,NA,NA
NA,NA,NA,NA,20.3416666666667,NA,NA,NA,NA,NA,NA
NA,NA,NA,NA,20.2083333333333,NA,NA,NA,NA,NA,NA
NA,NA,NA,NA,20.475,NA,NA,NA,NA,NA,NA
NA,NA,NA,NA,20.4,NA,NA,NA,NA,NA,NA
NA,NA,NA,NA,20.2416666666667,NA,NA,NA,NA,NA,NA
NA,NA,NA,NA,19.9083333333333,NA,NA,NA,NA,NA,NA
NA,NA,NA,NA,19.8666666666667,NA,NA,NA,NA,NA,NA
NA,NA,NA,NA,20.6166666666667,NA,NA,NA,NA,NA,NA
NA,NA,NA,NA,20.9333333333333,NA,NA,NA,NA,NA,NA
NA,NA,NA,NA,20.9,NA,NA,NA,NA,NA,NA
NA,NA,NA,NA,20.9666666666667,NA,NA,NA,NA,NA,NA
NA,NA,NA,NA,21.0833333333333,NA,NA,NA,NA,NA,NA
NA,NA,NA,NA,20.9666666666667,NA,NA,NA,NA,NA,NA
NA,NA,NA,NA,20.7333333333333,NA,NA,NA,NA,NA,NA
NA,NA,NA,NA,20.7333333333333,NA,NA,NA,NA,NA,NA
NA,NA,NA,NA,21.3916666666667,NA,NA,NA,NA,NA,NA
NA,NA,NA,NA,21.5,NA,NA,NA,NA,NA,NA
NA,NA,NA,NA,21.45,NA,NA,NA,NA,NA,NA
NA,NA,NA,NA,21.6583333333333,NA,NA,NA,NA,NA,NA
NA,NA,NA,NA,21.575,NA,NA,NA,NA,NA,NA
NA,NA,NA,NA,21.4083333333333,NA,NA,NA,NA,NA,NA
NA,NA,NA,NA,21.1416666666667,NA,NA,NA,NA,NA,NA
NA,NA,NA,NA,21.1083333333333,NA,NA,NA,NA,NA,NA
NA,NA,NA,NA,21.8333333333333,NA,NA,NA,NA,NA,NA
NA,NA,NA,NA,21.7666666666667,NA,NA,NA,NA,NA,NA
NA,NA,NA,NA,21.5666666666667,NA,NA,NA,NA,NA,NA
NA,NA,NA,NA,21.6,NA,NA,NA,NA,NA,NA
NA,NA,NA,NA,21.5166666666667,NA,NA,NA,NA,NA,NA
NA,NA,NA,NA,21.2916666666667,NA,NA,NA,NA,NA,NA
NA,NA,NA,NA,20.85,NA,NA,NA,NA,NA,NA
NA,NA,NA,NA,20.775,NA,NA,NA,NA,NA,NA
NA,NA,NA,NA,21.35,NA,NA,NA,NA,NA,NA
NA,NA,NA,NA,21.65,NA,NA,NA,NA,NA,NA
NA,NA,NA,NA,21.3416666666667,NA,NA,NA,NA,NA,NA
NA,NA,NA,NA,21.3,NA,NA,NA,NA,NA,NA
NA,NA,NA,NA,21.2833333333333,NA,NA,NA,NA,NA,NA
NA,NA,NA,NA,21.0666666666667,NA,NA,NA,NA,NA,NA
NA,NA,NA,NA,20.7166666666667,NA,NA,NA,NA,NA,NA
NA,NA,NA,NA,20.6916666666667,NA,NA,NA,NA,NA,NA
NA,NA,NA,NA,21.2416666666667,NA,NA,NA,NA,NA,NA
NA,NA,NA,NA,21.1916666666667,NA,NA,NA,NA,NA,NA
NA,NA,NA,NA,20.9333333333333,NA,NA,NA,NA,NA,NA
NA,NA,NA,NA,20.9416666666667,NA,NA,NA,NA,NA,NA
NA,NA,NA,NA,20.875,NA,NA,NA,NA,NA,NA
NA,NA,NA,NA,20.7083333333333,NA,NA,NA,NA,NA,NA
NA,NA,NA,NA,20.4583333333333,NA,NA,NA,NA,NA,NA
NA,NA,NA,NA,20.2333333333333,NA,NA,NA,NA,NA,NA
NA,NA,NA,NA,20.0666666666667,NA,NA,NA,NA,NA,NA
NA,NA,NA,NA,20.15,NA,NA,NA,NA,NA,NA
NA,NA,NA,NA,20.0416666666667,NA,NA,NA,NA,NA,NA
NA,NA,NA,NA,20.0666666666667,NA,NA,NA,NA,NA,NA
NA,NA,NA,NA,20.0166666666667,NA,NA,NA,NA,NA,NA
NA,NA,NA,NA,19.7583333333333,NA,NA,NA,NA,NA,NA
NA,NA,NA,NA,19.35,NA,NA,NA,NA,NA,NA
NA,NA,NA,NA,19.2916666666667,NA,NA,NA,NA,NA,NA
NA,NA,NA,NA,19.6083333333333,NA,NA,NA,NA,NA,NA
NA,NA,NA,NA,19.625,NA,NA,NA,NA,NA,NA
NA,NA,NA,NA,19.6083333333333,NA,NA,NA,NA,NA,NA
NA,NA,NA,NA,19.6916666666667,NA,NA,NA,NA,NA,NA
NA,NA,NA,NA,19.5,NA,NA,NA,NA,NA,NA
NA,NA,NA,NA,19.1083333333333,NA,NA,NA,NA,NA,NA
NA,NA,NA,NA,18.7583333333333,NA,NA,NA,NA,NA,NA
NA,NA,NA,NA,18.875,NA,NA,NA,NA,NA,NA
NA,NA,NA,NA,19.475,NA,NA,NA,NA,NA,NA
NA,NA,NA,NA,19.5,NA,NA,NA,NA,NA,NA
NA,NA,NA,NA,19.5,NA,NA,NA,NA,NA,NA
NA,NA,NA,NA,19.575,NA,NA,NA,NA,NA,NA
NA,NA,NA,NA,19.5583333333333,NA,NA,NA,NA,NA,NA
NA,NA,NA,NA,19.2916666666667,NA,NA,NA,NA,NA,NA
NA,NA,NA,NA,18.9,NA,NA,NA,NA,NA,NA
NA,NA,NA,NA,18.8833333333333,NA,NA,NA,NA,NA,NA
NA,NA,NA,NA,19.425,NA,NA,NA,NA,NA,NA
NA,NA,NA,NA,19.5083333333333,NA,NA,NA,NA,NA,NA
NA,NA,NA,NA,19.0666666666667,NA,NA,NA,NA,NA,NA
NA,NA,NA,NA,18.9583333333333,NA,NA,NA,NA,NA,NA
NA,NA,NA,NA,18.8,NA,NA,NA,NA,NA,NA
NA,NA,NA,NA,18.525,NA,NA,NA,NA,NA,NA
NA,NA,NA,NA,18.1583333333333,NA,NA,NA,NA,NA,NA
NA,NA,NA,NA,18.0416666666667,NA,NA,NA,NA,NA,NA
NA,NA,NA,NA,18.7416666666667,NA,NA,NA,NA,NA,NA
NA,NA,NA,NA,18.725,NA,NA,NA,NA,NA,NA
NA,NA,NA,NA,18.325,NA,NA,NA,NA,NA,NA
NA,NA,NA,NA,18.3,NA,NA,NA,NA,NA,NA
NA,NA,NA,NA,18.1833333333333,NA,NA,NA,NA,NA,NA
NA,NA,NA,NA,17.9833333333333,NA,NA,NA,NA,NA,NA
NA,NA,NA,NA,17.625,NA,NA,NA,NA,NA,NA
NA,NA,NA,NA,17.625,NA,NA,NA,NA,NA,NA
NA,NA,NA,NA,18.3916666666667,NA,NA,NA,NA,NA,NA
NA,NA,NA,NA,18.3333333333333,NA,NA,NA,NA,NA,NA
NA,NA,NA,NA,18.125,NA,NA,NA,NA,NA,NA
NA,NA,NA,NA,18.1833333333333,NA,NA,NA,NA,NA,NA
NA,NA,NA,NA,18.0833333333333,NA,NA,NA,NA,NA,NA
NA,NA,NA,NA,17.9666666666667,NA,NA,NA,NA,NA,NA
NA,NA,NA,NA,17.7090909090909,NA,NA,NA,NA,NA,NA
NA,NA,NA,NA,17.7333333333333,NA,NA,NA,NA,NA,NA
NA,NA,NA,NA,18.725,NA,NA,NA,NA,NA,NA
NA,NA,NA,NA,18.7833333333333,NA,NA,NA,NA,NA,NA
NA,NA,NA,NA,18.5,NA,NA,NA,NA,NA,NA
NA,NA,NA,NA,18.6,NA,NA,NA,NA,NA,NA
NA,NA,NA,NA,18.7,NA,NA,NA,NA,NA,NA
NA,NA,NA,NA,18.75,NA,NA,NA,NA,NA,NA
NA,NA,NA,NA,18.8833333333333,NA,NA,NA,NA,NA,NA
NA,NA,NA,NA,18.9,NA,NA,NA,NA,NA,NA
NA,NA,NA,NA,19.0083333333333,NA,NA,NA,NA,NA,NA
NA,NA,NA,NA,18.925,NA,NA,NA,NA,NA,NA
NA,NA,NA,NA,18.525,NA,NA,NA,NA,NA,NA
NA,NA,NA,NA,18.225,NA,NA,NA,NA,NA,NA
NA,NA,NA,NA,18.0333333333333,NA,NA,NA,NA,NA,NA
NA,NA,NA,NA,17.8,NA,NA,NA,NA,NA,NA
NA,NA,NA,NA,17.475,NA,NA,NA,NA,NA,NA
NA,NA,NA,NA,17.4833333333333,NA,NA,NA,NA,NA,NA
NA,NA,NA,NA,18.4,NA,NA,NA,NA,NA,NA
NA,NA,NA,NA,18.4916666666667,NA,NA,NA,NA,NA,NA
NA,NA,NA,NA,18.1,NA,NA,NA,NA,NA,NA
NA,NA,NA,NA,17.9916666666667,NA,NA,NA,NA,NA,NA
NA,NA,NA,NA,17.8,NA,NA,NA,NA,NA,NA
NA,NA,NA,NA,17.5416666666667,NA,NA,NA,NA,NA,NA
NA,NA,NA,NA,17.2583333333333,NA,NA,NA,NA,NA,NA
NA,NA,NA,NA,17.2833333333333,NA,NA,NA,NA,NA,NA
NA,NA,NA,NA,18.1583333333333,NA,NA,NA,NA,NA,NA
NA,NA,NA,NA,18.15,NA,NA,NA,NA,NA,NA
NA,NA,NA,NA,17.75,NA,NA,NA,NA,NA,NA
NA,NA,NA,NA,17.8,NA,NA,NA,NA,NA,NA
NA,NA,NA,NA,17.89,NA,NA,NA,NA,NA,NA
NA,NA,NA,NA,17.6833333333333,NA,NA,NA,NA,NA,NA
NA,NA,NA,NA,17.3583333333333,NA,NA,NA,NA,NA,NA
NA,NA,NA,NA,17.4833333333333,NA,NA,NA,NA,NA,NA
NA,NA,NA,NA,18.5583333333333,NA,NA,NA,NA,NA,NA
NA,NA,NA,NA,18.65,NA,NA,NA,NA,NA,NA
NA,NA,NA,NA,18.15,NA,NA,NA,NA,NA,NA
NA,NA,NA,NA,18.1916666666667,NA,NA,NA,NA,NA,NA
NA,NA,NA,NA,18.1916666666667,NA,NA,NA,NA,NA,NA
NA,NA,NA,NA,18.0083333333333,NA,NA,NA,NA,NA,NA
NA,NA,NA,NA,17.9,NA,NA,NA,NA,NA,NA
NA,NA,NA,NA,18.2833333333333,NA,NA,NA,NA,NA,NA
NA,NA,NA,NA,19.475,NA,NA,NA,NA,NA,NA
NA,NA,NA,NA,19.5166666666667,NA,NA,NA,NA,NA,NA
NA,NA,NA,NA,19.0916666666667,NA,NA,NA,NA,NA,NA
NA,NA,NA,NA,19.0666666666667,NA,NA,NA,NA,NA,NA
NA,NA,NA,NA,19.0666666666667,NA,NA,NA,NA,NA,NA
NA,NA,NA,NA,18.8166666666667,NA,NA,NA,NA,NA,NA
NA,NA,NA,NA,18.75,NA,NA,NA,NA,NA,NA
NA,NA,NA,NA,19.1166666666667,NA,NA,NA,NA,NA,NA
NA,NA,NA,NA,20.3,NA,NA,NA,NA,NA,NA
NA,NA,NA,NA,20.3833333333333,NA,NA,NA,NA,NA,NA
NA,NA,NA,NA,19.8916666666667,NA,NA,NA,NA,NA,NA
NA,NA,NA,NA,19.8,NA,NA,NA,NA,NA,NA
NA,NA,NA,NA,19.8666666666667,NA,NA,NA,NA,NA,NA
NA,NA,NA,NA,19.75,NA,NA,NA,NA,NA,NA
NA,NA,NA,NA,19.6166666666667,NA,NA,NA,NA,NA,NA
NA,NA,NA,NA,19.8333333333333,NA,NA,NA,NA,NA,NA
NA,NA,NA,NA,20.675,NA,NA,NA,NA,NA,NA
NA,NA,NA,NA,20.7833333333333,NA,NA,NA,NA,NA,NA
NA,NA,NA,NA,20.3,NA,NA,NA,NA,NA,NA
NA,NA,NA,NA,20.1,NA,NA,NA,NA,NA,NA
NA,NA,NA,NA,20.1166666666667,NA,NA,NA,NA,NA,NA
NA,NA,NA,NA,20.05,NA,NA,NA,NA,NA,NA
NA,NA,NA,NA,19.7666666666667,NA,NA,NA,NA,NA,NA
NA,NA,NA,NA,19.8916666666667,NA,NA,NA,NA,NA,NA
NA,NA,NA,NA,20.8666666666667,NA,NA,NA,NA,NA,NA
NA,NA,NA,NA,20.9416666666667,NA,NA,NA,NA,NA,NA
NA,NA,NA,NA,20.7166666666667,NA,NA,NA,NA,NA,NA
NA,NA,NA,NA,20.475,NA,NA,NA,NA,NA,NA
NA,NA,NA,NA,20.4,NA,NA,NA,NA,NA,NA
NA,NA,NA,NA,20.325,NA,NA,NA,NA,NA,NA
NA,NA,NA,NA,20.075,NA,NA,NA,NA,NA,NA
NA,NA,NA,NA,20.0666666666667,NA,NA,NA,NA,NA,NA
NA,NA,NA,NA,20.4416666666667,NA,NA,NA,NA,NA,NA
NA,NA,NA,NA,20.575,NA,NA,NA,NA,NA,NA
NA,NA,NA,NA,20.425,NA,NA,NA,NA,NA,NA
NA,NA,NA,NA,20.1083333333333,NA,NA,NA,NA,NA,NA
NA,NA,NA,NA,19.9583333333333,NA,NA,NA,NA,NA,NA
NA,NA,NA,NA,19.7833333333333,NA,NA,NA,NA,NA,NA
NA,NA,NA,NA,19.6333333333333,NA,NA,NA,NA,NA,NA
NA,NA,NA,NA,19.83,NA,NA,NA,NA,NA,NA
NA,NA,NA,NA,20.4583333333333,NA,NA,NA,NA,NA,NA
NA,NA,NA,NA,20.5583333333333,NA,NA,NA,NA,NA,NA
NA,NA,NA,NA,20.2416666666667,NA,NA,NA,NA,NA,NA
NA,NA,NA,NA,20.1,NA,NA,NA,NA,NA,NA
NA,NA,NA,NA,19.95,NA,NA,NA,NA,NA,NA
NA,NA,NA,NA,19.7,NA,NA,NA,NA,NA,NA
NA,NA,NA,NA,19.5583333333333,NA,NA,NA,NA,NA,NA
NA,NA,NA,NA,19.8,NA,NA,NA,NA,NA,NA
NA,NA,NA,NA,20.7666666666667,NA,NA,NA,NA,NA,NA
NA,NA,NA,NA,20.4916666666667,NA,NA,NA,NA,NA,NA
NA,NA,NA,NA,20.2583333333333,NA,NA,NA,NA,NA,NA
NA,NA,NA,NA,20.1083333333333,NA,NA,NA,NA,NA,NA
NA,NA,NA,NA,19.95,NA,NA,NA,NA,NA,NA
NA,NA,NA,NA,19.675,NA,NA,NA,NA,NA,NA
NA,NA,NA,NA,19.4833333333333,NA,NA,NA,NA,NA,NA
NA,NA,NA,NA,19.725,NA,NA,NA,NA,NA,NA
NA,NA,NA,NA,20.6333333333333,NA,NA,NA,NA,NA,NA
NA,NA,NA,NA,20.55,NA,NA,NA,NA,NA,NA
NA,NA,NA,NA,20.125,NA,NA,NA,NA,NA,NA
NA,NA,NA,NA,20.15,NA,NA,NA,NA,NA,NA
NA,NA,NA,NA,20.1666666666667,NA,NA,NA,NA,NA,NA
NA,NA,NA,NA,20.0166666666667,NA,NA,NA,NA,NA,NA
NA,NA,NA,NA,19.8666666666667,NA,NA,NA,NA,NA,NA
NA,NA,NA,NA,20.0166666666667,NA,NA,NA,NA,NA,NA
NA,NA,NA,NA,20.825,NA,NA,NA,NA,NA,NA
NA,NA,NA,NA,20.8333333333333,NA,NA,NA,NA,NA,NA
NA,NA,NA,NA,20.375,NA,NA,NA,NA,NA,NA
NA,NA,NA,NA,20.1166666666667,NA,NA,NA,NA,NA,NA
NA,NA,NA,NA,19.925,NA,NA,NA,NA,NA,NA
NA,NA,NA,NA,19.6666666666667,NA,NA,NA,NA,NA,NA
NA,NA,NA,NA,19.35,NA,NA,NA,NA,NA,NA
NA,NA,NA,NA,19.4833333333333,NA,NA,NA,NA,NA,NA
NA,NA,NA,NA,20.5916666666667,NA,NA,NA,NA,NA,NA
NA,NA,NA,NA,20.6166666666667,NA,NA,NA,NA,NA,NA
NA,NA,NA,NA,20.15,NA,NA,NA,NA,NA,NA
NA,NA,NA,NA,19.875,NA,NA,NA,NA,NA,NA
NA,NA,NA,NA,19.6666666666667,NA,NA,NA,NA,NA,NA
NA,NA,NA,NA,19.3333333333333,NA,NA,NA,NA,NA,NA
NA,NA,NA,NA,18.9666666666667,NA,NA,NA,NA,NA,NA
NA,NA,NA,NA,19.1916666666667,NA,NA,NA,NA,NA,NA
NA,NA,NA,NA,20.3833333333333,NA,NA,NA,NA,NA,NA
NA,NA,NA,NA,20.2083333333333,NA,NA,NA,NA,NA,NA
NA,NA,NA,NA,19.8166666666667,NA,NA,NA,NA,NA,NA
NA,NA,NA,NA,19.6083333333333,NA,NA,NA,NA,NA,NA
NA,NA,NA,NA,19.4,NA,NA,NA,NA,NA,NA
NA,NA,NA,NA,19.0583333333333,NA,NA,NA,NA,NA,NA
NA,NA,NA,NA,18.825,NA,NA,NA,NA,NA,NA
NA,NA,NA,NA,18.475,NA,NA,NA,NA,NA,NA
NA,NA,NA,NA,18.4833333333333,NA,NA,NA,NA,NA,NA
NA,NA,NA,NA,18.2,NA,NA,NA,NA,NA,NA
NA,NA,NA,NA,18.1333333333333,NA,NA,NA,NA,NA,NA
NA,NA,NA,NA,18.0166666666667,NA,NA,NA,NA,NA,NA
NA,NA,NA,NA,17.8833333333333,NA,NA,NA,NA,NA,NA
NA,NA,NA,NA,17.825,NA,NA,NA,NA,NA,NA
NA,NA,NA,NA,17.775,NA,NA,NA,NA,NA,NA
NA,NA,NA,NA,17.6,NA,NA,NA,NA,NA,NA
NA,NA,NA,NA,17.725,NA,NA,NA,NA,NA,NA
NA,NA,NA,NA,17.7083333333333,NA,NA,NA,NA,NA,NA
NA,NA,NA,NA,17.625,NA,NA,NA,NA,NA,NA
NA,NA,NA,NA,17.3916666666667,NA,NA,NA,NA,NA,NA
NA,NA,NA,NA,17.0833333333333,NA,NA,NA,NA,NA,NA
NA,NA,NA,NA,16.85,NA,NA,NA,NA,NA,NA
NA,NA,NA,NA,16.6333333333333,NA,NA,NA,NA,NA,NA
NA,NA,NA,NA,16.4833333333333,NA,NA,NA,NA,NA,NA
NA,NA,NA,NA,16.3833333333333,NA,NA,NA,NA,NA,NA
NA,NA,NA,NA,16.2583333333333,NA,NA,NA,NA,NA,NA
NA,NA,NA,NA,16.1833333333333,NA,NA,NA,NA,NA,NA
NA,NA,NA,NA,16,NA,NA,NA,NA,NA,NA
NA,NA,NA,NA,15.8416666666667,NA,NA,NA,NA,NA,NA
NA,NA,NA,NA,15.575,NA,NA,NA,NA,NA,NA
NA,NA,NA,NA,15.2166666666667,NA,NA,NA,NA,NA,NA
NA,NA,NA,NA,15,NA,NA,NA,NA,NA,NA
NA,NA,NA,NA,15.0666666666667,NA,NA,NA,NA,NA,NA
NA,NA,NA,NA,15,NA,NA,NA,NA,NA,NA
NA,NA,NA,NA,14.9583333333333,NA,NA,NA,NA,NA,NA
NA,NA,NA,NA,14.85,NA,NA,NA,NA,NA,NA
NA,NA,NA,NA,14.5833333333333,NA,NA,NA,NA,NA,NA
NA,NA,NA,NA,14.2416666666667,NA,NA,NA,NA,NA,NA
NA,NA,NA,NA,13.9,NA,NA,NA,NA,NA,NA
NA,NA,NA,NA,13.758333333333301,NA,NA,NA,NA,NA,NA
NA,NA,NA,NA,13.8666666666667,NA,NA,NA,NA,NA,NA
NA,NA,NA,NA,13.7083333333333,NA,NA,NA,NA,NA,NA
NA,NA,NA,NA,13.6666666666667,NA,NA,NA,NA,NA,NA
NA,NA,NA,NA,13.575,NA,NA,NA,NA,NA,NA
NA,NA,NA,NA,13.3666666666667,NA,NA,NA,NA,NA,NA
NA,NA,NA,NA,13.0916666666667,NA,NA,NA,NA,NA,NA
NA,NA,NA,NA,13.025,NA,NA,NA,NA,NA,NA
NA,NA,NA,NA,12.8666666666667,NA,NA,NA,NA,NA,NA
NA,NA,NA,NA,12.825,NA,NA,NA,NA,NA,NA
NA,NA,NA,NA,12.9583333333333,NA,NA,NA,NA,NA,NA
NA,NA,NA,NA,12.8416666666667,NA,NA,NA,NA,NA,NA
NA,NA,NA,NA,12.7666666666667,NA,NA,NA,NA,NA,NA
NA,NA,NA,NA,12.6583333333333,NA,NA,NA,NA,NA,NA
NA,NA,NA,NA,12.5166666666667,NA,NA,NA,NA,NA,NA
NA,NA,NA,NA,12.258333333333301,NA,NA,NA,NA,NA,NA
NA,NA,NA,NA,12.2166666666667,NA,NA,NA,NA,NA,NA
NA,NA,NA,NA,12.6416666666667,NA,NA,NA,NA,NA,NA
NA,NA,NA,NA,12.6833333333333,NA,NA,NA,NA,NA,NA
NA,NA,NA,NA,12.6083333333333,NA,NA,NA,NA,NA,NA
NA,NA,NA,NA,12.75,NA,NA,NA,NA,NA,NA
NA,NA,NA,NA,12.8666666666667,NA,NA,NA,NA,NA,NA
NA,NA,NA,NA,12.75,NA,NA,NA,NA,NA,NA
NA,NA,NA,NA,12.6583333333333,NA,NA,NA,NA,NA,NA
NA,NA,NA,NA,12.6916666666667,NA,NA,NA,NA,NA,NA
NA,NA,NA,NA,12.55,NA,NA,NA,NA,NA,NA
NA,NA,NA,NA,12.508333333333301,NA,NA,NA,NA,NA,NA
NA,NA,NA,NA,12.633333333333301,NA,NA,NA,NA,NA,NA
NA,NA,NA,NA,12.7,NA,NA,NA,NA,NA,NA
NA,NA,NA,NA,12.7,NA,NA,NA,NA,NA,NA
NA,NA,NA,NA,12.7,NA,NA,NA,NA,NA,NA
NA,NA,NA,NA,12.7333333333333,NA,NA,NA,NA,NA,NA
NA,NA,NA,NA,12.8583333333333,NA,NA,NA,NA,NA,NA
NA,NA,NA,NA,13.2666666666667,NA,NA,NA,NA,NA,NA
NA,NA,NA,NA,13.7083333333333,NA,NA,NA,NA,NA,NA
NA,NA,NA,NA,13.9416666666667,NA,NA,NA,NA,NA,NA
NA,NA,NA,NA,14.2,NA,NA,NA,NA,NA,NA
NA,NA,NA,NA,14.3,NA,NA,NA,NA,NA,NA
NA,NA,NA,NA,14.258333333333301,NA,NA,NA,NA,NA,NA
NA,NA,NA,NA,14.0916666666667,NA,NA,NA,NA,NA,NA
NA,NA,NA,NA,14.1166666666667,NA,NA,NA,NA,NA,NA
NA,NA,NA,NA,14.8083333333333,NA,NA,NA,NA,NA,NA
NA,NA,NA,NA,14.85,NA,NA,NA,NA,NA,NA
NA,NA,NA,NA,14.8916666666667,NA,NA,NA,NA,NA,NA
NA,NA,NA,NA,15.125,NA,NA,NA,NA,NA,NA
NA,NA,NA,NA,15.35,NA,NA,NA,NA,NA,NA
NA,NA,NA,NA,15.0333333333333,NA,NA,NA,NA,NA,NA
NA,NA,NA,NA,14.7666666666667,NA,NA,NA,NA,NA,NA
NA,NA,NA,NA,14.8,NA,NA,NA,NA,NA,NA
NA,NA,NA,NA,15.2166666666667,NA,NA,NA,NA,NA,NA
NA,NA,NA,NA,15.1083333333333,NA,NA,NA,NA,NA,NA
NA,NA,NA,NA,15.2333333333333,NA,NA,NA,NA,NA,NA
NA,NA,NA,NA,15.3,NA,NA,NA,NA,NA,NA
NA,NA,NA,NA,15.3,NA,NA,NA,NA,NA,NA
NA,NA,NA,NA,15.1083333333333,NA,NA,NA,NA,NA,NA
NA,NA,NA,NA,14.7916666666667,NA,NA,NA,NA,NA,NA
NA,NA,NA,NA,14.7833333333333,NA,NA,NA,NA,NA,NA
NA,NA,NA,NA,15.5333333333333,NA,NA,NA,NA,NA,NA
NA,NA,NA,NA,15.425,NA,NA,NA,NA,NA,NA
NA,NA,NA,NA,15.3083333333333,NA,NA,NA,NA,NA,NA
NA,NA,NA,NA,15.425,NA,NA,NA,NA,NA,NA
NA,NA,NA,NA,15.425,NA,NA,NA,NA,NA,NA
NA,NA,NA,NA,15.1916666666667,NA,NA,NA,NA,NA,NA
NA,NA,NA,NA,14.8083333333333,NA,NA,NA,NA,NA,NA
NA,NA,NA,NA,14.7833333333333,NA,NA,NA,NA,NA,NA
NA,NA,NA,NA,15.6416666666667,NA,NA,NA,NA,NA,NA
NA,NA,NA,NA,15.3916666666667,NA,NA,NA,NA,NA,NA
NA,NA,NA,NA,15.1,NA,NA,NA,NA,NA,NA
NA,NA,NA,NA,15.1,NA,NA,NA,NA,NA,NA
NA,NA,NA,NA,15.075,NA,NA,NA,NA,NA,NA
NA,NA,NA,NA,14.8583333333333,NA,NA,NA,NA,NA,NA
NA,NA,NA,NA,14.65,NA,NA,NA,NA,NA,NA
NA,NA,NA,NA,14.6916666666667,NA,NA,NA,NA,NA,NA
NA,NA,NA,NA,15.3333333333333,NA,NA,NA,NA,NA,NA
NA,NA,NA,NA,15.2083333333333,NA,NA,NA,NA,NA,NA
NA,NA,NA,NA,15.025,NA,NA,NA,NA,NA,NA
NA,NA,NA,NA,15,NA,NA,NA,NA,NA,NA
NA,NA,NA,NA,15.008333333333301,NA,NA,NA,NA,NA,NA
NA,NA,NA,NA,14.875,NA,NA,NA,NA,NA,NA
NA,NA,NA,NA,14.675,NA,NA,NA,NA,NA,NA
NA,NA,NA,NA,14.7,NA,NA,NA,NA,NA,NA
NA,NA,NA,NA,15.25,NA,NA,NA,NA,NA,NA
NA,NA,NA,NA,15.258333333333301,NA,NA,NA,NA,NA,NA
NA,NA,NA,NA,15.1083333333333,NA,NA,NA,NA,NA,NA
NA,NA,NA,NA,15.1916666666667,NA,NA,NA,NA,NA,NA
NA,NA,NA,NA,15.2,NA,NA,NA,NA,NA,NA
NA,NA,NA,NA,15.225,NA,NA,NA,NA,NA,NA
NA,NA,NA,NA,15.275,NA,NA,NA,NA,NA,NA
NA,NA,NA,NA,15.5,NA,NA,NA,NA,NA,NA
NA,NA,NA,NA,15.5916666666667,NA,NA,NA,NA,NA,NA
NA,NA,NA,NA,15.4166666666667,NA,NA,NA,NA,NA,NA
NA,NA,NA,NA,15.3583333333333,NA,NA,NA,NA,NA,NA
NA,NA,NA,NA,15.2916666666667,NA,NA,NA,NA,NA,NA
NA,NA,NA,NA,15.275,NA,NA,NA,NA,NA,NA
NA,NA,NA,NA,15.2916666666667,NA,NA,NA,NA,NA,NA
NA,NA,NA,NA,15.3,NA,NA,NA,NA,NA,NA
NA,NA,NA,NA,15.325,NA,NA,NA,NA,NA,NA
NA,NA,NA,NA,15.508333333333301,NA,NA,NA,NA,NA,NA
NA,NA,NA,NA,15.5916666666667,NA,NA,NA,NA,NA,NA
NA,NA,NA,NA,15.525,NA,NA,NA,NA,NA,NA
NA,NA,NA,NA,15.383333333333301,NA,NA,NA,NA,NA,NA
NA,NA,NA,NA,15.25,NA,NA,NA,NA,NA,NA
NA,NA,NA,NA,15.075,NA,NA,NA,NA,NA,NA
NA,NA,NA,NA,14.825,NA,NA,NA,NA,NA,NA
NA,NA,NA,NA,14.7,NA,NA,NA,NA,NA,NA
NA,NA,NA,NA,14.8666666666667,NA,NA,NA,NA,NA,NA
NA,NA,NA,NA,15.2833333333333,NA,NA,NA,NA,NA,NA
NA,NA,NA,NA,15.0333333333333,NA,NA,NA,NA,NA,NA
NA,NA,NA,NA,14.7416666666667,NA,NA,NA,NA,NA,NA
NA,NA,NA,NA,14.525,NA,NA,NA,NA,NA,NA
NA,NA,NA,NA,14.4083333333333,NA,NA,NA,NA,NA,NA
NA,NA,NA,NA,14.3416666666667,NA,NA,NA,NA,NA,NA
NA,NA,NA,NA,14.325,NA,NA,NA,NA,NA,NA
NA,NA,NA,NA,14.525,NA,NA,NA,NA,NA,NA
NA,NA,NA,NA,14.6666666666667,NA,NA,NA,NA,NA,NA
NA,NA,NA,NA,14.7,NA,NA,NA,NA,NA,NA
NA,NA,NA,NA,14.575,NA,NA,NA,NA,NA,NA
NA,NA,NA,NA,14.35,NA,NA,NA,NA,NA,NA
NA,NA,NA,NA,14.1583333333333,NA,NA,NA,NA,NA,NA
NA,NA,NA,NA,13.9583333333333,NA,NA,NA,NA,NA,NA
NA,NA,NA,NA,13.95,NA,NA,NA,NA,NA,NA
NA,NA,NA,NA,14.0916666666667,NA,NA,NA,NA,NA,NA
NA,NA,NA,NA,14.0416666666667,NA,NA,NA,NA,NA,NA
NA,NA,NA,NA,13.9916666666667,NA,NA,NA,NA,NA,NA
NA,NA,NA,NA,13.8333333333333,NA,NA,NA,NA,NA,NA
NA,NA,NA,NA,13.4083333333333,NA,NA,NA,NA,NA,NA
NA,NA,NA,NA,12.9583333333333,NA,NA,NA,NA,NA,NA
NA,NA,NA,NA,12.5666666666667,NA,NA,NA,NA,NA,NA
NA,NA,NA,NA,12.3166666666667,NA,NA,NA,NA,NA,NA
NA,NA,NA,NA,12.575,NA,NA,NA,NA,NA,NA
NA,NA,NA,NA,12.6416666666667,NA,NA,NA,NA,NA,NA
NA,NA,NA,NA,12.7,NA,NA,NA,NA,NA,NA
NA,NA,NA,NA,12.5583333333333,NA,NA,NA,NA,NA,NA
NA,NA,NA,NA,12.15,NA,NA,NA,NA,NA,NA
NA,NA,NA,NA,11.7666666666667,NA,NA,NA,NA,NA,NA
NA,NA,NA,NA,11.4416666666667,NA,NA,NA,NA,NA,NA
NA,NA,NA,NA,11.3166666666667,NA,NA,NA,NA,NA,NA
NA,NA,NA,NA,11.5,NA,NA,NA,NA,NA,NA
NA,NA,NA,NA,11.4666666666667,NA,NA,NA,NA,NA,NA
NA,NA,NA,NA,11.5,NA,NA,NA,NA,NA,NA
NA,NA,NA,NA,11.45,NA,NA,NA,NA,NA,NA
NA,NA,NA,NA,11.275,NA,NA,NA,NA,NA,NA
NA,NA,NA,NA,11.1416666666667,NA,NA,NA,NA,NA,NA
NA,NA,NA,NA,11.1916666666667,NA,NA,NA,NA,NA,NA
NA,NA,NA,NA,11.3666666666667,NA,NA,NA,NA,NA,NA
NA,NA,NA,NA,11.6416666666667,NA,NA,NA,NA,NA,NA
NA,NA,NA,NA,11.775,NA,NA,NA,NA,NA,NA
NA,NA,NA,NA,11.8916666666667,NA,NA,NA,NA,NA,NA
NA,NA,NA,NA,11.8666666666667,NA,NA,NA,NA,NA,NA
NA,NA,NA,NA,11.758333333333301,NA,NA,NA,NA,NA,NA
NA,NA,NA,NA,11.5416666666667,NA,NA,NA,NA,NA,NA
NA,NA,NA,NA,11.5,NA,NA,NA,NA,NA,NA
NA,NA,NA,NA,11.675,NA,NA,NA,NA,NA,NA
NA,NA,NA,NA,12.275,NA,NA,NA,NA,NA,NA
NA,NA,NA,NA,12.1083333333333,NA,NA,NA,NA,NA,NA
NA,NA,NA,NA,12.1833333333333,NA,NA,NA,NA,NA,NA
NA,NA,NA,NA,12.175,NA,NA,NA,NA,NA,NA
NA,NA,NA,NA,12.0833333333333,NA,NA,NA,NA,NA,NA
NA,NA,NA,NA,12,NA,NA,NA,NA,NA,NA
NA,NA,NA,NA,12,NA,NA,NA,NA,NA,NA
NA,NA,NA,NA,12.133333333333301,NA,NA,NA,NA,NA,NA
NA,NA,NA,NA,12.275,NA,NA,NA,NA,NA,NA
NA,NA,NA,NA,12.3,NA,NA,NA,NA,NA,NA
NA,NA,NA,NA,12.2,NA,NA,NA,NA,NA,NA
NA,NA,NA,NA,11.975,NA,NA,NA,NA,NA,NA
NA,NA,NA,NA,11.758333333333301,NA,NA,NA,NA,NA,NA
NA,NA,NA,NA,11.6083333333333,NA,NA,NA,NA,NA,NA
NA,NA,NA,NA,11.508333333333301,NA,NA,NA,NA,NA,NA
NA,NA,NA,NA,11.4833333333333,NA,NA,NA,NA,NA,NA
NA,NA,NA,NA,11.5,NA,NA,NA,NA,NA,NA
NA,NA,NA,NA,11.5833333333333,NA,NA,NA,NA,NA,NA
NA,NA,NA,NA,11.6,NA,NA,NA,NA,NA,NA
NA,NA,NA,NA,11.5666666666667,NA,NA,NA,NA,NA,NA
NA,NA,NA,NA,11.4666666666667,NA,NA,NA,NA,NA,NA
NA,NA,NA,NA,11.383333333333301,NA,NA,NA,NA,NA,NA
NA,NA,NA,NA,11.3,NA,NA,NA,NA,NA,NA
NA,NA,NA,NA,11.3166666666667,NA,NA,NA,NA,NA,NA
NA,NA,NA,NA,11.3916666666667,NA,NA,NA,NA,NA,NA
NA,NA,NA,NA,11.4,NA,NA,NA,NA,NA,NA
NA,NA,NA,NA,11.4,NA,NA,NA,NA,NA,NA
NA,NA,NA,NA,11.383333333333301,NA,NA,NA,NA,NA,NA
NA,NA,NA,NA,11.25,NA,NA,NA,NA,NA,NA
NA,NA,NA,NA,11.0833333333333,NA,NA,NA,NA,NA,NA
NA,NA,NA,NA,10.925,NA,NA,NA,NA,NA,NA
NA,NA,NA,NA,10.8666666666667,NA,NA,NA,NA,NA,NA
NA,NA,NA,NA,11.05,NA,NA,NA,NA,NA,NA
NA,NA,NA,NA,11.1916666666667,NA,NA,NA,NA,NA,NA
NA,NA,NA,NA,11.3,NA,NA,NA,NA,NA,NA
NA,NA,NA,NA,11.1666666666667,NA,NA,NA,NA,NA,NA
NA,NA,NA,NA,10.9333333333333,NA,NA,NA,NA,NA,NA
NA,NA,NA,NA,10.75,NA,NA,NA,NA,NA,NA
NA,NA,NA,NA,10.625,NA,NA,NA,NA,NA,NA
NA,NA,NA,NA,10.6583333333333,NA,NA,NA,NA,NA,NA
NA,NA,NA,NA,10.8916666666667,NA,NA,NA,NA,NA,NA
NA,NA,NA,NA,11.05,NA,NA,NA,NA,NA,NA
NA,NA,NA,NA,11.1,NA,NA,NA,NA,NA,NA
NA,NA,NA,NA,11.2333333333333,NA,NA,NA,NA,NA,NA
NA,NA,NA,NA,11.258333333333301,NA,NA,NA,NA,NA,NA
NA,NA,NA,NA,11.35,NA,NA,NA,NA,NA,NA
NA,NA,NA,NA,11.675,NA,NA,NA,NA,NA,NA
NA,NA,NA,NA,11.5166666666667,NA,NA,NA,NA,NA,NA
NA,NA,NA,NA,11.725,NA,NA,NA,NA,NA,NA
NA,NA,NA,NA,11.9916666666667,NA,NA,NA,NA,NA,NA
NA,NA,NA,NA,12.4333333333333,NA,NA,NA,NA,NA,NA
NA,NA,NA,NA,12.5,NA,NA,NA,NA,NA,NA
NA,NA,NA,NA,12.6666666666667,NA,NA,NA,NA,NA,NA
NA,NA,NA,NA,12.883333333333301,NA,NA,NA,NA,NA,NA
NA,NA,NA,NA,12.65,NA,NA,NA,NA,NA,NA
NA,NA,NA,NA,12.7416666666667,NA,NA,NA,NA,NA,NA
NA,NA,NA,NA,13.1083333333333,NA,NA,NA,NA,NA,NA
NA,NA,NA,NA,13.633333333333301,NA,NA,NA,NA,NA,NA
NA,NA,NA,NA,13.7916666666667,NA,NA,NA,NA,NA,NA
NA,NA,NA,NA,13.65,NA,NA,NA,NA,NA,NA
NA,NA,NA,NA,13.6,NA,NA,NA,NA,NA,NA
NA,NA,NA,NA,13.6,NA,NA,NA,NA,NA,NA
NA,NA,NA,NA,13.5,NA,NA,NA,NA,NA,NA
NA,NA,NA,NA,13.5,NA,NA,NA,NA,NA,NA
NA,NA,NA,NA,13.5166666666667,NA,NA,NA,NA,NA,NA
NA,NA,NA,NA,13.5,NA,NA,NA,NA,NA,NA
NA,NA,NA,NA,13.4416666666667,NA,NA,NA,NA,NA,NA
NA,NA,NA,NA,13.325,NA,NA,NA,NA,NA,NA
NA,NA,NA,NA,13.175,NA,NA,NA,NA,NA,NA
NA,NA,NA,NA,13.0333333333333,NA,NA,NA,NA,NA,NA
NA,NA,NA,NA,12.8416666666667,NA,NA,NA,NA,NA,NA
NA,NA,NA,NA,12.8083333333333,NA,NA,NA,NA,NA,NA
NA,NA,NA,NA,12.9416666666667,NA,NA,NA,NA,NA,NA
NA,NA,NA,NA,12.6916666666667,NA,NA,NA,NA,NA,NA
NA,NA,NA,NA,12.3666666666667,NA,NA,NA,NA,NA,NA
NA,NA,NA,NA,12.0916666666667,NA,NA,NA,NA,NA,NA
NA,NA,NA,NA,11.8416666666667,NA,NA,NA,NA,NA,NA
NA,NA,NA,NA,11.5833333333333,NA,NA,NA,NA,NA,NA
NA,NA,NA,NA,11.325,NA,NA,NA,NA,NA,NA
NA,NA,NA,NA,11.125,NA,NA,NA,NA,NA,NA
NA,NA,NA,NA,11.1,NA,NA,NA,NA,NA,NA
NA,NA,NA,NA,11.133333333333301,NA,NA,NA,NA,NA,NA
NA,NA,NA,NA,11.05,NA,NA,NA,NA,NA,NA
NA,NA,NA,NA,10.775,NA,NA,NA,NA,NA,NA
NA,NA,NA,NA,10.5416666666667,NA,NA,NA,NA,NA,NA
NA,NA,NA,NA,10.4333333333333,NA,NA,NA,NA,NA,NA
NA,NA,NA,NA,10.4,NA,NA,NA,NA,NA,NA
NA,NA,NA,NA,10.4833333333333,NA,NA,NA,NA,NA,NA
NA,NA,NA,NA,10.65,NA,NA,NA,NA,NA,NA
NA,NA,NA,NA,10.7916666666667,NA,NA,NA,NA,NA,NA
NA,NA,NA,NA,10.8666666666667,NA,NA,NA,NA,NA,NA
NA,NA,NA,NA,10.675,NA,NA,NA,NA,NA,NA
NA,NA,NA,NA,10.508333333333301,NA,NA,NA,NA,NA,NA
NA,NA,NA,NA,10.375,NA,NA,NA,NA,NA,NA
NA,NA,NA,NA,10.1916666666667,NA,NA,NA,NA,NA,NA
NA,NA,NA,NA,10.075,NA,NA,NA,NA,NA,NA
NA,NA,NA,NA,10.125,NA,NA,NA,NA,NA,NA
NA,NA,NA,NA,10.225,NA,NA,NA,NA,NA,NA
NA,NA,NA,NA,10.2416666666667,NA,NA,NA,NA,NA,NA
NA,NA,NA,NA,10.0833333333333,NA,NA,NA,NA,NA,NA
NA,NA,NA,NA,10.0833333333333,NA,NA,NA,NA,NA,NA
NA,NA,NA,NA,10.1583333333333,NA,NA,NA,NA,NA,NA
NA,NA,NA,NA,10.0166666666667,NA,NA,NA,NA,NA,NA
NA,NA,NA,NA,10,NA,NA,NA,NA,NA,NA
NA,NA,NA,NA,10.1583333333333,NA,NA,NA,NA,NA,NA
NA,NA,NA,NA,10.375,NA,NA,NA,NA,NA,NA
NA,NA,NA,NA,10.5,NA,NA,NA,NA,NA,NA
NA,NA,NA,NA,10.425,NA,NA,NA,NA,NA,NA
NA,NA,NA,NA,10.2416666666667,NA,NA,NA,NA,NA,NA
NA,NA,NA,NA,10.1166666666667,NA,NA,NA,NA,NA,NA
NA,NA,NA,NA,9.93333333333333,NA,NA,NA,NA,NA,NA
NA,NA,NA,NA,9.81666666666667,NA,NA,NA,NA,NA,NA
NA,NA,NA,NA,10.0916666666667,NA,NA,NA,NA,NA,NA
NA,NA,NA,NA,10.3,NA,NA,NA,NA,NA,NA
NA,NA,NA,NA,10.55,NA,NA,NA,NA,NA,NA
NA,NA,NA,NA,10.4583333333333,NA,NA,NA,NA,NA,NA
NA,NA,NA,NA,10.2,NA,NA,NA,NA,NA,NA
NA,NA,NA,NA,10.1,NA,NA,NA,NA,NA,NA
NA,NA,NA,NA,10.008333333333301,NA,NA,NA,NA,NA,NA
NA,NA,NA,NA,10.0333333333333,NA,NA,NA,NA,NA,NA
NA,NA,NA,NA,10.3666666666667,NA,NA,NA,NA,NA,NA
NA,NA,NA,NA,10.6833333333333,NA,NA,NA,NA,NA,NA
NA,NA,NA,NA,10.925,NA,NA,NA,NA,NA,NA
NA,NA,NA,NA,10.9666666666667,NA,NA,NA,NA,NA,NA
NA,NA,NA,NA,10.825,NA,NA,NA,NA,NA,NA
NA,NA,NA,NA,10.65,NA,NA,NA,NA,NA,NA
NA,NA,NA,NA,10.5333333333333,NA,NA,NA,NA,NA,NA
NA,NA,NA,NA,10.5666666666667,NA,NA,NA,NA,NA,NA
NA,NA,NA,NA,10.85,NA,NA,NA,NA,NA,NA
NA,NA,NA,NA,11.1,NA,NA,NA,NA,NA,NA
NA,NA,NA,NA,11.25,NA,NA,NA,NA,NA,NA
NA,NA,NA,NA,11.3,NA,NA,NA,NA,NA,NA
NA,NA,NA,NA,11.2916666666667,NA,NA,NA,NA,NA,NA
NA,NA,NA,NA,11.2,NA,NA,NA,NA,NA,NA
NA,NA,NA,NA,11.2666666666667,NA,NA,NA,NA,NA,NA
NA,NA,NA,NA,11.3666666666667,NA,NA,NA,NA,NA,NA
NA,NA,NA,NA,11.6,NA,NA,NA,NA,NA,NA
NA,NA,NA,NA,11.825,NA,NA,NA,NA,NA,NA
NA,NA,NA,NA,11.9083333333333,NA,NA,NA,NA,NA,NA
NA,NA,NA,NA,11.925,NA,NA,NA,NA,NA,NA
NA,NA,NA,NA,11.9,NA,NA,NA,NA,NA,NA
NA,NA,NA,NA,11.7833333333333,NA,NA,NA,NA,NA,NA
NA,NA,NA,NA,11.7,NA,NA,NA,NA,NA,NA
NA,NA,NA,NA,11.7,NA,NA,NA,NA,NA,NA
NA,NA,NA,NA,11.825,NA,NA,NA,NA,NA,NA
NA,NA,NA,NA,11.9,NA,NA,NA,NA,NA,NA
NA,NA,NA,NA,11.9,NA,NA,NA,NA,NA,NA
NA,NA,NA,NA,11.883333333333301,NA,NA,NA,NA,NA,NA
NA,NA,NA,NA,11.75,NA,NA,NA,NA,NA,NA
NA,NA,NA,NA,11.7,NA,NA,NA,NA,NA,NA
NA,NA,NA,NA,11.633333333333301,NA,NA,NA,NA,NA,NA
NA,NA,NA,NA,11.6833333333333,NA,NA,NA,NA,NA,NA
NA,NA,NA,NA,11.85,NA,NA,NA,NA,NA,NA
NA,NA,NA,NA,12.0833333333333,NA,NA,NA,NA,NA,NA
NA,NA,NA,NA,12.0416666666667,NA,NA,NA,NA,NA,NA
NA,NA,NA,NA,12,NA,NA,NA,NA,NA,NA
NA,NA,NA,NA,11.875,NA,NA,NA,NA,NA,NA
NA,NA,NA,NA,11.7166666666667,NA,NA,NA,NA,NA,NA
NA,NA,NA,NA,11.6083333333333,NA,NA,NA,NA,NA,NA
NA,NA,NA,NA,11.6916666666667,NA,NA,NA,NA,NA,NA
NA,NA,NA,NA,11.8416666666667,NA,NA,NA,NA,NA,NA
NA,NA,NA,NA,12.05,NA,NA,NA,NA,NA,NA
NA,NA,NA,NA,12.1,NA,NA,NA,NA,NA,NA
NA,NA,NA,NA,12.025,NA,NA,NA,NA,NA,NA
NA,NA,NA,NA,11.8333333333333,NA,NA,NA,NA,NA,NA
NA,NA,NA,NA,11.6,NA,NA,NA,NA,NA,NA
NA,NA,NA,NA,11.383333333333301,NA,NA,NA,NA,NA,NA
NA,NA,NA,NA,11.2,NA,NA,NA,NA,NA,NA
NA,NA,NA,NA,11.3333333333333,NA,NA,NA,NA,NA,NA
NA,NA,NA,NA,11.4833333333333,NA,NA,NA,NA,NA,NA
NA,NA,NA,NA,11.4333333333333,NA,NA,NA,NA,NA,NA
NA,NA,NA,NA,11.3083333333333,NA,NA,NA,NA,NA,NA
NA,NA,NA,NA,11.075,NA,NA,NA,NA,NA,NA
NA,NA,NA,NA,10.825,NA,NA,NA,NA,NA,NA
NA,NA,NA,NA,10.65,NA,NA,NA,NA,NA,NA
NA,NA,NA,NA,10.5916666666667,NA,NA,NA,NA,NA,NA
NA,NA,NA,NA,10.9416666666667,NA,NA,NA,NA,NA,NA
NA,NA,NA,NA,11.0916666666667,NA,NA,NA,NA,NA,NA
NA,NA,NA,NA,11.1833333333333,NA,NA,NA,NA,NA,NA
NA,NA,NA,NA,11.2833333333333,NA,NA,NA,NA,NA,NA
NA,NA,NA,NA,11.1833333333333,NA,NA,NA,NA,NA,NA
NA,NA,NA,NA,11.1,NA,NA,NA,NA,NA,NA
NA,NA,NA,NA,11.1166666666667,NA,NA,NA,NA,NA,NA
NA,NA,NA,NA,11.2416666666667,NA,NA,NA,NA,NA,NA
NA,NA,NA,NA,11.4916666666667,NA,NA,NA,NA,NA,NA
NA,NA,NA,NA,11.775,NA,NA,NA,NA,NA,NA
NA,NA,NA,NA,11.7083333333333,NA,NA,NA,NA,NA,NA
NA,NA,NA,NA,11.6833333333333,NA,NA,NA,NA,NA,NA
NA,NA,NA,NA,11.6083333333333,NA,NA,NA,NA,NA,NA
NA,NA,NA,NA,11.5583333333333,NA,NA,NA,NA,NA,NA
NA,NA,NA,NA,11.4666666666667,NA,NA,NA,NA,NA,NA
NA,NA,NA,NA,11.425,NA,NA,NA,NA,NA,NA
NA,NA,NA,NA,11.7166666666667,NA,NA,NA,NA,NA,NA
NA,NA,NA,NA,11.8,NA,NA,NA,NA,NA,NA
NA,NA,NA,NA,11.8,NA,NA,NA,NA,NA,NA
NA,NA,NA,NA,11.758333333333301,NA,NA,NA,NA,NA,NA
NA,NA,NA,NA,11.4833333333333,NA,NA,NA,NA,NA,NA
NA,NA,NA,NA,11.2416666666667,NA,NA,NA,NA,NA,NA
NA,NA,NA,NA,11.1166666666667,NA,NA,NA,NA,NA,NA
NA,NA,NA,NA,11.1,NA,NA,NA,NA,NA,NA
NA,NA,NA,NA,11.2416666666667,NA,NA,NA,NA,NA,NA
NA,NA,NA,NA,11.3416666666667,NA,NA,NA,NA,NA,NA
NA,NA,NA,NA,11.4,NA,NA,NA,NA,NA,NA
NA,NA,NA,NA,11.3416666666667,NA,NA,NA,NA,NA,NA
NA,NA,NA,NA,11.225,NA,NA,NA,NA,NA,NA
NA,NA,NA,NA,11.1166666666667,NA,NA,NA,NA,NA,NA
NA,NA,NA,NA,11.1,NA,NA,NA,NA,NA,NA
NA,NA,NA,NA,11.133333333333301,NA,NA,NA,NA,NA,NA
NA,NA,NA,NA,11.2916666666667,NA,NA,NA,NA,NA,NA
NA,NA,NA,NA,11.4666666666667,NA,NA,NA,NA,NA,NA
NA,NA,NA,NA,11.5166666666667,NA,NA,NA,NA,NA,NA
NA,NA,NA,NA,11.4,NA,NA,NA,NA,NA,NA
NA,NA,NA,NA,11.383333333333301,NA,NA,NA,NA,NA,NA
NA,NA,NA,NA,11.3,NA,NA,NA,NA,NA,NA
NA,NA,NA,NA,11.2916666666667,NA,NA,NA,NA,NA,NA
NA,NA,NA,NA,11.3416666666667,NA,NA,NA,NA,NA,NA
NA,NA,NA,NA,11.6833333333333,NA,NA,NA,NA,NA,NA
NA,NA,NA,NA,11.8333333333333,NA,NA,NA,NA,NA,NA
NA,NA,NA,NA,11.9,NA,NA,NA,NA,NA,NA
NA,NA,NA,NA,11.9,NA,NA,NA,NA,NA,NA
NA,NA,NA,NA,11.8166666666667,NA,NA,NA,NA,NA,NA
NA,NA,NA,NA,11.7166666666667,NA,NA,NA,NA,NA,NA
NA,NA,NA,NA,11.7,NA,NA,NA,NA,NA,NA
NA,NA,NA,NA,11.7166666666667,NA,NA,NA,NA,NA,NA
NA,NA,NA,NA,11.883333333333301,NA,NA,NA,NA,NA,NA
NA,NA,NA,NA,12.008333333333301,NA,NA,NA,NA,NA,NA
NA,NA,NA,NA,12.1,NA,NA,NA,NA,NA,NA
NA,NA,NA,NA,12.0916666666667,NA,NA,NA,NA,NA,NA
NA,NA,NA,NA,11.95,NA,NA,NA,NA,NA,NA
NA,NA,NA,NA,11.8666666666667,NA,NA,NA,NA,NA,NA
NA,NA,NA,NA,11.8,NA,NA,NA,NA,NA,NA
NA,NA,NA,NA,11.8083333333333,NA,NA,NA,NA,NA,NA
NA,NA,NA,NA,12.008333333333301,NA,NA,NA,NA,NA,NA
NA,NA,NA,NA,12.1083333333333,NA,NA,NA,NA,NA,NA
NA,NA,NA,NA,12.175,NA,NA,NA,NA,NA,NA
NA,NA,NA,NA,12.1166666666667,NA,NA,NA,NA,NA,NA
NA,NA,NA,NA,12.1,NA,NA,NA,NA,NA,NA
NA,NA,NA,NA,11.9,NA,NA,NA,NA,NA,NA
NA,NA,NA,NA,11.7916666666667,NA,NA,NA,NA,NA,NA
NA,NA,NA,NA,11.7083333333333,NA,NA,NA,NA,NA,NA
NA,NA,NA,NA,11.8,NA,NA,NA,NA,NA,NA
NA,NA,NA,NA,11.8,NA,NA,NA,NA,NA,NA
NA,NA,NA,NA,11.7166666666667,NA,NA,NA,NA,NA,NA
NA,NA,NA,NA,11.7,NA,NA,NA,NA,NA,NA
NA,NA,NA,NA,11.5666666666667,NA,NA,NA,NA,NA,NA
NA,NA,NA,NA,11.4666666666667,NA,NA,NA,NA,NA,NA
NA,NA,NA,NA,11.35,NA,NA,NA,NA,NA,NA
NA,NA,NA,NA,11.3166666666667,NA,NA,NA,NA,NA,NA
NA,NA,NA,NA,11.45,NA,NA,NA,NA,NA,NA
NA,NA,NA,NA,11.4166666666667,NA,NA,NA,NA,NA,NA
NA,NA,NA,NA,11.275,NA,NA,NA,NA,NA,NA
NA,NA,NA,NA,11.0416666666667,NA,NA,NA,NA,NA,NA
NA,NA,NA,NA,10.758333333333301,NA,NA,NA,NA,NA,NA
NA,NA,NA,NA,10.4666666666667,NA,NA,NA,NA,NA,NA
NA,NA,NA,NA,10.15,NA,NA,NA,NA,NA,NA
NA,NA,NA,NA,9.925,NA,NA,NA,NA,NA,NA
NA,NA,NA,NA,10.0833333333333,NA,NA,NA,NA,NA,NA
NA,NA,NA,NA,10.0833333333333,NA,NA,NA,NA,NA,NA
NA,NA,NA,NA,9.94166666666667,NA,NA,NA,NA,NA,NA
NA,NA,NA,NA,9.81666666666667,NA,NA,NA,NA,NA,NA
NA,NA,NA,NA,9.50833333333333,NA,NA,NA,NA,NA,NA
NA,NA,NA,NA,9.15833333333333,NA,NA,NA,NA,NA,NA
NA,NA,NA,NA,8.825,NA,NA,NA,NA,NA,NA
NA,NA,NA,NA,8.54166666666667,NA,NA,NA,NA,NA,NA
NA,NA,NA,NA,8.575,NA,NA,NA,NA,NA,NA
NA,NA,NA,NA,8.6,NA,NA,NA,NA,NA,NA
NA,NA,NA,NA,8.6,NA,NA,NA,NA,NA,NA
NA,NA,NA,NA,8.475,NA,NA,NA,NA,NA,NA
NA,NA,NA,NA,8.175,NA,NA,NA,NA,NA,NA
NA,NA,NA,NA,7.80833333333333,NA,NA,NA,NA,NA,NA
NA,NA,NA,NA,7.49166666666667,NA,NA,NA,NA,NA,NA
NA,NA,NA,NA,7.3,NA,NA,NA,NA,NA,NA
NA,NA,NA,NA,7.41666666666667,NA,NA,NA,NA,NA,NA
NA,NA,NA,NA,7.55833333333333,NA,NA,NA,NA,NA,NA
NA,NA,NA,NA,7.675,NA,NA,NA,NA,NA,NA
NA,NA,NA,NA,7.7,NA,NA,NA,NA,NA,NA
NA,NA,NA,NA,7.60833333333333,NA,NA,NA,NA,NA,NA
NA,NA,NA,NA,7.475,NA,NA,NA,NA,NA,NA
NA,NA,NA,NA,7.375,NA,NA,NA,NA,NA,NA
NA,NA,NA,NA,7.3,NA,NA,NA,NA,NA,NA
NA,NA,NA,NA,7.41666666666667,NA,NA,NA,NA,NA,NA
NA,NA,NA,NA,7.575,NA,NA,NA,NA,NA,NA
NA,NA,NA,NA,7.73333333333333,NA,NA,NA,NA,NA,NA
NA,NA,NA,NA,7.8,NA,NA,NA,NA,NA,NA
NA,NA,NA,NA,7.75,NA,NA,NA,NA,NA,NA
NA,NA,NA,NA,7.7,NA,NA,NA,NA,NA,NA
NA,NA,NA,NA,7.7,NA,NA,NA,NA,NA,NA
NA,NA,NA,NA,7.7,NA,NA,NA,NA,NA,NA
NA,NA,NA,NA,7.83333333333333,NA,NA,NA,NA,NA,NA
NA,NA,NA,NA,8.00833333333333,NA,NA,NA,NA,NA,NA
NA,NA,NA,NA,8.1,NA,NA,NA,NA,NA,NA
NA,NA,NA,NA,8.05833333333333,NA,NA,NA,NA,NA,NA
NA,NA,NA,NA,8,NA,NA,NA,NA,NA,NA
NA,NA,NA,NA,7.925,NA,NA,NA,NA,NA,NA
NA,NA,NA,NA,7.9,NA,NA,NA,NA,NA,NA
NA,NA,NA,NA,7.85,NA,NA,NA,NA,NA,NA
NA,NA,NA,NA,7.9,NA,NA,NA,NA,NA,NA
NA,NA,NA,NA,7.96666666666667,NA,NA,NA,NA,NA,NA
NA,NA,NA,NA,7.975,NA,NA,NA,NA,NA,NA
NA,NA,NA,NA,7.9,NA,NA,NA,NA,NA,NA
NA,NA,NA,NA,7.9,NA,NA,NA,NA,NA,NA
NA,NA,NA,NA,7.85,NA,NA,NA,NA,NA,NA
NA,NA,NA,NA,7.78333333333333,NA,NA,NA,NA,NA,NA
NA,NA,NA,NA,7.73333333333333,NA,NA,NA,NA,NA,NA
NA,NA,NA,NA,7.96666666666667,NA,NA,NA,NA,NA,NA
NA,NA,NA,NA,8,NA,NA,NA,NA,NA,NA
NA,NA,NA,NA,7.9,NA,NA,NA,NA,NA,NA
NA,NA,NA,NA,7.90833333333333,NA,NA,NA,NA,NA,NA
NA,NA,NA,NA,7.74166666666667,NA,NA,NA,NA,NA,NA
NA,NA,NA,NA,7.58333333333333,NA,NA,NA,NA,NA,NA
NA,NA,NA,NA,7.45,NA,NA,NA,NA,NA,NA
NA,NA,NA,NA,7.30833333333333,NA,NA,NA,NA,NA,NA
NA,NA,NA,NA,7.26666666666667,NA,NA,NA,NA,NA,NA
NA,NA,NA,NA,7.21666666666667,NA,NA,NA,NA,NA,NA
NA,NA,NA,NA,7.2,NA,NA,NA,NA,NA,NA
NA,NA,NA,NA,7.2,NA,NA,NA,NA,NA,NA
NA,NA,NA,NA,7.08333333333333,NA,NA,NA,NA,NA,NA
NA,NA,NA,NA,6.95833333333333,NA,NA,NA,NA,NA,NA
NA,NA,NA,NA,6.85833333333333,NA,NA,NA,NA,NA,NA
NA,NA,NA,NA,6.79166666666667,NA,NA,NA,NA,NA,NA
NA,NA,NA,NA,6.8,NA,NA,NA,NA,NA,NA
NA,NA,NA,NA,6.8,NA,NA,NA,NA,NA,NA
NA,NA,NA,NA,6.875,NA,NA,NA,NA,NA,NA
NA,NA,NA,NA,6.91666666666667,NA,NA,NA,NA,NA,NA
NA,NA,NA,NA,6.9,NA,NA,NA,NA,NA,NA
NA,NA,NA,NA,6.975,NA,NA,NA,NA,NA,NA
NA,NA,NA,NA,6.9,NA,NA,NA,NA,NA,NA
NA,NA,NA,NA,6.8,NA,NA,NA,NA,NA,NA
NA,NA,NA,NA,6.93333333333333,NA,NA,NA,NA,NA,NA
NA,NA,NA,NA,7,NA,NA,NA,NA,NA,NA
NA,NA,NA,NA,7.08333333333333,NA,NA,NA,NA,NA,NA
NA,NA,NA,NA,7.1,NA,NA,NA,NA,NA,NA
NA,NA,NA,NA,7.03333333333333,NA,NA,NA,NA,NA,NA
NA,NA,NA,NA,6.94166666666667,NA,NA,NA,NA,NA,NA
NA,NA,NA,NA,6.875,NA,NA,NA,NA,NA,NA
NA,NA,NA,NA,6.8,NA,NA,NA,NA,NA,NA
NA,NA,NA,NA,6.88333333333333,NA,NA,NA,NA,NA,NA
NA,NA,NA,NA,6.90833333333333,NA,NA,NA,NA,NA,NA
NA,NA,NA,NA,7.00833333333333,NA,NA,NA,NA,NA,NA
NA,NA,NA,NA,7.025,NA,NA,NA,NA,NA,NA
NA,NA,NA,NA,7.01666666666667,NA,NA,NA,NA,NA,NA
NA,NA,NA,NA,7.08333333333333,NA,NA,NA,NA,NA,NA
NA,NA,NA,NA,6.96666666666667,NA,NA,NA,NA,NA,NA
NA,NA,NA,NA,6.9,NA,NA,NA,NA,NA,NA
NA,NA,NA,NA,6.89166666666667,NA,NA,NA,NA,NA,NA
NA,NA,NA,NA,7.025,NA,NA,NA,NA,NA,NA
NA,NA,NA,NA,7.36666666666667,NA,NA,NA,NA,NA,NA
NA,NA,NA,NA,7.26666666666667,NA,NA,NA,NA,NA,NA
NA,NA,NA,NA,7.09166666666667,NA,NA,NA,NA,NA,NA
NA,NA,NA,NA,6.975,NA,NA,NA,NA,NA,NA
NA,NA,NA,NA,6.9,NA,NA,NA,NA,NA,NA
NA,NA,NA,NA,6.95,NA,NA,NA,NA,NA,NA
NA,NA,NA,NA,7.13333333333333,NA,NA,NA,NA,NA,NA
NA,NA,NA,NA,7.31666666666667,NA,NA,NA,NA,NA,NA
NA,NA,NA,NA,7.44166666666667,NA,NA,NA,NA,NA,NA
NA,NA,NA,NA,7.4,NA,NA,NA,NA,NA,NA
NA,NA,NA,NA,7.31666666666667,NA,NA,NA,NA,NA,NA
NA,NA,NA,NA,7.3,NA,NA,NA,NA,NA,NA
NA,NA,NA,NA,7.3,NA,NA,NA,NA,NA,NA
NA,NA,NA,NA,7.30833333333333,NA,NA,NA,NA,NA,NA
NA,NA,NA,NA,7.475,NA,NA,NA,NA,NA,NA
NA,NA,NA,NA,7.6,NA,NA,NA,NA,NA,NA
NA,NA,NA,NA,7.60833333333333,NA,NA,NA,NA,NA,NA
NA,NA,NA,NA,7.6,NA,NA,NA,NA,NA,NA
NA,NA,NA,NA,7.45833333333333,NA,NA,NA,NA,NA,NA
NA,NA,NA,NA,7.4,NA,NA,NA,NA,NA,NA
NA,NA,NA,NA,7.3,NA,NA,NA,NA,NA,NA
NA,NA,NA,NA,7.23333333333333,NA,NA,NA,NA,NA,NA
NA,NA,NA,NA,7.2,NA,NA,NA,NA,NA,NA
NA,NA,NA,NA,7.2,NA,NA,NA,NA,NA,NA
NA,NA,NA,NA,7.26666666666667,NA,NA,NA,NA,NA,NA
NA,NA,NA,NA,7.46666666666667,NA,NA,NA,NA,NA,NA
NA,NA,NA,NA,7.35833333333333,NA,NA,NA,NA,NA,NA
NA,NA,NA,NA,7.15833333333333,NA,NA,NA,NA,NA,NA
NA,NA,NA,NA,6.86666666666667,NA,NA,NA,NA,NA,NA
NA,NA,NA,NA,6.70833333333333,NA,NA,NA,NA,NA,NA
NA,NA,NA,NA,7.03333333333333,NA,NA,NA,NA,NA,NA
NA,NA,NA,NA,6.99166666666667,NA,NA,NA,NA,NA,NA
NA,NA,NA,NA,6.8,NA,NA,NA,NA,NA,NA
NA,NA,NA,NA,6.74166666666667,NA,NA,NA,NA,NA,NA
NA,NA,NA,NA,6.56666666666667,NA,NA,NA,NA,NA,NA
NA,NA,NA,NA,6.48333333333333,NA,NA,NA,NA,NA,NA
NA,NA,NA,NA,6.46666666666667,NA,NA,NA,NA,NA,NA
NA,NA,NA,NA,6.575,NA,NA,NA,NA,NA,NA
NA,NA,NA,NA,6.80833333333333,NA,NA,NA,NA,NA,NA
NA,NA,NA,NA,6.95833333333333,NA,NA,NA,NA,NA,NA
NA,NA,NA,NA,7.13333333333333,NA,NA,NA,NA,NA,NA
NA,NA,NA,NA,7.24166666666667,NA,NA,NA,NA,NA,NA
NA,NA,NA,NA,7.48333333333333,NA,NA,NA,NA,NA,NA
NA,NA,NA,NA,7.6,NA,NA,NA,NA,NA,NA
NA,NA,NA,NA,7.40833333333333,NA,NA,NA,NA,NA,NA
NA,NA,NA,NA,7.15833333333333,NA,NA,NA,NA,NA,NA
NA,NA,NA,NA,7.1,NA,NA,NA,NA,NA,NA
NA,NA,NA,NA,7.1,NA,NA,NA,NA,NA,NA
NA,NA,NA,NA,6.975,NA,NA,NA,NA,NA,NA
NA,NA,NA,NA,6.75833333333333,NA,NA,NA,NA,NA,NA
NA,NA,NA,NA,6.475,NA,NA,NA,NA,NA,NA
NA,NA,NA,NA,6.18333333333333,NA,NA,NA,NA,NA,NA
NA,NA,NA,NA,5.94166666666667,NA,NA,NA,NA,NA,NA
NA,NA,NA,NA,5.76666666666667,NA,NA,NA,NA,NA,NA
NA,NA,NA,NA,5.64166666666667,NA,NA,NA,NA,NA,NA
NA,NA,NA,NA,5.525,NA,NA,NA,NA,NA,NA
NA,NA,NA,NA,5.375,NA,NA,NA,NA,NA,NA
NA,NA,NA,NA,5.18333333333333,NA,NA,NA,NA,NA,NA
NA,NA,NA,NA,4.99166666666667,NA,NA,NA,NA,NA,NA
NA,NA,NA,NA,4.775,NA,NA,NA,NA,NA,NA
NA,NA,NA,NA,4.56666666666667,NA,NA,NA,NA,NA,NA
NA,NA,NA,NA,4.425,NA,NA,NA,NA,NA,NA
NA,NA,NA,NA,4.43333333333333,NA,NA,NA,NA,NA,NA
NA,NA,NA,NA,4.475,NA,NA,NA,NA,NA,NA
NA,NA,NA,NA,4.35,NA,NA,NA,NA,NA,NA
NA,NA,NA,NA,4.19166666666667,NA,NA,NA,NA,NA,NA
NA,NA,NA,NA,4.1,NA,NA,NA,NA,NA,NA
NA,NA,NA,NA,4.01666666666667,NA,NA,NA,NA,NA,NA
NA,NA,NA,NA,3.98333333333333,NA,NA,NA,NA,NA,NA
NA,NA,NA,NA,3.91666666666667,NA,NA,NA,NA,NA,NA
NA,NA,NA,NA,4.05,NA,NA,NA,NA,NA,NA
NA,NA,NA,NA,4.2,NA,NA,NA,NA,NA,NA
NA,NA,NA,NA,4.2,NA,NA,NA,NA,NA,NA
NA,NA,NA,NA,4.14166666666667,NA,NA,NA,NA,NA,NA
NA,NA,NA,NA,4.1,NA,NA,NA,NA,NA,NA
NA,NA,NA,NA,4.13333333333333,NA,NA,NA,NA,NA,NA
NA,NA,NA,NA,4.25833333333333,NA,NA,NA,NA,NA,NA
NA,NA,NA,NA,4.40833333333333,NA,NA,NA,NA,NA,NA
NA,NA,NA,NA,4.7,NA,NA,NA,NA,NA,NA
NA,NA,NA,NA,4.98333333333333,NA,NA,NA,NA,NA,NA
NA,NA,NA,NA,5.10833333333333,NA,NA,NA,NA,NA,NA
NA,NA,NA,NA,5.16666666666667,NA,NA,NA,NA,NA,NA
NA,NA,NA,NA,5.1,NA,NA,NA,NA,NA,NA
NA,NA,NA,NA,5.08333333333333,NA,NA,NA,NA,NA,NA
NA,NA,NA,NA,5.1,NA,NA,NA,NA,NA,NA
NA,NA,NA,NA,5.15833333333333,NA,NA,NA,NA,NA,NA
NA,NA,NA,NA,5.39166666666667,NA,NA,NA,NA,NA,NA
NA,NA,NA,NA,5.7,NA,NA,NA,NA,NA,NA
NA,NA,NA,NA,5.93333333333333,NA,NA,NA,NA,NA,NA
NA,NA,NA,NA,6,NA,NA,NA,NA,NA,NA
NA,NA,NA,NA,6,NA,NA,NA,NA,NA,NA
NA,NA,NA,NA,6.06666666666667,NA,NA,NA,NA,NA,NA
NA,NA,NA,NA,6.25833333333333,NA,NA,NA,NA,NA,NA
NA,NA,NA,NA,6.525,NA,NA,NA,NA,NA,NA
NA,NA,NA,NA,6.825,NA,NA,NA,NA,NA,NA
NA,NA,NA,NA,7.08333333333333,NA,NA,NA,NA,NA,NA
NA,NA,NA,NA,7.225,NA,NA,NA,NA,NA,NA
NA,NA,NA,NA,7.3,NA,NA,NA,NA,NA,NA
NA,NA,NA,NA,7.16666666666667,NA,NA,NA,NA,NA,NA
NA,NA,NA,NA,7.09166666666667,NA,NA,NA,NA,NA,NA
NA,NA,NA,NA,6.98333333333333,NA,NA,NA,NA,NA,NA
NA,NA,NA,NA,6.90833333333333,NA,NA,NA,NA,NA,NA
NA,NA,NA,NA,7.01666666666667,NA,NA,NA,NA,NA,NA
NA,NA,NA,NA,7.1,NA,NA,NA,NA,NA,NA
NA,NA,NA,NA,7.1,NA,NA,NA,NA,NA,NA
NA,NA,NA,NA,7.04166666666667,NA,NA,NA,NA,NA,NA
NA,NA,NA,NA,7.03333333333333,NA,NA,NA,NA,NA,NA
NA,NA,NA,NA,7.15833333333333,NA,NA,NA,NA,NA,NA
NA,NA,NA,NA,7.1,NA,NA,NA,NA,NA,NA
NA,NA,NA,NA,7,NA,NA,NA,NA,NA,NA
NA,NA,NA,NA,7.025,NA,NA,NA,NA,NA,NA
NA,NA,NA,NA,7.18333333333333,NA,NA,NA,NA,NA,NA
NA,NA,NA,NA,7.2,NA,NA,NA,NA,NA,NA
NA,NA,NA,NA,7.075,NA,NA,NA,NA,NA,NA
NA,NA,NA,NA,6.95833333333333,NA,NA,NA,NA,NA,NA
NA,NA,NA,NA,6.88333333333333,NA,NA,NA,NA,NA,NA
NA,NA,NA,NA,6.8,NA,NA,NA,NA,NA,NA
NA,NA,NA,NA,6.7,NA,NA,NA,NA,NA,NA
NA,NA,NA,NA,6.76666666666667,NA,NA,NA,NA,NA,NA
NA,NA,NA,NA,6.86666666666667,NA,NA,NA,NA,NA,NA
NA,NA,NA,NA,6.89166666666667,NA,NA,NA,NA,NA,NA
NA,NA,NA,NA,6.64166666666667,NA,NA,NA,NA,NA,NA
NA,NA,NA,NA,6.325,NA,NA,NA,NA,NA,NA
NA,NA,NA,NA,6.05,NA,NA,NA,NA,NA,NA
NA,NA,NA,NA,5.74166666666667,NA,NA,NA,NA,NA,NA
NA,NA,NA,NA,5.45833333333333,NA,NA,NA,NA,NA,NA
NA,NA,NA,NA,5.35833333333333,NA,NA,NA,NA,NA,NA
NA,NA,NA,NA,5.3,NA,NA,NA,NA,NA,NA
NA,NA,NA,NA,5.20833333333333,NA,NA,NA,NA,NA,NA
NA,NA,NA,NA,4.90833333333333,NA,NA,NA,NA,NA,NA
NA,NA,NA,NA,4.46666666666667,NA,NA,NA,NA,NA,NA
NA,NA,NA,NA,4.05833333333333,NA,NA,NA,NA,NA,NA
NA,NA,NA,NA,3.8,NA,NA,NA,NA,NA,NA
NA,NA,NA,NA,3.60833333333333,NA,NA,NA,NA,NA,NA
NA,NA,NA,NA,3.55833333333333,NA,NA,NA,NA,NA,NA
NA,NA,NA,NA,3.51666666666667,NA,NA,NA,NA,NA,NA
NA,NA,NA,NA,3.5,NA,NA,NA,NA,NA,NA
NA,NA,NA,NA,3.41666666666667,NA,NA,NA,NA,NA,NA
NA,NA,NA,NA,3.25833333333333,NA,NA,NA,NA,NA,NA
NA,NA,NA,NA,3.15,NA,NA,NA,NA,NA,NA
NA,NA,NA,NA,3.1,NA,NA,NA,NA,NA,NA
NA,NA,NA,NA,3.1,NA,NA,NA,NA,NA,NA
NA,NA,NA,NA,3.15833333333333,NA,NA,NA,NA,NA,NA
NA,NA,NA,NA,3.35,NA,NA,NA,NA,NA,NA
NA,NA,NA,NA,3.51666666666667,NA,NA,NA,NA,NA,NA
NA,NA,NA,NA,3.6,NA,NA,NA,NA,NA,NA
NA,NA,NA,NA,3.675,NA,NA,NA,NA,NA,NA
NA,NA,NA,NA,3.71666666666667,NA,NA,NA,NA,NA,NA
NA,NA,NA,NA,3.95,NA,NA,NA,NA,NA,NA
NA,NA,NA,NA,4.10833333333333,NA,NA,NA,NA,NA,NA
NA,NA,NA,NA,4.4,NA,NA,NA,NA,NA,NA
NA,NA,NA,NA,4.525,NA,NA,NA,NA,NA,NA
NA,NA,NA,NA,4.68333333333333,NA,NA,NA,NA,NA,NA
NA,NA,NA,NA,4.7,NA,NA,NA,NA,NA,NA
NA,NA,NA,NA,4.60833333333333,NA,NA,NA,NA,NA,NA
NA,NA,NA,NA,4.53333333333333,NA,NA,NA,NA,NA,NA
NA,NA,NA,NA,4.44166666666667,NA,NA,NA,NA,NA,NA
NA,NA,NA,NA,4.4,NA,NA,NA,NA,NA,NA
NA,NA,NA,NA,4.49166666666667,NA,NA,NA,NA,NA,NA
NA,NA,NA,NA,4.65833333333333,NA,NA,NA,NA,NA,NA
NA,NA,NA,NA,4.85,NA,NA,NA,NA,NA,NA
NA,NA,NA,NA,4.9,NA,NA,NA,NA,NA,NA
NA,NA,NA,NA,4.79166666666667,NA,NA,NA,NA,NA,NA
NA,NA,NA,NA,4.6,NA,NA,NA,NA,NA,NA
NA,NA,NA,NA,4.5,NA,NA,NA,NA,NA,NA
NA,NA,NA,NA,4.5,NA,NA,NA,NA,NA,NA
NA,NA,NA,NA,4.50833333333333,NA,NA,NA,NA,NA,NA
NA,NA,NA,NA,4.6,NA,NA,NA,NA,NA,NA
NA,NA,NA,NA,4.65,NA,NA,NA,NA,NA,NA
NA,NA,NA,NA,4.6,NA,NA,NA,NA,NA,NA
NA,NA,NA,NA,4.53333333333333,NA,NA,NA,NA,NA,NA
NA,NA,NA,NA,4.5,NA,NA,NA,NA,NA,NA
NA,NA,NA,NA,4.55,NA,NA,NA,NA,NA,NA
NA,NA,NA,NA,4.875,NA,NA,NA,NA,NA,NA
NA,NA,NA,NA,5.54166666666667,NA,NA,NA,NA,NA,NA
NA,NA,NA,NA,5.15833333333333,NA,NA,NA,NA,NA,NA
NA,NA,NA,NA,5.19166666666667,NA,NA,NA,NA,NA,NA
NA,NA,NA,NA,5.30833333333333,NA,NA,NA,NA,NA,NA
NA,NA,NA,NA,5.475,NA,NA,NA,NA,NA,NA
NA,NA,NA,NA,5.59166666666667,NA,NA,NA,NA,NA,NA
NA,NA,NA,NA,5.68333333333333,NA,NA,NA,NA,NA,NA
NA,NA,NA,NA,5.53333333333333,NA,NA,NA,NA,NA,NA
NA,NA,NA,NA,5.45833333333333,NA,NA,NA,NA,NA,NA
NA,NA,NA,NA,5.375,NA,NA,NA,NA,NA,NA
NA,NA,NA,NA,5.3,NA,NA,NA,NA,NA,NA
NA,NA,NA,NA,5.36666666666667,NA,NA,NA,NA,NA,NA
NA,NA,NA,NA,5.4,NA,NA,NA,NA,NA,NA
NA,NA,NA,NA,5.4,NA,NA,NA,NA,NA,NA
NA,NA,NA,NA,5.4,NA,NA,NA,NA,NA,NA
NA,NA,NA,NA,5.45,NA,NA,NA,NA,NA,NA
NA,NA,NA,NA,5.59166666666667,NA,NA,NA,NA,NA,NA
NA,NA,NA,NA,5.76666666666667,NA,NA,NA,NA,NA,NA
NA,NA,NA,NA,5.80833333333333,NA,NA,NA,NA,NA,NA
NA,NA,NA,NA,5.88333333333333,NA,NA,NA,NA,NA,NA
NA,NA,NA,NA,5.9,NA,NA,NA,NA,NA,NA
NA,NA,NA,NA,5.9,NA,NA,NA,NA,NA,NA
NA,NA,NA,NA,5.95,NA,NA,NA,NA,NA,NA
NA,NA,NA,NA,5.975,NA,NA,NA,NA,NA,NA
NA,NA,NA,NA,5.9,NA,NA,NA,NA,NA,NA
NA,NA,NA,NA,5.825,NA,NA,NA,NA,NA,NA
NA,NA,NA,NA,5.725,NA,NA,NA,NA,NA,NA
NA,NA,NA,NA,5.61666666666667,NA,NA,NA,NA,NA,NA
NA,NA,NA,NA,5.575,NA,NA,NA,NA,NA,NA
NA,NA,NA,NA,5.5,NA,NA,NA,NA,NA,NA
NA,NA,NA,NA,5.45,NA,NA,NA,NA,NA,NA
NA,NA,NA,NA,5.4,NA,NA,NA,NA,NA,NA
NA,NA,NA,NA,5.49166666666667,NA,NA,NA,NA,NA,NA
NA,NA,NA,NA,5.54166666666667,NA,NA,NA,NA,NA,NA
NA,NA,NA,NA,5.525,NA,NA,NA,NA,NA,NA
NA,NA,NA,NA,5.44166666666667,NA,NA,NA,NA,NA,NA
NA,NA,NA,NA,5.4,NA,NA,NA,NA,NA,NA
NA,NA,NA,NA,5.30833333333333,NA,NA,NA,NA,NA,NA
NA,NA,NA,NA,5.20833333333333,NA,NA,NA,NA,NA,NA
NA,NA,NA,NA,5.1,NA,NA,NA,NA,NA,NA
NA,NA,NA,NA,5.1,NA,NA,NA,NA,NA,NA
NA,NA,NA,NA,5.10833333333333,NA,NA,NA,NA,NA,NA
NA,NA,NA,NA,5.11666666666667,NA,NA,NA,NA,NA,NA
NA,NA,NA,NA,5.025,NA,NA,NA,NA,NA,NA
NA,NA,NA,NA,4.96666666666667,NA,NA,NA,NA,NA,NA
NA,NA,NA,NA,4.9,NA,NA,NA,NA,NA,NA
NA,NA,NA,NA,4.84166666666667,NA,NA,NA,NA,NA,NA
NA,NA,NA,NA,4.8,NA,NA,NA,NA,NA,NA
NA,NA,NA,NA,4.8,NA,NA,NA,NA,NA,NA
NA,NA,NA,NA,4.8,NA,NA,NA,NA,NA,NA
NA,NA,NA,NA,4.75833333333333,NA,NA,NA,NA,NA,NA
NA,NA,NA,NA,4.66666666666667,NA,NA,NA,NA,NA,NA
NA,NA,NA,NA,4.58333333333333,NA,NA,NA,NA,NA,NA
NA,NA,NA,NA,4.475,NA,NA,NA,NA,NA,NA
NA,NA,NA,NA,4.35,NA,NA,NA,NA,NA,NA
NA,NA,NA,NA,4.23333333333333,NA,NA,NA,NA,NA,NA
NA,NA,NA,NA,4.2,NA,NA,NA,NA,NA,NA
NA,NA,NA,NA,4.14166666666667,NA,NA,NA,NA,NA,NA
NA,NA,NA,NA,4.025,NA,NA,NA,NA,NA,NA
NA,NA,NA,NA,3.83333333333333,NA,NA,NA,NA,NA,NA
NA,NA,NA,NA,3.71666666666667,NA,NA,NA,NA,NA,NA
NA,NA,NA,NA,3.69166666666667,NA,NA,NA,NA,NA,NA
NA,NA,NA,NA,3.60833333333333,NA,NA,NA,NA,NA,NA
NA,NA,NA,NA,3.56666666666667,NA,NA,NA,NA,NA,NA
NA,NA,NA,NA,3.6,NA,NA,NA,NA,NA,NA
NA,NA,NA,NA,3.7,NA,NA,NA,NA,NA,NA
NA,NA,NA,NA,3.65833333333333,NA,NA,NA,NA,NA,NA
NA,NA,NA,NA,3.625,NA,NA,NA,NA,NA,NA
NA,NA,NA,NA,3.69166666666667,NA,NA,NA,NA,NA,NA
NA,NA,NA,NA,3.7,NA,NA,NA,NA,NA,NA
NA,NA,NA,NA,3.7,NA,NA,NA,NA,NA,NA
NA,NA,NA,NA,3.73333333333333,NA,NA,NA,NA,NA,NA
NA,NA,NA,NA,3.84166666666667,NA,NA,NA,NA,NA,NA
NA,NA,NA,NA,3.93333333333333,NA,NA,NA,NA,NA,NA
NA,NA,NA,NA,4,NA,NA,NA,NA,NA,NA
NA,NA,NA,NA,4.03333333333333,NA,NA,NA,NA,NA,NA
NA,NA,NA,NA,4.125,NA,NA,NA,NA,NA,NA
NA,NA,NA,NA,4.33333333333333,NA,NA,NA,NA,NA,NA
NA,NA,NA,NA,4.525,NA,NA,NA,NA,NA,NA
NA,NA,NA,NA,4.6,NA,NA,NA,NA,NA,NA
NA,NA,NA,NA,4.75833333333333,NA,NA,NA,NA,NA,NA
NA,NA,NA,NA,4.96666666666667,NA,NA,NA,NA,NA,NA
NA,NA,NA,NA,5.08333333333333,NA,NA,NA,NA,NA,NA
NA,NA,NA,NA,5.25,NA,NA,NA,NA,NA,NA
NA,NA,NA,NA,5.425,NA,NA,NA,NA,NA,NA
NA,NA,NA,NA,5.6,NA,NA,NA,NA,NA,NA
NA,NA,NA,NA,5.75833333333333,NA,NA,NA,NA,NA,NA
NA,NA,NA,NA,5.9,NA,NA,NA,NA,NA,NA
NA,NA,NA,NA,6.00833333333333,NA,NA,NA,NA,NA,NA
NA,NA,NA,NA,6.11666666666667,NA,NA,NA,NA,NA,NA
NA,NA,NA,NA,6.2,NA,NA,NA,NA,NA,NA
NA,NA,NA,NA,6.2,NA,NA,NA,NA,NA,NA
NA,NA,NA,NA,6.2,NA,NA,NA,NA,NA,NA
NA,NA,NA,NA,6.20833333333333,NA,NA,NA,NA,NA,NA
NA,NA,NA,NA,6.2,NA,NA,NA,NA,NA,NA
NA,NA,NA,NA,6.2,NA,NA,NA,NA,NA,NA
NA,NA,NA,NA,6.24166666666667,NA,NA,NA,NA,NA,NA
NA,NA,NA,NA,6.34166666666667,NA,NA,NA,NA,NA,NA
NA,NA,NA,NA,6.475,NA,NA,NA,NA,NA,NA
NA,NA,NA,NA,6.5,NA,NA,NA,NA,NA,NA
NA,NA,NA,NA,6.5,NA,NA,NA,NA,NA,NA
NA,NA,NA,NA,6.53333333333333,NA,NA,NA,NA,NA,NA
NA,NA,NA,NA,6.6,NA,NA,NA,NA,NA,NA
NA,NA,NA,NA,6.69166666666667,NA,NA,NA,NA,NA,NA
NA,NA,NA,NA,6.85833333333333,NA,NA,NA,NA,NA,NA
NA,NA,NA,NA,7.20833333333333,NA,NA,NA,NA,NA,NA
NA,NA,NA,NA,7.21666666666667,NA,NA,NA,NA,NA,NA
NA,NA,NA,NA,7.24166666666667,NA,NA,NA,NA,NA,NA
NA,NA,NA,NA,7.25833333333333,NA,NA,NA,NA,NA,NA
NA,NA,NA,NA,7.11666666666667,NA,NA,NA,NA,NA,NA
NA,NA,NA,NA,6.925,NA,NA,NA,NA,NA,NA
NA,NA,NA,NA,6.78333333333333,NA,NA,NA,NA,NA,NA
NA,NA,NA,NA,6.625,NA,NA,NA,NA,NA,NA
NA,NA,NA,NA,6.7,NA,NA,NA,NA,NA,NA
NA,NA,NA,NA,6.59166666666667,NA,NA,NA,NA,NA,NA
NA,NA,NA,NA,6.39166666666667,NA,NA,NA,NA,NA,NA
NA,NA,NA,NA,6.1,NA,NA,NA,NA,NA,NA
NA,NA,NA,NA,5.85833333333333,NA,NA,NA,NA,NA,NA
NA,NA,NA,NA,5.68333333333333,NA,NA,NA,NA,NA,NA
NA,NA,NA,NA,5.56666666666667,NA,NA,NA,NA,NA,NA
NA,NA,NA,NA,5.5,NA,NA,NA,NA,NA,NA
NA,NA,NA,NA,5.5,NA,NA,NA,NA,NA,NA
NA,NA,NA,NA,5.4,NA,NA,NA,NA,NA,NA
NA,NA,NA,NA,5.4,NA,NA,NA,NA,NA,NA
NA,NA,NA,NA,5.4,NA,NA,NA,NA,NA,NA
NA,NA,NA,NA,5.43333333333333,NA,NA,NA,NA,NA,NA
NA,NA,NA,NA,5.5,NA,NA,NA,NA,NA,NA
NA,NA,NA,NA,5.56666666666667,NA,NA,NA,NA,NA,NA
NA,NA,NA,NA,5.725,NA,NA,NA,NA,NA,NA
NA,NA,NA,NA,5.83333333333333,NA,NA,NA,NA,NA,NA
NA,NA,NA,NA,5.83333333333333,NA,NA,NA,NA,NA,NA
NA,NA,NA,NA,5.78333333333333,NA,NA,NA,NA,NA,NA
NA,NA,NA,NA,5.625,NA,NA,NA,NA,NA,NA
NA,NA,NA,NA,5.35833333333333,NA,NA,NA,NA,NA,NA
NA,NA,NA,NA,5.14166666666667,NA,NA,NA,NA,NA,NA
NA,NA,NA,NA,5,NA,NA,NA,NA,NA,NA
NA,NA,NA,NA,5,NA,NA,NA,NA,NA,NA
NA,NA,NA,NA,5,NA,NA,NA,NA,NA,NA
NA,NA,NA,NA,4.99166666666667,NA,NA,NA,NA,NA,NA
NA,NA,NA,NA,4.90833333333333,NA,NA,NA,NA,NA,NA
NA,NA,NA,NA,4.9,NA,NA,NA,NA,NA,NA
NA,NA,NA,NA,4.9,NA,NA,NA,NA,NA,NA
NA,NA,NA,NA,4.9,NA,NA,NA,NA,NA,NA
NA,NA,NA,NA,4.90833333333333,NA,NA,NA,NA,NA,NA
NA,NA,NA,NA,5.01666666666667,NA,NA,NA,NA,NA,NA
NA,NA,NA,NA,5.14166666666667,NA,NA,NA,NA,NA,NA
NA,NA,NA,NA,5.2,NA,NA,NA,NA,NA,NA
NA,NA,NA,NA,5.2,NA,NA,NA,NA,NA,NA
NA,NA,NA,NA,5.2,NA,NA,NA,NA,NA,NA
NA,NA,NA,NA,5.175,NA,NA,NA,NA,NA,NA
NA,NA,NA,NA,5.09166666666667,NA,NA,NA,NA,NA,NA
NA,NA,NA,NA,5,NA,NA,NA,NA,NA,NA
NA,NA,NA,NA,5.04166666666667,NA,NA,NA,NA,NA,NA
NA,NA,NA,NA,5.15833333333333,NA,NA,NA,NA,NA,NA
NA,NA,NA,NA,5.19166666666667,NA,NA,NA,NA,NA,NA
NA,NA,NA,NA,5.05,NA,NA,NA,NA,NA,NA
NA,NA,NA,NA,4.95833333333333,NA,NA,NA,NA,NA,NA
NA,NA,NA,NA,4.85,NA,NA,NA,NA,NA,NA
NA,NA,NA,NA,4.66666666666667,NA,NA,NA,NA,NA,NA
NA,NA,NA,NA,4.45,NA,NA,NA,NA,NA,NA
NA,NA,NA,NA,4.3,NA,NA,NA,NA,NA,NA
NA,NA,NA,NA,4.3,NA,NA,NA,NA,NA,NA
NA,NA,NA,NA,4.26666666666667,NA,NA,NA,NA,NA,NA
NA,NA,NA,NA,4.05,NA,NA,NA,NA,NA,NA
NA,NA,NA,NA,3.85,NA,NA,NA,NA,NA,NA
NA,NA,NA,NA,3.69166666666667,NA,NA,NA,NA,NA,NA
NA,NA,NA,NA,3.525,NA,NA,NA,NA,NA,NA
NA,NA,NA,NA,3.34166666666667,NA,NA,NA,NA,NA,NA
NA,NA,NA,NA,3.3,NA,NA,NA,NA,NA,NA
NA,NA,NA,NA,3.35,NA,NA,NA,NA,NA,NA
NA,NA,NA,NA,3.35833333333333,NA,NA,NA,NA,NA,NA
NA,NA,NA,NA,3.19166666666667,NA,NA,NA,NA,NA,NA
NA,NA,NA,NA,3.1,NA,NA,NA,NA,NA,NA
NA,NA,NA,NA,3.04166666666667,NA,NA,NA,NA,NA,NA
NA,NA,NA,NA,2.95833333333333,NA,NA,NA,NA,NA,NA
NA,NA,NA,NA,2.88333333333333,NA,NA,NA,NA,NA,NA
NA,NA,NA,NA,2.89166666666667,NA,NA,NA,NA,NA,NA
NA,NA,NA,NA,2.94166666666667,NA,NA,NA,NA,NA,NA
NA,NA,NA,NA,2.96666666666667,NA,NA,NA,NA,NA,NA
NA,NA,NA,NA,2.825,NA,NA,NA,NA,NA,NA
NA,NA,NA,NA,2.8,NA,NA,NA,NA,NA,NA
NA,NA,NA,NA,2.8,NA,NA,NA,NA,NA,NA
NA,NA,NA,NA,2.8,NA,NA,NA,NA,NA,NA
NA,NA,NA,NA,2.80833333333333,NA,NA,NA,NA,NA,NA
NA,NA,NA,NA,2.9,NA,NA,NA,NA,NA,NA
NA,NA,NA,NA,2.98333333333333,NA,NA,NA,NA,NA,NA
NA,NA,NA,NA,3,NA,NA,NA,NA,NA,NA
NA,NA,NA,NA,3,NA,NA,NA,NA,NA,NA
NA,NA,NA,NA,3,NA,NA,NA,NA,NA,NA
NA,NA,NA,NA,3.05,NA,NA,NA,NA,NA,NA
NA,NA,NA,NA,3.03333333333333,NA,NA,NA,NA,NA,NA
NA,NA,NA,NA,3,NA,NA,NA,NA,NA,NA
NA,NA,NA,NA,3.08333333333333,NA,NA,NA,NA,NA,NA
NA,NA,NA,NA,3.1,NA,NA,NA,NA,NA,NA
NA,NA,NA,NA,3.1,NA,NA,NA,NA,NA,NA
NA,NA,NA,NA,3.1,NA,NA,NA,NA,NA,NA
NA,NA,NA,NA,3.1,NA,NA,NA,NA,NA,NA
NA,NA,NA,NA,3.1,NA,NA,NA,NA,NA,NA
NA,NA,NA,NA,3.075,NA,NA,NA,NA,NA,NA
NA,NA,NA,NA,3,NA,NA,NA,NA,NA,NA
NA,NA,NA,NA,3.08333333333333,NA,NA,NA,NA,NA,NA
NA,NA,NA,NA,3.1,NA,NA,NA,NA,NA,NA
NA,NA,NA,NA,3.1,NA,NA,NA,NA,NA,NA
NA,NA,NA,NA,2.99166666666667,NA,NA,NA,NA,NA,NA
NA,NA,NA,NA,2.9,NA,NA,NA,NA,NA,NA
