Area;ISO 3 code;Year;Area type;Continent;Ember region;EU;OECD;G20;G7;ASEAN;Category;Subcategory;Variable;Unit;Value;YoY absolute change;YoY % change
Denmark;DNK;2000;Country or economy;Europe;Europe;1;1;0;0;0;Electricity generation;Aggregate fuel;Clean;%;15,54;;
Denmark;DNK;2000;Country or economy;Europe;Europe;1;1;0;0;0;Electricity generation;Aggregate fuel;Fossil;%;84,46;;
Denmark;DNK;2000;Country or economy;Europe;Europe;1;1;0;0;0;Electricity generation;Aggregate fuel;Gas and Other Fossil;%;37,96;;
Denmark;DNK;2000;Country or economy;Europe;Europe;1;1;0;0;0;Electricity generation;Aggregate fuel;Hydro, Bioenergy and Other Renewables;%;3,71;;
Denmark;DNK;2000;Country or economy;Europe;Europe;1;1;0;0;0;Electricity generation;Aggregate fuel;Renewables;%;15,54;;
Denmark;DNK;2000;Country or economy;Europe;Europe;1;1;0;0;0;Electricity generation;Aggregate fuel;Wind and Solar;%;11,83;;
Denmark;DNK;2000;Country or economy;Europe;Europe;1;1;0;0;0;Electricity generation;Aggregate fuel;Clean;TWh;5,57;;
Denmark;DNK;2000;Country or economy;Europe;Europe;1;1;0;0;0;Electricity generation;Aggregate fuel;Fossil;TWh;30,28;;
Denmark;DNK;2000;Country or economy;Europe;Europe;1;1;0;0;0;Electricity generation;Aggregate fuel;Gas and Other Fossil;TWh;13,61;;
Denmark;DNK;2000;Country or economy;Europe;Europe;1;1;0;0;0;Electricity generation;Aggregate fuel;Hydro, Bioenergy and Other Renewables;TWh;1,33;;
Denmark;DNK;2000;Country or economy;Europe;Europe;1;1;0;0;0;Electricity generation;Aggregate fuel;Renewables;TWh;5,57;;
Denmark;DNK;2000;Country or economy;Europe;Europe;1;1;0;0;0;Electricity generation;Aggregate fuel;Wind and Solar;TWh;4,24;;
Denmark;DNK;2000;Country or economy;Europe;Europe;1;1;0;0;0;Electricity generation;Fuel;Bioenergy;%;3,63;;
Denmark;DNK;2000;Country or economy;Europe;Europe;1;1;0;0;0;Electricity generation;Fuel;Coal;%;46,5;;
Denmark;DNK;2000;Country or economy;Europe;Europe;1;1;0;0;0;Electricity generation;Fuel;Gas;%;24,46;;
Denmark;DNK;2000;Country or economy;Europe;Europe;1;1;0;0;0;Electricity generation;Fuel;Hydro;%;0,08;;
Denmark;DNK;2000;Country or economy;Europe;Europe;1;1;0;0;0;Electricity generation;Fuel;Nuclear;%;0;;
Denmark;DNK;2000;Country or economy;Europe;Europe;1;1;0;0;0;Electricity generation;Fuel;Other Fossil;%;13,5;;
Denmark;DNK;2000;Country or economy;Europe;Europe;1;1;0;0;0;Electricity generation;Fuel;Other Renewables;%;0;;
Denmark;DNK;2000;Country or economy;Europe;Europe;1;1;0;0;0;Electricity generation;Fuel;Solar;%;0;;
Denmark;DNK;2000;Country or economy;Europe;Europe;1;1;0;0;0;Electricity generation;Fuel;Wind;%;11,83;;
Denmark;DNK;2000;Country or economy;Europe;Europe;1;1;0;0;0;Electricity generation;Fuel;Bioenergy;TWh;1,3;;
Denmark;DNK;2000;Country or economy;Europe;Europe;1;1;0;0;0;Electricity generation;Fuel;Coal;TWh;16,67;;
Denmark;DNK;2000;Country or economy;Europe;Europe;1;1;0;0;0;Electricity generation;Fuel;Gas;TWh;8,77;;
Denmark;DNK;2000;Country or economy;Europe;Europe;1;1;0;0;0;Electricity generation;Fuel;Hydro;TWh;0,03;;
Denmark;DNK;2000;Country or economy;Europe;Europe;1;1;0;0;0;Electricity generation;Fuel;Nuclear;TWh;0;;
Denmark;DNK;2000;Country or economy;Europe;Europe;1;1;0;0;0;Electricity generation;Fuel;Other Fossil;TWh;4,84;;
Denmark;DNK;2000;Country or economy;Europe;Europe;1;1;0;0;0;Electricity generation;Fuel;Other Renewables;TWh;0;;
Denmark;DNK;2000;Country or economy;Europe;Europe;1;1;0;0;0;Electricity generation;Fuel;Solar;TWh;0;;
Denmark;DNK;2000;Country or economy;Europe;Europe;1;1;0;0;0;Electricity generation;Fuel;Wind;TWh;4,24;;
Denmark;DNK;2000;Country or economy;Europe;Europe;1;1;0;0;0;Electricity generation;Total;Total Generation;TWh;35,85;;
Denmark;DNK;2001;Country or economy;Europe;Europe;1;1;0;0;0;Electricity generation;Aggregate fuel;Clean;%;15,58;;
Denmark;DNK;2001;Country or economy;Europe;Europe;1;1;0;0;0;Electricity generation;Aggregate fuel;Fossil;%;84,41;;
Denmark;DNK;2001;Country or economy;Europe;Europe;1;1;0;0;0;Electricity generation;Aggregate fuel;Gas and Other Fossil;%;36,94;;
Denmark;DNK;2001;Country or economy;Europe;Europe;1;1;0;0;0;Electricity generation;Aggregate fuel;Hydro, Bioenergy and Other Renewables;%;4,1;;
Denmark;DNK;2001;Country or economy;Europe;Europe;1;1;0;0;0;Electricity generation;Aggregate fuel;Renewables;%;15,58;;
Denmark;DNK;2001;Country or economy;Europe;Europe;1;1;0;0;0;Electricity generation;Aggregate fuel;Wind and Solar;%;11,48;;
Denmark;DNK;2001;Country or economy;Europe;Europe;1;1;0;0;0;Electricity generation;Aggregate fuel;Clean;TWh;5,85;0,28;5,03
Denmark;DNK;2001;Country or economy;Europe;Europe;1;1;0;0;0;Electricity generation;Aggregate fuel;Fossil;TWh;31,69;1,41;4,66
Denmark;DNK;2001;Country or economy;Europe;Europe;1;1;0;0;0;Electricity generation;Aggregate fuel;Gas and Other Fossil;TWh;13,87;0,26;1,91
Denmark;DNK;2001;Country or economy;Europe;Europe;1;1;0;0;0;Electricity generation;Aggregate fuel;Hydro, Bioenergy and Other Renewables;TWh;1,54;0,21;15,79
Denmark;DNK;2001;Country or economy;Europe;Europe;1;1;0;0;0;Electricity generation;Aggregate fuel;Renewables;TWh;5,85;0,28;5,03
Denmark;DNK;2001;Country or economy;Europe;Europe;1;1;0;0;0;Electricity generation;Aggregate fuel;Wind and Solar;TWh;4,31;0,07;1,65
Denmark;DNK;2001;Country or economy;Europe;Europe;1;1;0;0;0;Electricity generation;Fuel;Bioenergy;%;4,02;;
Denmark;DNK;2001;Country or economy;Europe;Europe;1;1;0;0;0;Electricity generation;Fuel;Coal;%;47,47;;
Denmark;DNK;2001;Country or economy;Europe;Europe;1;1;0;0;0;Electricity generation;Fuel;Gas;%;24,69;;
Denmark;DNK;2001;Country or economy;Europe;Europe;1;1;0;0;0;Electricity generation;Fuel;Hydro;%;0,08;;
Denmark;DNK;2001;Country or economy;Europe;Europe;1;1;0;0;0;Electricity generation;Fuel;Nuclear;%;0;;
Denmark;DNK;2001;Country or economy;Europe;Europe;1;1;0;0;0;Electricity generation;Fuel;Other Fossil;%;12,25;;
Denmark;DNK;2001;Country or economy;Europe;Europe;1;1;0;0;0;Electricity generation;Fuel;Other Renewables;%;0;;
Denmark;DNK;2001;Country or economy;Europe;Europe;1;1;0;0;0;Electricity generation;Fuel;Solar;%;0;;
Denmark;DNK;2001;Country or economy;Europe;Europe;1;1;0;0;0;Electricity generation;Fuel;Wind;%;11,48;;
Denmark;DNK;2001;Country or economy;Europe;Europe;1;1;0;0;0;Electricity generation;Fuel;Bioenergy;TWh;1,51;0,21;16,15
Denmark;DNK;2001;Country or economy;Europe;Europe;1;1;0;0;0;Electricity generation;Fuel;Coal;TWh;17,82;1,15;6,9
Denmark;DNK;2001;Country or economy;Europe;Europe;1;1;0;0;0;Electricity generation;Fuel;Gas;TWh;9,27;0,5;5,7
Denmark;DNK;2001;Country or economy;Europe;Europe;1;1;0;0;0;Electricity generation;Fuel;Hydro;TWh;0,03;0;0
Denmark;DNK;2001;Country or economy;Europe;Europe;1;1;0;0;0;Electricity generation;Fuel;Nuclear;TWh;0;0;
Denmark;DNK;2001;Country or economy;Europe;Europe;1;1;0;0;0;Electricity generation;Fuel;Other Fossil;TWh;4,6;-0,24;-4,96
Denmark;DNK;2001;Country or economy;Europe;Europe;1;1;0;0;0;Electricity generation;Fuel;Other Renewables;TWh;0;0;
Denmark;DNK;2001;Country or economy;Europe;Europe;1;1;0;0;0;Electricity generation;Fuel;Solar;TWh;0;0;
Denmark;DNK;2001;Country or economy;Europe;Europe;1;1;0;0;0;Electricity generation;Fuel;Wind;TWh;4,31;0,07;1,65
Denmark;DNK;2001;Country or economy;Europe;Europe;1;1;0;0;0;Electricity generation;Total;Total Generation;TWh;37,54;1,69;4,71
Denmark;DNK;2002;Country or economy;Europe;Europe;1;1;0;0;0;Electricity generation;Aggregate fuel;Clean;%;17,37;;
Denmark;DNK;2002;Country or economy;Europe;Europe;1;1;0;0;0;Electricity generation;Aggregate fuel;Fossil;%;82,64;;
Denmark;DNK;2002;Country or economy;Europe;Europe;1;1;0;0;0;Electricity generation;Aggregate fuel;Gas and Other Fossil;%;35,94;;
Denmark;DNK;2002;Country or economy;Europe;Europe;1;1;0;0;0;Electricity generation;Aggregate fuel;Hydro, Bioenergy and Other Renewables;%;4,89;;
Denmark;DNK;2002;Country or economy;Europe;Europe;1;1;0;0;0;Electricity generation;Aggregate fuel;Renewables;%;17,37;;
Denmark;DNK;2002;Country or economy;Europe;Europe;1;1;0;0;0;Electricity generation;Aggregate fuel;Wind and Solar;%;12,48;;
Denmark;DNK;2002;Country or economy;Europe;Europe;1;1;0;0;0;Electricity generation;Aggregate fuel;Clean;TWh;6,79;0,94;16,07
Denmark;DNK;2002;Country or economy;Europe;Europe;1;1;0;0;0;Electricity generation;Aggregate fuel;Fossil;TWh;32,31;0,62;1,96
Denmark;DNK;2002;Country or economy;Europe;Europe;1;1;0;0;0;Electricity generation;Aggregate fuel;Gas and Other Fossil;TWh;14,05;0,18;1,3
Denmark;DNK;2002;Country or economy;Europe;Europe;1;1;0;0;0;Electricity generation;Aggregate fuel;Hydro, Bioenergy and Other Renewables;TWh;1,91;0,37;24,03
Denmark;DNK;2002;Country or economy;Europe;Europe;1;1;0;0;0;Electricity generation;Aggregate fuel;Renewables;TWh;6,79;0,94;16,07
Denmark;DNK;2002;Country or economy;Europe;Europe;1;1;0;0;0;Electricity generation;Aggregate fuel;Wind and Solar;TWh;4,88;0,57;13,23
Denmark;DNK;2002;Country or economy;Europe;Europe;1;1;0;0;0;Electricity generation;Fuel;Bioenergy;%;4,81;;
Denmark;DNK;2002;Country or economy;Europe;Europe;1;1;0;0;0;Electricity generation;Fuel;Coal;%;46,7;;
Denmark;DNK;2002;Country or economy;Europe;Europe;1;1;0;0;0;Electricity generation;Fuel;Gas;%;24,53;;
Denmark;DNK;2002;Country or economy;Europe;Europe;1;1;0;0;0;Electricity generation;Fuel;Hydro;%;0,08;;
Denmark;DNK;2002;Country or economy;Europe;Europe;1;1;0;0;0;Electricity generation;Fuel;Nuclear;%;0;;
Denmark;DNK;2002;Country or economy;Europe;Europe;1;1;0;0;0;Electricity generation;Fuel;Other Fossil;%;11,41;;
Denmark;DNK;2002;Country or economy;Europe;Europe;1;1;0;0;0;Electricity generation;Fuel;Other Renewables;%;0;;
Denmark;DNK;2002;Country or economy;Europe;Europe;1;1;0;0;0;Electricity generation;Fuel;Solar;%;0;;
Denmark;DNK;2002;Country or economy;Europe;Europe;1;1;0;0;0;Electricity generation;Fuel;Wind;%;12,48;;
Denmark;DNK;2002;Country or economy;Europe;Europe;1;1;0;0;0;Electricity generation;Fuel;Bioenergy;TWh;1,88;0,37;24,5
Denmark;DNK;2002;Country or economy;Europe;Europe;1;1;0;0;0;Electricity generation;Fuel;Coal;TWh;18,26;0,44;2,47
Denmark;DNK;2002;Country or economy;Europe;Europe;1;1;0;0;0;Electricity generation;Fuel;Gas;TWh;9,59;0,32;3,45
Denmark;DNK;2002;Country or economy;Europe;Europe;1;1;0;0;0;Electricity generation;Fuel;Hydro;TWh;0,03;0;0
Denmark;DNK;2002;Country or economy;Europe;Europe;1;1;0;0;0;Electricity generation;Fuel;Nuclear;TWh;0;0;
Denmark;DNK;2002;Country or economy;Europe;Europe;1;1;0;0;0;Electricity generation;Fuel;Other Fossil;TWh;4,46;-0,14;-3,04
Denmark;DNK;2002;Country or economy;Europe;Europe;1;1;0;0;0;Electricity generation;Fuel;Other Renewables;TWh;0;0;
Denmark;DNK;2002;Country or economy;Europe;Europe;1;1;0;0;0;Electricity generation;Fuel;Solar;TWh;0;0;
Denmark;DNK;2002;Country or economy;Europe;Europe;1;1;0;0;0;Electricity generation;Fuel;Wind;TWh;4,88;0,57;13,23
Denmark;DNK;2002;Country or economy;Europe;Europe;1;1;0;0;0;Electricity generation;Total;Total Generation;TWh;39,1;1,56;4,16
Denmark;DNK;2003;Country or economy;Europe;Europe;1;1;0;0;0;Electricity generation;Aggregate fuel;Clean;%;17,55;;
Denmark;DNK;2003;Country or economy;Europe;Europe;1;1;0;0;0;Electricity generation;Aggregate fuel;Fossil;%;82,45;;
Denmark;DNK;2003;Country or economy;Europe;Europe;1;1;0;0;0;Electricity generation;Aggregate fuel;Gas and Other Fossil;%;27,39;;
Denmark;DNK;2003;Country or economy;Europe;Europe;1;1;0;0;0;Electricity generation;Aggregate fuel;Hydro, Bioenergy and Other Renewables;%;5,46;;
Denmark;DNK;2003;Country or economy;Europe;Europe;1;1;0;0;0;Electricity generation;Aggregate fuel;Renewables;%;17,55;;
Denmark;DNK;2003;Country or economy;Europe;Europe;1;1;0;0;0;Electricity generation;Aggregate fuel;Wind and Solar;%;12,09;;
Denmark;DNK;2003;Country or economy;Europe;Europe;1;1;0;0;0;Electricity generation;Aggregate fuel;Clean;TWh;8,07;1,28;18,85
Denmark;DNK;2003;Country or economy;Europe;Europe;1;1;0;0;0;Electricity generation;Aggregate fuel;Fossil;TWh;37,9;5,59;17,3
Denmark;DNK;2003;Country or economy;Europe;Europe;1;1;0;0;0;Electricity generation;Aggregate fuel;Gas and Other Fossil;TWh;12,59;-1,46;-10,39
Denmark;DNK;2003;Country or economy;Europe;Europe;1;1;0;0;0;Electricity generation;Aggregate fuel;Hydro, Bioenergy and Other Renewables;TWh;2,51;0,6;31,41
Denmark;DNK;2003;Country or economy;Europe;Europe;1;1;0;0;0;Electricity generation;Aggregate fuel;Renewables;TWh;8,07;1,28;18,85
Denmark;DNK;2003;Country or economy;Europe;Europe;1;1;0;0;0;Electricity generation;Aggregate fuel;Wind and Solar;TWh;5,56;0,68;13,93
Denmark;DNK;2003;Country or economy;Europe;Europe;1;1;0;0;0;Electricity generation;Fuel;Bioenergy;%;5,42;;
Denmark;DNK;2003;Country or economy;Europe;Europe;1;1;0;0;0;Electricity generation;Fuel;Coal;%;55,06;;
Denmark;DNK;2003;Country or economy;Europe;Europe;1;1;0;0;0;Electricity generation;Fuel;Gas;%;21,23;;
Denmark;DNK;2003;Country or economy;Europe;Europe;1;1;0;0;0;Electricity generation;Fuel;Hydro;%;0,04;;
Denmark;DNK;2003;Country or economy;Europe;Europe;1;1;0;0;0;Electricity generation;Fuel;Nuclear;%;0;;
Denmark;DNK;2003;Country or economy;Europe;Europe;1;1;0;0;0;Electricity generation;Fuel;Other Fossil;%;6,16;;
Denmark;DNK;2003;Country or economy;Europe;Europe;1;1;0;0;0;Electricity generation;Fuel;Other Renewables;%;0;;
Denmark;DNK;2003;Country or economy;Europe;Europe;1;1;0;0;0;Electricity generation;Fuel;Solar;%;0;;
Denmark;DNK;2003;Country or economy;Europe;Europe;1;1;0;0;0;Electricity generation;Fuel;Wind;%;12,09;;
Denmark;DNK;2003;Country or economy;Europe;Europe;1;1;0;0;0;Electricity generation;Fuel;Bioenergy;TWh;2,49;0,61;32,45
Denmark;DNK;2003;Country or economy;Europe;Europe;1;1;0;0;0;Electricity generation;Fuel;Coal;TWh;25,31;7,05;38,61
Denmark;DNK;2003;Country or economy;Europe;Europe;1;1;0;0;0;Electricity generation;Fuel;Gas;TWh;9,76;0,17;1,77
Denmark;DNK;2003;Country or economy;Europe;Europe;1;1;0;0;0;Electricity generation;Fuel;Hydro;TWh;0,02;-0,01;-33,33
Denmark;DNK;2003;Country or economy;Europe;Europe;1;1;0;0;0;Electricity generation;Fuel;Nuclear;TWh;0;0;
Denmark;DNK;2003;Country or economy;Europe;Europe;1;1;0;0;0;Electricity generation;Fuel;Other Fossil;TWh;2,83;-1,63;-36,55
Denmark;DNK;2003;Country or economy;Europe;Europe;1;1;0;0;0;Electricity generation;Fuel;Other Renewables;TWh;0;0;
Denmark;DNK;2003;Country or economy;Europe;Europe;1;1;0;0;0;Electricity generation;Fuel;Solar;TWh;0;0;
Denmark;DNK;2003;Country or economy;Europe;Europe;1;1;0;0;0;Electricity generation;Fuel;Wind;TWh;5,56;0,68;13,93
Denmark;DNK;2003;Country or economy;Europe;Europe;1;1;0;0;0;Electricity generation;Total;Total Generation;TWh;45,97;6,87;17,57
Denmark;DNK;2004;Country or economy;Europe;Europe;1;1;0;0;0;Electricity generation;Aggregate fuel;Clean;%;23,68;;
Denmark;DNK;2004;Country or economy;Europe;Europe;1;1;0;0;0;Electricity generation;Aggregate fuel;Fossil;%;76,32;;
Denmark;DNK;2004;Country or economy;Europe;Europe;1;1;0;0;0;Electricity generation;Aggregate fuel;Gas and Other Fossil;%;29,92;;
Denmark;DNK;2004;Country or economy;Europe;Europe;1;1;0;0;0;Electricity generation;Aggregate fuel;Hydro, Bioenergy and Other Renewables;%;7,3;;
Denmark;DNK;2004;Country or economy;Europe;Europe;1;1;0;0;0;Electricity generation;Aggregate fuel;Renewables;%;23,68;;
Denmark;DNK;2004;Country or economy;Europe;Europe;1;1;0;0;0;Electricity generation;Aggregate fuel;Wind and Solar;%;16,38;;
Denmark;DNK;2004;Country or economy;Europe;Europe;1;1;0;0;0;Electricity generation;Aggregate fuel;Clean;TWh;9,53;1,46;18,09
Denmark;DNK;2004;Country or economy;Europe;Europe;1;1;0;0;0;Electricity generation;Aggregate fuel;Fossil;TWh;30,71;-7,19;-18,97
Denmark;DNK;2004;Country or economy;Europe;Europe;1;1;0;0;0;Electricity generation;Aggregate fuel;Gas and Other Fossil;TWh;12,04;-0,55;-4,37
Denmark;DNK;2004;Country or economy;Europe;Europe;1;1;0;0;0;Electricity generation;Aggregate fuel;Hydro, Bioenergy and Other Renewables;TWh;2,94;0,43;17,13
Denmark;DNK;2004;Country or economy;Europe;Europe;1;1;0;0;0;Electricity generation;Aggregate fuel;Renewables;TWh;9,53;1,46;18,09
Denmark;DNK;2004;Country or economy;Europe;Europe;1;1;0;0;0;Electricity generation;Aggregate fuel;Wind and Solar;TWh;6,59;1,03;18,53
Denmark;DNK;2004;Country or economy;Europe;Europe;1;1;0;0;0;Electricity generation;Fuel;Bioenergy;%;7,23;;
Denmark;DNK;2004;Country or economy;Europe;Europe;1;1;0;0;0;Electricity generation;Fuel;Coal;%;46,4;;
Denmark;DNK;2004;Country or economy;Europe;Europe;1;1;0;0;0;Electricity generation;Fuel;Gas;%;24,7;;
Denmark;DNK;2004;Country or economy;Europe;Europe;1;1;0;0;0;Electricity generation;Fuel;Hydro;%;0,07;;
Denmark;DNK;2004;Country or economy;Europe;Europe;1;1;0;0;0;Electricity generation;Fuel;Nuclear;%;0;;
Denmark;DNK;2004;Country or economy;Europe;Europe;1;1;0;0;0;Electricity generation;Fuel;Other Fossil;%;5,22;;
Denmark;DNK;2004;Country or economy;Europe;Europe;1;1;0;0;0;Electricity generation;Fuel;Other Renewables;%;0;;
Denmark;DNK;2004;Country or economy;Europe;Europe;1;1;0;0;0;Electricity generation;Fuel;Solar;%;0;;
Denmark;DNK;2004;Country or economy;Europe;Europe;1;1;0;0;0;Electricity generation;Fuel;Wind;%;16,38;;
Denmark;DNK;2004;Country or economy;Europe;Europe;1;1;0;0;0;Electricity generation;Fuel;Bioenergy;TWh;2,91;0,42;16,87
Denmark;DNK;2004;Country or economy;Europe;Europe;1;1;0;0;0;Electricity generation;Fuel;Coal;TWh;18,67;-6,64;-26,23
Denmark;DNK;2004;Country or economy;Europe;Europe;1;1;0;0;0;Electricity generation;Fuel;Gas;TWh;9,94;0,18;1,84
Denmark;DNK;2004;Country or economy;Europe;Europe;1;1;0;0;0;Electricity generation;Fuel;Hydro;TWh;0,03;0,01;50
Denmark;DNK;2004;Country or economy;Europe;Europe;1;1;0;0;0;Electricity generation;Fuel;Nuclear;TWh;0;0;
Denmark;DNK;2004;Country or economy;Europe;Europe;1;1;0;0;0;Electricity generation;Fuel;Other Fossil;TWh;2,1;-0,73;-25,8
Denmark;DNK;2004;Country or economy;Europe;Europe;1;1;0;0;0;Electricity generation;Fuel;Other Renewables;TWh;0;0;
Denmark;DNK;2004;Country or economy;Europe;Europe;1;1;0;0;0;Electricity generation;Fuel;Solar;TWh;0;0;
Denmark;DNK;2004;Country or economy;Europe;Europe;1;1;0;0;0;Electricity generation;Fuel;Wind;TWh;6,59;1,03;18,53
Denmark;DNK;2004;Country or economy;Europe;Europe;1;1;0;0;0;Electricity generation;Total;Total Generation;TWh;40,24;-5,73;-12,46
Denmark;DNK;2005;Country or economy;Europe;Europe;1;1;0;0;0;Electricity generation;Aggregate fuel;Clean;%;27,17;;
Denmark;DNK;2005;Country or economy;Europe;Europe;1;1;0;0;0;Electricity generation;Aggregate fuel;Fossil;%;72,83;;
Denmark;DNK;2005;Country or economy;Europe;Europe;1;1;0;0;0;Electricity generation;Aggregate fuel;Gas and Other Fossil;%;29,98;;
Denmark;DNK;2005;Country or economy;Europe;Europe;1;1;0;0;0;Electricity generation;Aggregate fuel;Hydro, Bioenergy and Other Renewables;%;8,85;;
Denmark;DNK;2005;Country or economy;Europe;Europe;1;1;0;0;0;Electricity generation;Aggregate fuel;Renewables;%;27,17;;
Denmark;DNK;2005;Country or economy;Europe;Europe;1;1;0;0;0;Electricity generation;Aggregate fuel;Wind and Solar;%;18,32;;
Denmark;DNK;2005;Country or economy;Europe;Europe;1;1;0;0;0;Electricity generation;Aggregate fuel;Clean;TWh;9,8;0,27;2,83
Denmark;DNK;2005;Country or economy;Europe;Europe;1;1;0;0;0;Electricity generation;Aggregate fuel;Fossil;TWh;26,28;-4,43;-14,43
Denmark;DNK;2005;Country or economy;Europe;Europe;1;1;0;0;0;Electricity generation;Aggregate fuel;Gas and Other Fossil;TWh;10,82;-1,22;-10,13
Denmark;DNK;2005;Country or economy;Europe;Europe;1;1;0;0;0;Electricity generation;Aggregate fuel;Hydro, Bioenergy and Other Renewables;TWh;3,19;0,25;8,5
Denmark;DNK;2005;Country or economy;Europe;Europe;1;1;0;0;0;Electricity generation;Aggregate fuel;Renewables;TWh;9,8;0,27;2,83
Denmark;DNK;2005;Country or economy;Europe;Europe;1;1;0;0;0;Electricity generation;Aggregate fuel;Wind and Solar;TWh;6,61;0,02;0,3
Denmark;DNK;2005;Country or economy;Europe;Europe;1;1;0;0;0;Electricity generation;Fuel;Bioenergy;%;8,79;;
Denmark;DNK;2005;Country or economy;Europe;Europe;1;1;0;0;0;Electricity generation;Fuel;Coal;%;42,85;;
Denmark;DNK;2005;Country or economy;Europe;Europe;1;1;0;0;0;Electricity generation;Fuel;Gas;%;24,33;;
Denmark;DNK;2005;Country or economy;Europe;Europe;1;1;0;0;0;Electricity generation;Fuel;Hydro;%;0,06;;
Denmark;DNK;2005;Country or economy;Europe;Europe;1;1;0;0;0;Electricity generation;Fuel;Nuclear;%;0;;
Denmark;DNK;2005;Country or economy;Europe;Europe;1;1;0;0;0;Electricity generation;Fuel;Other Fossil;%;5,65;;
Denmark;DNK;2005;Country or economy;Europe;Europe;1;1;0;0;0;Electricity generation;Fuel;Other Renewables;%;0;;
Denmark;DNK;2005;Country or economy;Europe;Europe;1;1;0;0;0;Electricity generation;Fuel;Solar;%;0;;
Denmark;DNK;2005;Country or economy;Europe;Europe;1;1;0;0;0;Electricity generation;Fuel;Wind;%;18,32;;
Denmark;DNK;2005;Country or economy;Europe;Europe;1;1;0;0;0;Electricity generation;Fuel;Bioenergy;TWh;3,17;0,26;8,93
Denmark;DNK;2005;Country or economy;Europe;Europe;1;1;0;0;0;Electricity generation;Fuel;Coal;TWh;15,46;-3,21;-17,19
Denmark;DNK;2005;Country or economy;Europe;Europe;1;1;0;0;0;Electricity generation;Fuel;Gas;TWh;8,78;-1,16;-11,67
Denmark;DNK;2005;Country or economy;Europe;Europe;1;1;0;0;0;Electricity generation;Fuel;Hydro;TWh;0,02;-0,01;-33,33
Denmark;DNK;2005;Country or economy;Europe;Europe;1;1;0;0;0;Electricity generation;Fuel;Nuclear;TWh;0;0;
Denmark;DNK;2005;Country or economy;Europe;Europe;1;1;0;0;0;Electricity generation;Fuel;Other Fossil;TWh;2,04;-0,06;-2,86
Denmark;DNK;2005;Country or economy;Europe;Europe;1;1;0;0;0;Electricity generation;Fuel;Other Renewables;TWh;0;0;
Denmark;DNK;2005;Country or economy;Europe;Europe;1;1;0;0;0;Electricity generation;Fuel;Solar;TWh;0;0;
Denmark;DNK;2005;Country or economy;Europe;Europe;1;1;0;0;0;Electricity generation;Fuel;Wind;TWh;6,61;0,02;0,3
Denmark;DNK;2005;Country or economy;Europe;Europe;1;1;0;0;0;Electricity generation;Total;Total Generation;TWh;36,08;-4,16;-10,34
Denmark;DNK;2006;Country or economy;Europe;Europe;1;1;0;0;0;Electricity generation;Aggregate fuel;Clean;%;20,22;;
Denmark;DNK;2006;Country or economy;Europe;Europe;1;1;0;0;0;Electricity generation;Aggregate fuel;Fossil;%;79,78;;
Denmark;DNK;2006;Country or economy;Europe;Europe;1;1;0;0;0;Electricity generation;Aggregate fuel;Gas and Other Fossil;%;25,71;;
Denmark;DNK;2006;Country or economy;Europe;Europe;1;1;0;0;0;Electricity generation;Aggregate fuel;Hydro, Bioenergy and Other Renewables;%;6,8;;
Denmark;DNK;2006;Country or economy;Europe;Europe;1;1;0;0;0;Electricity generation;Aggregate fuel;Renewables;%;20,22;;
Denmark;DNK;2006;Country or economy;Europe;Europe;1;1;0;0;0;Electricity generation;Aggregate fuel;Wind and Solar;%;13,42;;
Denmark;DNK;2006;Country or economy;Europe;Europe;1;1;0;0;0;Electricity generation;Aggregate fuel;Clean;TWh;9,19;-0,61;-6,22
Denmark;DNK;2006;Country or economy;Europe;Europe;1;1;0;0;0;Electricity generation;Aggregate fuel;Fossil;TWh;36,25;9,97;37,94
Denmark;DNK;2006;Country or economy;Europe;Europe;1;1;0;0;0;Electricity generation;Aggregate fuel;Gas and Other Fossil;TWh;11,68;0,86;7,95
Denmark;DNK;2006;Country or economy;Europe;Europe;1;1;0;0;0;Electricity generation;Aggregate fuel;Hydro, Bioenergy and Other Renewables;TWh;3,09;-0,1;-3,13
Denmark;DNK;2006;Country or economy;Europe;Europe;1;1;0;0;0;Electricity generation;Aggregate fuel;Renewables;TWh;9,19;-0,61;-6,22
Denmark;DNK;2006;Country or economy;Europe;Europe;1;1;0;0;0;Electricity generation;Aggregate fuel;Wind and Solar;TWh;6,1;-0,51;-7,72
Denmark;DNK;2006;Country or economy;Europe;Europe;1;1;0;0;0;Electricity generation;Fuel;Bioenergy;%;6,76;;
Denmark;DNK;2006;Country or economy;Europe;Europe;1;1;0;0;0;Electricity generation;Fuel;Coal;%;54,07;;
Denmark;DNK;2006;Country or economy;Europe;Europe;1;1;0;0;0;Electricity generation;Fuel;Gas;%;20,69;;
Denmark;DNK;2006;Country or economy;Europe;Europe;1;1;0;0;0;Electricity generation;Fuel;Hydro;%;0,04;;
Denmark;DNK;2006;Country or economy;Europe;Europe;1;1;0;0;0;Electricity generation;Fuel;Nuclear;%;0;;
Denmark;DNK;2006;Country or economy;Europe;Europe;1;1;0;0;0;Electricity generation;Fuel;Other Fossil;%;5,02;;
Denmark;DNK;2006;Country or economy;Europe;Europe;1;1;0;0;0;Electricity generation;Fuel;Other Renewables;%;0;;
Denmark;DNK;2006;Country or economy;Europe;Europe;1;1;0;0;0;Electricity generation;Fuel;Solar;%;0;;
Denmark;DNK;2006;Country or economy;Europe;Europe;1;1;0;0;0;Electricity generation;Fuel;Wind;%;13,42;;
Denmark;DNK;2006;Country or economy;Europe;Europe;1;1;0;0;0;Electricity generation;Fuel;Bioenergy;TWh;3,07;-0,1;-3,15
Denmark;DNK;2006;Country or economy;Europe;Europe;1;1;0;0;0;Electricity generation;Fuel;Coal;TWh;24,57;9,11;58,93
Denmark;DNK;2006;Country or economy;Europe;Europe;1;1;0;0;0;Electricity generation;Fuel;Gas;TWh;9,4;0,62;7,06
Denmark;DNK;2006;Country or economy;Europe;Europe;1;1;0;0;0;Electricity generation;Fuel;Hydro;TWh;0,02;0;0
Denmark;DNK;2006;Country or economy;Europe;Europe;1;1;0;0;0;Electricity generation;Fuel;Nuclear;TWh;0;0;
Denmark;DNK;2006;Country or economy;Europe;Europe;1;1;0;0;0;Electricity generation;Fuel;Other Fossil;TWh;2,28;0,24;11,76
Denmark;DNK;2006;Country or economy;Europe;Europe;1;1;0;0;0;Electricity generation;Fuel;Other Renewables;TWh;0;0;
Denmark;DNK;2006;Country or economy;Europe;Europe;1;1;0;0;0;Electricity generation;Fuel;Solar;TWh;0;0;
Denmark;DNK;2006;Country or economy;Europe;Europe;1;1;0;0;0;Electricity generation;Fuel;Wind;TWh;6,1;-0,51;-7,72
Denmark;DNK;2006;Country or economy;Europe;Europe;1;1;0;0;0;Electricity generation;Total;Total Generation;TWh;45,44;9,36;25,94
Denmark;DNK;2007;Country or economy;Europe;Europe;1;1;0;0;0;Electricity generation;Aggregate fuel;Clean;%;26,32;;
Denmark;DNK;2007;Country or economy;Europe;Europe;1;1;0;0;0;Electricity generation;Aggregate fuel;Fossil;%;73,69;;
Denmark;DNK;2007;Country or economy;Europe;Europe;1;1;0;0;0;Electricity generation;Aggregate fuel;Gas and Other Fossil;%;22,87;;
Denmark;DNK;2007;Country or economy;Europe;Europe;1;1;0;0;0;Electricity generation;Aggregate fuel;Hydro, Bioenergy and Other Renewables;%;8;;
Denmark;DNK;2007;Country or economy;Europe;Europe;1;1;0;0;0;Electricity generation;Aggregate fuel;Renewables;%;26,32;;
Denmark;DNK;2007;Country or economy;Europe;Europe;1;1;0;0;0;Electricity generation;Aggregate fuel;Wind and Solar;%;18,32;;
Denmark;DNK;2007;Country or economy;Europe;Europe;1;1;0;0;0;Electricity generation;Aggregate fuel;Clean;TWh;10,3;1,11;12,08
Denmark;DNK;2007;Country or economy;Europe;Europe;1;1;0;0;0;Electricity generation;Aggregate fuel;Fossil;TWh;28,84;-7,41;-20,44
Denmark;DNK;2007;Country or economy;Europe;Europe;1;1;0;0;0;Electricity generation;Aggregate fuel;Gas and Other Fossil;TWh;8,95;-2,73;-23,37
Denmark;DNK;2007;Country or economy;Europe;Europe;1;1;0;0;0;Electricity generation;Aggregate fuel;Hydro, Bioenergy and Other Renewables;TWh;3,13;0,04;1,29
Denmark;DNK;2007;Country or economy;Europe;Europe;1;1;0;0;0;Electricity generation;Aggregate fuel;Renewables;TWh;10,3;1,11;12,08
Denmark;DNK;2007;Country or economy;Europe;Europe;1;1;0;0;0;Electricity generation;Aggregate fuel;Wind and Solar;TWh;7,17;1,07;17,54
Denmark;DNK;2007;Country or economy;Europe;Europe;1;1;0;0;0;Electricity generation;Fuel;Bioenergy;%;7,92;;
Denmark;DNK;2007;Country or economy;Europe;Europe;1;1;0;0;0;Electricity generation;Fuel;Coal;%;50,82;;
Denmark;DNK;2007;Country or economy;Europe;Europe;1;1;0;0;0;Electricity generation;Fuel;Gas;%;17,99;;
Denmark;DNK;2007;Country or economy;Europe;Europe;1;1;0;0;0;Electricity generation;Fuel;Hydro;%;0,08;;
Denmark;DNK;2007;Country or economy;Europe;Europe;1;1;0;0;0;Electricity generation;Fuel;Nuclear;%;0;;
Denmark;DNK;2007;Country or economy;Europe;Europe;1;1;0;0;0;Electricity generation;Fuel;Other Fossil;%;4,88;;
Denmark;DNK;2007;Country or economy;Europe;Europe;1;1;0;0;0;Electricity generation;Fuel;Other Renewables;%;0;;
Denmark;DNK;2007;Country or economy;Europe;Europe;1;1;0;0;0;Electricity generation;Fuel;Solar;%;0;;
Denmark;DNK;2007;Country or economy;Europe;Europe;1;1;0;0;0;Electricity generation;Fuel;Wind;%;18,32;;
Denmark;DNK;2007;Country or economy;Europe;Europe;1;1;0;0;0;Electricity generation;Fuel;Bioenergy;TWh;3,1;0,03;0,98
Denmark;DNK;2007;Country or economy;Europe;Europe;1;1;0;0;0;Electricity generation;Fuel;Coal;TWh;19,89;-4,68;-19,05
Denmark;DNK;2007;Country or economy;Europe;Europe;1;1;0;0;0;Electricity generation;Fuel;Gas;TWh;7,04;-2,36;-25,11
Denmark;DNK;2007;Country or economy;Europe;Europe;1;1;0;0;0;Electricity generation;Fuel;Hydro;TWh;0,03;0,01;50
Denmark;DNK;2007;Country or economy;Europe;Europe;1;1;0;0;0;Electricity generation;Fuel;Nuclear;TWh;0;0;
Denmark;DNK;2007;Country or economy;Europe;Europe;1;1;0;0;0;Electricity generation;Fuel;Other Fossil;TWh;1,91;-0,37;-16,23
Denmark;DNK;2007;Country or economy;Europe;Europe;1;1;0;0;0;Electricity generation;Fuel;Other Renewables;TWh;0;0;
Denmark;DNK;2007;Country or economy;Europe;Europe;1;1;0;0;0;Electricity generation;Fuel;Solar;TWh;0;0;
Denmark;DNK;2007;Country or economy;Europe;Europe;1;1;0;0;0;Electricity generation;Fuel;Wind;TWh;7,17;1,07;17,54
Denmark;DNK;2007;Country or economy;Europe;Europe;1;1;0;0;0;Electricity generation;Total;Total Generation;TWh;39,14;-6,3;-13,86
Denmark;DNK;2008;Country or economy;Europe;Europe;1;1;0;0;0;Electricity generation;Aggregate fuel;Clean;%;27,69;;
Denmark;DNK;2008;Country or economy;Europe;Europe;1;1;0;0;0;Electricity generation;Aggregate fuel;Fossil;%;72,31;;
Denmark;DNK;2008;Country or economy;Europe;Europe;1;1;0;0;0;Electricity generation;Aggregate fuel;Gas and Other Fossil;%;24,45;;
Denmark;DNK;2008;Country or economy;Europe;Europe;1;1;0;0;0;Electricity generation;Aggregate fuel;Hydro, Bioenergy and Other Renewables;%;8,69;;
Denmark;DNK;2008;Country or economy;Europe;Europe;1;1;0;0;0;Electricity generation;Aggregate fuel;Renewables;%;27,69;;
Denmark;DNK;2008;Country or economy;Europe;Europe;1;1;0;0;0;Electricity generation;Aggregate fuel;Wind and Solar;%;19;;
Denmark;DNK;2008;Country or economy;Europe;Europe;1;1;0;0;0;Electricity generation;Aggregate fuel;Clean;TWh;10,1;-0,2;-1,94
Denmark;DNK;2008;Country or economy;Europe;Europe;1;1;0;0;0;Electricity generation;Aggregate fuel;Fossil;TWh;26,38;-2,46;-8,53
Denmark;DNK;2008;Country or economy;Europe;Europe;1;1;0;0;0;Electricity generation;Aggregate fuel;Gas and Other Fossil;TWh;8,92;-0,03;-0,34
Denmark;DNK;2008;Country or economy;Europe;Europe;1;1;0;0;0;Electricity generation;Aggregate fuel;Hydro, Bioenergy and Other Renewables;TWh;3,17;0,04;1,28
Denmark;DNK;2008;Country or economy;Europe;Europe;1;1;0;0;0;Electricity generation;Aggregate fuel;Renewables;TWh;10,1;-0,2;-1,94
Denmark;DNK;2008;Country or economy;Europe;Europe;1;1;0;0;0;Electricity generation;Aggregate fuel;Wind and Solar;TWh;6,93;-0,24;-3,35
Denmark;DNK;2008;Country or economy;Europe;Europe;1;1;0;0;0;Electricity generation;Fuel;Bioenergy;%;8,61;;
Denmark;DNK;2008;Country or economy;Europe;Europe;1;1;0;0;0;Electricity generation;Fuel;Coal;%;47,86;;
Denmark;DNK;2008;Country or economy;Europe;Europe;1;1;0;0;0;Electricity generation;Fuel;Gas;%;19,41;;
Denmark;DNK;2008;Country or economy;Europe;Europe;1;1;0;0;0;Electricity generation;Fuel;Hydro;%;0,08;;
Denmark;DNK;2008;Country or economy;Europe;Europe;1;1;0;0;0;Electricity generation;Fuel;Nuclear;%;0;;
Denmark;DNK;2008;Country or economy;Europe;Europe;1;1;0;0;0;Electricity generation;Fuel;Other Fossil;%;5,04;;
Denmark;DNK;2008;Country or economy;Europe;Europe;1;1;0;0;0;Electricity generation;Fuel;Other Renewables;%;0;;
Denmark;DNK;2008;Country or economy;Europe;Europe;1;1;0;0;0;Electricity generation;Fuel;Solar;%;0;;
Denmark;DNK;2008;Country or economy;Europe;Europe;1;1;0;0;0;Electricity generation;Fuel;Wind;%;19;;
Denmark;DNK;2008;Country or economy;Europe;Europe;1;1;0;0;0;Electricity generation;Fuel;Bioenergy;TWh;3,14;0,04;1,29
Denmark;DNK;2008;Country or economy;Europe;Europe;1;1;0;0;0;Electricity generation;Fuel;Coal;TWh;17,46;-2,43;-12,22
Denmark;DNK;2008;Country or economy;Europe;Europe;1;1;0;0;0;Electricity generation;Fuel;Gas;TWh;7,08;0,04;0,57
Denmark;DNK;2008;Country or economy;Europe;Europe;1;1;0;0;0;Electricity generation;Fuel;Hydro;TWh;0,03;0;0
Denmark;DNK;2008;Country or economy;Europe;Europe;1;1;0;0;0;Electricity generation;Fuel;Nuclear;TWh;0;0;
Denmark;DNK;2008;Country or economy;Europe;Europe;1;1;0;0;0;Electricity generation;Fuel;Other Fossil;TWh;1,84;-0,07;-3,66
Denmark;DNK;2008;Country or economy;Europe;Europe;1;1;0;0;0;Electricity generation;Fuel;Other Renewables;TWh;0;0;
Denmark;DNK;2008;Country or economy;Europe;Europe;1;1;0;0;0;Electricity generation;Fuel;Solar;TWh;0;0;
Denmark;DNK;2008;Country or economy;Europe;Europe;1;1;0;0;0;Electricity generation;Fuel;Wind;TWh;6,93;-0,24;-3,35
Denmark;DNK;2008;Country or economy;Europe;Europe;1;1;0;0;0;Electricity generation;Total;Total Generation;TWh;36,48;-2,66;-6,8
Denmark;DNK;2009;Country or economy;Europe;Europe;1;1;0;0;0;Electricity generation;Aggregate fuel;Clean;%;27,79;;
Denmark;DNK;2009;Country or economy;Europe;Europe;1;1;0;0;0;Electricity generation;Aggregate fuel;Fossil;%;72,22;;
Denmark;DNK;2009;Country or economy;Europe;Europe;1;1;0;0;0;Electricity generation;Aggregate fuel;Gas and Other Fossil;%;23,42;;
Denmark;DNK;2009;Country or economy;Europe;Europe;1;1;0;0;0;Electricity generation;Aggregate fuel;Hydro, Bioenergy and Other Renewables;%;9,22;;
Denmark;DNK;2009;Country or economy;Europe;Europe;1;1;0;0;0;Electricity generation;Aggregate fuel;Renewables;%;27,79;;
Denmark;DNK;2009;Country or economy;Europe;Europe;1;1;0;0;0;Electricity generation;Aggregate fuel;Wind and Solar;%;18,57;;
Denmark;DNK;2009;Country or economy;Europe;Europe;1;1;0;0;0;Electricity generation;Aggregate fuel;Clean;TWh;10,07;-0,03;-0,3
Denmark;DNK;2009;Country or economy;Europe;Europe;1;1;0;0;0;Electricity generation;Aggregate fuel;Fossil;TWh;26,18;-0,2;-0,76
Denmark;DNK;2009;Country or economy;Europe;Europe;1;1;0;0;0;Electricity generation;Aggregate fuel;Gas and Other Fossil;TWh;8,49;-0,43;-4,82
Denmark;DNK;2009;Country or economy;Europe;Europe;1;1;0;0;0;Electricity generation;Aggregate fuel;Hydro, Bioenergy and Other Renewables;TWh;3,34;0,17;5,36
Denmark;DNK;2009;Country or economy;Europe;Europe;1;1;0;0;0;Electricity generation;Aggregate fuel;Renewables;TWh;10,07;-0,03;-0,3
Denmark;DNK;2009;Country or economy;Europe;Europe;1;1;0;0;0;Electricity generation;Aggregate fuel;Wind and Solar;TWh;6,73;-0,2;-2,89
Denmark;DNK;2009;Country or economy;Europe;Europe;1;1;0;0;0;Electricity generation;Fuel;Bioenergy;%;9,16;;
Denmark;DNK;2009;Country or economy;Europe;Europe;1;1;0;0;0;Electricity generation;Fuel;Coal;%;48,8;;
Denmark;DNK;2009;Country or economy;Europe;Europe;1;1;0;0;0;Electricity generation;Fuel;Gas;%;18,4;;
Denmark;DNK;2009;Country or economy;Europe;Europe;1;1;0;0;0;Electricity generation;Fuel;Hydro;%;0,06;;
Denmark;DNK;2009;Country or economy;Europe;Europe;1;1;0;0;0;Electricity generation;Fuel;Nuclear;%;0;;
Denmark;DNK;2009;Country or economy;Europe;Europe;1;1;0;0;0;Electricity generation;Fuel;Other Fossil;%;5,02;;
Denmark;DNK;2009;Country or economy;Europe;Europe;1;1;0;0;0;Electricity generation;Fuel;Other Renewables;%;0;;
Denmark;DNK;2009;Country or economy;Europe;Europe;1;1;0;0;0;Electricity generation;Fuel;Solar;%;0;;
Denmark;DNK;2009;Country or economy;Europe;Europe;1;1;0;0;0;Electricity generation;Fuel;Wind;%;18,57;;
Denmark;DNK;2009;Country or economy;Europe;Europe;1;1;0;0;0;Electricity generation;Fuel;Bioenergy;TWh;3,32;0,18;5,73
Denmark;DNK;2009;Country or economy;Europe;Europe;1;1;0;0;0;Electricity generation;Fuel;Coal;TWh;17,69;0,23;1,32
Denmark;DNK;2009;Country or economy;Europe;Europe;1;1;0;0;0;Electricity generation;Fuel;Gas;TWh;6,67;-0,41;-5,79
Denmark;DNK;2009;Country or economy;Europe;Europe;1;1;0;0;0;Electricity generation;Fuel;Hydro;TWh;0,02;-0,01;-33,33
Denmark;DNK;2009;Country or economy;Europe;Europe;1;1;0;0;0;Electricity generation;Fuel;Nuclear;TWh;0;0;
Denmark;DNK;2009;Country or economy;Europe;Europe;1;1;0;0;0;Electricity generation;Fuel;Other Fossil;TWh;1,82;-0,02;-1,09
Denmark;DNK;2009;Country or economy;Europe;Europe;1;1;0;0;0;Electricity generation;Fuel;Other Renewables;TWh;0;0;
Denmark;DNK;2009;Country or economy;Europe;Europe;1;1;0;0;0;Electricity generation;Fuel;Solar;TWh;0;0;
Denmark;DNK;2009;Country or economy;Europe;Europe;1;1;0;0;0;Electricity generation;Fuel;Wind;TWh;6,73;-0,2;-2,89
Denmark;DNK;2009;Country or economy;Europe;Europe;1;1;0;0;0;Electricity generation;Total;Total Generation;TWh;36,25;-0,23;-0,63
Denmark;DNK;2010;Country or economy;Europe;Europe;1;1;0;0;0;Electricity generation;Aggregate fuel;Clean;%;32,08;;
Denmark;DNK;2010;Country or economy;Europe;Europe;1;1;0;0;0;Electricity generation;Aggregate fuel;Fossil;%;67,92;;
Denmark;DNK;2010;Country or economy;Europe;Europe;1;1;0;0;0;Electricity generation;Aggregate fuel;Gas and Other Fossil;%;24,02;;
Denmark;DNK;2010;Country or economy;Europe;Europe;1;1;0;0;0;Electricity generation;Aggregate fuel;Hydro, Bioenergy and Other Renewables;%;11,9;;
Denmark;DNK;2010;Country or economy;Europe;Europe;1;1;0;0;0;Electricity generation;Aggregate fuel;Renewables;%;32,08;;
Denmark;DNK;2010;Country or economy;Europe;Europe;1;1;0;0;0;Electricity generation;Aggregate fuel;Wind and Solar;%;20,18;;
Denmark;DNK;2010;Country or economy;Europe;Europe;1;1;0;0;0;Electricity generation;Aggregate fuel;Clean;TWh;12,43;2,36;23,44
Denmark;DNK;2010;Country or economy;Europe;Europe;1;1;0;0;0;Electricity generation;Aggregate fuel;Fossil;TWh;26,32;0,14;0,53
Denmark;DNK;2010;Country or economy;Europe;Europe;1;1;0;0;0;Electricity generation;Aggregate fuel;Gas and Other Fossil;TWh;9,31;0,82;9,66
Denmark;DNK;2010;Country or economy;Europe;Europe;1;1;0;0;0;Electricity generation;Aggregate fuel;Hydro, Bioenergy and Other Renewables;TWh;4,61;1,27;38,02
Denmark;DNK;2010;Country or economy;Europe;Europe;1;1;0;0;0;Electricity generation;Aggregate fuel;Renewables;TWh;12,43;2,36;23,44
Denmark;DNK;2010;Country or economy;Europe;Europe;1;1;0;0;0;Electricity generation;Aggregate fuel;Wind and Solar;TWh;7,82;1,09;16,2
Denmark;DNK;2010;Country or economy;Europe;Europe;1;1;0;0;0;Electricity generation;Fuel;Bioenergy;%;11,85;;
Denmark;DNK;2010;Country or economy;Europe;Europe;1;1;0;0;0;Electricity generation;Fuel;Coal;%;43,9;;
Denmark;DNK;2010;Country or economy;Europe;Europe;1;1;0;0;0;Electricity generation;Fuel;Gas;%;20,41;;
Denmark;DNK;2010;Country or economy;Europe;Europe;1;1;0;0;0;Electricity generation;Fuel;Hydro;%;0,05;;
Denmark;DNK;2010;Country or economy;Europe;Europe;1;1;0;0;0;Electricity generation;Fuel;Nuclear;%;0;;
Denmark;DNK;2010;Country or economy;Europe;Europe;1;1;0;0;0;Electricity generation;Fuel;Other Fossil;%;3,61;;
Denmark;DNK;2010;Country or economy;Europe;Europe;1;1;0;0;0;Electricity generation;Fuel;Other Renewables;%;0;;
Denmark;DNK;2010;Country or economy;Europe;Europe;1;1;0;0;0;Electricity generation;Fuel;Solar;%;0,03;;
Denmark;DNK;2010;Country or economy;Europe;Europe;1;1;0;0;0;Electricity generation;Fuel;Wind;%;20,15;;
Denmark;DNK;2010;Country or economy;Europe;Europe;1;1;0;0;0;Electricity generation;Fuel;Bioenergy;TWh;4,59;1,27;38,25
Denmark;DNK;2010;Country or economy;Europe;Europe;1;1;0;0;0;Electricity generation;Fuel;Coal;TWh;17,01;-0,68;-3,84
Denmark;DNK;2010;Country or economy;Europe;Europe;1;1;0;0;0;Electricity generation;Fuel;Gas;TWh;7,91;1,24;18,59
Denmark;DNK;2010;Country or economy;Europe;Europe;1;1;0;0;0;Electricity generation;Fuel;Hydro;TWh;0,02;0;0
Denmark;DNK;2010;Country or economy;Europe;Europe;1;1;0;0;0;Electricity generation;Fuel;Nuclear;TWh;0;0;
Denmark;DNK;2010;Country or economy;Europe;Europe;1;1;0;0;0;Electricity generation;Fuel;Other Fossil;TWh;1,4;-0,42;-23,08
Denmark;DNK;2010;Country or economy;Europe;Europe;1;1;0;0;0;Electricity generation;Fuel;Other Renewables;TWh;0;0;
Denmark;DNK;2010;Country or economy;Europe;Europe;1;1;0;0;0;Electricity generation;Fuel;Solar;TWh;0,01;0,01;
Denmark;DNK;2010;Country or economy;Europe;Europe;1;1;0;0;0;Electricity generation;Fuel;Wind;TWh;7,81;1,08;16,05
Denmark;DNK;2010;Country or economy;Europe;Europe;1;1;0;0;0;Electricity generation;Total;Total Generation;TWh;38,75;2,5;6,9
Denmark;DNK;2011;Country or economy;Europe;Europe;1;1;0;0;0;Electricity generation;Aggregate fuel;Clean;%;40,37;;
Denmark;DNK;2011;Country or economy;Europe;Europe;1;1;0;0;0;Electricity generation;Aggregate fuel;Fossil;%;59,64;;
Denmark;DNK;2011;Country or economy;Europe;Europe;1;1;0;0;0;Electricity generation;Aggregate fuel;Gas and Other Fossil;%;19,82;;
Denmark;DNK;2011;Country or economy;Europe;Europe;1;1;0;0;0;Electricity generation;Aggregate fuel;Hydro, Bioenergy and Other Renewables;%;12,51;;
Denmark;DNK;2011;Country or economy;Europe;Europe;1;1;0;0;0;Electricity generation;Aggregate fuel;Renewables;%;40,37;;
Denmark;DNK;2011;Country or economy;Europe;Europe;1;1;0;0;0;Electricity generation;Aggregate fuel;Wind and Solar;%;27,86;;
Denmark;DNK;2011;Country or economy;Europe;Europe;1;1;0;0;0;Electricity generation;Aggregate fuel;Clean;TWh;14,17;1,74;14
Denmark;DNK;2011;Country or economy;Europe;Europe;1;1;0;0;0;Electricity generation;Aggregate fuel;Fossil;TWh;20,94;-5,38;-20,44
Denmark;DNK;2011;Country or economy;Europe;Europe;1;1;0;0;0;Electricity generation;Aggregate fuel;Gas and Other Fossil;TWh;6,96;-2,35;-25,24
Denmark;DNK;2011;Country or economy;Europe;Europe;1;1;0;0;0;Electricity generation;Aggregate fuel;Hydro, Bioenergy and Other Renewables;TWh;4,39;-0,22;-4,77
Denmark;DNK;2011;Country or economy;Europe;Europe;1;1;0;0;0;Electricity generation;Aggregate fuel;Renewables;TWh;14,17;1,74;14
Denmark;DNK;2011;Country or economy;Europe;Europe;1;1;0;0;0;Electricity generation;Aggregate fuel;Wind and Solar;TWh;9,78;1,96;25,06
Denmark;DNK;2011;Country or economy;Europe;Europe;1;1;0;0;0;Electricity generation;Fuel;Bioenergy;%;12,45;;
Denmark;DNK;2011;Country or economy;Europe;Europe;1;1;0;0;0;Electricity generation;Fuel;Coal;%;39,82;;
Denmark;DNK;2011;Country or economy;Europe;Europe;1;1;0;0;0;Electricity generation;Fuel;Gas;%;16,63;;
Denmark;DNK;2011;Country or economy;Europe;Europe;1;1;0;0;0;Electricity generation;Fuel;Hydro;%;0,06;;
Denmark;DNK;2011;Country or economy;Europe;Europe;1;1;0;0;0;Electricity generation;Fuel;Nuclear;%;0;;
Denmark;DNK;2011;Country or economy;Europe;Europe;1;1;0;0;0;Electricity generation;Fuel;Other Fossil;%;3,19;;
Denmark;DNK;2011;Country or economy;Europe;Europe;1;1;0;0;0;Electricity generation;Fuel;Other Renewables;%;0;;
Denmark;DNK;2011;Country or economy;Europe;Europe;1;1;0;0;0;Electricity generation;Fuel;Solar;%;0,03;;
Denmark;DNK;2011;Country or economy;Europe;Europe;1;1;0;0;0;Electricity generation;Fuel;Wind;%;27,83;;
Denmark;DNK;2011;Country or economy;Europe;Europe;1;1;0;0;0;Electricity generation;Fuel;Bioenergy;TWh;4,37;-0,22;-4,79
Denmark;DNK;2011;Country or economy;Europe;Europe;1;1;0;0;0;Electricity generation;Fuel;Coal;TWh;13,98;-3,03;-17,81
Denmark;DNK;2011;Country or economy;Europe;Europe;1;1;0;0;0;Electricity generation;Fuel;Gas;TWh;5,84;-2,07;-26,17
Denmark;DNK;2011;Country or economy;Europe;Europe;1;1;0;0;0;Electricity generation;Fuel;Hydro;TWh;0,02;0;0
Denmark;DNK;2011;Country or economy;Europe;Europe;1;1;0;0;0;Electricity generation;Fuel;Nuclear;TWh;0;0;
Denmark;DNK;2011;Country or economy;Europe;Europe;1;1;0;0;0;Electricity generation;Fuel;Other Fossil;TWh;1,12;-0,28;-20
Denmark;DNK;2011;Country or economy;Europe;Europe;1;1;0;0;0;Electricity generation;Fuel;Other Renewables;TWh;0;0;
Denmark;DNK;2011;Country or economy;Europe;Europe;1;1;0;0;0;Electricity generation;Fuel;Solar;TWh;0,01;0;0
Denmark;DNK;2011;Country or economy;Europe;Europe;1;1;0;0;0;Electricity generation;Fuel;Wind;TWh;9,77;1,96;25,1
Denmark;DNK;2011;Country or economy;Europe;Europe;1;1;0;0;0;Electricity generation;Total;Total Generation;TWh;35,11;-3,64;-9,39
Denmark;DNK;2012;Country or economy;Europe;Europe;1;1;0;0;0;Electricity generation;Aggregate fuel;Clean;%;48,56;;
Denmark;DNK;2012;Country or economy;Europe;Europe;1;1;0;0;0;Electricity generation;Aggregate fuel;Fossil;%;51,46;;
Denmark;DNK;2012;Country or economy;Europe;Europe;1;1;0;0;0;Electricity generation;Aggregate fuel;Gas and Other Fossil;%;16,98;;
Denmark;DNK;2012;Country or economy;Europe;Europe;1;1;0;0;0;Electricity generation;Aggregate fuel;Hydro, Bioenergy and Other Renewables;%;14,63;;
Denmark;DNK;2012;Country or economy;Europe;Europe;1;1;0;0;0;Electricity generation;Aggregate fuel;Renewables;%;48,56;;
Denmark;DNK;2012;Country or economy;Europe;Europe;1;1;0;0;0;Electricity generation;Aggregate fuel;Wind and Solar;%;33,93;;
Denmark;DNK;2012;Country or economy;Europe;Europe;1;1;0;0;0;Electricity generation;Aggregate fuel;Clean;TWh;14,84;0,67;4,73
Denmark;DNK;2012;Country or economy;Europe;Europe;1;1;0;0;0;Electricity generation;Aggregate fuel;Fossil;TWh;15,73;-5,21;-24,88
Denmark;DNK;2012;Country or economy;Europe;Europe;1;1;0;0;0;Electricity generation;Aggregate fuel;Gas and Other Fossil;TWh;5,19;-1,77;-25,43
Denmark;DNK;2012;Country or economy;Europe;Europe;1;1;0;0;0;Electricity generation;Aggregate fuel;Hydro, Bioenergy and Other Renewables;TWh;4,47;0,08;1,82
Denmark;DNK;2012;Country or economy;Europe;Europe;1;1;0;0;0;Electricity generation;Aggregate fuel;Renewables;TWh;14,84;0,67;4,73
Denmark;DNK;2012;Country or economy;Europe;Europe;1;1;0;0;0;Electricity generation;Aggregate fuel;Wind and Solar;TWh;10,37;0,59;6,03
Denmark;DNK;2012;Country or economy;Europe;Europe;1;1;0;0;0;Electricity generation;Fuel;Bioenergy;%;14,56;;
Denmark;DNK;2012;Country or economy;Europe;Europe;1;1;0;0;0;Electricity generation;Fuel;Coal;%;34,48;;
Denmark;DNK;2012;Country or economy;Europe;Europe;1;1;0;0;0;Electricity generation;Fuel;Gas;%;13,71;;
Denmark;DNK;2012;Country or economy;Europe;Europe;1;1;0;0;0;Electricity generation;Fuel;Hydro;%;0,07;;
Denmark;DNK;2012;Country or economy;Europe;Europe;1;1;0;0;0;Electricity generation;Fuel;Nuclear;%;0;;
Denmark;DNK;2012;Country or economy;Europe;Europe;1;1;0;0;0;Electricity generation;Fuel;Other Fossil;%;3,27;;
Denmark;DNK;2012;Country or economy;Europe;Europe;1;1;0;0;0;Electricity generation;Fuel;Other Renewables;%;0;;
Denmark;DNK;2012;Country or economy;Europe;Europe;1;1;0;0;0;Electricity generation;Fuel;Solar;%;0,33;;
Denmark;DNK;2012;Country or economy;Europe;Europe;1;1;0;0;0;Electricity generation;Fuel;Wind;%;33,6;;
Denmark;DNK;2012;Country or economy;Europe;Europe;1;1;0;0;0;Electricity generation;Fuel;Bioenergy;TWh;4,45;0,08;1,83
Denmark;DNK;2012;Country or economy;Europe;Europe;1;1;0;0;0;Electricity generation;Fuel;Coal;TWh;10,54;-3,44;-24,61
Denmark;DNK;2012;Country or economy;Europe;Europe;1;1;0;0;0;Electricity generation;Fuel;Gas;TWh;4,19;-1,65;-28,25
Denmark;DNK;2012;Country or economy;Europe;Europe;1;1;0;0;0;Electricity generation;Fuel;Hydro;TWh;0,02;0;0
Denmark;DNK;2012;Country or economy;Europe;Europe;1;1;0;0;0;Electricity generation;Fuel;Nuclear;TWh;0;0;
Denmark;DNK;2012;Country or economy;Europe;Europe;1;1;0;0;0;Electricity generation;Fuel;Other Fossil;TWh;1;-0,12;-10,71
Denmark;DNK;2012;Country or economy;Europe;Europe;1;1;0;0;0;Electricity generation;Fuel;Other Renewables;TWh;0;0;
Denmark;DNK;2012;Country or economy;Europe;Europe;1;1;0;0;0;Electricity generation;Fuel;Solar;TWh;0,1;0,09;900
Denmark;DNK;2012;Country or economy;Europe;Europe;1;1;0;0;0;Electricity generation;Fuel;Wind;TWh;10,27;0,5;5,12
Denmark;DNK;2012;Country or economy;Europe;Europe;1;1;0;0;0;Electricity generation;Total;Total Generation;TWh;30,57;-4,54;-12,93
Denmark;DNK;2013;Country or economy;Europe;Europe;1;1;0;0;0;Electricity generation;Aggregate fuel;Clean;%;46,11;;
Denmark;DNK;2013;Country or economy;Europe;Europe;1;1;0;0;0;Electricity generation;Aggregate fuel;Fossil;%;53,89;;
Denmark;DNK;2013;Country or economy;Europe;Europe;1;1;0;0;0;Electricity generation;Aggregate fuel;Gas and Other Fossil;%;12,6;;
Denmark;DNK;2013;Country or economy;Europe;Europe;1;1;0;0;0;Electricity generation;Aggregate fuel;Hydro, Bioenergy and Other Renewables;%;12,48;;
Denmark;DNK;2013;Country or economy;Europe;Europe;1;1;0;0;0;Electricity generation;Aggregate fuel;Renewables;%;46,11;;
Denmark;DNK;2013;Country or economy;Europe;Europe;1;1;0;0;0;Electricity generation;Aggregate fuel;Wind and Solar;%;33,63;;
Denmark;DNK;2013;Country or economy;Europe;Europe;1;1;0;0;0;Electricity generation;Aggregate fuel;Clean;TWh;15,96;1,12;7,55
Denmark;DNK;2013;Country or economy;Europe;Europe;1;1;0;0;0;Electricity generation;Aggregate fuel;Fossil;TWh;18,65;2,92;18,56
Denmark;DNK;2013;Country or economy;Europe;Europe;1;1;0;0;0;Electricity generation;Aggregate fuel;Gas and Other Fossil;TWh;4,36;-0,83;-15,99
Denmark;DNK;2013;Country or economy;Europe;Europe;1;1;0;0;0;Electricity generation;Aggregate fuel;Hydro, Bioenergy and Other Renewables;TWh;4,32;-0,15;-3,36
Denmark;DNK;2013;Country or economy;Europe;Europe;1;1;0;0;0;Electricity generation;Aggregate fuel;Renewables;TWh;15,96;1,12;7,55
Denmark;DNK;2013;Country or economy;Europe;Europe;1;1;0;0;0;Electricity generation;Aggregate fuel;Wind and Solar;TWh;11,64;1,27;12,25
Denmark;DNK;2013;Country or economy;Europe;Europe;1;1;0;0;0;Electricity generation;Fuel;Bioenergy;%;12,45;;
Denmark;DNK;2013;Country or economy;Europe;Europe;1;1;0;0;0;Electricity generation;Fuel;Coal;%;41,29;;
Denmark;DNK;2013;Country or economy;Europe;Europe;1;1;0;0;0;Electricity generation;Fuel;Gas;%;9,88;;
Denmark;DNK;2013;Country or economy;Europe;Europe;1;1;0;0;0;Electricity generation;Fuel;Hydro;%;0,03;;
Denmark;DNK;2013;Country or economy;Europe;Europe;1;1;0;0;0;Electricity generation;Fuel;Nuclear;%;0;;
Denmark;DNK;2013;Country or economy;Europe;Europe;1;1;0;0;0;Electricity generation;Fuel;Other Fossil;%;2,72;;
Denmark;DNK;2013;Country or economy;Europe;Europe;1;1;0;0;0;Electricity generation;Fuel;Other Renewables;%;0;;
Denmark;DNK;2013;Country or economy;Europe;Europe;1;1;0;0;0;Electricity generation;Fuel;Solar;%;1,5;;
Denmark;DNK;2013;Country or economy;Europe;Europe;1;1;0;0;0;Electricity generation;Fuel;Wind;%;32,13;;
Denmark;DNK;2013;Country or economy;Europe;Europe;1;1;0;0;0;Electricity generation;Fuel;Bioenergy;TWh;4,31;-0,14;-3,15
Denmark;DNK;2013;Country or economy;Europe;Europe;1;1;0;0;0;Electricity generation;Fuel;Coal;TWh;14,29;3,75;35,58
Denmark;DNK;2013;Country or economy;Europe;Europe;1;1;0;0;0;Electricity generation;Fuel;Gas;TWh;3,42;-0,77;-18,38
Denmark;DNK;2013;Country or economy;Europe;Europe;1;1;0;0;0;Electricity generation;Fuel;Hydro;TWh;0,01;-0,01;-50
Denmark;DNK;2013;Country or economy;Europe;Europe;1;1;0;0;0;Electricity generation;Fuel;Nuclear;TWh;0;0;
Denmark;DNK;2013;Country or economy;Europe;Europe;1;1;0;0;0;Electricity generation;Fuel;Other Fossil;TWh;0,94;-0,06;-6
Denmark;DNK;2013;Country or economy;Europe;Europe;1;1;0;0;0;Electricity generation;Fuel;Other Renewables;TWh;0;0;
Denmark;DNK;2013;Country or economy;Europe;Europe;1;1;0;0;0;Electricity generation;Fuel;Solar;TWh;0,52;0,42;420
Denmark;DNK;2013;Country or economy;Europe;Europe;1;1;0;0;0;Electricity generation;Fuel;Wind;TWh;11,12;0,85;8,28
Denmark;DNK;2013;Country or economy;Europe;Europe;1;1;0;0;0;Electricity generation;Total;Total Generation;TWh;34,61;4,04;13,22
Denmark;DNK;2014;Country or economy;Europe;Europe;1;1;0;0;0;Electricity generation;Aggregate fuel;Clean;%;56,14;;
Denmark;DNK;2014;Country or economy;Europe;Europe;1;1;0;0;0;Electricity generation;Aggregate fuel;Fossil;%;43,85;;
Denmark;DNK;2014;Country or economy;Europe;Europe;1;1;0;0;0;Electricity generation;Aggregate fuel;Gas and Other Fossil;%;9,33;;
Denmark;DNK;2014;Country or economy;Europe;Europe;1;1;0;0;0;Electricity generation;Aggregate fuel;Hydro, Bioenergy and Other Renewables;%;13,45;;
Denmark;DNK;2014;Country or economy;Europe;Europe;1;1;0;0;0;Electricity generation;Aggregate fuel;Renewables;%;56,14;;
Denmark;DNK;2014;Country or economy;Europe;Europe;1;1;0;0;0;Electricity generation;Aggregate fuel;Wind and Solar;%;42,69;;
Denmark;DNK;2014;Country or economy;Europe;Europe;1;1;0;0;0;Electricity generation;Aggregate fuel;Clean;TWh;17,99;2,03;12,72
Denmark;DNK;2014;Country or economy;Europe;Europe;1;1;0;0;0;Electricity generation;Aggregate fuel;Fossil;TWh;14,05;-4,6;-24,66
Denmark;DNK;2014;Country or economy;Europe;Europe;1;1;0;0;0;Electricity generation;Aggregate fuel;Gas and Other Fossil;TWh;2,99;-1,37;-31,42
Denmark;DNK;2014;Country or economy;Europe;Europe;1;1;0;0;0;Electricity generation;Aggregate fuel;Hydro, Bioenergy and Other Renewables;TWh;4,31;-0,01;-0,23
Denmark;DNK;2014;Country or economy;Europe;Europe;1;1;0;0;0;Electricity generation;Aggregate fuel;Renewables;TWh;17,99;2,03;12,72
Denmark;DNK;2014;Country or economy;Europe;Europe;1;1;0;0;0;Electricity generation;Aggregate fuel;Wind and Solar;TWh;13,68;2,04;17,53
Denmark;DNK;2014;Country or economy;Europe;Europe;1;1;0;0;0;Electricity generation;Fuel;Bioenergy;%;13,39;;
Denmark;DNK;2014;Country or economy;Europe;Europe;1;1;0;0;0;Electricity generation;Fuel;Coal;%;34,52;;
Denmark;DNK;2014;Country or economy;Europe;Europe;1;1;0;0;0;Electricity generation;Fuel;Gas;%;6,55;;
Denmark;DNK;2014;Country or economy;Europe;Europe;1;1;0;0;0;Electricity generation;Fuel;Hydro;%;0,06;;
Denmark;DNK;2014;Country or economy;Europe;Europe;1;1;0;0;0;Electricity generation;Fuel;Nuclear;%;0;;
Denmark;DNK;2014;Country or economy;Europe;Europe;1;1;0;0;0;Electricity generation;Fuel;Other Fossil;%;2,78;;
Denmark;DNK;2014;Country or economy;Europe;Europe;1;1;0;0;0;Electricity generation;Fuel;Other Renewables;%;0;;
Denmark;DNK;2014;Country or economy;Europe;Europe;1;1;0;0;0;Electricity generation;Fuel;Solar;%;1,87;;
Denmark;DNK;2014;Country or economy;Europe;Europe;1;1;0;0;0;Electricity generation;Fuel;Wind;%;40,82;;
Denmark;DNK;2014;Country or economy;Europe;Europe;1;1;0;0;0;Electricity generation;Fuel;Bioenergy;TWh;4,29;-0,02;-0,46
Denmark;DNK;2014;Country or economy;Europe;Europe;1;1;0;0;0;Electricity generation;Fuel;Coal;TWh;11,06;-3,23;-22,6
Denmark;DNK;2014;Country or economy;Europe;Europe;1;1;0;0;0;Electricity generation;Fuel;Gas;TWh;2,1;-1,32;-38,6
Denmark;DNK;2014;Country or economy;Europe;Europe;1;1;0;0;0;Electricity generation;Fuel;Hydro;TWh;0,02;0,01;100
Denmark;DNK;2014;Country or economy;Europe;Europe;1;1;0;0;0;Electricity generation;Fuel;Nuclear;TWh;0;0;
Denmark;DNK;2014;Country or economy;Europe;Europe;1;1;0;0;0;Electricity generation;Fuel;Other Fossil;TWh;0,89;-0,05;-5,32
Denmark;DNK;2014;Country or economy;Europe;Europe;1;1;0;0;0;Electricity generation;Fuel;Other Renewables;TWh;0;0;
Denmark;DNK;2014;Country or economy;Europe;Europe;1;1;0;0;0;Electricity generation;Fuel;Solar;TWh;0,6;0,08;15,38
Denmark;DNK;2014;Country or economy;Europe;Europe;1;1;0;0;0;Electricity generation;Fuel;Wind;TWh;13,08;1,96;17,63
Denmark;DNK;2014;Country or economy;Europe;Europe;1;1;0;0;0;Electricity generation;Total;Total Generation;TWh;32,04;-2,57;-7,43
Denmark;DNK;2015;Country or economy;Europe;Europe;1;1;0;0;0;Electricity generation;Aggregate fuel;Clean;%;65,77;;
Denmark;DNK;2015;Country or economy;Europe;Europe;1;1;0;0;0;Electricity generation;Aggregate fuel;Fossil;%;34,22;;
Denmark;DNK;2015;Country or economy;Europe;Europe;1;1;0;0;0;Electricity generation;Aggregate fuel;Gas and Other Fossil;%;9,52;;
Denmark;DNK;2015;Country or economy;Europe;Europe;1;1;0;0;0;Electricity generation;Aggregate fuel;Hydro, Bioenergy and Other Renewables;%;14,59;;
Denmark;DNK;2015;Country or economy;Europe;Europe;1;1;0;0;0;Electricity generation;Aggregate fuel;Renewables;%;65,77;;
Denmark;DNK;2015;Country or economy;Europe;Europe;1;1;0;0;0;Electricity generation;Aggregate fuel;Wind and Solar;%;51,18;;
Denmark;DNK;2015;Country or economy;Europe;Europe;1;1;0;0;0;Electricity generation;Aggregate fuel;Clean;TWh;18,93;0,94;5,23
Denmark;DNK;2015;Country or economy;Europe;Europe;1;1;0;0;0;Electricity generation;Aggregate fuel;Fossil;TWh;9,85;-4,2;-29,89
Denmark;DNK;2015;Country or economy;Europe;Europe;1;1;0;0;0;Electricity generation;Aggregate fuel;Gas and Other Fossil;TWh;2,74;-0,25;-8,36
Denmark;DNK;2015;Country or economy;Europe;Europe;1;1;0;0;0;Electricity generation;Aggregate fuel;Hydro, Bioenergy and Other Renewables;TWh;4,2;-0,11;-2,55
Denmark;DNK;2015;Country or economy;Europe;Europe;1;1;0;0;0;Electricity generation;Aggregate fuel;Renewables;TWh;18,93;0,94;5,23
Denmark;DNK;2015;Country or economy;Europe;Europe;1;1;0;0;0;Electricity generation;Aggregate fuel;Wind and Solar;TWh;14,73;1,05;7,68
Denmark;DNK;2015;Country or economy;Europe;Europe;1;1;0;0;0;Electricity generation;Fuel;Bioenergy;%;14,52;;
Denmark;DNK;2015;Country or economy;Europe;Europe;1;1;0;0;0;Electricity generation;Fuel;Coal;%;24,7;;
Denmark;DNK;2015;Country or economy;Europe;Europe;1;1;0;0;0;Electricity generation;Fuel;Gas;%;6,32;;
Denmark;DNK;2015;Country or economy;Europe;Europe;1;1;0;0;0;Electricity generation;Fuel;Hydro;%;0,07;;
Denmark;DNK;2015;Country or economy;Europe;Europe;1;1;0;0;0;Electricity generation;Fuel;Nuclear;%;0;;
Denmark;DNK;2015;Country or economy;Europe;Europe;1;1;0;0;0;Electricity generation;Fuel;Other Fossil;%;3,2;;
Denmark;DNK;2015;Country or economy;Europe;Europe;1;1;0;0;0;Electricity generation;Fuel;Other Renewables;%;0;;
Denmark;DNK;2015;Country or economy;Europe;Europe;1;1;0;0;0;Electricity generation;Fuel;Solar;%;2,08;;
Denmark;DNK;2015;Country or economy;Europe;Europe;1;1;0;0;0;Electricity generation;Fuel;Wind;%;49,1;;
Denmark;DNK;2015;Country or economy;Europe;Europe;1;1;0;0;0;Electricity generation;Fuel;Bioenergy;TWh;4,18;-0,11;-2,56
Denmark;DNK;2015;Country or economy;Europe;Europe;1;1;0;0;0;Electricity generation;Fuel;Coal;TWh;7,11;-3,95;-35,71
Denmark;DNK;2015;Country or economy;Europe;Europe;1;1;0;0;0;Electricity generation;Fuel;Gas;TWh;1,82;-0,28;-13,33
Denmark;DNK;2015;Country or economy;Europe;Europe;1;1;0;0;0;Electricity generation;Fuel;Hydro;TWh;0,02;0;0
Denmark;DNK;2015;Country or economy;Europe;Europe;1;1;0;0;0;Electricity generation;Fuel;Nuclear;TWh;0;0;
Denmark;DNK;2015;Country or economy;Europe;Europe;1;1;0;0;0;Electricity generation;Fuel;Other Fossil;TWh;0,92;0,03;3,37
Denmark;DNK;2015;Country or economy;Europe;Europe;1;1;0;0;0;Electricity generation;Fuel;Other Renewables;TWh;0;0;
Denmark;DNK;2015;Country or economy;Europe;Europe;1;1;0;0;0;Electricity generation;Fuel;Solar;TWh;0,6;0;0
Denmark;DNK;2015;Country or economy;Europe;Europe;1;1;0;0;0;Electricity generation;Fuel;Wind;TWh;14,13;1,05;8,03
Denmark;DNK;2015;Country or economy;Europe;Europe;1;1;0;0;0;Electricity generation;Total;Total Generation;TWh;28,78;-3,26;-10,17
Denmark;DNK;2016;Country or economy;Europe;Europe;1;1;0;0;0;Electricity generation;Aggregate fuel;Clean;%;60,49;;
Denmark;DNK;2016;Country or economy;Europe;Europe;1;1;0;0;0;Electricity generation;Aggregate fuel;Fossil;%;39,5;;
Denmark;DNK;2016;Country or economy;Europe;Europe;1;1;0;0;0;Electricity generation;Aggregate fuel;Gas and Other Fossil;%;10,32;;
Denmark;DNK;2016;Country or economy;Europe;Europe;1;1;0;0;0;Electricity generation;Aggregate fuel;Hydro, Bioenergy and Other Renewables;%;16,02;;
Denmark;DNK;2016;Country or economy;Europe;Europe;1;1;0;0;0;Electricity generation;Aggregate fuel;Renewables;%;60,49;;
Denmark;DNK;2016;Country or economy;Europe;Europe;1;1;0;0;0;Electricity generation;Aggregate fuel;Wind and Solar;%;44,47;;
Denmark;DNK;2016;Country or economy;Europe;Europe;1;1;0;0;0;Electricity generation;Aggregate fuel;Clean;TWh;18,39;-0,54;-2,85
Denmark;DNK;2016;Country or economy;Europe;Europe;1;1;0;0;0;Electricity generation;Aggregate fuel;Fossil;TWh;12,01;2,16;21,93
Denmark;DNK;2016;Country or economy;Europe;Europe;1;1;0;0;0;Electricity generation;Aggregate fuel;Gas and Other Fossil;TWh;3,14;0,4;14,6
Denmark;DNK;2016;Country or economy;Europe;Europe;1;1;0;0;0;Electricity generation;Aggregate fuel;Hydro, Bioenergy and Other Renewables;TWh;4,87;0,67;15,95
Denmark;DNK;2016;Country or economy;Europe;Europe;1;1;0;0;0;Electricity generation;Aggregate fuel;Renewables;TWh;18,39;-0,54;-2,85
Denmark;DNK;2016;Country or economy;Europe;Europe;1;1;0;0;0;Electricity generation;Aggregate fuel;Wind and Solar;TWh;13,52;-1,21;-8,21
Denmark;DNK;2016;Country or economy;Europe;Europe;1;1;0;0;0;Electricity generation;Fuel;Bioenergy;%;15,95;;
Denmark;DNK;2016;Country or economy;Europe;Europe;1;1;0;0;0;Electricity generation;Fuel;Coal;%;29,18;;
Denmark;DNK;2016;Country or economy;Europe;Europe;1;1;0;0;0;Electricity generation;Fuel;Gas;%;7,43;;
Denmark;DNK;2016;Country or economy;Europe;Europe;1;1;0;0;0;Electricity generation;Fuel;Hydro;%;0,07;;
Denmark;DNK;2016;Country or economy;Europe;Europe;1;1;0;0;0;Electricity generation;Fuel;Nuclear;%;0;;
Denmark;DNK;2016;Country or economy;Europe;Europe;1;1;0;0;0;Electricity generation;Fuel;Other Fossil;%;2,89;;
Denmark;DNK;2016;Country or economy;Europe;Europe;1;1;0;0;0;Electricity generation;Fuel;Other Renewables;%;0;;
Denmark;DNK;2016;Country or economy;Europe;Europe;1;1;0;0;0;Electricity generation;Fuel;Solar;%;2,43;;
Denmark;DNK;2016;Country or economy;Europe;Europe;1;1;0;0;0;Electricity generation;Fuel;Wind;%;42,04;;
Denmark;DNK;2016;Country or economy;Europe;Europe;1;1;0;0;0;Electricity generation;Fuel;Bioenergy;TWh;4,85;0,67;16,03
Denmark;DNK;2016;Country or economy;Europe;Europe;1;1;0;0;0;Electricity generation;Fuel;Coal;TWh;8,87;1,76;24,75
Denmark;DNK;2016;Country or economy;Europe;Europe;1;1;0;0;0;Electricity generation;Fuel;Gas;TWh;2,26;0,44;24,18
Denmark;DNK;2016;Country or economy;Europe;Europe;1;1;0;0;0;Electricity generation;Fuel;Hydro;TWh;0,02;0;0
Denmark;DNK;2016;Country or economy;Europe;Europe;1;1;0;0;0;Electricity generation;Fuel;Nuclear;TWh;0;0;
Denmark;DNK;2016;Country or economy;Europe;Europe;1;1;0;0;0;Electricity generation;Fuel;Other Fossil;TWh;0,88;-0,04;-4,35
Denmark;DNK;2016;Country or economy;Europe;Europe;1;1;0;0;0;Electricity generation;Fuel;Other Renewables;TWh;0;0;
Denmark;DNK;2016;Country or economy;Europe;Europe;1;1;0;0;0;Electricity generation;Fuel;Solar;TWh;0,74;0,14;23,33
Denmark;DNK;2016;Country or economy;Europe;Europe;1;1;0;0;0;Electricity generation;Fuel;Wind;TWh;12,78;-1,35;-9,55
Denmark;DNK;2016;Country or economy;Europe;Europe;1;1;0;0;0;Electricity generation;Total;Total Generation;TWh;30,4;1,62;5,63
Denmark;DNK;2017;Country or economy;Europe;Europe;1;1;0;0;0;Electricity generation;Aggregate fuel;Clean;%;70,55;;
Denmark;DNK;2017;Country or economy;Europe;Europe;1;1;0;0;0;Electricity generation;Aggregate fuel;Fossil;%;29,46;;
Denmark;DNK;2017;Country or economy;Europe;Europe;1;1;0;0;0;Electricity generation;Aggregate fuel;Gas and Other Fossil;%;9,36;;
Denmark;DNK;2017;Country or economy;Europe;Europe;1;1;0;0;0;Electricity generation;Aggregate fuel;Hydro, Bioenergy and Other Renewables;%;20,29;;
Denmark;DNK;2017;Country or economy;Europe;Europe;1;1;0;0;0;Electricity generation;Aggregate fuel;Renewables;%;70,55;;
Denmark;DNK;2017;Country or economy;Europe;Europe;1;1;0;0;0;Electricity generation;Aggregate fuel;Wind and Solar;%;50,26;;
Denmark;DNK;2017;Country or economy;Europe;Europe;1;1;0;0;0;Electricity generation;Aggregate fuel;Clean;TWh;21,8;3,41;18,54
Denmark;DNK;2017;Country or economy;Europe;Europe;1;1;0;0;0;Electricity generation;Aggregate fuel;Fossil;TWh;9,1;-2,91;-24,23
Denmark;DNK;2017;Country or economy;Europe;Europe;1;1;0;0;0;Electricity generation;Aggregate fuel;Gas and Other Fossil;TWh;2,89;-0,25;-7,96
Denmark;DNK;2017;Country or economy;Europe;Europe;1;1;0;0;0;Electricity generation;Aggregate fuel;Hydro, Bioenergy and Other Renewables;TWh;6,27;1,4;28,75
Denmark;DNK;2017;Country or economy;Europe;Europe;1;1;0;0;0;Electricity generation;Aggregate fuel;Renewables;TWh;21,8;3,41;18,54
Denmark;DNK;2017;Country or economy;Europe;Europe;1;1;0;0;0;Electricity generation;Aggregate fuel;Wind and Solar;TWh;15,53;2,01;14,87
Denmark;DNK;2017;Country or economy;Europe;Europe;1;1;0;0;0;Electricity generation;Fuel;Bioenergy;%;20,23;;
Denmark;DNK;2017;Country or economy;Europe;Europe;1;1;0;0;0;Electricity generation;Fuel;Coal;%;20,1;;
Denmark;DNK;2017;Country or economy;Europe;Europe;1;1;0;0;0;Electricity generation;Fuel;Gas;%;6,54;;
Denmark;DNK;2017;Country or economy;Europe;Europe;1;1;0;0;0;Electricity generation;Fuel;Hydro;%;0,06;;
Denmark;DNK;2017;Country or economy;Europe;Europe;1;1;0;0;0;Electricity generation;Fuel;Nuclear;%;0;;
Denmark;DNK;2017;Country or economy;Europe;Europe;1;1;0;0;0;Electricity generation;Fuel;Other Fossil;%;2,82;;
Denmark;DNK;2017;Country or economy;Europe;Europe;1;1;0;0;0;Electricity generation;Fuel;Other Renewables;%;0;;
Denmark;DNK;2017;Country or economy;Europe;Europe;1;1;0;0;0;Electricity generation;Fuel;Solar;%;2,43;;
Denmark;DNK;2017;Country or economy;Europe;Europe;1;1;0;0;0;Electricity generation;Fuel;Wind;%;47,83;;
Denmark;DNK;2017;Country or economy;Europe;Europe;1;1;0;0;0;Electricity generation;Fuel;Bioenergy;TWh;6,25;1,4;28,87
Denmark;DNK;2017;Country or economy;Europe;Europe;1;1;0;0;0;Electricity generation;Fuel;Coal;TWh;6,21;-2,66;-29,99
Denmark;DNK;2017;Country or economy;Europe;Europe;1;1;0;0;0;Electricity generation;Fuel;Gas;TWh;2,02;-0,24;-10,62
Denmark;DNK;2017;Country or economy;Europe;Europe;1;1;0;0;0;Electricity generation;Fuel;Hydro;TWh;0,02;0;0
Denmark;DNK;2017;Country or economy;Europe;Europe;1;1;0;0;0;Electricity generation;Fuel;Nuclear;TWh;0;0;
Denmark;DNK;2017;Country or economy;Europe;Europe;1;1;0;0;0;Electricity generation;Fuel;Other Fossil;TWh;0,87;-0,01;-1,14
Denmark;DNK;2017;Country or economy;Europe;Europe;1;1;0;0;0;Electricity generation;Fuel;Other Renewables;TWh;0;0;
Denmark;DNK;2017;Country or economy;Europe;Europe;1;1;0;0;0;Electricity generation;Fuel;Solar;TWh;0,75;0,01;1,35
Denmark;DNK;2017;Country or economy;Europe;Europe;1;1;0;0;0;Electricity generation;Fuel;Wind;TWh;14,78;2;15,65
Denmark;DNK;2017;Country or economy;Europe;Europe;1;1;0;0;0;Electricity generation;Total;Total Generation;TWh;30,9;0,5;1,64
Denmark;DNK;2018;Country or economy;Europe;Europe;1;1;0;0;0;Electricity generation;Aggregate fuel;Clean;%;68,68;;
Denmark;DNK;2018;Country or economy;Europe;Europe;1;1;0;0;0;Electricity generation;Aggregate fuel;Fossil;%;31,31;;
Denmark;DNK;2018;Country or economy;Europe;Europe;1;1;0;0;0;Electricity generation;Aggregate fuel;Gas and Other Fossil;%;9,56;;
Denmark;DNK;2018;Country or economy;Europe;Europe;1;1;0;0;0;Electricity generation;Aggregate fuel;Hydro, Bioenergy and Other Renewables;%;19,53;;
Denmark;DNK;2018;Country or economy;Europe;Europe;1;1;0;0;0;Electricity generation;Aggregate fuel;Renewables;%;68,68;;
Denmark;DNK;2018;Country or economy;Europe;Europe;1;1;0;0;0;Electricity generation;Aggregate fuel;Wind and Solar;%;49,15;;
Denmark;DNK;2018;Country or economy;Europe;Europe;1;1;0;0;0;Electricity generation;Aggregate fuel;Clean;TWh;20,75;-1,05;-4,82
Denmark;DNK;2018;Country or economy;Europe;Europe;1;1;0;0;0;Electricity generation;Aggregate fuel;Fossil;TWh;9,46;0,36;3,96
Denmark;DNK;2018;Country or economy;Europe;Europe;1;1;0;0;0;Electricity generation;Aggregate fuel;Gas and Other Fossil;TWh;2,89;0;0
Denmark;DNK;2018;Country or economy;Europe;Europe;1;1;0;0;0;Electricity generation;Aggregate fuel;Hydro, Bioenergy and Other Renewables;TWh;5,9;-0,37;-5,9
Denmark;DNK;2018;Country or economy;Europe;Europe;1;1;0;0;0;Electricity generation;Aggregate fuel;Renewables;TWh;20,75;-1,05;-4,82
Denmark;DNK;2018;Country or economy;Europe;Europe;1;1;0;0;0;Electricity generation;Aggregate fuel;Wind and Solar;TWh;14,85;-0,68;-4,38
Denmark;DNK;2018;Country or economy;Europe;Europe;1;1;0;0;0;Electricity generation;Fuel;Bioenergy;%;19,5;;
Denmark;DNK;2018;Country or economy;Europe;Europe;1;1;0;0;0;Electricity generation;Fuel;Coal;%;21,75;;
Denmark;DNK;2018;Country or economy;Europe;Europe;1;1;0;0;0;Electricity generation;Fuel;Gas;%;6,85;;
Denmark;DNK;2018;Country or economy;Europe;Europe;1;1;0;0;0;Electricity generation;Fuel;Hydro;%;0,03;;
Denmark;DNK;2018;Country or economy;Europe;Europe;1;1;0;0;0;Electricity generation;Fuel;Nuclear;%;0;;
Denmark;DNK;2018;Country or economy;Europe;Europe;1;1;0;0;0;Electricity generation;Fuel;Other Fossil;%;2,71;;
Denmark;DNK;2018;Country or economy;Europe;Europe;1;1;0;0;0;Electricity generation;Fuel;Other Renewables;%;0;;
Denmark;DNK;2018;Country or economy;Europe;Europe;1;1;0;0;0;Electricity generation;Fuel;Solar;%;3,14;;
Denmark;DNK;2018;Country or economy;Europe;Europe;1;1;0;0;0;Electricity generation;Fuel;Wind;%;46,01;;
Denmark;DNK;2018;Country or economy;Europe;Europe;1;1;0;0;0;Electricity generation;Fuel;Bioenergy;TWh;5,89;-0,36;-5,76
Denmark;DNK;2018;Country or economy;Europe;Europe;1;1;0;0;0;Electricity generation;Fuel;Coal;TWh;6,57;0,36;5,8
Denmark;DNK;2018;Country or economy;Europe;Europe;1;1;0;0;0;Electricity generation;Fuel;Gas;TWh;2,07;0,05;2,48
Denmark;DNK;2018;Country or economy;Europe;Europe;1;1;0;0;0;Electricity generation;Fuel;Hydro;TWh;0,01;-0,01;-50
Denmark;DNK;2018;Country or economy;Europe;Europe;1;1;0;0;0;Electricity generation;Fuel;Nuclear;TWh;0;0;
Denmark;DNK;2018;Country or economy;Europe;Europe;1;1;0;0;0;Electricity generation;Fuel;Other Fossil;TWh;0,82;-0,05;-5,75
Denmark;DNK;2018;Country or economy;Europe;Europe;1;1;0;0;0;Electricity generation;Fuel;Other Renewables;TWh;0;0;
Denmark;DNK;2018;Country or economy;Europe;Europe;1;1;0;0;0;Electricity generation;Fuel;Solar;TWh;0,95;0,2;26,67
Denmark;DNK;2018;Country or economy;Europe;Europe;1;1;0;0;0;Electricity generation;Fuel;Wind;TWh;13,9;-0,88;-5,95
Denmark;DNK;2018;Country or economy;Europe;Europe;1;1;0;0;0;Electricity generation;Total;Total Generation;TWh;30,21;-0,69;-2,23
Denmark;DNK;2019;Country or economy;Europe;Europe;1;1;0;0;0;Electricity generation;Aggregate fuel;Clean;%;78,55;;
Denmark;DNK;2019;Country or economy;Europe;Europe;1;1;0;0;0;Electricity generation;Aggregate fuel;Fossil;%;21,45;;
Denmark;DNK;2019;Country or economy;Europe;Europe;1;1;0;0;0;Electricity generation;Aggregate fuel;Gas and Other Fossil;%;10,18;;
Denmark;DNK;2019;Country or economy;Europe;Europe;1;1;0;0;0;Electricity generation;Aggregate fuel;Hydro, Bioenergy and Other Renewables;%;20,29;;
Denmark;DNK;2019;Country or economy;Europe;Europe;1;1;0;0;0;Electricity generation;Aggregate fuel;Renewables;%;78,55;;
Denmark;DNK;2019;Country or economy;Europe;Europe;1;1;0;0;0;Electricity generation;Aggregate fuel;Wind and Solar;%;58,26;;
Denmark;DNK;2019;Country or economy;Europe;Europe;1;1;0;0;0;Electricity generation;Aggregate fuel;Clean;TWh;23,07;2,32;11,18
Denmark;DNK;2019;Country or economy;Europe;Europe;1;1;0;0;0;Electricity generation;Aggregate fuel;Fossil;TWh;6,3;-3,16;-33,4
Denmark;DNK;2019;Country or economy;Europe;Europe;1;1;0;0;0;Electricity generation;Aggregate fuel;Gas and Other Fossil;TWh;2,99;0,1;3,46
Denmark;DNK;2019;Country or economy;Europe;Europe;1;1;0;0;0;Electricity generation;Aggregate fuel;Hydro, Bioenergy and Other Renewables;TWh;5,96;0,06;1,02
Denmark;DNK;2019;Country or economy;Europe;Europe;1;1;0;0;0;Electricity generation;Aggregate fuel;Renewables;TWh;23,07;2,32;11,18
Denmark;DNK;2019;Country or economy;Europe;Europe;1;1;0;0;0;Electricity generation;Aggregate fuel;Wind and Solar;TWh;17,11;2,26;15,22
Denmark;DNK;2019;Country or economy;Europe;Europe;1;1;0;0;0;Electricity generation;Fuel;Bioenergy;%;20,22;;
Denmark;DNK;2019;Country or economy;Europe;Europe;1;1;0;0;0;Electricity generation;Fuel;Coal;%;11,27;;
Denmark;DNK;2019;Country or economy;Europe;Europe;1;1;0;0;0;Electricity generation;Fuel;Gas;%;7,15;;
Denmark;DNK;2019;Country or economy;Europe;Europe;1;1;0;0;0;Electricity generation;Fuel;Hydro;%;0,07;;
Denmark;DNK;2019;Country or economy;Europe;Europe;1;1;0;0;0;Electricity generation;Fuel;Nuclear;%;0;;
Denmark;DNK;2019;Country or economy;Europe;Europe;1;1;0;0;0;Electricity generation;Fuel;Other Fossil;%;3,03;;
Denmark;DNK;2019;Country or economy;Europe;Europe;1;1;0;0;0;Electricity generation;Fuel;Other Renewables;%;0;;
Denmark;DNK;2019;Country or economy;Europe;Europe;1;1;0;0;0;Electricity generation;Fuel;Solar;%;3,27;;
Denmark;DNK;2019;Country or economy;Europe;Europe;1;1;0;0;0;Electricity generation;Fuel;Wind;%;54,99;;
Denmark;DNK;2019;Country or economy;Europe;Europe;1;1;0;0;0;Electricity generation;Fuel;Bioenergy;TWh;5,94;0,05;0,85
Denmark;DNK;2019;Country or economy;Europe;Europe;1;1;0;0;0;Electricity generation;Fuel;Coal;TWh;3,31;-3,26;-49,62
Denmark;DNK;2019;Country or economy;Europe;Europe;1;1;0;0;0;Electricity generation;Fuel;Gas;TWh;2,1;0,03;1,45
Denmark;DNK;2019;Country or economy;Europe;Europe;1;1;0;0;0;Electricity generation;Fuel;Hydro;TWh;0,02;0,01;100
Denmark;DNK;2019;Country or economy;Europe;Europe;1;1;0;0;0;Electricity generation;Fuel;Nuclear;TWh;0;0;
Denmark;DNK;2019;Country or economy;Europe;Europe;1;1;0;0;0;Electricity generation;Fuel;Other Fossil;TWh;0,89;0,07;8,54
Denmark;DNK;2019;Country or economy;Europe;Europe;1;1;0;0;0;Electricity generation;Fuel;Other Renewables;TWh;0;0;
Denmark;DNK;2019;Country or economy;Europe;Europe;1;1;0;0;0;Electricity generation;Fuel;Solar;TWh;0,96;0,01;1,05
Denmark;DNK;2019;Country or economy;Europe;Europe;1;1;0;0;0;Electricity generation;Fuel;Wind;TWh;16,15;2,25;16,19
Denmark;DNK;2019;Country or economy;Europe;Europe;1;1;0;0;0;Electricity generation;Total;Total Generation;TWh;29,37;-0,84;-2,78
Denmark;DNK;2020;Country or economy;Europe;Europe;1;1;0;0;0;Electricity generation;Aggregate fuel;Clean;%;82,05;;
Denmark;DNK;2020;Country or economy;Europe;Europe;1;1;0;0;0;Electricity generation;Aggregate fuel;Fossil;%;17,95;;
Denmark;DNK;2020;Country or economy;Europe;Europe;1;1;0;0;0;Electricity generation;Aggregate fuel;Gas and Other Fossil;%;7,24;;
Denmark;DNK;2020;Country or economy;Europe;Europe;1;1;0;0;0;Electricity generation;Aggregate fuel;Hydro, Bioenergy and Other Renewables;%;20,78;;
Denmark;DNK;2020;Country or economy;Europe;Europe;1;1;0;0;0;Electricity generation;Aggregate fuel;Renewables;%;82,05;;
Denmark;DNK;2020;Country or economy;Europe;Europe;1;1;0;0;0;Electricity generation;Aggregate fuel;Wind and Solar;%;61,27;;
Denmark;DNK;2020;Country or economy;Europe;Europe;1;1;0;0;0;Electricity generation;Aggregate fuel;Clean;TWh;23,45;0,38;1,65
Denmark;DNK;2020;Country or economy;Europe;Europe;1;1;0;0;0;Electricity generation;Aggregate fuel;Fossil;TWh;5,13;-1,17;-18,57
Denmark;DNK;2020;Country or economy;Europe;Europe;1;1;0;0;0;Electricity generation;Aggregate fuel;Gas and Other Fossil;TWh;2,07;-0,92;-30,77
Denmark;DNK;2020;Country or economy;Europe;Europe;1;1;0;0;0;Electricity generation;Aggregate fuel;Hydro, Bioenergy and Other Renewables;TWh;5,94;-0,02;-0,34
Denmark;DNK;2020;Country or economy;Europe;Europe;1;1;0;0;0;Electricity generation;Aggregate fuel;Renewables;TWh;23,45;0,38;1,65
Denmark;DNK;2020;Country or economy;Europe;Europe;1;1;0;0;0;Electricity generation;Aggregate fuel;Wind and Solar;TWh;17,51;0,4;2,34
Denmark;DNK;2020;Country or economy;Europe;Europe;1;1;0;0;0;Electricity generation;Fuel;Bioenergy;%;20,71;;
Denmark;DNK;2020;Country or economy;Europe;Europe;1;1;0;0;0;Electricity generation;Fuel;Coal;%;10,71;;
Denmark;DNK;2020;Country or economy;Europe;Europe;1;1;0;0;0;Electricity generation;Fuel;Gas;%;4,13;;
Denmark;DNK;2020;Country or economy;Europe;Europe;1;1;0;0;0;Electricity generation;Fuel;Hydro;%;0,07;;
Denmark;DNK;2020;Country or economy;Europe;Europe;1;1;0;0;0;Electricity generation;Fuel;Nuclear;%;0;;
Denmark;DNK;2020;Country or economy;Europe;Europe;1;1;0;0;0;Electricity generation;Fuel;Other Fossil;%;3,11;;
Denmark;DNK;2020;Country or economy;Europe;Europe;1;1;0;0;0;Electricity generation;Fuel;Other Renewables;%;0;;
Denmark;DNK;2020;Country or economy;Europe;Europe;1;1;0;0;0;Electricity generation;Fuel;Solar;%;4,13;;
Denmark;DNK;2020;Country or economy;Europe;Europe;1;1;0;0;0;Electricity generation;Fuel;Wind;%;57,14;;
Denmark;DNK;2020;Country or economy;Europe;Europe;1;1;0;0;0;Electricity generation;Fuel;Bioenergy;TWh;5,92;-0,02;-0,34
Denmark;DNK;2020;Country or economy;Europe;Europe;1;1;0;0;0;Electricity generation;Fuel;Coal;TWh;3,06;-0,25;-7,55
Denmark;DNK;2020;Country or economy;Europe;Europe;1;1;0;0;0;Electricity generation;Fuel;Gas;TWh;1,18;-0,92;-43,81
Denmark;DNK;2020;Country or economy;Europe;Europe;1;1;0;0;0;Electricity generation;Fuel;Hydro;TWh;0,02;0;0
Denmark;DNK;2020;Country or economy;Europe;Europe;1;1;0;0;0;Electricity generation;Fuel;Nuclear;TWh;0;0;
Denmark;DNK;2020;Country or economy;Europe;Europe;1;1;0;0;0;Electricity generation;Fuel;Other Fossil;TWh;0,89;0;0
Denmark;DNK;2020;Country or economy;Europe;Europe;1;1;0;0;0;Electricity generation;Fuel;Other Renewables;TWh;0;0;
Denmark;DNK;2020;Country or economy;Europe;Europe;1;1;0;0;0;Electricity generation;Fuel;Solar;TWh;1,18;0,22;22,92
Denmark;DNK;2020;Country or economy;Europe;Europe;1;1;0;0;0;Electricity generation;Fuel;Wind;TWh;16,33;0,18;1,11
Denmark;DNK;2020;Country or economy;Europe;Europe;1;1;0;0;0;Electricity generation;Total;Total Generation;TWh;28,58;-0,79;-2,69
Denmark;DNK;2021;Country or economy;Europe;Europe;1;1;0;0;0;Electricity generation;Aggregate fuel;Clean;%;79,28;;
Denmark;DNK;2021;Country or economy;Europe;Europe;1;1;0;0;0;Electricity generation;Aggregate fuel;Fossil;%;20,71;;
Denmark;DNK;2021;Country or economy;Europe;Europe;1;1;0;0;0;Electricity generation;Aggregate fuel;Gas and Other Fossil;%;7,44;;
Denmark;DNK;2021;Country or economy;Europe;Europe;1;1;0;0;0;Electricity generation;Aggregate fuel;Hydro, Bioenergy and Other Renewables;%;26,55;;
Denmark;DNK;2021;Country or economy;Europe;Europe;1;1;0;0;0;Electricity generation;Aggregate fuel;Renewables;%;79,28;;
Denmark;DNK;2021;Country or economy;Europe;Europe;1;1;0;0;0;Electricity generation;Aggregate fuel;Wind and Solar;%;52,73;;
Denmark;DNK;2021;Country or economy;Europe;Europe;1;1;0;0;0;Electricity generation;Aggregate fuel;Clean;TWh;26,1;2,65;11,3
Denmark;DNK;2021;Country or economy;Europe;Europe;1;1;0;0;0;Electricity generation;Aggregate fuel;Fossil;TWh;6,82;1,69;32,94
Denmark;DNK;2021;Country or economy;Europe;Europe;1;1;0;0;0;Electricity generation;Aggregate fuel;Gas and Other Fossil;TWh;2,45;0,38;18,36
Denmark;DNK;2021;Country or economy;Europe;Europe;1;1;0;0;0;Electricity generation;Aggregate fuel;Hydro, Bioenergy and Other Renewables;TWh;8,74;2,8;47,14
Denmark;DNK;2021;Country or economy;Europe;Europe;1;1;0;0;0;Electricity generation;Aggregate fuel;Renewables;TWh;26,1;2,65;11,3
Denmark;DNK;2021;Country or economy;Europe;Europe;1;1;0;0;0;Electricity generation;Aggregate fuel;Wind and Solar;TWh;17,36;-0,15;-0,86
Denmark;DNK;2021;Country or economy;Europe;Europe;1;1;0;0;0;Electricity generation;Fuel;Bioenergy;%;26,49;;
Denmark;DNK;2021;Country or economy;Europe;Europe;1;1;0;0;0;Electricity generation;Fuel;Coal;%;13,27;;
Denmark;DNK;2021;Country or economy;Europe;Europe;1;1;0;0;0;Electricity generation;Fuel;Gas;%;4,68;;
Denmark;DNK;2021;Country or economy;Europe;Europe;1;1;0;0;0;Electricity generation;Fuel;Hydro;%;0,06;;
Denmark;DNK;2021;Country or economy;Europe;Europe;1;1;0;0;0;Electricity generation;Fuel;Nuclear;%;0;;
Denmark;DNK;2021;Country or economy;Europe;Europe;1;1;0;0;0;Electricity generation;Fuel;Other Fossil;%;2,76;;
Denmark;DNK;2021;Country or economy;Europe;Europe;1;1;0;0;0;Electricity generation;Fuel;Other Renewables;%;0;;
Denmark;DNK;2021;Country or economy;Europe;Europe;1;1;0;0;0;Electricity generation;Fuel;Solar;%;3,98;;
Denmark;DNK;2021;Country or economy;Europe;Europe;1;1;0;0;0;Electricity generation;Fuel;Wind;%;48,75;;
Denmark;DNK;2021;Country or economy;Europe;Europe;1;1;0;0;0;Electricity generation;Fuel;Bioenergy;TWh;8,72;2,8;47,3
Denmark;DNK;2021;Country or economy;Europe;Europe;1;1;0;0;0;Electricity generation;Fuel;Coal;TWh;4,37;1,31;42,81
Denmark;DNK;2021;Country or economy;Europe;Europe;1;1;0;0;0;Electricity generation;Fuel;Gas;TWh;1,54;0,36;30,51
Denmark;DNK;2021;Country or economy;Europe;Europe;1;1;0;0;0;Electricity generation;Fuel;Hydro;TWh;0,02;0;0
Denmark;DNK;2021;Country or economy;Europe;Europe;1;1;0;0;0;Electricity generation;Fuel;Nuclear;TWh;0;0;
Denmark;DNK;2021;Country or economy;Europe;Europe;1;1;0;0;0;Electricity generation;Fuel;Other Fossil;TWh;0,91;0,02;2,25
Denmark;DNK;2021;Country or economy;Europe;Europe;1;1;0;0;0;Electricity generation;Fuel;Other Renewables;TWh;0;0;
Denmark;DNK;2021;Country or economy;Europe;Europe;1;1;0;0;0;Electricity generation;Fuel;Solar;TWh;1,31;0,13;11,02
Denmark;DNK;2021;Country or economy;Europe;Europe;1;1;0;0;0;Electricity generation;Fuel;Wind;TWh;16,05;-0,28;-1,71
Denmark;DNK;2021;Country or economy;Europe;Europe;1;1;0;0;0;Electricity generation;Total;Total Generation;TWh;32,92;4,34;15,19
Denmark;DNK;2022;Country or economy;Europe;Europe;1;1;0;0;0;Electricity generation;Aggregate fuel;Clean;%;80,87;;
Denmark;DNK;2022;Country or economy;Europe;Europe;1;1;0;0;0;Electricity generation;Aggregate fuel;Fossil;%;19,14;;
Denmark;DNK;2022;Country or economy;Europe;Europe;1;1;0;0;0;Electricity generation;Aggregate fuel;Gas and Other Fossil;%;6,54;;
Denmark;DNK;2022;Country or economy;Europe;Europe;1;1;0;0;0;Electricity generation;Aggregate fuel;Hydro, Bioenergy and Other Renewables;%;20;;
Denmark;DNK;2022;Country or economy;Europe;Europe;1;1;0;0;0;Electricity generation;Aggregate fuel;Renewables;%;80,87;;
Denmark;DNK;2022;Country or economy;Europe;Europe;1;1;0;0;0;Electricity generation;Aggregate fuel;Wind and Solar;%;60,87;;
Denmark;DNK;2022;Country or economy;Europe;Europe;1;1;0;0;0;Electricity generation;Aggregate fuel;Clean;TWh;28,43;2,33;8,93
Denmark;DNK;2022;Country or economy;Europe;Europe;1;1;0;0;0;Electricity generation;Aggregate fuel;Fossil;TWh;6,73;-0,09;-1,32
Denmark;DNK;2022;Country or economy;Europe;Europe;1;1;0;0;0;Electricity generation;Aggregate fuel;Gas and Other Fossil;TWh;2,3;-0,15;-6,12
Denmark;DNK;2022;Country or economy;Europe;Europe;1;1;0;0;0;Electricity generation;Aggregate fuel;Hydro, Bioenergy and Other Renewables;TWh;7,03;-1,71;-19,57
Denmark;DNK;2022;Country or economy;Europe;Europe;1;1;0;0;0;Electricity generation;Aggregate fuel;Renewables;TWh;28,43;2,33;8,93
Denmark;DNK;2022;Country or economy;Europe;Europe;1;1;0;0;0;Electricity generation;Aggregate fuel;Wind and Solar;TWh;21,4;4,04;23,27
Denmark;DNK;2022;Country or economy;Europe;Europe;1;1;0;0;0;Electricity generation;Fuel;Bioenergy;%;19,97;;
Denmark;DNK;2022;Country or economy;Europe;Europe;1;1;0;0;0;Electricity generation;Fuel;Coal;%;12,6;;
Denmark;DNK;2022;Country or economy;Europe;Europe;1;1;0;0;0;Electricity generation;Fuel;Gas;%;2,9;;
Denmark;DNK;2022;Country or economy;Europe;Europe;1;1;0;0;0;Electricity generation;Fuel;Hydro;%;0,03;;
Denmark;DNK;2022;Country or economy;Europe;Europe;1;1;0;0;0;Electricity generation;Fuel;Nuclear;%;0;;
Denmark;DNK;2022;Country or economy;Europe;Europe;1;1;0;0;0;Electricity generation;Fuel;Other Fossil;%;3,64;;
Denmark;DNK;2022;Country or economy;Europe;Europe;1;1;0;0;0;Electricity generation;Fuel;Other Renewables;%;0;;
Denmark;DNK;2022;Country or economy;Europe;Europe;1;1;0;0;0;Electricity generation;Fuel;Solar;%;6,77;;
Denmark;DNK;2022;Country or economy;Europe;Europe;1;1;0;0;0;Electricity generation;Fuel;Wind;%;54,1;;
Denmark;DNK;2022;Country or economy;Europe;Europe;1;1;0;0;0;Electricity generation;Fuel;Bioenergy;TWh;7,02;-1,7;-19,5
Denmark;DNK;2022;Country or economy;Europe;Europe;1;1;0;0;0;Electricity generation;Fuel;Coal;TWh;4,43;0,06;1,37
Denmark;DNK;2022;Country or economy;Europe;Europe;1;1;0;0;0;Electricity generation;Fuel;Gas;TWh;1,02;-0,52;-33,77
Denmark;DNK;2022;Country or economy;Europe;Europe;1;1;0;0;0;Electricity generation;Fuel;Hydro;TWh;0,01;-0,01;-50
Denmark;DNK;2022;Country or economy;Europe;Europe;1;1;0;0;0;Electricity generation;Fuel;Nuclear;TWh;0;0;
Denmark;DNK;2022;Country or economy;Europe;Europe;1;1;0;0;0;Electricity generation;Fuel;Other Fossil;TWh;1,28;0,37;40,66
Denmark;DNK;2022;Country or economy;Europe;Europe;1;1;0;0;0;Electricity generation;Fuel;Other Renewables;TWh;0;0;
Denmark;DNK;2022;Country or economy;Europe;Europe;1;1;0;0;0;Electricity generation;Fuel;Solar;TWh;2,38;1,07;81,68
Denmark;DNK;2022;Country or economy;Europe;Europe;1;1;0;0;0;Electricity generation;Fuel;Wind;TWh;19,02;2,97;18,5
Denmark;DNK;2022;Country or economy;Europe;Europe;1;1;0;0;0;Electricity generation;Total;Total Generation;TWh;35,16;2,24;6,8
Denmark;DNK;2023;Country or economy;Europe;Europe;1;1;0;0;0;Electricity generation;Aggregate fuel;Clean;%;86,39;;
Denmark;DNK;2023;Country or economy;Europe;Europe;1;1;0;0;0;Electricity generation;Aggregate fuel;Fossil;%;13,61;;
Denmark;DNK;2023;Country or economy;Europe;Europe;1;1;0;0;0;Electricity generation;Aggregate fuel;Gas and Other Fossil;%;6,14;;
Denmark;DNK;2023;Country or economy;Europe;Europe;1;1;0;0;0;Electricity generation;Aggregate fuel;Hydro, Bioenergy and Other Renewables;%;18,38;;
Denmark;DNK;2023;Country or economy;Europe;Europe;1;1;0;0;0;Electricity generation;Aggregate fuel;Renewables;%;86,39;;
Denmark;DNK;2023;Country or economy;Europe;Europe;1;1;0;0;0;Electricity generation;Aggregate fuel;Wind and Solar;%;68,01;;
Denmark;DNK;2023;Country or economy;Europe;Europe;1;1;0;0;0;Electricity generation;Aggregate fuel;Clean;TWh;29,28;0,85;2,99
Denmark;DNK;2023;Country or economy;Europe;Europe;1;1;0;0;0;Electricity generation;Aggregate fuel;Fossil;TWh;4,61;-2,12;-31,5
Denmark;DNK;2023;Country or economy;Europe;Europe;1;1;0;0;0;Electricity generation;Aggregate fuel;Gas and Other Fossil;TWh;2,08;-0,22;-9,57
Denmark;DNK;2023;Country or economy;Europe;Europe;1;1;0;0;0;Electricity generation;Aggregate fuel;Hydro, Bioenergy and Other Renewables;TWh;6,23;-0,8;-11,38
Denmark;DNK;2023;Country or economy;Europe;Europe;1;1;0;0;0;Electricity generation;Aggregate fuel;Renewables;TWh;29,28;0,85;2,99
Denmark;DNK;2023;Country or economy;Europe;Europe;1;1;0;0;0;Electricity generation;Aggregate fuel;Wind and Solar;TWh;23,05;1,65;7,71
Denmark;DNK;2023;Country or economy;Europe;Europe;1;1;0;0;0;Electricity generation;Fuel;Bioenergy;%;18,32;;
Denmark;DNK;2023;Country or economy;Europe;Europe;1;1;0;0;0;Electricity generation;Fuel;Coal;%;7,47;;
Denmark;DNK;2023;Country or economy;Europe;Europe;1;1;0;0;0;Electricity generation;Fuel;Gas;%;2,95;;
Denmark;DNK;2023;Country or economy;Europe;Europe;1;1;0;0;0;Electricity generation;Fuel;Hydro;%;0,06;;
Denmark;DNK;2023;Country or economy;Europe;Europe;1;1;0;0;0;Electricity generation;Fuel;Nuclear;%;0;;
Denmark;DNK;2023;Country or economy;Europe;Europe;1;1;0;0;0;Electricity generation;Fuel;Other Fossil;%;3,19;;
Denmark;DNK;2023;Country or economy;Europe;Europe;1;1;0;0;0;Electricity generation;Fuel;Other Renewables;%;0;;
Denmark;DNK;2023;Country or economy;Europe;Europe;1;1;0;0;0;Electricity generation;Fuel;Solar;%;10,8;;
Denmark;DNK;2023;Country or economy;Europe;Europe;1;1;0;0;0;Electricity generation;Fuel;Wind;%;57,21;;
Denmark;DNK;2023;Country or economy;Europe;Europe;1;1;0;0;0;Electricity generation;Fuel;Bioenergy;TWh;6,21;-0,81;-11,54
Denmark;DNK;2023;Country or economy;Europe;Europe;1;1;0;0;0;Electricity generation;Fuel;Coal;TWh;2,53;-1,9;-42,89
Denmark;DNK;2023;Country or economy;Europe;Europe;1;1;0;0;0;Electricity generation;Fuel;Gas;TWh;1;-0,02;-1,96
Denmark;DNK;2023;Country or economy;Europe;Europe;1;1;0;0;0;Electricity generation;Fuel;Hydro;TWh;0,02;0,01;100
Denmark;DNK;2023;Country or economy;Europe;Europe;1;1;0;0;0;Electricity generation;Fuel;Nuclear;TWh;0;0;
Denmark;DNK;2023;Country or economy;Europe;Europe;1;1;0;0;0;Electricity generation;Fuel;Other Fossil;TWh;1,08;-0,2;-15,63
Denmark;DNK;2023;Country or economy;Europe;Europe;1;1;0;0;0;Electricity generation;Fuel;Other Renewables;TWh;0;0;
Denmark;DNK;2023;Country or economy;Europe;Europe;1;1;0;0;0;Electricity generation;Fuel;Solar;TWh;3,66;1,28;53,78
Denmark;DNK;2023;Country or economy;Europe;Europe;1;1;0;0;0;Electricity generation;Fuel;Wind;TWh;19,39;0,37;1,95
Denmark;DNK;2023;Country or economy;Europe;Europe;1;1;0;0;0;Electricity generation;Total;Total Generation;TWh;33,89;-1,27;-3,61
Denmark;DNK;2024;Country or economy;Europe;Europe;1;1;0;0;0;Electricity generation;Aggregate fuel;Clean;%;89,19;;
Denmark;DNK;2024;Country or economy;Europe;Europe;1;1;0;0;0;Electricity generation;Aggregate fuel;Fossil;%;10,81;;
Denmark;DNK;2024;Country or economy;Europe;Europe;1;1;0;0;0;Electricity generation;Aggregate fuel;Gas and Other Fossil;%;5,82;;
Denmark;DNK;2024;Country or economy;Europe;Europe;1;1;0;0;0;Electricity generation;Aggregate fuel;Hydro, Bioenergy and Other Renewables;%;20,2;;
Denmark;DNK;2024;Country or economy;Europe;Europe;1;1;0;0;0;Electricity generation;Aggregate fuel;Renewables;%;89,19;;
Denmark;DNK;2024;Country or economy;Europe;Europe;1;1;0;0;0;Electricity generation;Aggregate fuel;Wind and Solar;%;68,99;;
Denmark;DNK;2024;Country or economy;Europe;Europe;1;1;0;0;0;Electricity generation;Aggregate fuel;Clean;TWh;31,27;1,99;6,8
Denmark;DNK;2024;Country or economy;Europe;Europe;1;1;0;0;0;Electricity generation;Aggregate fuel;Fossil;TWh;3,79;-0,82;-17,79
Denmark;DNK;2024;Country or economy;Europe;Europe;1;1;0;0;0;Electricity generation;Aggregate fuel;Gas and Other Fossil;TWh;2,04;-0,04;-1,92
Denmark;DNK;2024;Country or economy;Europe;Europe;1;1;0;0;0;Electricity generation;Aggregate fuel;Hydro, Bioenergy and Other Renewables;TWh;7,08;0,85;13,64
Denmark;DNK;2024;Country or economy;Europe;Europe;1;1;0;0;0;Electricity generation;Aggregate fuel;Renewables;TWh;31,27;1,99;6,8
Denmark;DNK;2024;Country or economy;Europe;Europe;1;1;0;0;0;Electricity generation;Aggregate fuel;Wind and Solar;TWh;24,19;1,14;4,95
Denmark;DNK;2024;Country or economy;Europe;Europe;1;1;0;0;0;Electricity generation;Fuel;Bioenergy;%;20,14;;
Denmark;DNK;2024;Country or economy;Europe;Europe;1;1;0;0;0;Electricity generation;Fuel;Coal;%;4,99;;
Denmark;DNK;2024;Country or economy;Europe;Europe;1;1;0;0;0;Electricity generation;Fuel;Gas;%;2,6;;
Denmark;DNK;2024;Country or economy;Europe;Europe;1;1;0;0;0;Electricity generation;Fuel;Hydro;%;0,06;;
Denmark;DNK;2024;Country or economy;Europe;Europe;1;1;0;0;0;Electricity generation;Fuel;Nuclear;%;0;;
Denmark;DNK;2024;Country or economy;Europe;Europe;1;1;0;0;0;Electricity generation;Fuel;Other Fossil;%;3,22;;
Denmark;DNK;2024;Country or economy;Europe;Europe;1;1;0;0;0;Electricity generation;Fuel;Other Renewables;%;0;;
Denmark;DNK;2024;Country or economy;Europe;Europe;1;1;0;0;0;Electricity generation;Fuel;Solar;%;10,78;;
Denmark;DNK;2024;Country or economy;Europe;Europe;1;1;0;0;0;Electricity generation;Fuel;Wind;%;58,21;;
Denmark;DNK;2024;Country or economy;Europe;Europe;1;1;0;0;0;Electricity generation;Fuel;Bioenergy;TWh;7,06;0,85;13,69
Denmark;DNK;2024;Country or economy;Europe;Europe;1;1;0;0;0;Electricity generation;Fuel;Coal;TWh;1,75;-0,78;-30,83
Denmark;DNK;2024;Country or economy;Europe;Europe;1;1;0;0;0;Electricity generation;Fuel;Gas;TWh;0,91;-0,09;-9
Denmark;DNK;2024;Country or economy;Europe;Europe;1;1;0;0;0;Electricity generation;Fuel;Hydro;TWh;0,02;0;0
Denmark;DNK;2024;Country or economy;Europe;Europe;1;1;0;0;0;Electricity generation;Fuel;Nuclear;TWh;0;0;
Denmark;DNK;2024;Country or economy;Europe;Europe;1;1;0;0;0;Electricity generation;Fuel;Other Fossil;TWh;1,13;0,05;4,63
Denmark;DNK;2024;Country or economy;Europe;Europe;1;1;0;0;0;Electricity generation;Fuel;Other Renewables;TWh;0;0;
Denmark;DNK;2024;Country or economy;Europe;Europe;1;1;0;0;0;Electricity generation;Fuel;Solar;TWh;3,78;0,12;3,28
Denmark;DNK;2024;Country or economy;Europe;Europe;1;1;0;0;0;Electricity generation;Fuel;Wind;TWh;20,41;1,02;5,26
Denmark;DNK;2024;Country or economy;Europe;Europe;1;1;0;0;0;Electricity generation;Total;Total Generation;TWh;35,06;1,17;3,45
Denmark;DNK;2025;Country or economy;Europe;Europe;1;1;0;0;0;Electricity generation;Aggregate fuel;Clean;%;91,17;;
Denmark;DNK;2025;Country or economy;Europe;Europe;1;1;0;0;0;Electricity generation;Aggregate fuel;Fossil;%;8,82;;
Denmark;DNK;2025;Country or economy;Europe;Europe;1;1;0;0;0;Electricity generation;Aggregate fuel;Gas and Other Fossil;%;6,15;;
Denmark;DNK;2025;Country or economy;Europe;Europe;1;1;0;0;0;Electricity generation;Aggregate fuel;Hydro, Bioenergy and Other Renewables;%;20,12;;
Denmark;DNK;2025;Country or economy;Europe;Europe;1;1;0;0;0;Electricity generation;Aggregate fuel;Renewables;%;91,17;;
Denmark;DNK;2025;Country or economy;Europe;Europe;1;1;0;0;0;Electricity generation;Aggregate fuel;Wind and Solar;%;71,05;;
Denmark;DNK;2025;Country or economy;Europe;Europe;1;1;0;0;0;Electricity generation;Aggregate fuel;Clean;TWh;30,36;-0,91;-2,91
Denmark;DNK;2025;Country or economy;Europe;Europe;1;1;0;0;0;Electricity generation;Aggregate fuel;Fossil;TWh;2,94;-0,85;-22,43
Denmark;DNK;2025;Country or economy;Europe;Europe;1;1;0;0;0;Electricity generation;Aggregate fuel;Gas and Other Fossil;TWh;2,05;0,01;0,49
Denmark;DNK;2025;Country or economy;Europe;Europe;1;1;0;0;0;Electricity generation;Aggregate fuel;Hydro, Bioenergy and Other Renewables;TWh;6,7;-0,38;-5,37
Denmark;DNK;2025;Country or economy;Europe;Europe;1;1;0;0;0;Electricity generation;Aggregate fuel;Renewables;TWh;30,36;-0,91;-2,91
Denmark;DNK;2025;Country or economy;Europe;Europe;1;1;0;0;0;Electricity generation;Aggregate fuel;Wind and Solar;TWh;23,66;-0,53;-2,19
Denmark;DNK;2025;Country or economy;Europe;Europe;1;1;0;0;0;Electricity generation;Fuel;Bioenergy;%;20,06;;
Denmark;DNK;2025;Country or economy;Europe;Europe;1;1;0;0;0;Electricity generation;Fuel;Coal;%;2,67;;
Denmark;DNK;2025;Country or economy;Europe;Europe;1;1;0;0;0;Electricity generation;Fuel;Gas;%;2,43;;
Denmark;DNK;2025;Country or economy;Europe;Europe;1;1;0;0;0;Electricity generation;Fuel;Hydro;%;0,06;;
Denmark;DNK;2025;Country or economy;Europe;Europe;1;1;0;0;0;Electricity generation;Fuel;Nuclear;%;0;;
Denmark;DNK;2025;Country or economy;Europe;Europe;1;1;0;0;0;Electricity generation;Fuel;Other Fossil;%;3,72;;
Denmark;DNK;2025;Country or economy;Europe;Europe;1;1;0;0;0;Electricity generation;Fuel;Other Renewables;%;0;;
Denmark;DNK;2025;Country or economy;Europe;Europe;1;1;0;0;0;Electricity generation;Fuel;Solar;%;13,36;;
Denmark;DNK;2025;Country or economy;Europe;Europe;1;1;0;0;0;Electricity generation;Fuel;Wind;%;57,69;;
Denmark;DNK;2025;Country or economy;Europe;Europe;1;1;0;0;0;Electricity generation;Fuel;Bioenergy;TWh;6,68;-0,38;-5,38
Denmark;DNK;2025;Country or economy;Europe;Europe;1;1;0;0;0;Electricity generation;Fuel;Coal;TWh;0,89;-0,86;-49,14
Denmark;DNK;2025;Country or economy;Europe;Europe;1;1;0;0;0;Electricity generation;Fuel;Gas;TWh;0,81;-0,1;-10,99
Denmark;DNK;2025;Country or economy;Europe;Europe;1;1;0;0;0;Electricity generation;Fuel;Hydro;TWh;0,02;0;0
Denmark;DNK;2025;Country or economy;Europe;Europe;1;1;0;0;0;Electricity generation;Fuel;Nuclear;TWh;0;0;
Denmark;DNK;2025;Country or economy;Europe;Europe;1;1;0;0;0;Electricity generation;Fuel;Other Fossil;TWh;1,24;0,11;9,73
Denmark;DNK;2025;Country or economy;Europe;Europe;1;1;0;0;0;Electricity generation;Fuel;Other Renewables;TWh;0;0;
Denmark;DNK;2025;Country or economy;Europe;Europe;1;1;0;0;0;Electricity generation;Fuel;Solar;TWh;4,45;0,67;17,72
Denmark;DNK;2025;Country or economy;Europe;Europe;1;1;0;0;0;Electricity generation;Fuel;Wind;TWh;19,21;-1,2;-5,88
Denmark;DNK;2025;Country or economy;Europe;Europe;1;1;0;0;0;Electricity generation;Total;Total Generation;TWh;33,3;-1,76;-5,02
Germany;DEU;2000;Country or economy;Europe;Europe;1;1;1;1;0;Electricity generation;Aggregate fuel;Clean;%;36,03;;
Germany;DEU;2000;Country or economy;Europe;Europe;1;1;1;1;0;Electricity generation;Aggregate fuel;Fossil;%;63,97;;
Germany;DEU;2000;Country or economy;Europe;Europe;1;1;1;1;0;Electricity generation;Aggregate fuel;Gas and Other Fossil;%;11,82;;
Germany;DEU;2000;Country or economy;Europe;Europe;1;1;1;1;0;Electricity generation;Aggregate fuel;Hydro, Bioenergy and Other Renewables;%;4,58;;
Germany;DEU;2000;Country or economy;Europe;Europe;1;1;1;1;0;Electricity generation;Aggregate fuel;Renewables;%;6,22;;
Germany;DEU;2000;Country or economy;Europe;Europe;1;1;1;1;0;Electricity generation;Aggregate fuel;Wind and Solar;%;1,64;;
Germany;DEU;2000;Country or economy;Europe;Europe;1;1;1;1;0;Electricity generation;Aggregate fuel;Clean;TWh;205,02;;
Germany;DEU;2000;Country or economy;Europe;Europe;1;1;1;1;0;Electricity generation;Aggregate fuel;Fossil;TWh;363,93;;
Germany;DEU;2000;Country or economy;Europe;Europe;1;1;1;1;0;Electricity generation;Aggregate fuel;Gas and Other Fossil;TWh;67,25;;
Germany;DEU;2000;Country or economy;Europe;Europe;1;1;1;1;0;Electricity generation;Aggregate fuel;Hydro, Bioenergy and Other Renewables;TWh;26,06;;
Germany;DEU;2000;Country or economy;Europe;Europe;1;1;1;1;0;Electricity generation;Aggregate fuel;Renewables;TWh;35,41;;
Germany;DEU;2000;Country or economy;Europe;Europe;1;1;1;1;0;Electricity generation;Aggregate fuel;Wind and Solar;TWh;9,35;;
Germany;DEU;2000;Country or economy;Europe;Europe;1;1;1;1;0;Electricity generation;Fuel;Bioenergy;%;0,76;;
Germany;DEU;2000;Country or economy;Europe;Europe;1;1;1;1;0;Electricity generation;Fuel;Coal;%;52,15;;
Germany;DEU;2000;Country or economy;Europe;Europe;1;1;1;1;0;Electricity generation;Fuel;Gas;%;8,65;;
Germany;DEU;2000;Country or economy;Europe;Europe;1;1;1;1;0;Electricity generation;Fuel;Hydro;%;3,82;;
Germany;DEU;2000;Country or economy;Europe;Europe;1;1;1;1;0;Electricity generation;Fuel;Nuclear;%;29,81;;
Germany;DEU;2000;Country or economy;Europe;Europe;1;1;1;1;0;Electricity generation;Fuel;Other Fossil;%;3,17;;
Germany;DEU;2000;Country or economy;Europe;Europe;1;1;1;1;0;Electricity generation;Fuel;Other Renewables;%;0;;
Germany;DEU;2000;Country or economy;Europe;Europe;1;1;1;1;0;Electricity generation;Fuel;Solar;%;0;;
Germany;DEU;2000;Country or economy;Europe;Europe;1;1;1;1;0;Electricity generation;Fuel;Wind;%;1,64;;
Germany;DEU;2000;Country or economy;Europe;Europe;1;1;1;1;0;Electricity generation;Fuel;Bioenergy;TWh;4,33;;
Germany;DEU;2000;Country or economy;Europe;Europe;1;1;1;1;0;Electricity generation;Fuel;Coal;TWh;296,68;;
Germany;DEU;2000;Country or economy;Europe;Europe;1;1;1;1;0;Electricity generation;Fuel;Gas;TWh;49,2;;
Germany;DEU;2000;Country or economy;Europe;Europe;1;1;1;1;0;Electricity generation;Fuel;Hydro;TWh;21,73;;
Germany;DEU;2000;Country or economy;Europe;Europe;1;1;1;1;0;Electricity generation;Fuel;Nuclear;TWh;169,61;;
Germany;DEU;2000;Country or economy;Europe;Europe;1;1;1;1;0;Electricity generation;Fuel;Other Fossil;TWh;18,05;;
Germany;DEU;2000;Country or economy;Europe;Europe;1;1;1;1;0;Electricity generation;Fuel;Other Renewables;TWh;0;;
Germany;DEU;2000;Country or economy;Europe;Europe;1;1;1;1;0;Electricity generation;Fuel;Solar;TWh;0;;
Germany;DEU;2000;Country or economy;Europe;Europe;1;1;1;1;0;Electricity generation;Fuel;Wind;TWh;9,35;;
Germany;DEU;2000;Country or economy;Europe;Europe;1;1;1;1;0;Electricity generation;Total;Total Generation;TWh;568,95;;
Germany;DEU;2001;Country or economy;Europe;Europe;1;1;1;1;0;Electricity generation;Aggregate fuel;Clean;%;36,14;;
Germany;DEU;2001;Country or economy;Europe;Europe;1;1;1;1;0;Electricity generation;Aggregate fuel;Fossil;%;63,87;;
Germany;DEU;2001;Country or economy;Europe;Europe;1;1;1;1;0;Electricity generation;Aggregate fuel;Gas and Other Fossil;%;13,13;;
Germany;DEU;2001;Country or economy;Europe;Europe;1;1;1;1;0;Electricity generation;Aggregate fuel;Hydro, Bioenergy and Other Renewables;%;4,72;;
Germany;DEU;2001;Country or economy;Europe;Europe;1;1;1;1;0;Electricity generation;Aggregate fuel;Renewables;%;6,55;;
Germany;DEU;2001;Country or economy;Europe;Europe;1;1;1;1;0;Electricity generation;Aggregate fuel;Wind and Solar;%;1,83;;
Germany;DEU;2001;Country or economy;Europe;Europe;1;1;1;1;0;Electricity generation;Aggregate fuel;Clean;TWh;209,18;4,16;2,03
Germany;DEU;2001;Country or economy;Europe;Europe;1;1;1;1;0;Electricity generation;Aggregate fuel;Fossil;TWh;369,76;5,83;1,6
Germany;DEU;2001;Country or economy;Europe;Europe;1;1;1;1;0;Electricity generation;Aggregate fuel;Gas and Other Fossil;TWh;76,02;8,77;13,04
Germany;DEU;2001;Country or economy;Europe;Europe;1;1;1;1;0;Electricity generation;Aggregate fuel;Hydro, Bioenergy and Other Renewables;TWh;27,32;1,26;4,83
Germany;DEU;2001;Country or economy;Europe;Europe;1;1;1;1;0;Electricity generation;Aggregate fuel;Renewables;TWh;37,88;2,47;6,98
Germany;DEU;2001;Country or economy;Europe;Europe;1;1;1;1;0;Electricity generation;Aggregate fuel;Wind and Solar;TWh;10,56;1,21;12,94
Germany;DEU;2001;Country or economy;Europe;Europe;1;1;1;1;0;Electricity generation;Fuel;Bioenergy;%;0,79;;
Germany;DEU;2001;Country or economy;Europe;Europe;1;1;1;1;0;Electricity generation;Fuel;Coal;%;50,74;;
Germany;DEU;2001;Country or economy;Europe;Europe;1;1;1;1;0;Electricity generation;Fuel;Gas;%;9,59;;
Germany;DEU;2001;Country or economy;Europe;Europe;1;1;1;1;0;Electricity generation;Fuel;Hydro;%;3,93;;
Germany;DEU;2001;Country or economy;Europe;Europe;1;1;1;1;0;Electricity generation;Fuel;Nuclear;%;29,59;;
Germany;DEU;2001;Country or economy;Europe;Europe;1;1;1;1;0;Electricity generation;Fuel;Other Fossil;%;3,54;;
Germany;DEU;2001;Country or economy;Europe;Europe;1;1;1;1;0;Electricity generation;Fuel;Other Renewables;%;0;;
Germany;DEU;2001;Country or economy;Europe;Europe;1;1;1;1;0;Electricity generation;Fuel;Solar;%;0,02;;
Germany;DEU;2001;Country or economy;Europe;Europe;1;1;1;1;0;Electricity generation;Fuel;Wind;%;1,81;;
Germany;DEU;2001;Country or economy;Europe;Europe;1;1;1;1;0;Electricity generation;Fuel;Bioenergy;TWh;4,59;0,26;6
Germany;DEU;2001;Country or economy;Europe;Europe;1;1;1;1;0;Electricity generation;Fuel;Coal;TWh;293,74;-2,94;-0,99
Germany;DEU;2001;Country or economy;Europe;Europe;1;1;1;1;0;Electricity generation;Fuel;Gas;TWh;55,5;6,3;12,8
Germany;DEU;2001;Country or economy;Europe;Europe;1;1;1;1;0;Electricity generation;Fuel;Hydro;TWh;22,73;1;4,6
Germany;DEU;2001;Country or economy;Europe;Europe;1;1;1;1;0;Electricity generation;Fuel;Nuclear;TWh;171,3;1,69;1
Germany;DEU;2001;Country or economy;Europe;Europe;1;1;1;1;0;Electricity generation;Fuel;Other Fossil;TWh;20,52;2,47;13,68
Germany;DEU;2001;Country or economy;Europe;Europe;1;1;1;1;0;Electricity generation;Fuel;Other Renewables;TWh;0;0;
Germany;DEU;2001;Country or economy;Europe;Europe;1;1;1;1;0;Electricity generation;Fuel;Solar;TWh;0,1;0,1;
Germany;DEU;2001;Country or economy;Europe;Europe;1;1;1;1;0;Electricity generation;Fuel;Wind;TWh;10,46;1,11;11,87
Germany;DEU;2001;Country or economy;Europe;Europe;1;1;1;1;0;Electricity generation;Total;Total Generation;TWh;578,94;9,99;1,76
Germany;DEU;2002;Country or economy;Europe;Europe;1;1;1;1;0;Electricity generation;Aggregate fuel;Clean;%;35,86;;
Germany;DEU;2002;Country or economy;Europe;Europe;1;1;1;1;0;Electricity generation;Aggregate fuel;Fossil;%;64,13;;
Germany;DEU;2002;Country or economy;Europe;Europe;1;1;1;1;0;Electricity generation;Aggregate fuel;Gas and Other Fossil;%;12,81;;
Germany;DEU;2002;Country or economy;Europe;Europe;1;1;1;1;0;Electricity generation;Aggregate fuel;Hydro, Bioenergy and Other Renewables;%;4,87;;
Germany;DEU;2002;Country or economy;Europe;Europe;1;1;1;1;0;Electricity generation;Aggregate fuel;Renewables;%;7,62;;
Germany;DEU;2002;Country or economy;Europe;Europe;1;1;1;1;0;Electricity generation;Aggregate fuel;Wind and Solar;%;2,75;;
Germany;DEU;2002;Country or economy;Europe;Europe;1;1;1;1;0;Electricity generation;Aggregate fuel;Clean;TWh;209,33;0,15;0,07
Germany;DEU;2002;Country or economy;Europe;Europe;1;1;1;1;0;Electricity generation;Aggregate fuel;Fossil;TWh;374,43;4,67;1,26
Germany;DEU;2002;Country or economy;Europe;Europe;1;1;1;1;0;Electricity generation;Aggregate fuel;Gas and Other Fossil;TWh;74,83;-1,19;-1,57
Germany;DEU;2002;Country or economy;Europe;Europe;1;1;1;1;0;Electricity generation;Aggregate fuel;Hydro, Bioenergy and Other Renewables;TWh;28,43;1,11;4,06
Germany;DEU;2002;Country or economy;Europe;Europe;1;1;1;1;0;Electricity generation;Aggregate fuel;Renewables;TWh;44,49;6,61;17,45
Germany;DEU;2002;Country or economy;Europe;Europe;1;1;1;1;0;Electricity generation;Aggregate fuel;Wind and Solar;TWh;16,06;5,5;52,08
Germany;DEU;2002;Country or economy;Europe;Europe;1;1;1;1;0;Electricity generation;Fuel;Bioenergy;%;0,91;;
Germany;DEU;2002;Country or economy;Europe;Europe;1;1;1;1;0;Electricity generation;Fuel;Coal;%;51,32;;
Germany;DEU;2002;Country or economy;Europe;Europe;1;1;1;1;0;Electricity generation;Fuel;Gas;%;9,64;;
Germany;DEU;2002;Country or economy;Europe;Europe;1;1;1;1;0;Electricity generation;Fuel;Hydro;%;3,96;;
Germany;DEU;2002;Country or economy;Europe;Europe;1;1;1;1;0;Electricity generation;Fuel;Nuclear;%;28,24;;
Germany;DEU;2002;Country or economy;Europe;Europe;1;1;1;1;0;Electricity generation;Fuel;Other Fossil;%;3,17;;
Germany;DEU;2002;Country or economy;Europe;Europe;1;1;1;1;0;Electricity generation;Fuel;Other Renewables;%;0;;
Germany;DEU;2002;Country or economy;Europe;Europe;1;1;1;1;0;Electricity generation;Fuel;Solar;%;0,03;;
Germany;DEU;2002;Country or economy;Europe;Europe;1;1;1;1;0;Electricity generation;Fuel;Wind;%;2,72;;
Germany;DEU;2002;Country or economy;Europe;Europe;1;1;1;1;0;Electricity generation;Fuel;Bioenergy;TWh;5,31;0,72;15,69
Germany;DEU;2002;Country or economy;Europe;Europe;1;1;1;1;0;Electricity generation;Fuel;Coal;TWh;299,6;5,86;1,99
Germany;DEU;2002;Country or economy;Europe;Europe;1;1;1;1;0;Electricity generation;Fuel;Gas;TWh;56,3;0,8;1,44
Germany;DEU;2002;Country or economy;Europe;Europe;1;1;1;1;0;Electricity generation;Fuel;Hydro;TWh;23,12;0,39;1,72
Germany;DEU;2002;Country or economy;Europe;Europe;1;1;1;1;0;Electricity generation;Fuel;Nuclear;TWh;164,84;-6,46;-3,77
Germany;DEU;2002;Country or economy;Europe;Europe;1;1;1;1;0;Electricity generation;Fuel;Other Fossil;TWh;18,53;-1,99;-9,7
Germany;DEU;2002;Country or economy;Europe;Europe;1;1;1;1;0;Electricity generation;Fuel;Other Renewables;TWh;0;0;
Germany;DEU;2002;Country or economy;Europe;Europe;1;1;1;1;0;Electricity generation;Fuel;Solar;TWh;0,2;0,1;100
Germany;DEU;2002;Country or economy;Europe;Europe;1;1;1;1;0;Electricity generation;Fuel;Wind;TWh;15,86;5,4;51,63
Germany;DEU;2002;Country or economy;Europe;Europe;1;1;1;1;0;Electricity generation;Total;Total Generation;TWh;583,76;4,82;0,83
Germany;DEU;2003;Country or economy;Europe;Europe;1;1;1;1;0;Electricity generation;Aggregate fuel;Clean;%;35,17;;
Germany;DEU;2003;Country or economy;Europe;Europe;1;1;1;1;0;Electricity generation;Aggregate fuel;Fossil;%;64,83;;
Germany;DEU;2003;Country or economy;Europe;Europe;1;1;1;1;0;Electricity generation;Aggregate fuel;Gas and Other Fossil;%;14,23;;
Germany;DEU;2003;Country or economy;Europe;Europe;1;1;1;1;0;Electricity generation;Aggregate fuel;Hydro, Bioenergy and Other Renewables;%;4,53;;
Germany;DEU;2003;Country or economy;Europe;Europe;1;1;1;1;0;Electricity generation;Aggregate fuel;Renewables;%;7,75;;
Germany;DEU;2003;Country or economy;Europe;Europe;1;1;1;1;0;Electricity generation;Aggregate fuel;Wind and Solar;%;3,22;;
Germany;DEU;2003;Country or economy;Europe;Europe;1;1;1;1;0;Electricity generation;Aggregate fuel;Clean;TWh;211,73;2,4;1,15
Germany;DEU;2003;Country or economy;Europe;Europe;1;1;1;1;0;Electricity generation;Aggregate fuel;Fossil;TWh;390,3;15,87;4,24
Germany;DEU;2003;Country or economy;Europe;Europe;1;1;1;1;0;Electricity generation;Aggregate fuel;Gas and Other Fossil;TWh;85,67;10,84;14,49
Germany;DEU;2003;Country or economy;Europe;Europe;1;1;1;1;0;Electricity generation;Aggregate fuel;Hydro, Bioenergy and Other Renewables;TWh;27,27;-1,16;-4,08
Germany;DEU;2003;Country or economy;Europe;Europe;1;1;1;1;0;Electricity generation;Aggregate fuel;Renewables;TWh;46,67;2,18;4,9
Germany;DEU;2003;Country or economy;Europe;Europe;1;1;1;1;0;Electricity generation;Aggregate fuel;Wind and Solar;TWh;19,4;3,34;20,8
Germany;DEU;2003;Country or economy;Europe;Europe;1;1;1;1;0;Electricity generation;Fuel;Bioenergy;%;1,49;;
Germany;DEU;2003;Country or economy;Europe;Europe;1;1;1;1;0;Electricity generation;Fuel;Coal;%;50,6;;
Germany;DEU;2003;Country or economy;Europe;Europe;1;1;1;1;0;Electricity generation;Fuel;Gas;%;10,4;;
Germany;DEU;2003;Country or economy;Europe;Europe;1;1;1;1;0;Electricity generation;Fuel;Hydro;%;3,04;;
Germany;DEU;2003;Country or economy;Europe;Europe;1;1;1;1;0;Electricity generation;Fuel;Nuclear;%;27,42;;
Germany;DEU;2003;Country or economy;Europe;Europe;1;1;1;1;0;Electricity generation;Fuel;Other Fossil;%;3,83;;
Germany;DEU;2003;Country or economy;Europe;Europe;1;1;1;1;0;Electricity generation;Fuel;Other Renewables;%;0;;
Germany;DEU;2003;Country or economy;Europe;Europe;1;1;1;1;0;Electricity generation;Fuel;Solar;%;0,05;;
Germany;DEU;2003;Country or economy;Europe;Europe;1;1;1;1;0;Electricity generation;Fuel;Wind;%;3,17;;
Germany;DEU;2003;Country or economy;Europe;Europe;1;1;1;1;0;Electricity generation;Fuel;Bioenergy;TWh;8,95;3,64;68,55
Germany;DEU;2003;Country or economy;Europe;Europe;1;1;1;1;0;Electricity generation;Fuel;Coal;TWh;304,63;5,03;1,68
Germany;DEU;2003;Country or economy;Europe;Europe;1;1;1;1;0;Electricity generation;Fuel;Gas;TWh;62,59;6,29;11,17
Germany;DEU;2003;Country or economy;Europe;Europe;1;1;1;1;0;Electricity generation;Fuel;Hydro;TWh;18,32;-4,8;-20,76
Germany;DEU;2003;Country or economy;Europe;Europe;1;1;1;1;0;Electricity generation;Fuel;Nuclear;TWh;165,06;0,22;0,13
Germany;DEU;2003;Country or economy;Europe;Europe;1;1;1;1;0;Electricity generation;Fuel;Other Fossil;TWh;23,08;4,55;24,55
Germany;DEU;2003;Country or economy;Europe;Europe;1;1;1;1;0;Electricity generation;Fuel;Other Renewables;TWh;0;0;
Germany;DEU;2003;Country or economy;Europe;Europe;1;1;1;1;0;Electricity generation;Fuel;Solar;TWh;0,31;0,11;55
Germany;DEU;2003;Country or economy;Europe;Europe;1;1;1;1;0;Electricity generation;Fuel;Wind;TWh;19,09;3,23;20,37
Germany;DEU;2003;Country or economy;Europe;Europe;1;1;1;1;0;Electricity generation;Total;Total Generation;TWh;602,03;18,27;3,13
Germany;DEU;2004;Country or economy;Europe;Europe;1;1;1;1;0;Electricity generation;Aggregate fuel;Clean;%;36,92;;
Germany;DEU;2004;Country or economy;Europe;Europe;1;1;1;1;0;Electricity generation;Aggregate fuel;Fossil;%;63,08;;
Germany;DEU;2004;Country or economy;Europe;Europe;1;1;1;1;0;Electricity generation;Aggregate fuel;Gas and Other Fossil;%;14,07;;
Germany;DEU;2004;Country or economy;Europe;Europe;1;1;1;1;0;Electricity generation;Aggregate fuel;Hydro, Bioenergy and Other Renewables;%;5,15;;
Germany;DEU;2004;Country or economy;Europe;Europe;1;1;1;1;0;Electricity generation;Aggregate fuel;Renewables;%;9,51;;
Germany;DEU;2004;Country or economy;Europe;Europe;1;1;1;1;0;Electricity generation;Aggregate fuel;Wind and Solar;%;4,36;;
Germany;DEU;2004;Country or economy;Europe;Europe;1;1;1;1;0;Electricity generation;Aggregate fuel;Clean;TWh;225,04;13,31;6,29
Germany;DEU;2004;Country or economy;Europe;Europe;1;1;1;1;0;Electricity generation;Aggregate fuel;Fossil;TWh;384,56;-5,74;-1,47
Germany;DEU;2004;Country or economy;Europe;Europe;1;1;1;1;0;Electricity generation;Aggregate fuel;Gas and Other Fossil;TWh;85,79;0,12;0,14
Germany;DEU;2004;Country or economy;Europe;Europe;1;1;1;1;0;Electricity generation;Aggregate fuel;Hydro, Bioenergy and Other Renewables;TWh;31,39;4,12;15,11
Germany;DEU;2004;Country or economy;Europe;Europe;1;1;1;1;0;Electricity generation;Aggregate fuel;Renewables;TWh;57,97;11,3;24,21
Germany;DEU;2004;Country or economy;Europe;Europe;1;1;1;1;0;Electricity generation;Aggregate fuel;Wind and Solar;TWh;26,58;7,18;37,01
Germany;DEU;2004;Country or economy;Europe;Europe;1;1;1;1;0;Electricity generation;Fuel;Bioenergy;%;1,75;;
Germany;DEU;2004;Country or economy;Europe;Europe;1;1;1;1;0;Electricity generation;Fuel;Coal;%;49,01;;
Germany;DEU;2004;Country or economy;Europe;Europe;1;1;1;1;0;Electricity generation;Fuel;Gas;%;10,28;;
Germany;DEU;2004;Country or economy;Europe;Europe;1;1;1;1;0;Electricity generation;Fuel;Hydro;%;3,4;;
Germany;DEU;2004;Country or economy;Europe;Europe;1;1;1;1;0;Electricity generation;Fuel;Nuclear;%;27,41;;
Germany;DEU;2004;Country or economy;Europe;Europe;1;1;1;1;0;Electricity generation;Fuel;Other Fossil;%;3,79;;
Germany;DEU;2004;Country or economy;Europe;Europe;1;1;1;1;0;Electricity generation;Fuel;Other Renewables;%;0;;
Germany;DEU;2004;Country or economy;Europe;Europe;1;1;1;1;0;Electricity generation;Fuel;Solar;%;0,09;;
Germany;DEU;2004;Country or economy;Europe;Europe;1;1;1;1;0;Electricity generation;Fuel;Wind;%;4,27;;
Germany;DEU;2004;Country or economy;Europe;Europe;1;1;1;1;0;Electricity generation;Fuel;Bioenergy;TWh;10,64;1,69;18,88
Germany;DEU;2004;Country or economy;Europe;Europe;1;1;1;1;0;Electricity generation;Fuel;Coal;TWh;298,77;-5,86;-1,92
Germany;DEU;2004;Country or economy;Europe;Europe;1;1;1;1;0;Electricity generation;Fuel;Gas;TWh;62,67;0,08;0,13
Germany;DEU;2004;Country or economy;Europe;Europe;1;1;1;1;0;Electricity generation;Fuel;Hydro;TWh;20,75;2,43;13,26
Germany;DEU;2004;Country or economy;Europe;Europe;1;1;1;1;0;Electricity generation;Fuel;Nuclear;TWh;167,07;2,01;1,22
Germany;DEU;2004;Country or economy;Europe;Europe;1;1;1;1;0;Electricity generation;Fuel;Other Fossil;TWh;23,12;0,04;0,17
Germany;DEU;2004;Country or economy;Europe;Europe;1;1;1;1;0;Electricity generation;Fuel;Other Renewables;TWh;0;0;
Germany;DEU;2004;Country or economy;Europe;Europe;1;1;1;1;0;Electricity generation;Fuel;Solar;TWh;0,56;0,25;80,65
Germany;DEU;2004;Country or economy;Europe;Europe;1;1;1;1;0;Electricity generation;Fuel;Wind;TWh;26,02;6,93;36,3
Germany;DEU;2004;Country or economy;Europe;Europe;1;1;1;1;0;Electricity generation;Total;Total Generation;TWh;609,6;7,57;1,26
Germany;DEU;2005;Country or economy;Europe;Europe;1;1;1;1;0;Electricity generation;Aggregate fuel;Clean;%;36,92;;
Germany;DEU;2005;Country or economy;Europe;Europe;1;1;1;1;0;Electricity generation;Aggregate fuel;Fossil;%;63,08;;
Germany;DEU;2005;Country or economy;Europe;Europe;1;1;1;1;0;Electricity generation;Aggregate fuel;Gas and Other Fossil;%;16,1;;
Germany;DEU;2005;Country or economy;Europe;Europe;1;1;1;1;0;Electricity generation;Aggregate fuel;Hydro, Bioenergy and Other Renewables;%;5,6;;
Germany;DEU;2005;Country or economy;Europe;Europe;1;1;1;1;0;Electricity generation;Aggregate fuel;Renewables;%;10,34;;
Germany;DEU;2005;Country or economy;Europe;Europe;1;1;1;1;0;Electricity generation;Aggregate fuel;Wind and Solar;%;4,74;;
Germany;DEU;2005;Country or economy;Europe;Europe;1;1;1;1;0;Electricity generation;Aggregate fuel;Clean;TWh;226,48;1,44;0,64
Germany;DEU;2005;Country or economy;Europe;Europe;1;1;1;1;0;Electricity generation;Aggregate fuel;Fossil;TWh;386,86;2,3;0,6
Germany;DEU;2005;Country or economy;Europe;Europe;1;1;1;1;0;Electricity generation;Aggregate fuel;Gas and Other Fossil;TWh;98,72;12,93;15,07
Germany;DEU;2005;Country or economy;Europe;Europe;1;1;1;1;0;Electricity generation;Aggregate fuel;Hydro, Bioenergy and Other Renewables;TWh;34,35;2,96;9,43
Germany;DEU;2005;Country or economy;Europe;Europe;1;1;1;1;0;Electricity generation;Aggregate fuel;Renewables;TWh;63,43;5,46;9,42
Germany;DEU;2005;Country or economy;Europe;Europe;1;1;1;1;0;Electricity generation;Aggregate fuel;Wind and Solar;TWh;29,08;2,5;9,41
Germany;DEU;2005;Country or economy;Europe;Europe;1;1;1;1;0;Electricity generation;Fuel;Bioenergy;%;2,4;;
Germany;DEU;2005;Country or economy;Europe;Europe;1;1;1;1;0;Electricity generation;Fuel;Coal;%;46,98;;
Germany;DEU;2005;Country or economy;Europe;Europe;1;1;1;1;0;Electricity generation;Fuel;Gas;%;11,77;;
Germany;DEU;2005;Country or economy;Europe;Europe;1;1;1;1;0;Electricity generation;Fuel;Hydro;%;3,2;;
Germany;DEU;2005;Country or economy;Europe;Europe;1;1;1;1;0;Electricity generation;Fuel;Nuclear;%;26,58;;
Germany;DEU;2005;Country or economy;Europe;Europe;1;1;1;1;0;Electricity generation;Fuel;Other Fossil;%;4,33;;
Germany;DEU;2005;Country or economy;Europe;Europe;1;1;1;1;0;Electricity generation;Fuel;Other Renewables;%;0;;
Germany;DEU;2005;Country or economy;Europe;Europe;1;1;1;1;0;Electricity generation;Fuel;Solar;%;0,21;;
Germany;DEU;2005;Country or economy;Europe;Europe;1;1;1;1;0;Electricity generation;Fuel;Wind;%;4,53;;
Germany;DEU;2005;Country or economy;Europe;Europe;1;1;1;1;0;Electricity generation;Fuel;Bioenergy;TWh;14,71;4,07;38,25
Germany;DEU;2005;Country or economy;Europe;Europe;1;1;1;1;0;Electricity generation;Fuel;Coal;TWh;288,14;-10,63;-3,56
Germany;DEU;2005;Country or economy;Europe;Europe;1;1;1;1;0;Electricity generation;Fuel;Gas;TWh;72,19;9,52;15,19
Germany;DEU;2005;Country or economy;Europe;Europe;1;1;1;1;0;Electricity generation;Fuel;Hydro;TWh;19,64;-1,11;-5,35
Germany;DEU;2005;Country or economy;Europe;Europe;1;1;1;1;0;Electricity generation;Fuel;Nuclear;TWh;163,05;-4,02;-2,41
Germany;DEU;2005;Country or economy;Europe;Europe;1;1;1;1;0;Electricity generation;Fuel;Other Fossil;TWh;26,53;3,41;14,75
Germany;DEU;2005;Country or economy;Europe;Europe;1;1;1;1;0;Electricity generation;Fuel;Other Renewables;TWh;0;0;
Germany;DEU;2005;Country or economy;Europe;Europe;1;1;1;1;0;Electricity generation;Fuel;Solar;TWh;1,31;0,75;133,93
Germany;DEU;2005;Country or economy;Europe;Europe;1;1;1;1;0;Electricity generation;Fuel;Wind;TWh;27,77;1,75;6,73
Germany;DEU;2005;Country or economy;Europe;Europe;1;1;1;1;0;Electricity generation;Total;Total Generation;TWh;613,34;3,74;0,61
Germany;DEU;2006;Country or economy;Europe;Europe;1;1;1;1;0;Electricity generation;Aggregate fuel;Clean;%;38,06;;
Germany;DEU;2006;Country or economy;Europe;Europe;1;1;1;1;0;Electricity generation;Aggregate fuel;Fossil;%;61,95;;
Germany;DEU;2006;Country or economy;Europe;Europe;1;1;1;1;0;Electricity generation;Aggregate fuel;Gas and Other Fossil;%;16,1;;
Germany;DEU;2006;Country or economy;Europe;Europe;1;1;1;1;0;Electricity generation;Aggregate fuel;Hydro, Bioenergy and Other Renewables;%;6,19;;
Germany;DEU;2006;Country or economy;Europe;Europe;1;1;1;1;0;Electricity generation;Aggregate fuel;Renewables;%;11,52;;
Germany;DEU;2006;Country or economy;Europe;Europe;1;1;1;1;0;Electricity generation;Aggregate fuel;Wind and Solar;%;5,33;;
Germany;DEU;2006;Country or economy;Europe;Europe;1;1;1;1;0;Electricity generation;Aggregate fuel;Clean;TWh;239,83;13,35;5,89
Germany;DEU;2006;Country or economy;Europe;Europe;1;1;1;1;0;Electricity generation;Aggregate fuel;Fossil;TWh;390,37;3,51;0,91
Germany;DEU;2006;Country or economy;Europe;Europe;1;1;1;1;0;Electricity generation;Aggregate fuel;Gas and Other Fossil;TWh;101,44;2,72;2,76
Germany;DEU;2006;Country or economy;Europe;Europe;1;1;1;1;0;Electricity generation;Aggregate fuel;Hydro, Bioenergy and Other Renewables;TWh;38,97;4,62;13,45
Germany;DEU;2006;Country or economy;Europe;Europe;1;1;1;1;0;Electricity generation;Aggregate fuel;Renewables;TWh;72,56;9,13;14,39
Germany;DEU;2006;Country or economy;Europe;Europe;1;1;1;1;0;Electricity generation;Aggregate fuel;Wind and Solar;TWh;33,59;4,51;15,51
Germany;DEU;2006;Country or economy;Europe;Europe;1;1;1;1;0;Electricity generation;Fuel;Bioenergy;%;3,01;;
Germany;DEU;2006;Country or economy;Europe;Europe;1;1;1;1;0;Electricity generation;Fuel;Coal;%;45,85;;
Germany;DEU;2006;Country or economy;Europe;Europe;1;1;1;1;0;Electricity generation;Fuel;Gas;%;11,86;;
Germany;DEU;2006;Country or economy;Europe;Europe;1;1;1;1;0;Electricity generation;Fuel;Hydro;%;3,18;;
Germany;DEU;2006;Country or economy;Europe;Europe;1;1;1;1;0;Electricity generation;Fuel;Nuclear;%;26,54;;
Germany;DEU;2006;Country or economy;Europe;Europe;1;1;1;1;0;Electricity generation;Fuel;Other Fossil;%;4,24;;
Germany;DEU;2006;Country or economy;Europe;Europe;1;1;1;1;0;Electricity generation;Fuel;Other Renewables;%;0;;
Germany;DEU;2006;Country or economy;Europe;Europe;1;1;1;1;0;Electricity generation;Fuel;Solar;%;0,36;;
Germany;DEU;2006;Country or economy;Europe;Europe;1;1;1;1;0;Electricity generation;Fuel;Wind;%;4,97;;
Germany;DEU;2006;Country or economy;Europe;Europe;1;1;1;1;0;Electricity generation;Fuel;Bioenergy;TWh;18,94;4,23;28,76
Germany;DEU;2006;Country or economy;Europe;Europe;1;1;1;1;0;Electricity generation;Fuel;Coal;TWh;288,93;0,79;0,27
Germany;DEU;2006;Country or economy;Europe;Europe;1;1;1;1;0;Electricity generation;Fuel;Gas;TWh;74,73;2,54;3,52
Germany;DEU;2006;Country or economy;Europe;Europe;1;1;1;1;0;Electricity generation;Fuel;Hydro;TWh;20,03;0,39;1,99
Germany;DEU;2006;Country or economy;Europe;Europe;1;1;1;1;0;Electricity generation;Fuel;Nuclear;TWh;167,27;4,22;2,59
Germany;DEU;2006;Country or economy;Europe;Europe;1;1;1;1;0;Electricity generation;Fuel;Other Fossil;TWh;26,71;0,18;0,68
Germany;DEU;2006;Country or economy;Europe;Europe;1;1;1;1;0;Electricity generation;Fuel;Other Renewables;TWh;0;0;
Germany;DEU;2006;Country or economy;Europe;Europe;1;1;1;1;0;Electricity generation;Fuel;Solar;TWh;2,27;0,96;73,28
Germany;DEU;2006;Country or economy;Europe;Europe;1;1;1;1;0;Electricity generation;Fuel;Wind;TWh;31,32;3,55;12,78
Germany;DEU;2006;Country or economy;Europe;Europe;1;1;1;1;0;Electricity generation;Total;Total Generation;TWh;630,2;16,86;2,75
Germany;DEU;2007;Country or economy;Europe;Europe;1;1;1;1;0;Electricity generation;Aggregate fuel;Clean;%;36,44;;
Germany;DEU;2007;Country or economy;Europe;Europe;1;1;1;1;0;Electricity generation;Aggregate fuel;Fossil;%;63,56;;
Germany;DEU;2007;Country or economy;Europe;Europe;1;1;1;1;0;Electricity generation;Aggregate fuel;Gas and Other Fossil;%;16,48;;
Germany;DEU;2007;Country or economy;Europe;Europe;1;1;1;1;0;Electricity generation;Aggregate fuel;Hydro, Bioenergy and Other Renewables;%;7,25;;
Germany;DEU;2007;Country or economy;Europe;Europe;1;1;1;1;0;Electricity generation;Aggregate fuel;Renewables;%;14,17;;
Germany;DEU;2007;Country or economy;Europe;Europe;1;1;1;1;0;Electricity generation;Aggregate fuel;Wind and Solar;%;6,92;;
Germany;DEU;2007;Country or economy;Europe;Europe;1;1;1;1;0;Electricity generation;Aggregate fuel;Clean;TWh;229,97;-9,86;-4,11
Germany;DEU;2007;Country or economy;Europe;Europe;1;1;1;1;0;Electricity generation;Aggregate fuel;Fossil;TWh;401,13;10,76;2,76
Germany;DEU;2007;Country or economy;Europe;Europe;1;1;1;1;0;Electricity generation;Aggregate fuel;Gas and Other Fossil;TWh;104,03;2,59;2,55
Germany;DEU;2007;Country or economy;Europe;Europe;1;1;1;1;0;Electricity generation;Aggregate fuel;Hydro, Bioenergy and Other Renewables;TWh;45,79;6,82;17,5
Germany;DEU;2007;Country or economy;Europe;Europe;1;1;1;1;0;Electricity generation;Aggregate fuel;Renewables;TWh;89,44;16,88;23,26
Germany;DEU;2007;Country or economy;Europe;Europe;1;1;1;1;0;Electricity generation;Aggregate fuel;Wind and Solar;TWh;43,65;10,06;29,95
Germany;DEU;2007;Country or economy;Europe;Europe;1;1;1;1;0;Electricity generation;Fuel;Bioenergy;%;3,9;;
Germany;DEU;2007;Country or economy;Europe;Europe;1;1;1;1;0;Electricity generation;Fuel;Coal;%;47,08;;
Germany;DEU;2007;Country or economy;Europe;Europe;1;1;1;1;0;Electricity generation;Fuel;Gas;%;12,27;;
Germany;DEU;2007;Country or economy;Europe;Europe;1;1;1;1;0;Electricity generation;Fuel;Hydro;%;3,35;;
Germany;DEU;2007;Country or economy;Europe;Europe;1;1;1;1;0;Electricity generation;Fuel;Nuclear;%;22,27;;
Germany;DEU;2007;Country or economy;Europe;Europe;1;1;1;1;0;Electricity generation;Fuel;Other Fossil;%;4,21;;
Germany;DEU;2007;Country or economy;Europe;Europe;1;1;1;1;0;Electricity generation;Fuel;Other Renewables;%;0;;
Germany;DEU;2007;Country or economy;Europe;Europe;1;1;1;1;0;Electricity generation;Fuel;Solar;%;0,5;;
Germany;DEU;2007;Country or economy;Europe;Europe;1;1;1;1;0;Electricity generation;Fuel;Wind;%;6,42;;
Germany;DEU;2007;Country or economy;Europe;Europe;1;1;1;1;0;Electricity generation;Fuel;Bioenergy;TWh;24,62;5,68;29,99
Germany;DEU;2007;Country or economy;Europe;Europe;1;1;1;1;0;Electricity generation;Fuel;Coal;TWh;297,1;8,17;2,83
Germany;DEU;2007;Country or economy;Europe;Europe;1;1;1;1;0;Electricity generation;Fuel;Gas;TWh;77,45;2,72;3,64
Germany;DEU;2007;Country or economy;Europe;Europe;1;1;1;1;0;Electricity generation;Fuel;Hydro;TWh;21,17;1,14;5,69
Germany;DEU;2007;Country or economy;Europe;Europe;1;1;1;1;0;Electricity generation;Fuel;Nuclear;TWh;140,53;-26,74;-15,99
Germany;DEU;2007;Country or economy;Europe;Europe;1;1;1;1;0;Electricity generation;Fuel;Other Fossil;TWh;26,58;-0,13;-0,49
Germany;DEU;2007;Country or economy;Europe;Europe;1;1;1;1;0;Electricity generation;Fuel;Other Renewables;TWh;0;0;
Germany;DEU;2007;Country or economy;Europe;Europe;1;1;1;1;0;Electricity generation;Fuel;Solar;TWh;3,14;0,87;38,33
Germany;DEU;2007;Country or economy;Europe;Europe;1;1;1;1;0;Electricity generation;Fuel;Wind;TWh;40,51;9,19;29,34
Germany;DEU;2007;Country or economy;Europe;Europe;1;1;1;1;0;Electricity generation;Total;Total Generation;TWh;631,1;0,9;0,14
Germany;DEU;2008;Country or economy;Europe;Europe;1;1;1;1;0;Electricity generation;Aggregate fuel;Clean;%;38,39;;
Germany;DEU;2008;Country or economy;Europe;Europe;1;1;1;1;0;Electricity generation;Aggregate fuel;Fossil;%;61,59;;
Germany;DEU;2008;Country or economy;Europe;Europe;1;1;1;1;0;Electricity generation;Aggregate fuel;Gas and Other Fossil;%;18,06;;
Germany;DEU;2008;Country or economy;Europe;Europe;1;1;1;1;0;Electricity generation;Aggregate fuel;Hydro, Bioenergy and Other Renewables;%;7,66;;
Germany;DEU;2008;Country or economy;Europe;Europe;1;1;1;1;0;Electricity generation;Aggregate fuel;Renewables;%;14,91;;
Germany;DEU;2008;Country or economy;Europe;Europe;1;1;1;1;0;Electricity generation;Aggregate fuel;Wind and Solar;%;7,25;;
Germany;DEU;2008;Country or economy;Europe;Europe;1;1;1;1;0;Electricity generation;Aggregate fuel;Clean;TWh;242,86;12,89;5,61
Germany;DEU;2008;Country or economy;Europe;Europe;1;1;1;1;0;Electricity generation;Aggregate fuel;Fossil;TWh;389,43;-11,7;-2,92
Germany;DEU;2008;Country or economy;Europe;Europe;1;1;1;1;0;Electricity generation;Aggregate fuel;Gas and Other Fossil;TWh;114,22;10,19;9,8
Germany;DEU;2008;Country or economy;Europe;Europe;1;1;1;1;0;Electricity generation;Aggregate fuel;Hydro, Bioenergy and Other Renewables;TWh;48,48;2,69;5,87
Germany;DEU;2008;Country or economy;Europe;Europe;1;1;1;1;0;Electricity generation;Aggregate fuel;Renewables;TWh;94,37;4,93;5,51
Germany;DEU;2008;Country or economy;Europe;Europe;1;1;1;1;0;Electricity generation;Aggregate fuel;Wind and Solar;TWh;45,89;2,24;5,13
Germany;DEU;2008;Country or economy;Europe;Europe;1;1;1;1;0;Electricity generation;Fuel;Bioenergy;%;4,43;;
Germany;DEU;2008;Country or economy;Europe;Europe;1;1;1;1;0;Electricity generation;Fuel;Coal;%;43,53;;
Germany;DEU;2008;Country or economy;Europe;Europe;1;1;1;1;0;Electricity generation;Fuel;Gas;%;13,99;;
Germany;DEU;2008;Country or economy;Europe;Europe;1;1;1;1;0;Electricity generation;Fuel;Hydro;%;3,23;;
Germany;DEU;2008;Country or economy;Europe;Europe;1;1;1;1;0;Electricity generation;Fuel;Nuclear;%;23,48;;
Germany;DEU;2008;Country or economy;Europe;Europe;1;1;1;1;0;Electricity generation;Fuel;Other Fossil;%;4,07;;
Germany;DEU;2008;Country or economy;Europe;Europe;1;1;1;1;0;Electricity generation;Fuel;Other Renewables;%;0;;
Germany;DEU;2008;Country or economy;Europe;Europe;1;1;1;1;0;Electricity generation;Fuel;Solar;%;0,71;;
Germany;DEU;2008;Country or economy;Europe;Europe;1;1;1;1;0;Electricity generation;Fuel;Wind;%;6,54;;
Germany;DEU;2008;Country or economy;Europe;Europe;1;1;1;1;0;Electricity generation;Fuel;Bioenergy;TWh;28,02;3,4;13,81
Germany;DEU;2008;Country or economy;Europe;Europe;1;1;1;1;0;Electricity generation;Fuel;Coal;TWh;275,21;-21,89;-7,37
Germany;DEU;2008;Country or economy;Europe;Europe;1;1;1;1;0;Electricity generation;Fuel;Gas;TWh;88,48;11,03;14,24
Germany;DEU;2008;Country or economy;Europe;Europe;1;1;1;1;0;Electricity generation;Fuel;Hydro;TWh;20,44;-0,73;-3,45
Germany;DEU;2008;Country or economy;Europe;Europe;1;1;1;1;0;Electricity generation;Fuel;Nuclear;TWh;148,49;7,96;5,66
Germany;DEU;2008;Country or economy;Europe;Europe;1;1;1;1;0;Electricity generation;Fuel;Other Fossil;TWh;25,74;-0,84;-3,16
Germany;DEU;2008;Country or economy;Europe;Europe;1;1;1;1;0;Electricity generation;Fuel;Other Renewables;TWh;0,02;0,02;
Germany;DEU;2008;Country or economy;Europe;Europe;1;1;1;1;0;Electricity generation;Fuel;Solar;TWh;4,51;1,37;43,63
Germany;DEU;2008;Country or economy;Europe;Europe;1;1;1;1;0;Electricity generation;Fuel;Wind;TWh;41,38;0,87;2,15
Germany;DEU;2008;Country or economy;Europe;Europe;1;1;1;1;0;Electricity generation;Total;Total Generation;TWh;632,29;1,19;0,19
Germany;DEU;2009;Country or economy;Europe;Europe;1;1;1;1;0;Electricity generation;Aggregate fuel;Clean;%;39,28;;
Germany;DEU;2009;Country or economy;Europe;Europe;1;1;1;1;0;Electricity generation;Aggregate fuel;Fossil;%;60,71;;
Germany;DEU;2009;Country or economy;Europe;Europe;1;1;1;1;0;Electricity generation;Aggregate fuel;Gas and Other Fossil;%;17,6;;
Germany;DEU;2009;Country or economy;Europe;Europe;1;1;1;1;0;Electricity generation;Aggregate fuel;Hydro, Bioenergy and Other Renewables;%;8,49;;
Germany;DEU;2009;Country or economy;Europe;Europe;1;1;1;1;0;Electricity generation;Aggregate fuel;Renewables;%;16,33;;
Germany;DEU;2009;Country or economy;Europe;Europe;1;1;1;1;0;Electricity generation;Aggregate fuel;Wind and Solar;%;7,84;;
Germany;DEU;2009;Country or economy;Europe;Europe;1;1;1;1;0;Electricity generation;Aggregate fuel;Clean;TWh;231,01;-11,85;-4,88
Germany;DEU;2009;Country or economy;Europe;Europe;1;1;1;1;0;Electricity generation;Aggregate fuel;Fossil;TWh;356,95;-32,48;-8,34
Germany;DEU;2009;Country or economy;Europe;Europe;1;1;1;1;0;Electricity generation;Aggregate fuel;Gas and Other Fossil;TWh;103,5;-10,72;-9,39
Germany;DEU;2009;Country or economy;Europe;Europe;1;1;1;1;0;Electricity generation;Aggregate fuel;Hydro, Bioenergy and Other Renewables;TWh;49,94;1,46;3,01
Germany;DEU;2009;Country or economy;Europe;Europe;1;1;1;1;0;Electricity generation;Aggregate fuel;Renewables;TWh;96,08;1,71;1,81
Germany;DEU;2009;Country or economy;Europe;Europe;1;1;1;1;0;Electricity generation;Aggregate fuel;Wind and Solar;TWh;46,14;0,25;0,54
Germany;DEU;2009;Country or economy;Europe;Europe;1;1;1;1;0;Electricity generation;Fuel;Bioenergy;%;5,25;;
Germany;DEU;2009;Country or economy;Europe;Europe;1;1;1;1;0;Electricity generation;Fuel;Coal;%;43,11;;
Germany;DEU;2009;Country or economy;Europe;Europe;1;1;1;1;0;Electricity generation;Fuel;Gas;%;13,65;;
Germany;DEU;2009;Country or economy;Europe;Europe;1;1;1;1;0;Electricity generation;Fuel;Hydro;%;3,24;;
Germany;DEU;2009;Country or economy;Europe;Europe;1;1;1;1;0;Electricity generation;Fuel;Nuclear;%;22,95;;
Germany;DEU;2009;Country or economy;Europe;Europe;1;1;1;1;0;Electricity generation;Fuel;Other Fossil;%;3,95;;
Germany;DEU;2009;Country or economy;Europe;Europe;1;1;1;1;0;Electricity generation;Fuel;Other Renewables;%;0;;
Germany;DEU;2009;Country or economy;Europe;Europe;1;1;1;1;0;Electricity generation;Fuel;Solar;%;1,14;;
Germany;DEU;2009;Country or economy;Europe;Europe;1;1;1;1;0;Electricity generation;Fuel;Wind;%;6,7;;
Germany;DEU;2009;Country or economy;Europe;Europe;1;1;1;1;0;Electricity generation;Fuel;Bioenergy;TWh;30,89;2,87;10,24
Germany;DEU;2009;Country or economy;Europe;Europe;1;1;1;1;0;Electricity generation;Fuel;Coal;TWh;253,45;-21,76;-7,91
Germany;DEU;2009;Country or economy;Europe;Europe;1;1;1;1;0;Electricity generation;Fuel;Gas;TWh;80,27;-8,21;-9,28
Germany;DEU;2009;Country or economy;Europe;Europe;1;1;1;1;0;Electricity generation;Fuel;Hydro;TWh;19,03;-1,41;-6,9
Germany;DEU;2009;Country or economy;Europe;Europe;1;1;1;1;0;Electricity generation;Fuel;Nuclear;TWh;134,93;-13,56;-9,13
Germany;DEU;2009;Country or economy;Europe;Europe;1;1;1;1;0;Electricity generation;Fuel;Other Fossil;TWh;23,23;-2,51;-9,75
Germany;DEU;2009;Country or economy;Europe;Europe;1;1;1;1;0;Electricity generation;Fuel;Other Renewables;TWh;0,02;0;0
Germany;DEU;2009;Country or economy;Europe;Europe;1;1;1;1;0;Electricity generation;Fuel;Solar;TWh;6,72;2,21;49
Germany;DEU;2009;Country or economy;Europe;Europe;1;1;1;1;0;Electricity generation;Fuel;Wind;TWh;39,42;-1,96;-4,74
Germany;DEU;2009;Country or economy;Europe;Europe;1;1;1;1;0;Electricity generation;Total;Total Generation;TWh;587,96;-44,33;-7,01
Germany;DEU;2010;Country or economy;Europe;Europe;1;1;1;1;0;Electricity generation;Aggregate fuel;Clean;%;39,41;;
Germany;DEU;2010;Country or economy;Europe;Europe;1;1;1;1;0;Electricity generation;Aggregate fuel;Fossil;%;60,6;;
Germany;DEU;2010;Country or economy;Europe;Europe;1;1;1;1;0;Electricity generation;Aggregate fuel;Gas and Other Fossil;%;18,48;;
Germany;DEU;2010;Country or economy;Europe;Europe;1;1;1;1;0;Electricity generation;Aggregate fuel;Hydro, Bioenergy and Other Renewables;%;8,79;;
Germany;DEU;2010;Country or economy;Europe;Europe;1;1;1;1;0;Electricity generation;Aggregate fuel;Renewables;%;16,89;;
Germany;DEU;2010;Country or economy;Europe;Europe;1;1;1;1;0;Electricity generation;Aggregate fuel;Wind and Solar;%;8,1;;
Germany;DEU;2010;Country or economy;Europe;Europe;1;1;1;1;0;Electricity generation;Aggregate fuel;Clean;TWh;245,97;14,96;6,48
Germany;DEU;2010;Country or economy;Europe;Europe;1;1;1;1;0;Electricity generation;Aggregate fuel;Fossil;TWh;378,24;21,29;5,96
Germany;DEU;2010;Country or economy;Europe;Europe;1;1;1;1;0;Electricity generation;Aggregate fuel;Gas and Other Fossil;TWh;115,35;11,85;11,45
Germany;DEU;2010;Country or economy;Europe;Europe;1;1;1;1;0;Electricity generation;Aggregate fuel;Hydro, Bioenergy and Other Renewables;TWh;54,9;4,96;9,93
Germany;DEU;2010;Country or economy;Europe;Europe;1;1;1;1;0;Electricity generation;Aggregate fuel;Renewables;TWh;105,41;9,33;9,71
Germany;DEU;2010;Country or economy;Europe;Europe;1;1;1;1;0;Electricity generation;Aggregate fuel;Wind and Solar;TWh;50,51;4,37;9,47
Germany;DEU;2010;Country or economy;Europe;Europe;1;1;1;1;0;Electricity generation;Fuel;Bioenergy;%;5,43;;
Germany;DEU;2010;Country or economy;Europe;Europe;1;1;1;1;0;Electricity generation;Fuel;Coal;%;42,12;;
Germany;DEU;2010;Country or economy;Europe;Europe;1;1;1;1;0;Electricity generation;Fuel;Gas;%;14,22;;
Germany;DEU;2010;Country or economy;Europe;Europe;1;1;1;1;0;Electricity generation;Fuel;Hydro;%;3,36;;
Germany;DEU;2010;Country or economy;Europe;Europe;1;1;1;1;0;Electricity generation;Fuel;Nuclear;%;22,52;;
Germany;DEU;2010;Country or economy;Europe;Europe;1;1;1;1;0;Electricity generation;Fuel;Other Fossil;%;4,26;;
Germany;DEU;2010;Country or economy;Europe;Europe;1;1;1;1;0;Electricity generation;Fuel;Other Renewables;%;0;;
Germany;DEU;2010;Country or economy;Europe;Europe;1;1;1;1;0;Electricity generation;Fuel;Solar;%;1,92;;
Germany;DEU;2010;Country or economy;Europe;Europe;1;1;1;1;0;Electricity generation;Fuel;Wind;%;6,18;;
Germany;DEU;2010;Country or economy;Europe;Europe;1;1;1;1;0;Electricity generation;Fuel;Bioenergy;TWh;33,92;3,03;9,81
Germany;DEU;2010;Country or economy;Europe;Europe;1;1;1;1;0;Electricity generation;Fuel;Coal;TWh;262,89;9,44;3,72
Germany;DEU;2010;Country or economy;Europe;Europe;1;1;1;1;0;Electricity generation;Fuel;Gas;TWh;88,76;8,49;10,58
Germany;DEU;2010;Country or economy;Europe;Europe;1;1;1;1;0;Electricity generation;Fuel;Hydro;TWh;20,95;1,92;10,09
Germany;DEU;2010;Country or economy;Europe;Europe;1;1;1;1;0;Electricity generation;Fuel;Nuclear;TWh;140,56;5,63;4,17
Germany;DEU;2010;Country or economy;Europe;Europe;1;1;1;1;0;Electricity generation;Fuel;Other Fossil;TWh;26,59;3,36;14,46
Germany;DEU;2010;Country or economy;Europe;Europe;1;1;1;1;0;Electricity generation;Fuel;Other Renewables;TWh;0,03;0,01;50
Germany;DEU;2010;Country or economy;Europe;Europe;1;1;1;1;0;Electricity generation;Fuel;Solar;TWh;11,96;5,24;77,98
Germany;DEU;2010;Country or economy;Europe;Europe;1;1;1;1;0;Electricity generation;Fuel;Wind;TWh;38,55;-0,87;-2,21
Germany;DEU;2010;Country or economy;Europe;Europe;1;1;1;1;0;Electricity generation;Total;Total Generation;TWh;624,21;36,25;6,17
Germany;DEU;2011;Country or economy;Europe;Europe;1;1;1;1;0;Electricity generation;Aggregate fuel;Clean;%;38,41;;
Germany;DEU;2011;Country or economy;Europe;Europe;1;1;1;1;0;Electricity generation;Aggregate fuel;Fossil;%;61,58;;
Germany;DEU;2011;Country or economy;Europe;Europe;1;1;1;1;0;Electricity generation;Aggregate fuel;Gas and Other Fossil;%;18,2;;
Germany;DEU;2011;Country or economy;Europe;Europe;1;1;1;1;0;Electricity generation;Aggregate fuel;Hydro, Bioenergy and Other Renewables;%;9,02;;
Germany;DEU;2011;Country or economy;Europe;Europe;1;1;1;1;0;Electricity generation;Aggregate fuel;Renewables;%;20,56;;
Germany;DEU;2011;Country or economy;Europe;Europe;1;1;1;1;0;Electricity generation;Aggregate fuel;Wind and Solar;%;11,54;;
Germany;DEU;2011;Country or economy;Europe;Europe;1;1;1;1;0;Electricity generation;Aggregate fuel;Clean;TWh;232,4;-13,57;-5,52
Germany;DEU;2011;Country or economy;Europe;Europe;1;1;1;1;0;Electricity generation;Aggregate fuel;Fossil;TWh;372,6;-5,64;-1,49
Germany;DEU;2011;Country or economy;Europe;Europe;1;1;1;1;0;Electricity generation;Aggregate fuel;Gas and Other Fossil;TWh;110,14;-5,21;-4,52
Germany;DEU;2011;Country or economy;Europe;Europe;1;1;1;1;0;Electricity generation;Aggregate fuel;Hydro, Bioenergy and Other Renewables;TWh;54,58;-0,32;-0,58
Germany;DEU;2011;Country or economy;Europe;Europe;1;1;1;1;0;Electricity generation;Aggregate fuel;Renewables;TWh;124,43;19,02;18,04
Germany;DEU;2011;Country or economy;Europe;Europe;1;1;1;1;0;Electricity generation;Aggregate fuel;Wind and Solar;TWh;69,85;19,34;38,29
Germany;DEU;2011;Country or economy;Europe;Europe;1;1;1;1;0;Electricity generation;Fuel;Bioenergy;%;6,1;;
Germany;DEU;2011;Country or economy;Europe;Europe;1;1;1;1;0;Electricity generation;Fuel;Coal;%;43,38;;
Germany;DEU;2011;Country or economy;Europe;Europe;1;1;1;1;0;Electricity generation;Fuel;Gas;%;14,16;;
Germany;DEU;2011;Country or economy;Europe;Europe;1;1;1;1;0;Electricity generation;Fuel;Hydro;%;2,92;;
Germany;DEU;2011;Country or economy;Europe;Europe;1;1;1;1;0;Electricity generation;Fuel;Nuclear;%;17,85;;
Germany;DEU;2011;Country or economy;Europe;Europe;1;1;1;1;0;Electricity generation;Fuel;Other Fossil;%;4,04;;
Germany;DEU;2011;Country or economy;Europe;Europe;1;1;1;1;0;Electricity generation;Fuel;Other Renewables;%;0;;
Germany;DEU;2011;Country or economy;Europe;Europe;1;1;1;1;0;Electricity generation;Fuel;Solar;%;3,3;;
Germany;DEU;2011;Country or economy;Europe;Europe;1;1;1;1;0;Electricity generation;Fuel;Wind;%;8,24;;
Germany;DEU;2011;Country or economy;Europe;Europe;1;1;1;1;0;Electricity generation;Fuel;Bioenergy;TWh;36,89;2,97;8,76
Germany;DEU;2011;Country or economy;Europe;Europe;1;1;1;1;0;Electricity generation;Fuel;Coal;TWh;262,46;-0,43;-0,16
Germany;DEU;2011;Country or economy;Europe;Europe;1;1;1;1;0;Electricity generation;Fuel;Gas;TWh;85,67;-3,09;-3,48
Germany;DEU;2011;Country or economy;Europe;Europe;1;1;1;1;0;Electricity generation;Fuel;Hydro;TWh;17,67;-3,28;-15,66
Germany;DEU;2011;Country or economy;Europe;Europe;1;1;1;1;0;Electricity generation;Fuel;Nuclear;TWh;107,97;-32,59;-23,19
Germany;DEU;2011;Country or economy;Europe;Europe;1;1;1;1;0;Electricity generation;Fuel;Other Fossil;TWh;24,47;-2,12;-7,97
Germany;DEU;2011;Country or economy;Europe;Europe;1;1;1;1;0;Electricity generation;Fuel;Other Renewables;TWh;0,02;-0,01;-33,33
Germany;DEU;2011;Country or economy;Europe;Europe;1;1;1;1;0;Electricity generation;Fuel;Solar;TWh;19,99;8,03;67,14
Germany;DEU;2011;Country or economy;Europe;Europe;1;1;1;1;0;Electricity generation;Fuel;Wind;TWh;49,86;11,31;29,34
Germany;DEU;2011;Country or economy;Europe;Europe;1;1;1;1;0;Electricity generation;Total;Total Generation;TWh;605;-19,21;-3,08
Germany;DEU;2012;Country or economy;Europe;Europe;1;1;1;1;0;Electricity generation;Aggregate fuel;Clean;%;39,18;;
Germany;DEU;2012;Country or economy;Europe;Europe;1;1;1;1;0;Electricity generation;Aggregate fuel;Fossil;%;60,82;;
Germany;DEU;2012;Country or economy;Europe;Europe;1;1;1;1;0;Electricity generation;Aggregate fuel;Gas and Other Fossil;%;16,25;;
Germany;DEU;2012;Country or economy;Europe;Europe;1;1;1;1;0;Electricity generation;Aggregate fuel;Hydro, Bioenergy and Other Renewables;%;10,48;;
Germany;DEU;2012;Country or economy;Europe;Europe;1;1;1;1;0;Electricity generation;Aggregate fuel;Renewables;%;23,13;;
Germany;DEU;2012;Country or economy;Europe;Europe;1;1;1;1;0;Electricity generation;Aggregate fuel;Wind and Solar;%;12,65;;
Germany;DEU;2012;Country or economy;Europe;Europe;1;1;1;1;0;Electricity generation;Aggregate fuel;Clean;TWh;242,86;10,46;4,5
Germany;DEU;2012;Country or economy;Europe;Europe;1;1;1;1;0;Electricity generation;Aggregate fuel;Fossil;TWh;376,95;4,35;1,17
Germany;DEU;2012;Country or economy;Europe;Europe;1;1;1;1;0;Electricity generation;Aggregate fuel;Gas and Other Fossil;TWh;100,72;-9,42;-8,55
Germany;DEU;2012;Country or economy;Europe;Europe;1;1;1;1;0;Electricity generation;Aggregate fuel;Hydro, Bioenergy and Other Renewables;TWh;64,98;10,4;19,05
Germany;DEU;2012;Country or economy;Europe;Europe;1;1;1;1;0;Electricity generation;Aggregate fuel;Renewables;TWh;143,4;18,97;15,25
Germany;DEU;2012;Country or economy;Europe;Europe;1;1;1;1;0;Electricity generation;Aggregate fuel;Wind and Solar;TWh;78,42;8,57;12,27
Germany;DEU;2012;Country or economy;Europe;Europe;1;1;1;1;0;Electricity generation;Fuel;Bioenergy;%;6,97;;
Germany;DEU;2012;Country or economy;Europe;Europe;1;1;1;1;0;Electricity generation;Fuel;Coal;%;44,57;;
Germany;DEU;2012;Country or economy;Europe;Europe;1;1;1;1;0;Electricity generation;Fuel;Gas;%;12,25;;
Germany;DEU;2012;Country or economy;Europe;Europe;1;1;1;1;0;Electricity generation;Fuel;Hydro;%;3,51;;
Germany;DEU;2012;Country or economy;Europe;Europe;1;1;1;1;0;Electricity generation;Fuel;Nuclear;%;16,05;;
Germany;DEU;2012;Country or economy;Europe;Europe;1;1;1;1;0;Electricity generation;Fuel;Other Fossil;%;4;;
Germany;DEU;2012;Country or economy;Europe;Europe;1;1;1;1;0;Electricity generation;Fuel;Other Renewables;%;0;;
Germany;DEU;2012;Country or economy;Europe;Europe;1;1;1;1;0;Electricity generation;Fuel;Solar;%;4,31;;
Germany;DEU;2012;Country or economy;Europe;Europe;1;1;1;1;0;Electricity generation;Fuel;Wind;%;8,34;;
Germany;DEU;2012;Country or economy;Europe;Europe;1;1;1;1;0;Electricity generation;Fuel;Bioenergy;TWh;43,2;6,31;17,1
Germany;DEU;2012;Country or economy;Europe;Europe;1;1;1;1;0;Electricity generation;Fuel;Coal;TWh;276,23;13,77;5,25
Germany;DEU;2012;Country or economy;Europe;Europe;1;1;1;1;0;Electricity generation;Fuel;Gas;TWh;75,95;-9,72;-11,35
Germany;DEU;2012;Country or economy;Europe;Europe;1;1;1;1;0;Electricity generation;Fuel;Hydro;TWh;21,75;4,08;23,09
Germany;DEU;2012;Country or economy;Europe;Europe;1;1;1;1;0;Electricity generation;Fuel;Nuclear;TWh;99,46;-8,51;-7,88
Germany;DEU;2012;Country or economy;Europe;Europe;1;1;1;1;0;Electricity generation;Fuel;Other Fossil;TWh;24,77;0,3;1,23
Germany;DEU;2012;Country or economy;Europe;Europe;1;1;1;1;0;Electricity generation;Fuel;Other Renewables;TWh;0,03;0,01;50
Germany;DEU;2012;Country or economy;Europe;Europe;1;1;1;1;0;Electricity generation;Fuel;Solar;TWh;26,74;6,75;33,77
Germany;DEU;2012;Country or economy;Europe;Europe;1;1;1;1;0;Electricity generation;Fuel;Wind;TWh;51,68;1,82;3,65
Germany;DEU;2012;Country or economy;Europe;Europe;1;1;1;1;0;Electricity generation;Total;Total Generation;TWh;619,81;14,81;2,45
Germany;DEU;2013;Country or economy;Europe;Europe;1;1;1;1;0;Electricity generation;Aggregate fuel;Clean;%;39,58;;
Germany;DEU;2013;Country or economy;Europe;Europe;1;1;1;1;0;Electricity generation;Aggregate fuel;Fossil;%;60,42;;
Germany;DEU;2013;Country or economy;Europe;Europe;1;1;1;1;0;Electricity generation;Aggregate fuel;Gas and Other Fossil;%;14,65;;
Germany;DEU;2013;Country or economy;Europe;Europe;1;1;1;1;0;Electricity generation;Aggregate fuel;Hydro, Bioenergy and Other Renewables;%;10,89;;
Germany;DEU;2013;Country or economy;Europe;Europe;1;1;1;1;0;Electricity generation;Aggregate fuel;Renewables;%;24,13;;
Germany;DEU;2013;Country or economy;Europe;Europe;1;1;1;1;0;Electricity generation;Aggregate fuel;Wind and Solar;%;13,24;;
Germany;DEU;2013;Country or economy;Europe;Europe;1;1;1;1;0;Electricity generation;Aggregate fuel;Clean;TWh;249,24;6,38;2,63
Germany;DEU;2013;Country or economy;Europe;Europe;1;1;1;1;0;Electricity generation;Aggregate fuel;Fossil;TWh;380,45;3,5;0,93
Germany;DEU;2013;Country or economy;Europe;Europe;1;1;1;1;0;Electricity generation;Aggregate fuel;Gas and Other Fossil;TWh;92,25;-8,47;-8,41
Germany;DEU;2013;Country or economy;Europe;Europe;1;1;1;1;0;Electricity generation;Aggregate fuel;Hydro, Bioenergy and Other Renewables;TWh;68,59;3,61;5,56
Germany;DEU;2013;Country or economy;Europe;Europe;1;1;1;1;0;Electricity generation;Aggregate fuel;Renewables;TWh;151,95;8,55;5,96
Germany;DEU;2013;Country or economy;Europe;Europe;1;1;1;1;0;Electricity generation;Aggregate fuel;Wind and Solar;TWh;83,36;4,94;6,3
Germany;DEU;2013;Country or economy;Europe;Europe;1;1;1;1;0;Electricity generation;Fuel;Bioenergy;%;7,23;;
Germany;DEU;2013;Country or economy;Europe;Europe;1;1;1;1;0;Electricity generation;Fuel;Coal;%;45,77;;
Germany;DEU;2013;Country or economy;Europe;Europe;1;1;1;1;0;Electricity generation;Fuel;Gas;%;10,64;;
Germany;DEU;2013;Country or economy;Europe;Europe;1;1;1;1;0;Electricity generation;Fuel;Hydro;%;3,65;;
Germany;DEU;2013;Country or economy;Europe;Europe;1;1;1;1;0;Electricity generation;Fuel;Nuclear;%;15,45;;
Germany;DEU;2013;Country or economy;Europe;Europe;1;1;1;1;0;Electricity generation;Fuel;Other Fossil;%;4,01;;
Germany;DEU;2013;Country or economy;Europe;Europe;1;1;1;1;0;Electricity generation;Fuel;Other Renewables;%;0,01;;
Germany;DEU;2013;Country or economy;Europe;Europe;1;1;1;1;0;Electricity generation;Fuel;Solar;%;4,86;;
Germany;DEU;2013;Country or economy;Europe;Europe;1;1;1;1;0;Electricity generation;Fuel;Wind;%;8,38;;
Germany;DEU;2013;Country or economy;Europe;Europe;1;1;1;1;0;Electricity generation;Fuel;Bioenergy;TWh;45,51;2,31;5,35
Germany;DEU;2013;Country or economy;Europe;Europe;1;1;1;1;0;Electricity generation;Fuel;Coal;TWh;288,2;11,97;4,33
Germany;DEU;2013;Country or economy;Europe;Europe;1;1;1;1;0;Electricity generation;Fuel;Gas;TWh;67;-8,95;-11,78
Germany;DEU;2013;Country or economy;Europe;Europe;1;1;1;1;0;Electricity generation;Fuel;Hydro;TWh;23;1,25;5,75
Germany;DEU;2013;Country or economy;Europe;Europe;1;1;1;1;0;Electricity generation;Fuel;Nuclear;TWh;97,29;-2,17;-2,18
Germany;DEU;2013;Country or economy;Europe;Europe;1;1;1;1;0;Electricity generation;Fuel;Other Fossil;TWh;25,25;0,48;1,94
Germany;DEU;2013;Country or economy;Europe;Europe;1;1;1;1;0;Electricity generation;Fuel;Other Renewables;TWh;0,08;0,05;166,67
Germany;DEU;2013;Country or economy;Europe;Europe;1;1;1;1;0;Electricity generation;Fuel;Solar;TWh;30,62;3,88;14,51
Germany;DEU;2013;Country or economy;Europe;Europe;1;1;1;1;0;Electricity generation;Fuel;Wind;TWh;52,74;1,06;2,05
Germany;DEU;2013;Country or economy;Europe;Europe;1;1;1;1;0;Electricity generation;Total;Total Generation;TWh;629,69;9,88;1,59
Germany;DEU;2014;Country or economy;Europe;Europe;1;1;1;1;0;Electricity generation;Aggregate fuel;Clean;%;41,87;;
Germany;DEU;2014;Country or economy;Europe;Europe;1;1;1;1;0;Electricity generation;Aggregate fuel;Fossil;%;58,14;;
Germany;DEU;2014;Country or economy;Europe;Europe;1;1;1;1;0;Electricity generation;Aggregate fuel;Gas and Other Fossil;%;13,79;;
Germany;DEU;2014;Country or economy;Europe;Europe;1;1;1;1;0;Electricity generation;Aggregate fuel;Hydro, Bioenergy and Other Renewables;%;10,99;;
Germany;DEU;2014;Country or economy;Europe;Europe;1;1;1;1;0;Electricity generation;Aggregate fuel;Renewables;%;26,17;;
Germany;DEU;2014;Country or economy;Europe;Europe;1;1;1;1;0;Electricity generation;Aggregate fuel;Wind and Solar;%;15,18;;
Germany;DEU;2014;Country or economy;Europe;Europe;1;1;1;1;0;Electricity generation;Aggregate fuel;Clean;TWh;259,06;9,82;3,94
Germany;DEU;2014;Country or economy;Europe;Europe;1;1;1;1;0;Electricity generation;Aggregate fuel;Fossil;TWh;359,69;-20,76;-5,46
Germany;DEU;2014;Country or economy;Europe;Europe;1;1;1;1;0;Electricity generation;Aggregate fuel;Gas and Other Fossil;TWh;85,28;-6,97;-7,56
Germany;DEU;2014;Country or economy;Europe;Europe;1;1;1;1;0;Electricity generation;Aggregate fuel;Hydro, Bioenergy and Other Renewables;TWh;67,98;-0,61;-0,89
Germany;DEU;2014;Country or economy;Europe;Europe;1;1;1;1;0;Electricity generation;Aggregate fuel;Renewables;TWh;161,93;9,98;6,57
Germany;DEU;2014;Country or economy;Europe;Europe;1;1;1;1;0;Electricity generation;Aggregate fuel;Wind and Solar;TWh;93,95;10,59;12,7
Germany;DEU;2014;Country or economy;Europe;Europe;1;1;1;1;0;Electricity generation;Fuel;Bioenergy;%;7,8;;
Germany;DEU;2014;Country or economy;Europe;Europe;1;1;1;1;0;Electricity generation;Fuel;Coal;%;44,35;;
Germany;DEU;2014;Country or economy;Europe;Europe;1;1;1;1;0;Electricity generation;Fuel;Gas;%;9,8;;
Germany;DEU;2014;Country or economy;Europe;Europe;1;1;1;1;0;Electricity generation;Fuel;Hydro;%;3,17;;
Germany;DEU;2014;Country or economy;Europe;Europe;1;1;1;1;0;Electricity generation;Fuel;Nuclear;%;15,7;;
Germany;DEU;2014;Country or economy;Europe;Europe;1;1;1;1;0;Electricity generation;Fuel;Other Fossil;%;3,99;;
Germany;DEU;2014;Country or economy;Europe;Europe;1;1;1;1;0;Electricity generation;Fuel;Other Renewables;%;0,02;;
Germany;DEU;2014;Country or economy;Europe;Europe;1;1;1;1;0;Electricity generation;Fuel;Solar;%;5,73;;
Germany;DEU;2014;Country or economy;Europe;Europe;1;1;1;1;0;Electricity generation;Fuel;Wind;%;9,45;;
Germany;DEU;2014;Country or economy;Europe;Europe;1;1;1;1;0;Electricity generation;Fuel;Bioenergy;TWh;48,29;2,78;6,11
Germany;DEU;2014;Country or economy;Europe;Europe;1;1;1;1;0;Electricity generation;Fuel;Coal;TWh;274,41;-13,79;-4,78
Germany;DEU;2014;Country or economy;Europe;Europe;1;1;1;1;0;Electricity generation;Fuel;Gas;TWh;60,61;-6,39;-9,54
Germany;DEU;2014;Country or economy;Europe;Europe;1;1;1;1;0;Electricity generation;Fuel;Hydro;TWh;19,59;-3,41;-14,83
Germany;DEU;2014;Country or economy;Europe;Europe;1;1;1;1;0;Electricity generation;Fuel;Nuclear;TWh;97,13;-0,16;-0,16
Germany;DEU;2014;Country or economy;Europe;Europe;1;1;1;1;0;Electricity generation;Fuel;Other Fossil;TWh;24,67;-0,58;-2,3
Germany;DEU;2014;Country or economy;Europe;Europe;1;1;1;1;0;Electricity generation;Fuel;Other Renewables;TWh;0,1;0,02;25
Germany;DEU;2014;Country or economy;Europe;Europe;1;1;1;1;0;Electricity generation;Fuel;Solar;TWh;35,45;4,83;15,77
Germany;DEU;2014;Country or economy;Europe;Europe;1;1;1;1;0;Electricity generation;Fuel;Wind;TWh;58,5;5,76;10,92
Germany;DEU;2014;Country or economy;Europe;Europe;1;1;1;1;0;Electricity generation;Total;Total Generation;TWh;618,75;-10,94;-1,74
Germany;DEU;2015;Country or economy;Europe;Europe;1;1;1;1;0;Electricity generation;Aggregate fuel;Clean;%;43,79;;
Germany;DEU;2015;Country or economy;Europe;Europe;1;1;1;1;0;Electricity generation;Aggregate fuel;Fossil;%;56,21;;
Germany;DEU;2015;Country or economy;Europe;Europe;1;1;1;1;0;Electricity generation;Aggregate fuel;Gas and Other Fossil;%;13,62;;
Germany;DEU;2015;Country or economy;Europe;Europe;1;1;1;1;0;Electricity generation;Aggregate fuel;Hydro, Bioenergy and Other Renewables;%;10,86;;
Germany;DEU;2015;Country or economy;Europe;Europe;1;1;1;1;0;Electricity generation;Aggregate fuel;Renewables;%;29,43;;
Germany;DEU;2015;Country or economy;Europe;Europe;1;1;1;1;0;Electricity generation;Aggregate fuel;Wind and Solar;%;18,57;;
Germany;DEU;2015;Country or economy;Europe;Europe;1;1;1;1;0;Electricity generation;Aggregate fuel;Clean;TWh;279,93;20,87;8,06
Germany;DEU;2015;Country or economy;Europe;Europe;1;1;1;1;0;Electricity generation;Aggregate fuel;Fossil;TWh;359,24;-0,45;-0,13
Germany;DEU;2015;Country or economy;Europe;Europe;1;1;1;1;0;Electricity generation;Aggregate fuel;Gas and Other Fossil;TWh;87,04;1,76;2,06
Germany;DEU;2015;Country or economy;Europe;Europe;1;1;1;1;0;Electricity generation;Aggregate fuel;Hydro, Bioenergy and Other Renewables;TWh;69,44;1,46;2,15
Germany;DEU;2015;Country or economy;Europe;Europe;1;1;1;1;0;Electricity generation;Aggregate fuel;Renewables;TWh;188,14;26,21;16,19
Germany;DEU;2015;Country or economy;Europe;Europe;1;1;1;1;0;Electricity generation;Aggregate fuel;Wind and Solar;TWh;118,7;24,75;26,34
Germany;DEU;2015;Country or economy;Europe;Europe;1;1;1;1;0;Electricity generation;Fuel;Bioenergy;%;7,87;;
Germany;DEU;2015;Country or economy;Europe;Europe;1;1;1;1;0;Electricity generation;Fuel;Coal;%;42,59;;
Germany;DEU;2015;Country or economy;Europe;Europe;1;1;1;1;0;Electricity generation;Fuel;Gas;%;9,62;;
Germany;DEU;2015;Country or economy;Europe;Europe;1;1;1;1;0;Electricity generation;Fuel;Hydro;%;2,97;;
Germany;DEU;2015;Country or economy;Europe;Europe;1;1;1;1;0;Electricity generation;Fuel;Nuclear;%;14,36;;
Germany;DEU;2015;Country or economy;Europe;Europe;1;1;1;1;0;Electricity generation;Fuel;Other Fossil;%;4;;
Germany;DEU;2015;Country or economy;Europe;Europe;1;1;1;1;0;Electricity generation;Fuel;Other Renewables;%;0,02;;
Germany;DEU;2015;Country or economy;Europe;Europe;1;1;1;1;0;Electricity generation;Fuel;Solar;%;5,96;;
Germany;DEU;2015;Country or economy;Europe;Europe;1;1;1;1;0;Electricity generation;Fuel;Wind;%;12,61;;
Germany;DEU;2015;Country or economy;Europe;Europe;1;1;1;1;0;Electricity generation;Fuel;Bioenergy;TWh;50,33;2,04;4,22
Germany;DEU;2015;Country or economy;Europe;Europe;1;1;1;1;0;Electricity generation;Fuel;Coal;TWh;272,2;-2,21;-0,81
Germany;DEU;2015;Country or economy;Europe;Europe;1;1;1;1;0;Electricity generation;Fuel;Gas;TWh;61,47;0,86;1,42
Germany;DEU;2015;Country or economy;Europe;Europe;1;1;1;1;0;Electricity generation;Fuel;Hydro;TWh;18,98;-0,61;-3,11
Germany;DEU;2015;Country or economy;Europe;Europe;1;1;1;1;0;Electricity generation;Fuel;Nuclear;TWh;91,79;-5,34;-5,5
Germany;DEU;2015;Country or economy;Europe;Europe;1;1;1;1;0;Electricity generation;Fuel;Other Fossil;TWh;25,57;0,9;3,65
Germany;DEU;2015;Country or economy;Europe;Europe;1;1;1;1;0;Electricity generation;Fuel;Other Renewables;TWh;0,13;0,03;30
Germany;DEU;2015;Country or economy;Europe;Europe;1;1;1;1;0;Electricity generation;Fuel;Solar;TWh;38,08;2,63;7,42
Germany;DEU;2015;Country or economy;Europe;Europe;1;1;1;1;0;Electricity generation;Fuel;Wind;TWh;80,62;22,12;37,81
Germany;DEU;2015;Country or economy;Europe;Europe;1;1;1;1;0;Electricity generation;Total;Total Generation;TWh;639,17;20,42;3,3
Germany;DEU;2016;Country or economy;Europe;Europe;1;1;1;1;0;Electricity generation;Aggregate fuel;Clean;%;42,67;;
Germany;DEU;2016;Country or economy;Europe;Europe;1;1;1;1;0;Electricity generation;Aggregate fuel;Fossil;%;57,33;;
Germany;DEU;2016;Country or economy;Europe;Europe;1;1;1;1;0;Electricity generation;Aggregate fuel;Gas and Other Fossil;%;16,53;;
Germany;DEU;2016;Country or economy;Europe;Europe;1;1;1;1;0;Electricity generation;Aggregate fuel;Hydro, Bioenergy and Other Renewables;%;11,17;;
Germany;DEU;2016;Country or economy;Europe;Europe;1;1;1;1;0;Electricity generation;Aggregate fuel;Renewables;%;29,48;;
Germany;DEU;2016;Country or economy;Europe;Europe;1;1;1;1;0;Electricity generation;Aggregate fuel;Wind and Solar;%;18,31;;
Germany;DEU;2016;Country or economy;Europe;Europe;1;1;1;1;0;Electricity generation;Aggregate fuel;Clean;TWh;273,76;-6,17;-2,2
Germany;DEU;2016;Country or economy;Europe;Europe;1;1;1;1;0;Electricity generation;Aggregate fuel;Fossil;TWh;367,76;8,52;2,37
Germany;DEU;2016;Country or economy;Europe;Europe;1;1;1;1;0;Electricity generation;Aggregate fuel;Gas and Other Fossil;TWh;106,01;18,97;21,79
Germany;DEU;2016;Country or economy;Europe;Europe;1;1;1;1;0;Electricity generation;Aggregate fuel;Hydro, Bioenergy and Other Renewables;TWh;71,65;2,21;3,18
Germany;DEU;2016;Country or economy;Europe;Europe;1;1;1;1;0;Electricity generation;Aggregate fuel;Renewables;TWh;189,13;0,99;0,53
Germany;DEU;2016;Country or economy;Europe;Europe;1;1;1;1;0;Electricity generation;Aggregate fuel;Wind and Solar;TWh;117,48;-1,22;-1,03
Germany;DEU;2016;Country or economy;Europe;Europe;1;1;1;1;0;Electricity generation;Fuel;Bioenergy;%;7,94;;
Germany;DEU;2016;Country or economy;Europe;Europe;1;1;1;1;0;Electricity generation;Fuel;Coal;%;40,8;;
Germany;DEU;2016;Country or economy;Europe;Europe;1;1;1;1;0;Electricity generation;Fuel;Gas;%;12,57;;
Germany;DEU;2016;Country or economy;Europe;Europe;1;1;1;1;0;Electricity generation;Fuel;Hydro;%;3,2;;
Germany;DEU;2016;Country or economy;Europe;Europe;1;1;1;1;0;Electricity generation;Fuel;Nuclear;%;13,19;;
Germany;DEU;2016;Country or economy;Europe;Europe;1;1;1;1;0;Electricity generation;Fuel;Other Fossil;%;3,96;;
Germany;DEU;2016;Country or economy;Europe;Europe;1;1;1;1;0;Electricity generation;Fuel;Other Renewables;%;0,03;;
Germany;DEU;2016;Country or economy;Europe;Europe;1;1;1;1;0;Electricity generation;Fuel;Solar;%;5,85;;
Germany;DEU;2016;Country or economy;Europe;Europe;1;1;1;1;0;Electricity generation;Fuel;Wind;%;12,46;;
Germany;DEU;2016;Country or economy;Europe;Europe;1;1;1;1;0;Electricity generation;Fuel;Bioenergy;TWh;50,93;0,6;1,19
Germany;DEU;2016;Country or economy;Europe;Europe;1;1;1;1;0;Electricity generation;Fuel;Coal;TWh;261,75;-10,45;-3,84
Germany;DEU;2016;Country or economy;Europe;Europe;1;1;1;1;0;Electricity generation;Fuel;Gas;TWh;80,62;19,15;31,15
Germany;DEU;2016;Country or economy;Europe;Europe;1;1;1;1;0;Electricity generation;Fuel;Hydro;TWh;20,55;1,57;8,27
Germany;DEU;2016;Country or economy;Europe;Europe;1;1;1;1;0;Electricity generation;Fuel;Nuclear;TWh;84,63;-7,16;-7,8
Germany;DEU;2016;Country or economy;Europe;Europe;1;1;1;1;0;Electricity generation;Fuel;Other Fossil;TWh;25,39;-0,18;-0,7
Germany;DEU;2016;Country or economy;Europe;Europe;1;1;1;1;0;Electricity generation;Fuel;Other Renewables;TWh;0,17;0,04;30,77
Germany;DEU;2016;Country or economy;Europe;Europe;1;1;1;1;0;Electricity generation;Fuel;Solar;TWh;37,56;-0,52;-1,37
Germany;DEU;2016;Country or economy;Europe;Europe;1;1;1;1;0;Electricity generation;Fuel;Wind;TWh;79,92;-0,7;-0,87
Germany;DEU;2016;Country or economy;Europe;Europe;1;1;1;1;0;Electricity generation;Total;Total Generation;TWh;641,52;2,35;0,37
Germany;DEU;2017;Country or economy;Europe;Europe;1;1;1;1;0;Electricity generation;Aggregate fuel;Clean;%;45,3;;
Germany;DEU;2017;Country or economy;Europe;Europe;1;1;1;1;0;Electricity generation;Aggregate fuel;Fossil;%;54,69;;
Germany;DEU;2017;Country or economy;Europe;Europe;1;1;1;1;0;Electricity generation;Aggregate fuel;Gas and Other Fossil;%;17,25;;
Germany;DEU;2017;Country or economy;Europe;Europe;1;1;1;1;0;Electricity generation;Aggregate fuel;Hydro, Bioenergy and Other Renewables;%;11,05;;
Germany;DEU;2017;Country or economy;Europe;Europe;1;1;1;1;0;Electricity generation;Aggregate fuel;Renewables;%;33,46;;
Germany;DEU;2017;Country or economy;Europe;Europe;1;1;1;1;0;Electricity generation;Aggregate fuel;Wind and Solar;%;22,41;;
Germany;DEU;2017;Country or economy;Europe;Europe;1;1;1;1;0;Electricity generation;Aggregate fuel;Clean;TWh;292;18,24;6,66
Germany;DEU;2017;Country or economy;Europe;Europe;1;1;1;1;0;Electricity generation;Aggregate fuel;Fossil;TWh;352,46;-15,3;-4,16
Germany;DEU;2017;Country or economy;Europe;Europe;1;1;1;1;0;Electricity generation;Aggregate fuel;Gas and Other Fossil;TWh;111,2;5,19;4,9
Germany;DEU;2017;Country or economy;Europe;Europe;1;1;1;1;0;Electricity generation;Aggregate fuel;Hydro, Bioenergy and Other Renewables;TWh;71,23;-0,42;-0,59
Germany;DEU;2017;Country or economy;Europe;Europe;1;1;1;1;0;Electricity generation;Aggregate fuel;Renewables;TWh;215,68;26,55;14,04
Germany;DEU;2017;Country or economy;Europe;Europe;1;1;1;1;0;Electricity generation;Aggregate fuel;Wind and Solar;TWh;144,45;26,97;22,96
Germany;DEU;2017;Country or economy;Europe;Europe;1;1;1;1;0;Electricity generation;Fuel;Bioenergy;%;7,9;;
Germany;DEU;2017;Country or economy;Europe;Europe;1;1;1;1;0;Electricity generation;Fuel;Coal;%;37,44;;
Germany;DEU;2017;Country or economy;Europe;Europe;1;1;1;1;0;Electricity generation;Fuel;Gas;%;13,35;;
Germany;DEU;2017;Country or economy;Europe;Europe;1;1;1;1;0;Electricity generation;Fuel;Hydro;%;3,13;;
Germany;DEU;2017;Country or economy;Europe;Europe;1;1;1;1;0;Electricity generation;Fuel;Nuclear;%;11,84;;
Germany;DEU;2017;Country or economy;Europe;Europe;1;1;1;1;0;Electricity generation;Fuel;Other Fossil;%;3,9;;
Germany;DEU;2017;Country or economy;Europe;Europe;1;1;1;1;0;Electricity generation;Fuel;Other Renewables;%;0,02;;
Germany;DEU;2017;Country or economy;Europe;Europe;1;1;1;1;0;Electricity generation;Fuel;Solar;%;6,01;;
Germany;DEU;2017;Country or economy;Europe;Europe;1;1;1;1;0;Electricity generation;Fuel;Wind;%;16,4;;
Germany;DEU;2017;Country or economy;Europe;Europe;1;1;1;1;0;Electricity generation;Fuel;Bioenergy;TWh;50,92;-0,01;-0,02
Germany;DEU;2017;Country or economy;Europe;Europe;1;1;1;1;0;Electricity generation;Fuel;Coal;TWh;241,26;-20,49;-7,83
Germany;DEU;2017;Country or economy;Europe;Europe;1;1;1;1;0;Electricity generation;Fuel;Gas;TWh;86,04;5,42;6,72
Germany;DEU;2017;Country or economy;Europe;Europe;1;1;1;1;0;Electricity generation;Fuel;Hydro;TWh;20,15;-0,4;-1,95
Germany;DEU;2017;Country or economy;Europe;Europe;1;1;1;1;0;Electricity generation;Fuel;Nuclear;TWh;76,32;-8,31;-9,82
Germany;DEU;2017;Country or economy;Europe;Europe;1;1;1;1;0;Electricity generation;Fuel;Other Fossil;TWh;25,16;-0,23;-0,91
Germany;DEU;2017;Country or economy;Europe;Europe;1;1;1;1;0;Electricity generation;Fuel;Other Renewables;TWh;0,16;-0,01;-5,88
Germany;DEU;2017;Country or economy;Europe;Europe;1;1;1;1;0;Electricity generation;Fuel;Solar;TWh;38,76;1,2;3,19
Germany;DEU;2017;Country or economy;Europe;Europe;1;1;1;1;0;Electricity generation;Fuel;Wind;TWh;105,69;25,77;32,24
Germany;DEU;2017;Country or economy;Europe;Europe;1;1;1;1;0;Electricity generation;Total;Total Generation;TWh;644,46;2,94;0,46
Germany;DEU;2018;Country or economy;Europe;Europe;1;1;1;1;0;Electricity generation;Aggregate fuel;Clean;%;47,28;;
Germany;DEU;2018;Country or economy;Europe;Europe;1;1;1;1;0;Electricity generation;Aggregate fuel;Fossil;%;52,73;;
Germany;DEU;2018;Country or economy;Europe;Europe;1;1;1;1;0;Electricity generation;Aggregate fuel;Gas and Other Fossil;%;16,64;;
Germany;DEU;2018;Country or economy;Europe;Europe;1;1;1;1;0;Electricity generation;Aggregate fuel;Hydro, Bioenergy and Other Renewables;%;10,86;;
Germany;DEU;2018;Country or economy;Europe;Europe;1;1;1;1;0;Electricity generation;Aggregate fuel;Renewables;%;35,26;;
Germany;DEU;2018;Country or economy;Europe;Europe;1;1;1;1;0;Electricity generation;Aggregate fuel;Wind and Solar;%;24,4;;
Germany;DEU;2018;Country or economy;Europe;Europe;1;1;1;1;0;Electricity generation;Aggregate fuel;Clean;TWh;298,93;6,93;2,37
Germany;DEU;2018;Country or economy;Europe;Europe;1;1;1;1;0;Electricity generation;Aggregate fuel;Fossil;TWh;333,35;-19,11;-5,42
Germany;DEU;2018;Country or economy;Europe;Europe;1;1;1;1;0;Electricity generation;Aggregate fuel;Gas and Other Fossil;TWh;105,19;-6,01;-5,4
Germany;DEU;2018;Country or economy;Europe;Europe;1;1;1;1;0;Electricity generation;Aggregate fuel;Hydro, Bioenergy and Other Renewables;TWh;68,66;-2,57;-3,61
Germany;DEU;2018;Country or economy;Europe;Europe;1;1;1;1;0;Electricity generation;Aggregate fuel;Renewables;TWh;222,93;7,25;3,36
Germany;DEU;2018;Country or economy;Europe;Europe;1;1;1;1;0;Electricity generation;Aggregate fuel;Wind and Solar;TWh;154,27;9,82;6,8
Germany;DEU;2018;Country or economy;Europe;Europe;1;1;1;1;0;Electricity generation;Fuel;Bioenergy;%;8,03;;
Germany;DEU;2018;Country or economy;Europe;Europe;1;1;1;1;0;Electricity generation;Fuel;Coal;%;36,09;;
Germany;DEU;2018;Country or economy;Europe;Europe;1;1;1;1;0;Electricity generation;Fuel;Gas;%;12,9;;
Germany;DEU;2018;Country or economy;Europe;Europe;1;1;1;1;0;Electricity generation;Fuel;Hydro;%;2,8;;
Germany;DEU;2018;Country or economy;Europe;Europe;1;1;1;1;0;Electricity generation;Fuel;Nuclear;%;12,02;;
Germany;DEU;2018;Country or economy;Europe;Europe;1;1;1;1;0;Electricity generation;Fuel;Other Fossil;%;3,74;;
Germany;DEU;2018;Country or economy;Europe;Europe;1;1;1;1;0;Electricity generation;Fuel;Other Renewables;%;0,03;;
Germany;DEU;2018;Country or economy;Europe;Europe;1;1;1;1;0;Electricity generation;Fuel;Solar;%;7,01;;
Germany;DEU;2018;Country or economy;Europe;Europe;1;1;1;1;0;Electricity generation;Fuel;Wind;%;17,39;;
Germany;DEU;2018;Country or economy;Europe;Europe;1;1;1;1;0;Electricity generation;Fuel;Bioenergy;TWh;50,79;-0,13;-0,26
Germany;DEU;2018;Country or economy;Europe;Europe;1;1;1;1;0;Electricity generation;Fuel;Coal;TWh;228,16;-13,1;-5,43
Germany;DEU;2018;Country or economy;Europe;Europe;1;1;1;1;0;Electricity generation;Fuel;Gas;TWh;81,56;-4,48;-5,21
Germany;DEU;2018;Country or economy;Europe;Europe;1;1;1;1;0;Electricity generation;Fuel;Hydro;TWh;17,69;-2,46;-12,21
Germany;DEU;2018;Country or economy;Europe;Europe;1;1;1;1;0;Electricity generation;Fuel;Nuclear;TWh;76;-0,32;-0,42
Germany;DEU;2018;Country or economy;Europe;Europe;1;1;1;1;0;Electricity generation;Fuel;Other Fossil;TWh;23,63;-1,53;-6,08
Germany;DEU;2018;Country or economy;Europe;Europe;1;1;1;1;0;Electricity generation;Fuel;Other Renewables;TWh;0,18;0,02;12,5
Germany;DEU;2018;Country or economy;Europe;Europe;1;1;1;1;0;Electricity generation;Fuel;Solar;TWh;44,32;5,56;14,34
Germany;DEU;2018;Country or economy;Europe;Europe;1;1;1;1;0;Electricity generation;Fuel;Wind;TWh;109,95;4,26;4,03
Germany;DEU;2018;Country or economy;Europe;Europe;1;1;1;1;0;Electricity generation;Total;Total Generation;TWh;632,28;-12,18;-1,89
Germany;DEU;2019;Country or economy;Europe;Europe;1;1;1;1;0;Electricity generation;Aggregate fuel;Clean;%;52,7;;
Germany;DEU;2019;Country or economy;Europe;Europe;1;1;1;1;0;Electricity generation;Aggregate fuel;Fossil;%;47,3;;
Germany;DEU;2019;Country or economy;Europe;Europe;1;1;1;1;0;Electricity generation;Aggregate fuel;Gas and Other Fossil;%;18,73;;
Germany;DEU;2019;Country or economy;Europe;Europe;1;1;1;1;0;Electricity generation;Aggregate fuel;Hydro, Bioenergy and Other Renewables;%;11,67;;
Germany;DEU;2019;Country or economy;Europe;Europe;1;1;1;1;0;Electricity generation;Aggregate fuel;Renewables;%;40,19;;
Germany;DEU;2019;Country or economy;Europe;Europe;1;1;1;1;0;Electricity generation;Aggregate fuel;Wind and Solar;%;28,52;;
Germany;DEU;2019;Country or economy;Europe;Europe;1;1;1;1;0;Electricity generation;Aggregate fuel;Clean;TWh;316,24;17,31;5,79
Germany;DEU;2019;Country or economy;Europe;Europe;1;1;1;1;0;Electricity generation;Aggregate fuel;Fossil;TWh;283,85;-49,5;-14,85
Germany;DEU;2019;Country or economy;Europe;Europe;1;1;1;1;0;Electricity generation;Aggregate fuel;Gas and Other Fossil;TWh;112,4;7,21;6,85
Germany;DEU;2019;Country or economy;Europe;Europe;1;1;1;1;0;Electricity generation;Aggregate fuel;Hydro, Bioenergy and Other Renewables;TWh;70,06;1,4;2,04
Germany;DEU;2019;Country or economy;Europe;Europe;1;1;1;1;0;Electricity generation;Aggregate fuel;Renewables;TWh;241,17;18,24;8,18
Germany;DEU;2019;Country or economy;Europe;Europe;1;1;1;1;0;Electricity generation;Aggregate fuel;Wind and Solar;TWh;171,11;16,84;10,92
Germany;DEU;2019;Country or economy;Europe;Europe;1;1;1;1;0;Electricity generation;Fuel;Bioenergy;%;8,35;;
Germany;DEU;2019;Country or economy;Europe;Europe;1;1;1;1;0;Electricity generation;Fuel;Coal;%;28,57;;
Germany;DEU;2019;Country or economy;Europe;Europe;1;1;1;1;0;Electricity generation;Fuel;Gas;%;15;;
Germany;DEU;2019;Country or economy;Europe;Europe;1;1;1;1;0;Electricity generation;Fuel;Hydro;%;3,29;;
Germany;DEU;2019;Country or economy;Europe;Europe;1;1;1;1;0;Electricity generation;Fuel;Nuclear;%;12,51;;
Germany;DEU;2019;Country or economy;Europe;Europe;1;1;1;1;0;Electricity generation;Fuel;Other Fossil;%;3,73;;
Germany;DEU;2019;Country or economy;Europe;Europe;1;1;1;1;0;Electricity generation;Fuel;Other Renewables;%;0,03;;
Germany;DEU;2019;Country or economy;Europe;Europe;1;1;1;1;0;Electricity generation;Fuel;Solar;%;7,54;;
Germany;DEU;2019;Country or economy;Europe;Europe;1;1;1;1;0;Electricity generation;Fuel;Wind;%;20,98;;
Germany;DEU;2019;Country or economy;Europe;Europe;1;1;1;1;0;Electricity generation;Fuel;Bioenergy;TWh;50,13;-0,66;-1,3
Germany;DEU;2019;Country or economy;Europe;Europe;1;1;1;1;0;Electricity generation;Fuel;Coal;TWh;171,45;-56,71;-24,86
Germany;DEU;2019;Country or economy;Europe;Europe;1;1;1;1;0;Electricity generation;Fuel;Gas;TWh;90;8,44;10,35
Germany;DEU;2019;Country or economy;Europe;Europe;1;1;1;1;0;Electricity generation;Fuel;Hydro;TWh;19,73;2,04;11,53
Germany;DEU;2019;Country or economy;Europe;Europe;1;1;1;1;0;Electricity generation;Fuel;Nuclear;TWh;75,07;-0,93;-1,22
Germany;DEU;2019;Country or economy;Europe;Europe;1;1;1;1;0;Electricity generation;Fuel;Other Fossil;TWh;22,4;-1,23;-5,21
Germany;DEU;2019;Country or economy;Europe;Europe;1;1;1;1;0;Electricity generation;Fuel;Other Renewables;TWh;0,2;0,02;11,11
Germany;DEU;2019;Country or economy;Europe;Europe;1;1;1;1;0;Electricity generation;Fuel;Solar;TWh;45,22;0,9;2,03
Germany;DEU;2019;Country or economy;Europe;Europe;1;1;1;1;0;Electricity generation;Fuel;Wind;TWh;125,89;15,94;14,5
Germany;DEU;2019;Country or economy;Europe;Europe;1;1;1;1;0;Electricity generation;Total;Total Generation;TWh;600,09;-32,19;-5,09
Germany;DEU;2020;Country or economy;Europe;Europe;1;1;1;1;0;Electricity generation;Aggregate fuel;Clean;%;55,73;;
Germany;DEU;2020;Country or economy;Europe;Europe;1;1;1;1;0;Electricity generation;Aggregate fuel;Fossil;%;44,26;;
Germany;DEU;2020;Country or economy;Europe;Europe;1;1;1;1;0;Electricity generation;Aggregate fuel;Gas and Other Fossil;%;20,51;;
Germany;DEU;2020;Country or economy;Europe;Europe;1;1;1;1;0;Electricity generation;Aggregate fuel;Hydro, Bioenergy and Other Renewables;%;12,33;;
Germany;DEU;2020;Country or economy;Europe;Europe;1;1;1;1;0;Electricity generation;Aggregate fuel;Renewables;%;44,37;;
Germany;DEU;2020;Country or economy;Europe;Europe;1;1;1;1;0;Electricity generation;Aggregate fuel;Wind and Solar;%;32,04;;
Germany;DEU;2020;Country or economy;Europe;Europe;1;1;1;1;0;Electricity generation;Aggregate fuel;Clean;TWh;315,87;-0,37;-0,12
Germany;DEU;2020;Country or economy;Europe;Europe;1;1;1;1;0;Electricity generation;Aggregate fuel;Fossil;TWh;250,88;-32,97;-11,62
Germany;DEU;2020;Country or economy;Europe;Europe;1;1;1;1;0;Electricity generation;Aggregate fuel;Gas and Other Fossil;TWh;116,28;3,88;3,45
Germany;DEU;2020;Country or economy;Europe;Europe;1;1;1;1;0;Electricity generation;Aggregate fuel;Hydro, Bioenergy and Other Renewables;TWh;69,88;-0,18;-0,26
Germany;DEU;2020;Country or economy;Europe;Europe;1;1;1;1;0;Electricity generation;Aggregate fuel;Renewables;TWh;251,49;10,32;4,28
Germany;DEU;2020;Country or economy;Europe;Europe;1;1;1;1;0;Electricity generation;Aggregate fuel;Wind and Solar;TWh;181,61;10,5;6,14
Germany;DEU;2020;Country or economy;Europe;Europe;1;1;1;1;0;Electricity generation;Fuel;Bioenergy;%;8,99;;
Germany;DEU;2020;Country or economy;Europe;Europe;1;1;1;1;0;Electricity generation;Fuel;Coal;%;23,75;;
Germany;DEU;2020;Country or economy;Europe;Europe;1;1;1;1;0;Electricity generation;Fuel;Gas;%;16,76;;
Germany;DEU;2020;Country or economy;Europe;Europe;1;1;1;1;0;Electricity generation;Fuel;Hydro;%;3,3;;
Germany;DEU;2020;Country or economy;Europe;Europe;1;1;1;1;0;Electricity generation;Fuel;Nuclear;%;11,36;;
Germany;DEU;2020;Country or economy;Europe;Europe;1;1;1;1;0;Electricity generation;Fuel;Other Fossil;%;3,75;;
Germany;DEU;2020;Country or economy;Europe;Europe;1;1;1;1;0;Electricity generation;Fuel;Other Renewables;%;0,04;;
Germany;DEU;2020;Country or economy;Europe;Europe;1;1;1;1;0;Electricity generation;Fuel;Solar;%;8,73;;
Germany;DEU;2020;Country or economy;Europe;Europe;1;1;1;1;0;Electricity generation;Fuel;Wind;%;23,31;;
Germany;DEU;2020;Country or economy;Europe;Europe;1;1;1;1;0;Electricity generation;Fuel;Bioenergy;TWh;50,93;0,8;1,6
Germany;DEU;2020;Country or economy;Europe;Europe;1;1;1;1;0;Electricity generation;Fuel;Coal;TWh;134,6;-36,85;-21,49
Germany;DEU;2020;Country or economy;Europe;Europe;1;1;1;1;0;Electricity generation;Fuel;Gas;TWh;95;5;5,56
Germany;DEU;2020;Country or economy;Europe;Europe;1;1;1;1;0;Electricity generation;Fuel;Hydro;TWh;18,72;-1,01;-5,12
Germany;DEU;2020;Country or economy;Europe;Europe;1;1;1;1;0;Electricity generation;Fuel;Nuclear;TWh;64,38;-10,69;-14,24
Germany;DEU;2020;Country or economy;Europe;Europe;1;1;1;1;0;Electricity generation;Fuel;Other Fossil;TWh;21,28;-1,12;-5
Germany;DEU;2020;Country or economy;Europe;Europe;1;1;1;1;0;Electricity generation;Fuel;Other Renewables;TWh;0,23;0,03;15
Germany;DEU;2020;Country or economy;Europe;Europe;1;1;1;1;0;Electricity generation;Fuel;Solar;TWh;49,5;4,28;9,46
Germany;DEU;2020;Country or economy;Europe;Europe;1;1;1;1;0;Electricity generation;Fuel;Wind;TWh;132,11;6,22;4,94
Germany;DEU;2020;Country or economy;Europe;Europe;1;1;1;1;0;Electricity generation;Total;Total Generation;TWh;566,75;-33,34;-5,56
Germany;DEU;2021;Country or economy;Europe;Europe;1;1;1;1;0;Electricity generation;Aggregate fuel;Clean;%;52,1;;
Germany;DEU;2021;Country or economy;Europe;Europe;1;1;1;1;0;Electricity generation;Aggregate fuel;Fossil;%;47,89;;
Germany;DEU;2021;Country or economy;Europe;Europe;1;1;1;1;0;Electricity generation;Aggregate fuel;Gas and Other Fossil;%;19,44;;
Germany;DEU;2021;Country or economy;Europe;Europe;1;1;1;1;0;Electricity generation;Aggregate fuel;Hydro, Bioenergy and Other Renewables;%;11,92;;
Germany;DEU;2021;Country or economy;Europe;Europe;1;1;1;1;0;Electricity generation;Aggregate fuel;Renewables;%;40,16;;
Germany;DEU;2021;Country or economy;Europe;Europe;1;1;1;1;0;Electricity generation;Aggregate fuel;Wind and Solar;%;28,24;;
Germany;DEU;2021;Country or economy;Europe;Europe;1;1;1;1;0;Electricity generation;Aggregate fuel;Clean;TWh;301,63;-14,24;-4,51
Germany;DEU;2021;Country or economy;Europe;Europe;1;1;1;1;0;Electricity generation;Aggregate fuel;Fossil;TWh;277,2;26,32;10,49
Germany;DEU;2021;Country or economy;Europe;Europe;1;1;1;1;0;Electricity generation;Aggregate fuel;Gas and Other Fossil;TWh;112,55;-3,73;-3,21
Germany;DEU;2021;Country or economy;Europe;Europe;1;1;1;1;0;Electricity generation;Aggregate fuel;Hydro, Bioenergy and Other Renewables;TWh;69;-0,88;-1,26
Germany;DEU;2021;Country or economy;Europe;Europe;1;1;1;1;0;Electricity generation;Aggregate fuel;Renewables;TWh;232,5;-18,99;-7,55
Germany;DEU;2021;Country or economy;Europe;Europe;1;1;1;1;0;Electricity generation;Aggregate fuel;Wind and Solar;TWh;163,5;-18,11;-9,97
Germany;DEU;2021;Country or economy;Europe;Europe;1;1;1;1;0;Electricity generation;Fuel;Bioenergy;%;8,48;;
Germany;DEU;2021;Country or economy;Europe;Europe;1;1;1;1;0;Electricity generation;Fuel;Coal;%;28,45;;
Germany;DEU;2021;Country or economy;Europe;Europe;1;1;1;1;0;Electricity generation;Fuel;Gas;%;15,6;;
Germany;DEU;2021;Country or economy;Europe;Europe;1;1;1;1;0;Electricity generation;Fuel;Hydro;%;3,4;;
Germany;DEU;2021;Country or economy;Europe;Europe;1;1;1;1;0;Electricity generation;Fuel;Nuclear;%;11,94;;
Germany;DEU;2021;Country or economy;Europe;Europe;1;1;1;1;0;Electricity generation;Fuel;Other Fossil;%;3,84;;
Germany;DEU;2021;Country or economy;Europe;Europe;1;1;1;1;0;Electricity generation;Fuel;Other Renewables;%;0,04;;
Germany;DEU;2021;Country or economy;Europe;Europe;1;1;1;1;0;Electricity generation;Fuel;Solar;%;8,52;;
Germany;DEU;2021;Country or economy;Europe;Europe;1;1;1;1;0;Electricity generation;Fuel;Wind;%;19,72;;
Germany;DEU;2021;Country or economy;Europe;Europe;1;1;1;1;0;Electricity generation;Fuel;Bioenergy;TWh;49,1;-1,83;-3,59
Germany;DEU;2021;Country or economy;Europe;Europe;1;1;1;1;0;Electricity generation;Fuel;Coal;TWh;164,65;30,05;22,33
Germany;DEU;2021;Country or economy;Europe;Europe;1;1;1;1;0;Electricity generation;Fuel;Gas;TWh;90,31;-4,69;-4,94
Germany;DEU;2021;Country or economy;Europe;Europe;1;1;1;1;0;Electricity generation;Fuel;Hydro;TWh;19,66;0,94;5,02
Germany;DEU;2021;Country or economy;Europe;Europe;1;1;1;1;0;Electricity generation;Fuel;Nuclear;TWh;69,13;4,75;7,38
Germany;DEU;2021;Country or economy;Europe;Europe;1;1;1;1;0;Electricity generation;Fuel;Other Fossil;TWh;22,24;0,96;4,51
Germany;DEU;2021;Country or economy;Europe;Europe;1;1;1;1;0;Electricity generation;Fuel;Other Renewables;TWh;0,24;0,01;4,35
Germany;DEU;2021;Country or economy;Europe;Europe;1;1;1;1;0;Electricity generation;Fuel;Solar;TWh;49,34;-0,16;-0,32
Germany;DEU;2021;Country or economy;Europe;Europe;1;1;1;1;0;Electricity generation;Fuel;Wind;TWh;114,16;-17,95;-13,59
Germany;DEU;2021;Country or economy;Europe;Europe;1;1;1;1;0;Electricity generation;Total;Total Generation;TWh;578,83;12,08;2,13
Germany;DEU;2022;Country or economy;Europe;Europe;1;1;1;1;0;Electricity generation;Aggregate fuel;Clean;%;50,5;;
Germany;DEU;2022;Country or economy;Europe;Europe;1;1;1;1;0;Electricity generation;Aggregate fuel;Fossil;%;49,5;;
Germany;DEU;2022;Country or economy;Europe;Europe;1;1;1;1;0;Electricity generation;Aggregate fuel;Gas and Other Fossil;%;17,76;;
Germany;DEU;2022;Country or economy;Europe;Europe;1;1;1;1;0;Electricity generation;Aggregate fuel;Hydro, Bioenergy and Other Renewables;%;11,72;;
Germany;DEU;2022;Country or economy;Europe;Europe;1;1;1;1;0;Electricity generation;Aggregate fuel;Renewables;%;44,38;;
Germany;DEU;2022;Country or economy;Europe;Europe;1;1;1;1;0;Electricity generation;Aggregate fuel;Wind and Solar;%;32,66;;
Germany;DEU;2022;Country or economy;Europe;Europe;1;1;1;1;0;Electricity generation;Aggregate fuel;Clean;TWh;286,25;-15,38;-5,1
Germany;DEU;2022;Country or economy;Europe;Europe;1;1;1;1;0;Electricity generation;Aggregate fuel;Fossil;TWh;280,63;3,43;1,24
Germany;DEU;2022;Country or economy;Europe;Europe;1;1;1;1;0;Electricity generation;Aggregate fuel;Gas and Other Fossil;TWh;100,7;-11,85;-10,53
Germany;DEU;2022;Country or economy;Europe;Europe;1;1;1;1;0;Electricity generation;Aggregate fuel;Hydro, Bioenergy and Other Renewables;TWh;66,43;-2,57;-3,72
Germany;DEU;2022;Country or economy;Europe;Europe;1;1;1;1;0;Electricity generation;Aggregate fuel;Renewables;TWh;251,54;19,04;8,19
Germany;DEU;2022;Country or economy;Europe;Europe;1;1;1;1;0;Electricity generation;Aggregate fuel;Wind and Solar;TWh;185,11;21,61;13,22
Germany;DEU;2022;Country or economy;Europe;Europe;1;1;1;1;0;Electricity generation;Fuel;Bioenergy;%;8,57;;
Germany;DEU;2022;Country or economy;Europe;Europe;1;1;1;1;0;Electricity generation;Fuel;Coal;%;31,74;;
Germany;DEU;2022;Country or economy;Europe;Europe;1;1;1;1;0;Electricity generation;Fuel;Gas;%;13,94;;
Germany;DEU;2022;Country or economy;Europe;Europe;1;1;1;1;0;Electricity generation;Fuel;Hydro;%;3,11;;
Germany;DEU;2022;Country or economy;Europe;Europe;1;1;1;1;0;Electricity generation;Fuel;Nuclear;%;6,12;;
Germany;DEU;2022;Country or economy;Europe;Europe;1;1;1;1;0;Electricity generation;Fuel;Other Fossil;%;3,82;;
Germany;DEU;2022;Country or economy;Europe;Europe;1;1;1;1;0;Electricity generation;Fuel;Other Renewables;%;0,04;;
Germany;DEU;2022;Country or economy;Europe;Europe;1;1;1;1;0;Electricity generation;Fuel;Solar;%;10,64;;
Germany;DEU;2022;Country or economy;Europe;Europe;1;1;1;1;0;Electricity generation;Fuel;Wind;%;22,02;;
Germany;DEU;2022;Country or economy;Europe;Europe;1;1;1;1;0;Electricity generation;Fuel;Bioenergy;TWh;48,6;-0,5;-1,02
Germany;DEU;2022;Country or economy;Europe;Europe;1;1;1;1;0;Electricity generation;Fuel;Coal;TWh;179,93;15,28;9,28
Germany;DEU;2022;Country or economy;Europe;Europe;1;1;1;1;0;Electricity generation;Fuel;Gas;TWh;79,05;-11,26;-12,47
Germany;DEU;2022;Country or economy;Europe;Europe;1;1;1;1;0;Electricity generation;Fuel;Hydro;TWh;17,62;-2,04;-10,38
Germany;DEU;2022;Country or economy;Europe;Europe;1;1;1;1;0;Electricity generation;Fuel;Nuclear;TWh;34,71;-34,42;-49,79
Germany;DEU;2022;Country or economy;Europe;Europe;1;1;1;1;0;Electricity generation;Fuel;Other Fossil;TWh;21,65;-0,59;-2,65
Germany;DEU;2022;Country or economy;Europe;Europe;1;1;1;1;0;Electricity generation;Fuel;Other Renewables;TWh;0,21;-0,03;-12,5
Germany;DEU;2022;Country or economy;Europe;Europe;1;1;1;1;0;Electricity generation;Fuel;Solar;TWh;60,3;10,96;22,21
Germany;DEU;2022;Country or economy;Europe;Europe;1;1;1;1;0;Electricity generation;Fuel;Wind;TWh;124,81;10,65;9,33
Germany;DEU;2022;Country or economy;Europe;Europe;1;1;1;1;0;Electricity generation;Total;Total Generation;TWh;566,88;-11,95;-2,06
Germany;DEU;2023;Country or economy;Europe;Europe;1;1;1;1;0;Electricity generation;Aggregate fuel;Clean;%;56,11;;
Germany;DEU;2023;Country or economy;Europe;Europe;1;1;1;1;0;Electricity generation;Aggregate fuel;Fossil;%;43,9;;
Germany;DEU;2023;Country or economy;Europe;Europe;1;1;1;1;0;Electricity generation;Aggregate fuel;Gas and Other Fossil;%;19,27;;
Germany;DEU;2023;Country or economy;Europe;Europe;1;1;1;1;0;Electricity generation;Aggregate fuel;Hydro, Bioenergy and Other Renewables;%;14,35;;
Germany;DEU;2023;Country or economy;Europe;Europe;1;1;1;1;0;Electricity generation;Aggregate fuel;Renewables;%;54,69;;
Germany;DEU;2023;Country or economy;Europe;Europe;1;1;1;1;0;Electricity generation;Aggregate fuel;Wind and Solar;%;40,34;;
Germany;DEU;2023;Country or economy;Europe;Europe;1;1;1;1;0;Electricity generation;Aggregate fuel;Clean;TWh;284,32;-1,93;-0,67
Germany;DEU;2023;Country or economy;Europe;Europe;1;1;1;1;0;Electricity generation;Aggregate fuel;Fossil;TWh;222,4;-58,23;-20,75
Germany;DEU;2023;Country or economy;Europe;Europe;1;1;1;1;0;Electricity generation;Aggregate fuel;Gas and Other Fossil;TWh;97,62;-3,08;-3,06
Germany;DEU;2023;Country or economy;Europe;Europe;1;1;1;1;0;Electricity generation;Aggregate fuel;Hydro, Bioenergy and Other Renewables;TWh;72,69;6,26;9,42
Germany;DEU;2023;Country or economy;Europe;Europe;1;1;1;1;0;Electricity generation;Aggregate fuel;Renewables;TWh;277,1;25,56;10,16
Germany;DEU;2023;Country or economy;Europe;Europe;1;1;1;1;0;Electricity generation;Aggregate fuel;Wind and Solar;TWh;204,41;19,3;10,43
Germany;DEU;2023;Country or economy;Europe;Europe;1;1;1;1;0;Electricity generation;Fuel;Bioenergy;%;10,12;;
Germany;DEU;2023;Country or economy;Europe;Europe;1;1;1;1;0;Electricity generation;Fuel;Coal;%;24,63;;
Germany;DEU;2023;Country or economy;Europe;Europe;1;1;1;1;0;Electricity generation;Fuel;Gas;%;15,13;;
Germany;DEU;2023;Country or economy;Europe;Europe;1;1;1;1;0;Electricity generation;Fuel;Hydro;%;4,19;;
Germany;DEU;2023;Country or economy;Europe;Europe;1;1;1;1;0;Electricity generation;Fuel;Nuclear;%;1,42;;
Germany;DEU;2023;Country or economy;Europe;Europe;1;1;1;1;0;Electricity generation;Fuel;Other Fossil;%;4,14;;
Germany;DEU;2023;Country or economy;Europe;Europe;1;1;1;1;0;Electricity generation;Fuel;Other Renewables;%;0,04;;
Germany;DEU;2023;Country or economy;Europe;Europe;1;1;1;1;0;Electricity generation;Fuel;Solar;%;12,6;;
Germany;DEU;2023;Country or economy;Europe;Europe;1;1;1;1;0;Electricity generation;Fuel;Wind;%;27,74;;
Germany;DEU;2023;Country or economy;Europe;Europe;1;1;1;1;0;Electricity generation;Fuel;Bioenergy;TWh;51,26;2,66;5,47
Germany;DEU;2023;Country or economy;Europe;Europe;1;1;1;1;0;Electricity generation;Fuel;Coal;TWh;124,78;-55,15;-30,65
Germany;DEU;2023;Country or economy;Europe;Europe;1;1;1;1;0;Electricity generation;Fuel;Gas;TWh;76,66;-2,39;-3,02
Germany;DEU;2023;Country or economy;Europe;Europe;1;1;1;1;0;Electricity generation;Fuel;Hydro;TWh;21,24;3,62;20,54
Germany;DEU;2023;Country or economy;Europe;Europe;1;1;1;1;0;Electricity generation;Fuel;Nuclear;TWh;7,22;-27,49;-79,2
Germany;DEU;2023;Country or economy;Europe;Europe;1;1;1;1;0;Electricity generation;Fuel;Other Fossil;TWh;20,96;-0,69;-3,19
Germany;DEU;2023;Country or economy;Europe;Europe;1;1;1;1;0;Electricity generation;Fuel;Other Renewables;TWh;0,19;-0,02;-9,52
Germany;DEU;2023;Country or economy;Europe;Europe;1;1;1;1;0;Electricity generation;Fuel;Solar;TWh;63,87;3,57;5,92
Germany;DEU;2023;Country or economy;Europe;Europe;1;1;1;1;0;Electricity generation;Fuel;Wind;TWh;140,54;15,73;12,6
Germany;DEU;2023;Country or economy;Europe;Europe;1;1;1;1;0;Electricity generation;Total;Total Generation;TWh;506,72;-60,16;-10,61
Germany;DEU;2024;Country or economy;Europe;Europe;1;1;1;1;0;Electricity generation;Aggregate fuel;Clean;%;58,64;;
Germany;DEU;2024;Country or economy;Europe;Europe;1;1;1;1;0;Electricity generation;Aggregate fuel;Fossil;%;41,36;;
Germany;DEU;2024;Country or economy;Europe;Europe;1;1;1;1;0;Electricity generation;Aggregate fuel;Gas and Other Fossil;%;19,92;;
Germany;DEU;2024;Country or economy;Europe;Europe;1;1;1;1;0;Electricity generation;Aggregate fuel;Hydro, Bioenergy and Other Renewables;%;15,14;;
Germany;DEU;2024;Country or economy;Europe;Europe;1;1;1;1;0;Electricity generation;Aggregate fuel;Renewables;%;58,64;;
Germany;DEU;2024;Country or economy;Europe;Europe;1;1;1;1;0;Electricity generation;Aggregate fuel;Wind and Solar;%;43,5;;
Germany;DEU;2024;Country or economy;Europe;Europe;1;1;1;1;0;Electricity generation;Aggregate fuel;Clean;TWh;290,86;6,54;2,3
Germany;DEU;2024;Country or economy;Europe;Europe;1;1;1;1;0;Electricity generation;Aggregate fuel;Fossil;TWh;205,13;-17,27;-7,77
Germany;DEU;2024;Country or economy;Europe;Europe;1;1;1;1;0;Electricity generation;Aggregate fuel;Gas and Other Fossil;TWh;98,8;1,18;1,21
Germany;DEU;2024;Country or economy;Europe;Europe;1;1;1;1;0;Electricity generation;Aggregate fuel;Hydro, Bioenergy and Other Renewables;TWh;75,13;2,44;3,36
Germany;DEU;2024;Country or economy;Europe;Europe;1;1;1;1;0;Electricity generation;Aggregate fuel;Renewables;TWh;290,86;13,76;4,97
Germany;DEU;2024;Country or economy;Europe;Europe;1;1;1;1;0;Electricity generation;Aggregate fuel;Wind and Solar;TWh;215,73;11,32;5,54
Germany;DEU;2024;Country or economy;Europe;Europe;1;1;1;1;0;Electricity generation;Fuel;Bioenergy;%;10,3;;
Germany;DEU;2024;Country or economy;Europe;Europe;1;1;1;1;0;Electricity generation;Fuel;Coal;%;21,44;;
Germany;DEU;2024;Country or economy;Europe;Europe;1;1;1;1;0;Electricity generation;Fuel;Gas;%;15,81;;
Germany;DEU;2024;Country or economy;Europe;Europe;1;1;1;1;0;Electricity generation;Fuel;Hydro;%;4,8;;
Germany;DEU;2024;Country or economy;Europe;Europe;1;1;1;1;0;Electricity generation;Fuel;Nuclear;%;0;;
Germany;DEU;2024;Country or economy;Europe;Europe;1;1;1;1;0;Electricity generation;Fuel;Other Fossil;%;4,11;;
Germany;DEU;2024;Country or economy;Europe;Europe;1;1;1;1;0;Electricity generation;Fuel;Other Renewables;%;0,04;;
Germany;DEU;2024;Country or economy;Europe;Europe;1;1;1;1;0;Electricity generation;Fuel;Solar;%;14,95;;
Germany;DEU;2024;Country or economy;Europe;Europe;1;1;1;1;0;Electricity generation;Fuel;Wind;%;28,55;;
Germany;DEU;2024;Country or economy;Europe;Europe;1;1;1;1;0;Electricity generation;Fuel;Bioenergy;TWh;51,08;-0,18;-0,35
Germany;DEU;2024;Country or economy;Europe;Europe;1;1;1;1;0;Electricity generation;Fuel;Coal;TWh;106,33;-18,45;-14,79
Germany;DEU;2024;Country or economy;Europe;Europe;1;1;1;1;0;Electricity generation;Fuel;Gas;TWh;78,41;1,75;2,28
Germany;DEU;2024;Country or economy;Europe;Europe;1;1;1;1;0;Electricity generation;Fuel;Hydro;TWh;23,83;2,59;12,19
Germany;DEU;2024;Country or economy;Europe;Europe;1;1;1;1;0;Electricity generation;Fuel;Nuclear;TWh;0;-7,22;-100
Germany;DEU;2024;Country or economy;Europe;Europe;1;1;1;1;0;Electricity generation;Fuel;Other Fossil;TWh;20,39;-0,57;-2,72
Germany;DEU;2024;Country or economy;Europe;Europe;1;1;1;1;0;Electricity generation;Fuel;Other Renewables;TWh;0,22;0,03;15,79
Germany;DEU;2024;Country or economy;Europe;Europe;1;1;1;1;0;Electricity generation;Fuel;Solar;TWh;74,13;10,26;16,06
Germany;DEU;2024;Country or economy;Europe;Europe;1;1;1;1;0;Electricity generation;Fuel;Wind;TWh;141,6;1,06;0,75
Germany;DEU;2024;Country or economy;Europe;Europe;1;1;1;1;0;Electricity generation;Total;Total Generation;TWh;495,99;-10,73;-2,12
Germany;DEU;2025;Country or economy;Europe;Europe;1;1;1;1;0;Electricity generation;Aggregate fuel;Clean;%;59,1;;
Germany;DEU;2025;Country or economy;Europe;Europe;1;1;1;1;0;Electricity generation;Aggregate fuel;Fossil;%;40,91;;
Germany;DEU;2025;Country or economy;Europe;Europe;1;1;1;1;0;Electricity generation;Aggregate fuel;Gas and Other Fossil;%;20,3;;
Germany;DEU;2025;Country or economy;Europe;Europe;1;1;1;1;0;Electricity generation;Aggregate fuel;Hydro, Bioenergy and Other Renewables;%;14,01;;
Germany;DEU;2025;Country or economy;Europe;Europe;1;1;1;1;0;Electricity generation;Aggregate fuel;Renewables;%;59,1;;
Germany;DEU;2025;Country or economy;Europe;Europe;1;1;1;1;0;Electricity generation;Aggregate fuel;Wind and Solar;%;45,09;;
Germany;DEU;2025;Country or economy;Europe;Europe;1;1;1;1;0;Electricity generation;Aggregate fuel;Clean;TWh;295,74;4,88;1,68
Germany;DEU;2025;Country or economy;Europe;Europe;1;1;1;1;0;Electricity generation;Aggregate fuel;Fossil;TWh;204,73;-0,4;-0,19
Germany;DEU;2025;Country or economy;Europe;Europe;1;1;1;1;0;Electricity generation;Aggregate fuel;Gas and Other Fossil;TWh;101,58;2,78;2,81
Germany;DEU;2025;Country or economy;Europe;Europe;1;1;1;1;0;Electricity generation;Aggregate fuel;Hydro, Bioenergy and Other Renewables;TWh;70,09;-5,04;-6,71
Germany;DEU;2025;Country or economy;Europe;Europe;1;1;1;1;0;Electricity generation;Aggregate fuel;Renewables;TWh;295,74;4,88;1,68
Germany;DEU;2025;Country or economy;Europe;Europe;1;1;1;1;0;Electricity generation;Aggregate fuel;Wind and Solar;TWh;225,65;9,92;4,6
Germany;DEU;2025;Country or economy;Europe;Europe;1;1;1;1;0;Electricity generation;Fuel;Bioenergy;%;10,1;;
Germany;DEU;2025;Country or economy;Europe;Europe;1;1;1;1;0;Electricity generation;Fuel;Coal;%;20,61;;
Germany;DEU;2025;Country or economy;Europe;Europe;1;1;1;1;0;Electricity generation;Fuel;Gas;%;16,52;;
Germany;DEU;2025;Country or economy;Europe;Europe;1;1;1;1;0;Electricity generation;Fuel;Hydro;%;3,91;;
Germany;DEU;2025;Country or economy;Europe;Europe;1;1;1;1;0;Electricity generation;Fuel;Nuclear;%;0;;
Germany;DEU;2025;Country or economy;Europe;Europe;1;1;1;1;0;Electricity generation;Fuel;Other Fossil;%;3,78;;
Germany;DEU;2025;Country or economy;Europe;Europe;1;1;1;1;0;Electricity generation;Fuel;Other Renewables;%;0;;
Germany;DEU;2025;Country or economy;Europe;Europe;1;1;1;1;0;Electricity generation;Fuel;Solar;%;17,91;;
Germany;DEU;2025;Country or economy;Europe;Europe;1;1;1;1;0;Electricity generation;Fuel;Wind;%;27,18;;
Germany;DEU;2025;Country or economy;Europe;Europe;1;1;1;1;0;Electricity generation;Fuel;Bioenergy;TWh;50,53;-0,55;-1,08
Germany;DEU;2025;Country or economy;Europe;Europe;1;1;1;1;0;Electricity generation;Fuel;Coal;TWh;103,15;-3,18;-2,99
Germany;DEU;2025;Country or economy;Europe;Europe;1;1;1;1;0;Electricity generation;Fuel;Gas;TWh;82,67;4,26;5,43
Germany;DEU;2025;Country or economy;Europe;Europe;1;1;1;1;0;Electricity generation;Fuel;Hydro;TWh;19,56;-4,27;-17,92
Germany;DEU;2025;Country or economy;Europe;Europe;1;1;1;1;0;Electricity generation;Fuel;Nuclear;TWh;0;0;
Germany;DEU;2025;Country or economy;Europe;Europe;1;1;1;1;0;Electricity generation;Fuel;Other Fossil;TWh;18,91;-1,48;-7,26
Germany;DEU;2025;Country or economy;Europe;Europe;1;1;1;1;0;Electricity generation;Fuel;Other Renewables;TWh;0;-0,22;-100
Germany;DEU;2025;Country or economy;Europe;Europe;1;1;1;1;0;Electricity generation;Fuel;Solar;TWh;89,62;15,49;20,9
Germany;DEU;2025;Country or economy;Europe;Europe;1;1;1;1;0;Electricity generation;Fuel;Wind;TWh;136,03;-5,57;-3,93
Germany;DEU;2025;Country or economy;Europe;Europe;1;1;1;1;0;Electricity generation;Total;Total Generation;TWh;500,47;4,48;0,9
Poland;POL;2000;Country or economy;Europe;Europe;1;1;0;0;0;Electricity generation;Aggregate fuel;Clean;%;1,62;;
Poland;POL;2000;Country or economy;Europe;Europe;1;1;0;0;0;Electricity generation;Aggregate fuel;Fossil;%;98,37;;
Poland;POL;2000;Country or economy;Europe;Europe;1;1;0;0;0;Electricity generation;Aggregate fuel;Gas and Other Fossil;%;3,46;;
Poland;POL;2000;Country or economy;Europe;Europe;1;1;0;0;0;Electricity generation;Aggregate fuel;Hydro, Bioenergy and Other Renewables;%;1,62;;
Poland;POL;2000;Country or economy;Europe;Europe;1;1;0;0;0;Electricity generation;Aggregate fuel;Renewables;%;1,62;;
Poland;POL;2000;Country or economy;Europe;Europe;1;1;0;0;0;Electricity generation;Aggregate fuel;Wind and Solar;%;0;;
Poland;POL;2000;Country or economy;Europe;Europe;1;1;0;0;0;Electricity generation;Aggregate fuel;Clean;TWh;2,33;;
Poland;POL;2000;Country or economy;Europe;Europe;1;1;0;0;0;Electricity generation;Aggregate fuel;Fossil;TWh;140,85;;
Poland;POL;2000;Country or economy;Europe;Europe;1;1;0;0;0;Electricity generation;Aggregate fuel;Gas and Other Fossil;TWh;4,96;;
Poland;POL;2000;Country or economy;Europe;Europe;1;1;0;0;0;Electricity generation;Aggregate fuel;Hydro, Bioenergy and Other Renewables;TWh;2,33;;
Poland;POL;2000;Country or economy;Europe;Europe;1;1;0;0;0;Electricity generation;Aggregate fuel;Renewables;TWh;2,33;;
Poland;POL;2000;Country or economy;Europe;Europe;1;1;0;0;0;Electricity generation;Aggregate fuel;Wind and Solar;TWh;0;;
Poland;POL;2000;Country or economy;Europe;Europe;1;1;0;0;0;Electricity generation;Fuel;Bioenergy;%;0,15;;
Poland;POL;2000;Country or economy;Europe;Europe;1;1;0;0;0;Electricity generation;Fuel;Coal;%;94,91;;
Poland;POL;2000;Country or economy;Europe;Europe;1;1;0;0;0;Electricity generation;Fuel;Gas;%;0,65;;
Poland;POL;2000;Country or economy;Europe;Europe;1;1;0;0;0;Electricity generation;Fuel;Hydro;%;1,47;;
Poland;POL;2000;Country or economy;Europe;Europe;1;1;0;0;0;Electricity generation;Fuel;Nuclear;%;0;;
Poland;POL;2000;Country or economy;Europe;Europe;1;1;0;0;0;Electricity generation;Fuel;Other Fossil;%;2,81;;
Poland;POL;2000;Country or economy;Europe;Europe;1;1;0;0;0;Electricity generation;Fuel;Other Renewables;%;0;;
Poland;POL;2000;Country or economy;Europe;Europe;1;1;0;0;0;Electricity generation;Fuel;Solar;%;0;;
Poland;POL;2000;Country or economy;Europe;Europe;1;1;0;0;0;Electricity generation;Fuel;Wind;%;0;;
Poland;POL;2000;Country or economy;Europe;Europe;1;1;0;0;0;Electricity generation;Fuel;Bioenergy;TWh;0,22;;
Poland;POL;2000;Country or economy;Europe;Europe;1;1;0;0;0;Electricity generation;Fuel;Coal;TWh;135,89;;
Poland;POL;2000;Country or economy;Europe;Europe;1;1;0;0;0;Electricity generation;Fuel;Gas;TWh;0,93;;
Poland;POL;2000;Country or economy;Europe;Europe;1;1;0;0;0;Electricity generation;Fuel;Hydro;TWh;2,11;;
Poland;POL;2000;Country or economy;Europe;Europe;1;1;0;0;0;Electricity generation;Fuel;Nuclear;TWh;0;;
Poland;POL;2000;Country or economy;Europe;Europe;1;1;0;0;0;Electricity generation;Fuel;Other Fossil;TWh;4,03;;
Poland;POL;2000;Country or economy;Europe;Europe;1;1;0;0;0;Electricity generation;Fuel;Other Renewables;TWh;0;;
Poland;POL;2000;Country or economy;Europe;Europe;1;1;0;0;0;Electricity generation;Fuel;Solar;TWh;0;;
Poland;POL;2000;Country or economy;Europe;Europe;1;1;0;0;0;Electricity generation;Fuel;Wind;TWh;0;;
Poland;POL;2000;Country or economy;Europe;Europe;1;1;0;0;0;Electricity generation;Total;Total Generation;TWh;143,18;;
Poland;POL;2001;Country or economy;Europe;Europe;1;1;0;0;0;Electricity generation;Aggregate fuel;Clean;%;1,94;;
Poland;POL;2001;Country or economy;Europe;Europe;1;1;0;0;0;Electricity generation;Aggregate fuel;Fossil;%;98,07;;
Poland;POL;2001;Country or economy;Europe;Europe;1;1;0;0;0;Electricity generation;Aggregate fuel;Gas and Other Fossil;%;4,16;;
Poland;POL;2001;Country or economy;Europe;Europe;1;1;0;0;0;Electricity generation;Aggregate fuel;Hydro, Bioenergy and Other Renewables;%;1,93;;
Poland;POL;2001;Country or economy;Europe;Europe;1;1;0;0;0;Electricity generation;Aggregate fuel;Renewables;%;1,94;;
Poland;POL;2001;Country or economy;Europe;Europe;1;1;0;0;0;Electricity generation;Aggregate fuel;Wind and Solar;%;0,01;;
Poland;POL;2001;Country or economy;Europe;Europe;1;1;0;0;0;Electricity generation;Aggregate fuel;Clean;TWh;2,78;0,45;19,31
Poland;POL;2001;Country or economy;Europe;Europe;1;1;0;0;0;Electricity generation;Aggregate fuel;Fossil;TWh;140,94;0,09;0,06
Poland;POL;2001;Country or economy;Europe;Europe;1;1;0;0;0;Electricity generation;Aggregate fuel;Gas and Other Fossil;TWh;5,97;1,01;20,36
Poland;POL;2001;Country or economy;Europe;Europe;1;1;0;0;0;Electricity generation;Aggregate fuel;Hydro, Bioenergy and Other Renewables;TWh;2,77;0,44;18,88
Poland;POL;2001;Country or economy;Europe;Europe;1;1;0;0;0;Electricity generation;Aggregate fuel;Renewables;TWh;2,78;0,45;19,31
Poland;POL;2001;Country or economy;Europe;Europe;1;1;0;0;0;Electricity generation;Aggregate fuel;Wind and Solar;TWh;0,01;0,01;
Poland;POL;2001;Country or economy;Europe;Europe;1;1;0;0;0;Electricity generation;Fuel;Bioenergy;%;0,31;;
Poland;POL;2001;Country or economy;Europe;Europe;1;1;0;0;0;Electricity generation;Fuel;Coal;%;93,91;;
Poland;POL;2001;Country or economy;Europe;Europe;1;1;0;0;0;Electricity generation;Fuel;Gas;%;0,95;;
Poland;POL;2001;Country or economy;Europe;Europe;1;1;0;0;0;Electricity generation;Fuel;Hydro;%;1,62;;
Poland;POL;2001;Country or economy;Europe;Europe;1;1;0;0;0;Electricity generation;Fuel;Nuclear;%;0;;
Poland;POL;2001;Country or economy;Europe;Europe;1;1;0;0;0;Electricity generation;Fuel;Other Fossil;%;3,21;;
Poland;POL;2001;Country or economy;Europe;Europe;1;1;0;0;0;Electricity generation;Fuel;Other Renewables;%;0;;
Poland;POL;2001;Country or economy;Europe;Europe;1;1;0;0;0;Electricity generation;Fuel;Solar;%;0;;
Poland;POL;2001;Country or economy;Europe;Europe;1;1;0;0;0;Electricity generation;Fuel;Wind;%;0,01;;
Poland;POL;2001;Country or economy;Europe;Europe;1;1;0;0;0;Electricity generation;Fuel;Bioenergy;TWh;0,44;0,22;100
Poland;POL;2001;Country or economy;Europe;Europe;1;1;0;0;0;Electricity generation;Fuel;Coal;TWh;134,97;-0,92;-0,68
Poland;POL;2001;Country or economy;Europe;Europe;1;1;0;0;0;Electricity generation;Fuel;Gas;TWh;1,36;0,43;46,24
Poland;POL;2001;Country or economy;Europe;Europe;1;1;0;0;0;Electricity generation;Fuel;Hydro;TWh;2,33;0,22;10,43
Poland;POL;2001;Country or economy;Europe;Europe;1;1;0;0;0;Electricity generation;Fuel;Nuclear;TWh;0;0;
Poland;POL;2001;Country or economy;Europe;Europe;1;1;0;0;0;Electricity generation;Fuel;Other Fossil;TWh;4,61;0,58;14,39
Poland;POL;2001;Country or economy;Europe;Europe;1;1;0;0;0;Electricity generation;Fuel;Other Renewables;TWh;0;0;
Poland;POL;2001;Country or economy;Europe;Europe;1;1;0;0;0;Electricity generation;Fuel;Solar;TWh;0;0;
Poland;POL;2001;Country or economy;Europe;Europe;1;1;0;0;0;Electricity generation;Fuel;Wind;TWh;0,01;0,01;
Poland;POL;2001;Country or economy;Europe;Europe;1;1;0;0;0;Electricity generation;Total;Total Generation;TWh;143,72;0,54;0,38
Poland;POL;2002;Country or economy;Europe;Europe;1;1;0;0;0;Electricity generation;Aggregate fuel;Clean;%;1,94;;
Poland;POL;2002;Country or economy;Europe;Europe;1;1;0;0;0;Electricity generation;Aggregate fuel;Fossil;%;98,05;;
Poland;POL;2002;Country or economy;Europe;Europe;1;1;0;0;0;Electricity generation;Aggregate fuel;Gas and Other Fossil;%;4,75;;
Poland;POL;2002;Country or economy;Europe;Europe;1;1;0;0;0;Electricity generation;Aggregate fuel;Hydro, Bioenergy and Other Renewables;%;1,9;;
Poland;POL;2002;Country or economy;Europe;Europe;1;1;0;0;0;Electricity generation;Aggregate fuel;Renewables;%;1,94;;
Poland;POL;2002;Country or economy;Europe;Europe;1;1;0;0;0;Electricity generation;Aggregate fuel;Wind and Solar;%;0,04;;
Poland;POL;2002;Country or economy;Europe;Europe;1;1;0;0;0;Electricity generation;Aggregate fuel;Clean;TWh;2,77;-0,01;-0,36
Poland;POL;2002;Country or economy;Europe;Europe;1;1;0;0;0;Electricity generation;Aggregate fuel;Fossil;TWh;139,72;-1,22;-0,87
Poland;POL;2002;Country or economy;Europe;Europe;1;1;0;0;0;Electricity generation;Aggregate fuel;Gas and Other Fossil;TWh;6,78;0,81;13,57
Poland;POL;2002;Country or economy;Europe;Europe;1;1;0;0;0;Electricity generation;Aggregate fuel;Hydro, Bioenergy and Other Renewables;TWh;2,71;-0,06;-2,17
Poland;POL;2002;Country or economy;Europe;Europe;1;1;0;0;0;Electricity generation;Aggregate fuel;Renewables;TWh;2,77;-0,01;-0,36
Poland;POL;2002;Country or economy;Europe;Europe;1;1;0;0;0;Electricity generation;Aggregate fuel;Wind and Solar;TWh;0,06;0,05;500
Poland;POL;2002;Country or economy;Europe;Europe;1;1;0;0;0;Electricity generation;Fuel;Bioenergy;%;0,3;;
Poland;POL;2002;Country or economy;Europe;Europe;1;1;0;0;0;Electricity generation;Fuel;Coal;%;93,3;;
Poland;POL;2002;Country or economy;Europe;Europe;1;1;0;0;0;Electricity generation;Fuel;Gas;%;1,54;;
Poland;POL;2002;Country or economy;Europe;Europe;1;1;0;0;0;Electricity generation;Fuel;Hydro;%;1,6;;
Poland;POL;2002;Country or economy;Europe;Europe;1;1;0;0;0;Electricity generation;Fuel;Nuclear;%;0;;
Poland;POL;2002;Country or economy;Europe;Europe;1;1;0;0;0;Electricity generation;Fuel;Other Fossil;%;3,21;;
Poland;POL;2002;Country or economy;Europe;Europe;1;1;0;0;0;Electricity generation;Fuel;Other Renewables;%;0;;
Poland;POL;2002;Country or economy;Europe;Europe;1;1;0;0;0;Electricity generation;Fuel;Solar;%;0;;
Poland;POL;2002;Country or economy;Europe;Europe;1;1;0;0;0;Electricity generation;Fuel;Wind;%;0,04;;
Poland;POL;2002;Country or economy;Europe;Europe;1;1;0;0;0;Electricity generation;Fuel;Bioenergy;TWh;0,43;-0,01;-2,27
Poland;POL;2002;Country or economy;Europe;Europe;1;1;0;0;0;Electricity generation;Fuel;Coal;TWh;132,94;-2,03;-1,5
Poland;POL;2002;Country or economy;Europe;Europe;1;1;0;0;0;Electricity generation;Fuel;Gas;TWh;2,2;0,84;61,76
Poland;POL;2002;Country or economy;Europe;Europe;1;1;0;0;0;Electricity generation;Fuel;Hydro;TWh;2,28;-0,05;-2,15
Poland;POL;2002;Country or economy;Europe;Europe;1;1;0;0;0;Electricity generation;Fuel;Nuclear;TWh;0;0;
Poland;POL;2002;Country or economy;Europe;Europe;1;1;0;0;0;Electricity generation;Fuel;Other Fossil;TWh;4,58;-0,03;-0,65
Poland;POL;2002;Country or economy;Europe;Europe;1;1;0;0;0;Electricity generation;Fuel;Other Renewables;TWh;0;0;
Poland;POL;2002;Country or economy;Europe;Europe;1;1;0;0;0;Electricity generation;Fuel;Solar;TWh;0;0;
Poland;POL;2002;Country or economy;Europe;Europe;1;1;0;0;0;Electricity generation;Fuel;Wind;TWh;0,06;0,05;500
Poland;POL;2002;Country or economy;Europe;Europe;1;1;0;0;0;Electricity generation;Total;Total Generation;TWh;142,49;-1,23;-0,86
Poland;POL;2003;Country or economy;Europe;Europe;1;1;0;0;0;Electricity generation;Aggregate fuel;Clean;%;1,5;;
Poland;POL;2003;Country or economy;Europe;Europe;1;1;0;0;0;Electricity generation;Aggregate fuel;Fossil;%;98,5;;
Poland;POL;2003;Country or economy;Europe;Europe;1;1;0;0;0;Electricity generation;Aggregate fuel;Gas and Other Fossil;%;4,73;;
Poland;POL;2003;Country or economy;Europe;Europe;1;1;0;0;0;Electricity generation;Aggregate fuel;Hydro, Bioenergy and Other Renewables;%;1,42;;
Poland;POL;2003;Country or economy;Europe;Europe;1;1;0;0;0;Electricity generation;Aggregate fuel;Renewables;%;1,5;;
Poland;POL;2003;Country or economy;Europe;Europe;1;1;0;0;0;Electricity generation;Aggregate fuel;Wind and Solar;%;0,08;;
Poland;POL;2003;Country or economy;Europe;Europe;1;1;0;0;0;Electricity generation;Aggregate fuel;Clean;TWh;2,25;-0,52;-18,77
Poland;POL;2003;Country or economy;Europe;Europe;1;1;0;0;0;Electricity generation;Aggregate fuel;Fossil;TWh;147,76;8,04;5,75
Poland;POL;2003;Country or economy;Europe;Europe;1;1;0;0;0;Electricity generation;Aggregate fuel;Gas and Other Fossil;TWh;7,1;0,32;4,72
Poland;POL;2003;Country or economy;Europe;Europe;1;1;0;0;0;Electricity generation;Aggregate fuel;Hydro, Bioenergy and Other Renewables;TWh;2,13;-0,58;-21,4
Poland;POL;2003;Country or economy;Europe;Europe;1;1;0;0;0;Electricity generation;Aggregate fuel;Renewables;TWh;2,25;-0,52;-18,77
Poland;POL;2003;Country or economy;Europe;Europe;1;1;0;0;0;Electricity generation;Aggregate fuel;Wind and Solar;TWh;0,12;0,06;100
Poland;POL;2003;Country or economy;Europe;Europe;1;1;0;0;0;Electricity generation;Fuel;Bioenergy;%;0,31;;
Poland;POL;2003;Country or economy;Europe;Europe;1;1;0;0;0;Electricity generation;Fuel;Coal;%;93,77;;
Poland;POL;2003;Country or economy;Europe;Europe;1;1;0;0;0;Electricity generation;Fuel;Gas;%;1,61;;
Poland;POL;2003;Country or economy;Europe;Europe;1;1;0;0;0;Electricity generation;Fuel;Hydro;%;1,11;;
Poland;POL;2003;Country or economy;Europe;Europe;1;1;0;0;0;Electricity generation;Fuel;Nuclear;%;0;;
Poland;POL;2003;Country or economy;Europe;Europe;1;1;0;0;0;Electricity generation;Fuel;Other Fossil;%;3,12;;
Poland;POL;2003;Country or economy;Europe;Europe;1;1;0;0;0;Electricity generation;Fuel;Other Renewables;%;0;;
Poland;POL;2003;Country or economy;Europe;Europe;1;1;0;0;0;Electricity generation;Fuel;Solar;%;0;;
Poland;POL;2003;Country or economy;Europe;Europe;1;1;0;0;0;Electricity generation;Fuel;Wind;%;0,08;;
Poland;POL;2003;Country or economy;Europe;Europe;1;1;0;0;0;Electricity generation;Fuel;Bioenergy;TWh;0,46;0,03;6,98
Poland;POL;2003;Country or economy;Europe;Europe;1;1;0;0;0;Electricity generation;Fuel;Coal;TWh;140,66;7,72;5,81
Poland;POL;2003;Country or economy;Europe;Europe;1;1;0;0;0;Electricity generation;Fuel;Gas;TWh;2,42;0,22;10
Poland;POL;2003;Country or economy;Europe;Europe;1;1;0;0;0;Electricity generation;Fuel;Hydro;TWh;1,67;-0,61;-26,75
Poland;POL;2003;Country or economy;Europe;Europe;1;1;0;0;0;Electricity generation;Fuel;Nuclear;TWh;0;0;
Poland;POL;2003;Country or economy;Europe;Europe;1;1;0;0;0;Electricity generation;Fuel;Other Fossil;TWh;4,68;0,1;2,18
Poland;POL;2003;Country or economy;Europe;Europe;1;1;0;0;0;Electricity generation;Fuel;Other Renewables;TWh;0;0;
Poland;POL;2003;Country or economy;Europe;Europe;1;1;0;0;0;Electricity generation;Fuel;Solar;TWh;0;0;
Poland;POL;2003;Country or economy;Europe;Europe;1;1;0;0;0;Electricity generation;Fuel;Wind;TWh;0,12;0,06;100
Poland;POL;2003;Country or economy;Europe;Europe;1;1;0;0;0;Electricity generation;Total;Total Generation;TWh;150,01;7,52;5,28
Poland;POL;2004;Country or economy;Europe;Europe;1;1;0;0;0;Electricity generation;Aggregate fuel;Clean;%;2,09;;
Poland;POL;2004;Country or economy;Europe;Europe;1;1;0;0;0;Electricity generation;Aggregate fuel;Fossil;%;97,9;;
Poland;POL;2004;Country or economy;Europe;Europe;1;1;0;0;0;Electricity generation;Aggregate fuel;Gas and Other Fossil;%;5,39;;
Poland;POL;2004;Country or economy;Europe;Europe;1;1;0;0;0;Electricity generation;Aggregate fuel;Hydro, Bioenergy and Other Renewables;%;2;;
Poland;POL;2004;Country or economy;Europe;Europe;1;1;0;0;0;Electricity generation;Aggregate fuel;Renewables;%;2,09;;
Poland;POL;2004;Country or economy;Europe;Europe;1;1;0;0;0;Electricity generation;Aggregate fuel;Wind and Solar;%;0,09;;
Poland;POL;2004;Country or economy;Europe;Europe;1;1;0;0;0;Electricity generation;Aggregate fuel;Clean;TWh;3,2;0,95;42,22
Poland;POL;2004;Country or economy;Europe;Europe;1;1;0;0;0;Electricity generation;Aggregate fuel;Fossil;TWh;149,34;1,58;1,07
Poland;POL;2004;Country or economy;Europe;Europe;1;1;0;0;0;Electricity generation;Aggregate fuel;Gas and Other Fossil;TWh;8,22;1,12;15,77
Poland;POL;2004;Country or economy;Europe;Europe;1;1;0;0;0;Electricity generation;Aggregate fuel;Hydro, Bioenergy and Other Renewables;TWh;3,06;0,93;43,66
Poland;POL;2004;Country or economy;Europe;Europe;1;1;0;0;0;Electricity generation;Aggregate fuel;Renewables;TWh;3,2;0,95;42,22
Poland;POL;2004;Country or economy;Europe;Europe;1;1;0;0;0;Electricity generation;Aggregate fuel;Wind and Solar;TWh;0,14;0,02;16,67
Poland;POL;2004;Country or economy;Europe;Europe;1;1;0;0;0;Electricity generation;Fuel;Bioenergy;%;0,64;;
Poland;POL;2004;Country or economy;Europe;Europe;1;1;0;0;0;Electricity generation;Fuel;Coal;%;92,51;;
Poland;POL;2004;Country or economy;Europe;Europe;1;1;0;0;0;Electricity generation;Fuel;Gas;%;2,11;;
Poland;POL;2004;Country or economy;Europe;Europe;1;1;0;0;0;Electricity generation;Fuel;Hydro;%;1,36;;
Poland;POL;2004;Country or economy;Europe;Europe;1;1;0;0;0;Electricity generation;Fuel;Nuclear;%;0;;
Poland;POL;2004;Country or economy;Europe;Europe;1;1;0;0;0;Electricity generation;Fuel;Other Fossil;%;3,28;;
Poland;POL;2004;Country or economy;Europe;Europe;1;1;0;0;0;Electricity generation;Fuel;Other Renewables;%;0;;
Poland;POL;2004;Country or economy;Europe;Europe;1;1;0;0;0;Electricity generation;Fuel;Solar;%;0;;
Poland;POL;2004;Country or economy;Europe;Europe;1;1;0;0;0;Electricity generation;Fuel;Wind;%;0,09;;
Poland;POL;2004;Country or economy;Europe;Europe;1;1;0;0;0;Electricity generation;Fuel;Bioenergy;TWh;0,98;0,52;113,04
Poland;POL;2004;Country or economy;Europe;Europe;1;1;0;0;0;Electricity generation;Fuel;Coal;TWh;141,12;0,46;0,33
Poland;POL;2004;Country or economy;Europe;Europe;1;1;0;0;0;Electricity generation;Fuel;Gas;TWh;3,22;0,8;33,06
Poland;POL;2004;Country or economy;Europe;Europe;1;1;0;0;0;Electricity generation;Fuel;Hydro;TWh;2,08;0,41;24,55
Poland;POL;2004;Country or economy;Europe;Europe;1;1;0;0;0;Electricity generation;Fuel;Nuclear;TWh;0;0;
Poland;POL;2004;Country or economy;Europe;Europe;1;1;0;0;0;Electricity generation;Fuel;Other Fossil;TWh;5;0,32;6,84
Poland;POL;2004;Country or economy;Europe;Europe;1;1;0;0;0;Electricity generation;Fuel;Other Renewables;TWh;0;0;
Poland;POL;2004;Country or economy;Europe;Europe;1;1;0;0;0;Electricity generation;Fuel;Solar;TWh;0;0;
Poland;POL;2004;Country or economy;Europe;Europe;1;1;0;0;0;Electricity generation;Fuel;Wind;TWh;0,14;0,02;16,67
Poland;POL;2004;Country or economy;Europe;Europe;1;1;0;0;0;Electricity generation;Total;Total Generation;TWh;152,54;2,53;1,69
Poland;POL;2005;Country or economy;Europe;Europe;1;1;0;0;0;Electricity generation;Aggregate fuel;Clean;%;2,48;;
Poland;POL;2005;Country or economy;Europe;Europe;1;1;0;0;0;Electricity generation;Aggregate fuel;Fossil;%;97,51;;
Poland;POL;2005;Country or economy;Europe;Europe;1;1;0;0;0;Electricity generation;Aggregate fuel;Gas and Other Fossil;%;6,15;;
Poland;POL;2005;Country or economy;Europe;Europe;1;1;0;0;0;Electricity generation;Aggregate fuel;Hydro, Bioenergy and Other Renewables;%;2,39;;
Poland;POL;2005;Country or economy;Europe;Europe;1;1;0;0;0;Electricity generation;Aggregate fuel;Renewables;%;2,48;;
Poland;POL;2005;Country or economy;Europe;Europe;1;1;0;0;0;Electricity generation;Aggregate fuel;Wind and Solar;%;0,09;;
Poland;POL;2005;Country or economy;Europe;Europe;1;1;0;0;0;Electricity generation;Aggregate fuel;Clean;TWh;3,85;0,65;20,31
Poland;POL;2005;Country or economy;Europe;Europe;1;1;0;0;0;Electricity generation;Aggregate fuel;Fossil;TWh;151,44;2,1;1,41
Poland;POL;2005;Country or economy;Europe;Europe;1;1;0;0;0;Electricity generation;Aggregate fuel;Gas and Other Fossil;TWh;9,56;1,34;16,3
Poland;POL;2005;Country or economy;Europe;Europe;1;1;0;0;0;Electricity generation;Aggregate fuel;Hydro, Bioenergy and Other Renewables;TWh;3,71;0,65;21,24
Poland;POL;2005;Country or economy;Europe;Europe;1;1;0;0;0;Electricity generation;Aggregate fuel;Renewables;TWh;3,85;0,65;20,31
Poland;POL;2005;Country or economy;Europe;Europe;1;1;0;0;0;Electricity generation;Aggregate fuel;Wind and Solar;TWh;0,14;0;0
Poland;POL;2005;Country or economy;Europe;Europe;1;1;0;0;0;Electricity generation;Fuel;Bioenergy;%;0,97;;
Poland;POL;2005;Country or economy;Europe;Europe;1;1;0;0;0;Electricity generation;Fuel;Coal;%;91,36;;
Poland;POL;2005;Country or economy;Europe;Europe;1;1;0;0;0;Electricity generation;Fuel;Gas;%;3,32;;
Poland;POL;2005;Country or economy;Europe;Europe;1;1;0;0;0;Electricity generation;Fuel;Hydro;%;1,42;;
Poland;POL;2005;Country or economy;Europe;Europe;1;1;0;0;0;Electricity generation;Fuel;Nuclear;%;0;;
Poland;POL;2005;Country or economy;Europe;Europe;1;1;0;0;0;Electricity generation;Fuel;Other Fossil;%;2,83;;
Poland;POL;2005;Country or economy;Europe;Europe;1;1;0;0;0;Electricity generation;Fuel;Other Renewables;%;0;;
Poland;POL;2005;Country or economy;Europe;Europe;1;1;0;0;0;Electricity generation;Fuel;Solar;%;0;;
Poland;POL;2005;Country or economy;Europe;Europe;1;1;0;0;0;Electricity generation;Fuel;Wind;%;0,09;;
Poland;POL;2005;Country or economy;Europe;Europe;1;1;0;0;0;Electricity generation;Fuel;Bioenergy;TWh;1,51;0,53;54,08
Poland;POL;2005;Country or economy;Europe;Europe;1;1;0;0;0;Electricity generation;Fuel;Coal;TWh;141,88;0,76;0,54
Poland;POL;2005;Country or economy;Europe;Europe;1;1;0;0;0;Electricity generation;Fuel;Gas;TWh;5,16;1,94;60,25
Poland;POL;2005;Country or economy;Europe;Europe;1;1;0;0;0;Electricity generation;Fuel;Hydro;TWh;2,2;0,12;5,77
Poland;POL;2005;Country or economy;Europe;Europe;1;1;0;0;0;Electricity generation;Fuel;Nuclear;TWh;0;0;
Poland;POL;2005;Country or economy;Europe;Europe;1;1;0;0;0;Electricity generation;Fuel;Other Fossil;TWh;4,4;-0,6;-12
Poland;POL;2005;Country or economy;Europe;Europe;1;1;0;0;0;Electricity generation;Fuel;Other Renewables;TWh;0;0;
Poland;POL;2005;Country or economy;Europe;Europe;1;1;0;0;0;Electricity generation;Fuel;Solar;TWh;0;0;
Poland;POL;2005;Country or economy;Europe;Europe;1;1;0;0;0;Electricity generation;Fuel;Wind;TWh;0,14;0;0
Poland;POL;2005;Country or economy;Europe;Europe;1;1;0;0;0;Electricity generation;Total;Total Generation;TWh;155,29;2,75;1,8
Poland;POL;2006;Country or economy;Europe;Europe;1;1;0;0;0;Electricity generation;Aggregate fuel;Clean;%;2,67;;
Poland;POL;2006;Country or economy;Europe;Europe;1;1;0;0;0;Electricity generation;Aggregate fuel;Fossil;%;97,33;;
Poland;POL;2006;Country or economy;Europe;Europe;1;1;0;0;0;Electricity generation;Aggregate fuel;Gas and Other Fossil;%;5,85;;
Poland;POL;2006;Country or economy;Europe;Europe;1;1;0;0;0;Electricity generation;Aggregate fuel;Hydro, Bioenergy and Other Renewables;%;2,51;;
Poland;POL;2006;Country or economy;Europe;Europe;1;1;0;0;0;Electricity generation;Aggregate fuel;Renewables;%;2,67;;
Poland;POL;2006;Country or economy;Europe;Europe;1;1;0;0;0;Electricity generation;Aggregate fuel;Wind and Solar;%;0,16;;
Poland;POL;2006;Country or economy;Europe;Europe;1;1;0;0;0;Electricity generation;Aggregate fuel;Clean;TWh;4,29;0,44;11,43
Poland;POL;2006;Country or economy;Europe;Europe;1;1;0;0;0;Electricity generation;Aggregate fuel;Fossil;TWh;156,41;4,97;3,28
Poland;POL;2006;Country or economy;Europe;Europe;1;1;0;0;0;Electricity generation;Aggregate fuel;Gas and Other Fossil;TWh;9,4;-0,16;-1,67
Poland;POL;2006;Country or economy;Europe;Europe;1;1;0;0;0;Electricity generation;Aggregate fuel;Hydro, Bioenergy and Other Renewables;TWh;4,03;0,32;8,63
Poland;POL;2006;Country or economy;Europe;Europe;1;1;0;0;0;Electricity generation;Aggregate fuel;Renewables;TWh;4,29;0,44;11,43
Poland;POL;2006;Country or economy;Europe;Europe;1;1;0;0;0;Electricity generation;Aggregate fuel;Wind and Solar;TWh;0,26;0,12;85,71
Poland;POL;2006;Country or economy;Europe;Europe;1;1;0;0;0;Electricity generation;Fuel;Bioenergy;%;1,24;;
Poland;POL;2006;Country or economy;Europe;Europe;1;1;0;0;0;Electricity generation;Fuel;Coal;%;91,48;;
Poland;POL;2006;Country or economy;Europe;Europe;1;1;0;0;0;Electricity generation;Fuel;Gas;%;2,85;;
Poland;POL;2006;Country or economy;Europe;Europe;1;1;0;0;0;Electricity generation;Fuel;Hydro;%;1,27;;
Poland;POL;2006;Country or economy;Europe;Europe;1;1;0;0;0;Electricity generation;Fuel;Nuclear;%;0;;
Poland;POL;2006;Country or economy;Europe;Europe;1;1;0;0;0;Electricity generation;Fuel;Other Fossil;%;3;;
Poland;POL;2006;Country or economy;Europe;Europe;1;1;0;0;0;Electricity generation;Fuel;Other Renewables;%;0;;
Poland;POL;2006;Country or economy;Europe;Europe;1;1;0;0;0;Electricity generation;Fuel;Solar;%;0;;
Poland;POL;2006;Country or economy;Europe;Europe;1;1;0;0;0;Electricity generation;Fuel;Wind;%;0,16;;
Poland;POL;2006;Country or economy;Europe;Europe;1;1;0;0;0;Electricity generation;Fuel;Bioenergy;TWh;1,99;0,48;31,79
Poland;POL;2006;Country or economy;Europe;Europe;1;1;0;0;0;Electricity generation;Fuel;Coal;TWh;147,01;5,13;3,62
Poland;POL;2006;Country or economy;Europe;Europe;1;1;0;0;0;Electricity generation;Fuel;Gas;TWh;4,58;-0,58;-11,24
Poland;POL;2006;Country or economy;Europe;Europe;1;1;0;0;0;Electricity generation;Fuel;Hydro;TWh;2,04;-0,16;-7,27
Poland;POL;2006;Country or economy;Europe;Europe;1;1;0;0;0;Electricity generation;Fuel;Nuclear;TWh;0;0;
Poland;POL;2006;Country or economy;Europe;Europe;1;1;0;0;0;Electricity generation;Fuel;Other Fossil;TWh;4,82;0,42;9,55
Poland;POL;2006;Country or economy;Europe;Europe;1;1;0;0;0;Electricity generation;Fuel;Other Renewables;TWh;0;0;
Poland;POL;2006;Country or economy;Europe;Europe;1;1;0;0;0;Electricity generation;Fuel;Solar;TWh;0;0;
Poland;POL;2006;Country or economy;Europe;Europe;1;1;0;0;0;Electricity generation;Fuel;Wind;TWh;0,26;0,12;85,71
Poland;POL;2006;Country or economy;Europe;Europe;1;1;0;0;0;Electricity generation;Total;Total Generation;TWh;160,7;5,41;3,48
Poland;POL;2007;Country or economy;Europe;Europe;1;1;0;0;0;Electricity generation;Aggregate fuel;Clean;%;3,42;;
Poland;POL;2007;Country or economy;Europe;Europe;1;1;0;0;0;Electricity generation;Aggregate fuel;Fossil;%;96,58;;
Poland;POL;2007;Country or economy;Europe;Europe;1;1;0;0;0;Electricity generation;Aggregate fuel;Gas and Other Fossil;%;5,73;;
Poland;POL;2007;Country or economy;Europe;Europe;1;1;0;0;0;Electricity generation;Aggregate fuel;Hydro, Bioenergy and Other Renewables;%;3,09;;
Poland;POL;2007;Country or economy;Europe;Europe;1;1;0;0;0;Electricity generation;Aggregate fuel;Renewables;%;3,42;;
Poland;POL;2007;Country or economy;Europe;Europe;1;1;0;0;0;Electricity generation;Aggregate fuel;Wind and Solar;%;0,33;;
Poland;POL;2007;Country or economy;Europe;Europe;1;1;0;0;0;Electricity generation;Aggregate fuel;Clean;TWh;5,43;1,14;26,57
Poland;POL;2007;Country or economy;Europe;Europe;1;1;0;0;0;Electricity generation;Aggregate fuel;Fossil;TWh;153,09;-3,32;-2,12
Poland;POL;2007;Country or economy;Europe;Europe;1;1;0;0;0;Electricity generation;Aggregate fuel;Gas and Other Fossil;TWh;9,08;-0,32;-3,4
Poland;POL;2007;Country or economy;Europe;Europe;1;1;0;0;0;Electricity generation;Aggregate fuel;Hydro, Bioenergy and Other Renewables;TWh;4,91;0,88;21,84
Poland;POL;2007;Country or economy;Europe;Europe;1;1;0;0;0;Electricity generation;Aggregate fuel;Renewables;TWh;5,43;1,14;26,57
Poland;POL;2007;Country or economy;Europe;Europe;1;1;0;0;0;Electricity generation;Aggregate fuel;Wind and Solar;TWh;0,52;0,26;100
Poland;POL;2007;Country or economy;Europe;Europe;1;1;0;0;0;Electricity generation;Fuel;Bioenergy;%;1,61;;
Poland;POL;2007;Country or economy;Europe;Europe;1;1;0;0;0;Electricity generation;Fuel;Coal;%;90,85;;
Poland;POL;2007;Country or economy;Europe;Europe;1;1;0;0;0;Electricity generation;Fuel;Gas;%;2,83;;
Poland;POL;2007;Country or economy;Europe;Europe;1;1;0;0;0;Electricity generation;Fuel;Hydro;%;1,48;;
Poland;POL;2007;Country or economy;Europe;Europe;1;1;0;0;0;Electricity generation;Fuel;Nuclear;%;0;;
Poland;POL;2007;Country or economy;Europe;Europe;1;1;0;0;0;Electricity generation;Fuel;Other Fossil;%;2,9;;
Poland;POL;2007;Country or economy;Europe;Europe;1;1;0;0;0;Electricity generation;Fuel;Other Renewables;%;0;;
Poland;POL;2007;Country or economy;Europe;Europe;1;1;0;0;0;Electricity generation;Fuel;Solar;%;0;;
Poland;POL;2007;Country or economy;Europe;Europe;1;1;0;0;0;Electricity generation;Fuel;Wind;%;0,33;;
Poland;POL;2007;Country or economy;Europe;Europe;1;1;0;0;0;Electricity generation;Fuel;Bioenergy;TWh;2,56;0,57;28,64
Poland;POL;2007;Country or economy;Europe;Europe;1;1;0;0;0;Electricity generation;Fuel;Coal;TWh;144,01;-3;-2,04
Poland;POL;2007;Country or economy;Europe;Europe;1;1;0;0;0;Electricity generation;Fuel;Gas;TWh;4,48;-0,1;-2,18
Poland;POL;2007;Country or economy;Europe;Europe;1;1;0;0;0;Electricity generation;Fuel;Hydro;TWh;2,35;0,31;15,2
Poland;POL;2007;Country or economy;Europe;Europe;1;1;0;0;0;Electricity generation;Fuel;Nuclear;TWh;0;0;
Poland;POL;2007;Country or economy;Europe;Europe;1;1;0;0;0;Electricity generation;Fuel;Other Fossil;TWh;4,6;-0,22;-4,56
Poland;POL;2007;Country or economy;Europe;Europe;1;1;0;0;0;Electricity generation;Fuel;Other Renewables;TWh;0;0;
Poland;POL;2007;Country or economy;Europe;Europe;1;1;0;0;0;Electricity generation;Fuel;Solar;TWh;0;0;
Poland;POL;2007;Country or economy;Europe;Europe;1;1;0;0;0;Electricity generation;Fuel;Wind;TWh;0,52;0,26;100
Poland;POL;2007;Country or economy;Europe;Europe;1;1;0;0;0;Electricity generation;Total;Total Generation;TWh;158,52;-2,18;-1,36
Poland;POL;2008;Country or economy;Europe;Europe;1;1;0;0;0;Electricity generation;Aggregate fuel;Clean;%;4,27;;
Poland;POL;2008;Country or economy;Europe;Europe;1;1;0;0;0;Electricity generation;Aggregate fuel;Fossil;%;95,73;;
Poland;POL;2008;Country or economy;Europe;Europe;1;1;0;0;0;Electricity generation;Aggregate fuel;Gas and Other Fossil;%;5,83;;
Poland;POL;2008;Country or economy;Europe;Europe;1;1;0;0;0;Electricity generation;Aggregate fuel;Hydro, Bioenergy and Other Renewables;%;3,73;;
Poland;POL;2008;Country or economy;Europe;Europe;1;1;0;0;0;Electricity generation;Aggregate fuel;Renewables;%;4,27;;
Poland;POL;2008;Country or economy;Europe;Europe;1;1;0;0;0;Electricity generation;Aggregate fuel;Wind and Solar;%;0,54;;
Poland;POL;2008;Country or economy;Europe;Europe;1;1;0;0;0;Electricity generation;Aggregate fuel;Clean;TWh;6,61;1,18;21,73
Poland;POL;2008;Country or economy;Europe;Europe;1;1;0;0;0;Electricity generation;Aggregate fuel;Fossil;TWh;147,89;-5,2;-3,4
Poland;POL;2008;Country or economy;Europe;Europe;1;1;0;0;0;Electricity generation;Aggregate fuel;Gas and Other Fossil;TWh;9;-0,08;-0,88
Poland;POL;2008;Country or economy;Europe;Europe;1;1;0;0;0;Electricity generation;Aggregate fuel;Hydro, Bioenergy and Other Renewables;TWh;5,77;0,86;17,52
Poland;POL;2008;Country or economy;Europe;Europe;1;1;0;0;0;Electricity generation;Aggregate fuel;Renewables;TWh;6,61;1,18;21,73
Poland;POL;2008;Country or economy;Europe;Europe;1;1;0;0;0;Electricity generation;Aggregate fuel;Wind and Solar;TWh;0,84;0,32;61,54
Poland;POL;2008;Country or economy;Europe;Europe;1;1;0;0;0;Electricity generation;Fuel;Bioenergy;%;2,34;;
Poland;POL;2008;Country or economy;Europe;Europe;1;1;0;0;0;Electricity generation;Fuel;Coal;%;89,9;;
Poland;POL;2008;Country or economy;Europe;Europe;1;1;0;0;0;Electricity generation;Fuel;Gas;%;3,03;;
Poland;POL;2008;Country or economy;Europe;Europe;1;1;0;0;0;Electricity generation;Fuel;Hydro;%;1,39;;
Poland;POL;2008;Country or economy;Europe;Europe;1;1;0;0;0;Electricity generation;Fuel;Nuclear;%;0;;
Poland;POL;2008;Country or economy;Europe;Europe;1;1;0;0;0;Electricity generation;Fuel;Other Fossil;%;2,8;;
Poland;POL;2008;Country or economy;Europe;Europe;1;1;0;0;0;Electricity generation;Fuel;Other Renewables;%;0;;
Poland;POL;2008;Country or economy;Europe;Europe;1;1;0;0;0;Electricity generation;Fuel;Solar;%;0;;
Poland;POL;2008;Country or economy;Europe;Europe;1;1;0;0;0;Electricity generation;Fuel;Wind;%;0,54;;
Poland;POL;2008;Country or economy;Europe;Europe;1;1;0;0;0;Electricity generation;Fuel;Bioenergy;TWh;3,62;1,06;41,41
Poland;POL;2008;Country or economy;Europe;Europe;1;1;0;0;0;Electricity generation;Fuel;Coal;TWh;138,89;-5,12;-3,56
Poland;POL;2008;Country or economy;Europe;Europe;1;1;0;0;0;Electricity generation;Fuel;Gas;TWh;4,68;0,2;4,46
Poland;POL;2008;Country or economy;Europe;Europe;1;1;0;0;0;Electricity generation;Fuel;Hydro;TWh;2,15;-0,2;-8,51
Poland;POL;2008;Country or economy;Europe;Europe;1;1;0;0;0;Electricity generation;Fuel;Nuclear;TWh;0;0;
Poland;POL;2008;Country or economy;Europe;Europe;1;1;0;0;0;Electricity generation;Fuel;Other Fossil;TWh;4,32;-0,28;-6,09
Poland;POL;2008;Country or economy;Europe;Europe;1;1;0;0;0;Electricity generation;Fuel;Other Renewables;TWh;0;0;
Poland;POL;2008;Country or economy;Europe;Europe;1;1;0;0;0;Electricity generation;Fuel;Solar;TWh;0;0;
Poland;POL;2008;Country or economy;Europe;Europe;1;1;0;0;0;Electricity generation;Fuel;Wind;TWh;0,84;0,32;61,54
Poland;POL;2008;Country or economy;Europe;Europe;1;1;0;0;0;Electricity generation;Total;Total Generation;TWh;154,5;-4,02;-2,54
Poland;POL;2009;Country or economy;Europe;Europe;1;1;0;0;0;Electricity generation;Aggregate fuel;Clean;%;5,77;;
Poland;POL;2009;Country or economy;Europe;Europe;1;1;0;0;0;Electricity generation;Aggregate fuel;Fossil;%;94,24;;
Poland;POL;2009;Country or economy;Europe;Europe;1;1;0;0;0;Electricity generation;Aggregate fuel;Gas and Other Fossil;%;5,83;;
Poland;POL;2009;Country or economy;Europe;Europe;1;1;0;0;0;Electricity generation;Aggregate fuel;Hydro, Bioenergy and Other Renewables;%;5,05;;
Poland;POL;2009;Country or economy;Europe;Europe;1;1;0;0;0;Electricity generation;Aggregate fuel;Renewables;%;5,77;;
Poland;POL;2009;Country or economy;Europe;Europe;1;1;0;0;0;Electricity generation;Aggregate fuel;Wind and Solar;%;0,72;;
Poland;POL;2009;Country or economy;Europe;Europe;1;1;0;0;0;Electricity generation;Aggregate fuel;Clean;TWh;8,69;2,08;31,47
Poland;POL;2009;Country or economy;Europe;Europe;1;1;0;0;0;Electricity generation;Aggregate fuel;Fossil;TWh;142,17;-5,72;-3,87
Poland;POL;2009;Country or economy;Europe;Europe;1;1;0;0;0;Electricity generation;Aggregate fuel;Gas and Other Fossil;TWh;8,79;-0,21;-2,33
Poland;POL;2009;Country or economy;Europe;Europe;1;1;0;0;0;Electricity generation;Aggregate fuel;Hydro, Bioenergy and Other Renewables;TWh;7,61;1,84;31,89
Poland;POL;2009;Country or economy;Europe;Europe;1;1;0;0;0;Electricity generation;Aggregate fuel;Renewables;TWh;8,69;2,08;31,47
Poland;POL;2009;Country or economy;Europe;Europe;1;1;0;0;0;Electricity generation;Aggregate fuel;Wind and Solar;TWh;1,08;0,24;28,57
Poland;POL;2009;Country or economy;Europe;Europe;1;1;0;0;0;Electricity generation;Fuel;Bioenergy;%;3,47;;
Poland;POL;2009;Country or economy;Europe;Europe;1;1;0;0;0;Electricity generation;Fuel;Coal;%;88,41;;
Poland;POL;2009;Country or economy;Europe;Europe;1;1;0;0;0;Electricity generation;Fuel;Gas;%;3,18;;
Poland;POL;2009;Country or economy;Europe;Europe;1;1;0;0;0;Electricity generation;Fuel;Hydro;%;1,58;;
Poland;POL;2009;Country or economy;Europe;Europe;1;1;0;0;0;Electricity generation;Fuel;Nuclear;%;0;;
Poland;POL;2009;Country or economy;Europe;Europe;1;1;0;0;0;Electricity generation;Fuel;Other Fossil;%;2,65;;
Poland;POL;2009;Country or economy;Europe;Europe;1;1;0;0;0;Electricity generation;Fuel;Other Renewables;%;0;;
Poland;POL;2009;Country or economy;Europe;Europe;1;1;0;0;0;Electricity generation;Fuel;Solar;%;0;;
Poland;POL;2009;Country or economy;Europe;Europe;1;1;0;0;0;Electricity generation;Fuel;Wind;%;0,72;;
Poland;POL;2009;Country or economy;Europe;Europe;1;1;0;0;0;Electricity generation;Fuel;Bioenergy;TWh;5,23;1,61;44,48
Poland;POL;2009;Country or economy;Europe;Europe;1;1;0;0;0;Electricity generation;Fuel;Coal;TWh;133,38;-5,51;-3,97
Poland;POL;2009;Country or economy;Europe;Europe;1;1;0;0;0;Electricity generation;Fuel;Gas;TWh;4,79;0,11;2,35
Poland;POL;2009;Country or economy;Europe;Europe;1;1;0;0;0;Electricity generation;Fuel;Hydro;TWh;2,38;0,23;10,7
Poland;POL;2009;Country or economy;Europe;Europe;1;1;0;0;0;Electricity generation;Fuel;Nuclear;TWh;0;0;
Poland;POL;2009;Country or economy;Europe;Europe;1;1;0;0;0;Electricity generation;Fuel;Other Fossil;TWh;4;-0,32;-7,41
Poland;POL;2009;Country or economy;Europe;Europe;1;1;0;0;0;Electricity generation;Fuel;Other Renewables;TWh;0;0;
Poland;POL;2009;Country or economy;Europe;Europe;1;1;0;0;0;Electricity generation;Fuel;Solar;TWh;0;0;
Poland;POL;2009;Country or economy;Europe;Europe;1;1;0;0;0;Electricity generation;Fuel;Wind;TWh;1,08;0,24;28,57
Poland;POL;2009;Country or economy;Europe;Europe;1;1;0;0;0;Electricity generation;Total;Total Generation;TWh;150,86;-3,64;-2,36
Poland;POL;2010;Country or economy;Europe;Europe;1;1;0;0;0;Electricity generation;Aggregate fuel;Clean;%;6,94;;
Poland;POL;2010;Country or economy;Europe;Europe;1;1;0;0;0;Electricity generation;Aggregate fuel;Fossil;%;93,06;;
Poland;POL;2010;Country or economy;Europe;Europe;1;1;0;0;0;Electricity generation;Aggregate fuel;Gas and Other Fossil;%;5,98;;
Poland;POL;2010;Country or economy;Europe;Europe;1;1;0;0;0;Electricity generation;Aggregate fuel;Hydro, Bioenergy and Other Renewables;%;5,88;;
Poland;POL;2010;Country or economy;Europe;Europe;1;1;0;0;0;Electricity generation;Aggregate fuel;Renewables;%;6,94;;
Poland;POL;2010;Country or economy;Europe;Europe;1;1;0;0;0;Electricity generation;Aggregate fuel;Wind and Solar;%;1,06;;
Poland;POL;2010;Country or economy;Europe;Europe;1;1;0;0;0;Electricity generation;Aggregate fuel;Clean;TWh;10,88;2,19;25,2
Poland;POL;2010;Country or economy;Europe;Europe;1;1;0;0;0;Electricity generation;Aggregate fuel;Fossil;TWh;145,89;3,72;2,62
Poland;POL;2010;Country or economy;Europe;Europe;1;1;0;0;0;Electricity generation;Aggregate fuel;Gas and Other Fossil;TWh;9,38;0,59;6,71
Poland;POL;2010;Country or economy;Europe;Europe;1;1;0;0;0;Electricity generation;Aggregate fuel;Hydro, Bioenergy and Other Renewables;TWh;9,22;1,61;21,16
Poland;POL;2010;Country or economy;Europe;Europe;1;1;0;0;0;Electricity generation;Aggregate fuel;Renewables;TWh;10,88;2,19;25,2
Poland;POL;2010;Country or economy;Europe;Europe;1;1;0;0;0;Electricity generation;Aggregate fuel;Wind and Solar;TWh;1,66;0,58;53,7
Poland;POL;2010;Country or economy;Europe;Europe;1;1;0;0;0;Electricity generation;Fuel;Bioenergy;%;4,02;;
Poland;POL;2010;Country or economy;Europe;Europe;1;1;0;0;0;Electricity generation;Fuel;Coal;%;87,08;;
Poland;POL;2010;Country or economy;Europe;Europe;1;1;0;0;0;Electricity generation;Fuel;Gas;%;3,06;;
Poland;POL;2010;Country or economy;Europe;Europe;1;1;0;0;0;Electricity generation;Fuel;Hydro;%;1,86;;
Poland;POL;2010;Country or economy;Europe;Europe;1;1;0;0;0;Electricity generation;Fuel;Nuclear;%;0;;
Poland;POL;2010;Country or economy;Europe;Europe;1;1;0;0;0;Electricity generation;Fuel;Other Fossil;%;2,92;;
Poland;POL;2010;Country or economy;Europe;Europe;1;1;0;0;0;Electricity generation;Fuel;Other Renewables;%;0;;
Poland;POL;2010;Country or economy;Europe;Europe;1;1;0;0;0;Electricity generation;Fuel;Solar;%;0;;
Poland;POL;2010;Country or economy;Europe;Europe;1;1;0;0;0;Electricity generation;Fuel;Wind;%;1,06;;
Poland;POL;2010;Country or economy;Europe;Europe;1;1;0;0;0;Electricity generation;Fuel;Bioenergy;TWh;6,3;1,07;20,46
Poland;POL;2010;Country or economy;Europe;Europe;1;1;0;0;0;Electricity generation;Fuel;Coal;TWh;136,51;3,13;2,35
Poland;POL;2010;Country or economy;Europe;Europe;1;1;0;0;0;Electricity generation;Fuel;Gas;TWh;4,8;0,01;0,21
Poland;POL;2010;Country or economy;Europe;Europe;1;1;0;0;0;Electricity generation;Fuel;Hydro;TWh;2,92;0,54;22,69
Poland;POL;2010;Country or economy;Europe;Europe;1;1;0;0;0;Electricity generation;Fuel;Nuclear;TWh;0;0;
Poland;POL;2010;Country or economy;Europe;Europe;1;1;0;0;0;Electricity generation;Fuel;Other Fossil;TWh;4,58;0,58;14,5
Poland;POL;2010;Country or economy;Europe;Europe;1;1;0;0;0;Electricity generation;Fuel;Other Renewables;TWh;0;0;
Poland;POL;2010;Country or economy;Europe;Europe;1;1;0;0;0;Electricity generation;Fuel;Solar;TWh;0;0;
Poland;POL;2010;Country or economy;Europe;Europe;1;1;0;0;0;Electricity generation;Fuel;Wind;TWh;1,66;0,58;53,7
Poland;POL;2010;Country or economy;Europe;Europe;1;1;0;0;0;Electricity generation;Total;Total Generation;TWh;156,77;5,91;3,92
Poland;POL;2011;Country or economy;Europe;Europe;1;1;0;0;0;Electricity generation;Aggregate fuel;Clean;%;8,06;;
Poland;POL;2011;Country or economy;Europe;Europe;1;1;0;0;0;Electricity generation;Aggregate fuel;Fossil;%;91,93;;
Poland;POL;2011;Country or economy;Europe;Europe;1;1;0;0;0;Electricity generation;Aggregate fuel;Gas and Other Fossil;%;6,12;;
Poland;POL;2011;Country or economy;Europe;Europe;1;1;0;0;0;Electricity generation;Aggregate fuel;Hydro, Bioenergy and Other Renewables;%;6,1;;
Poland;POL;2011;Country or economy;Europe;Europe;1;1;0;0;0;Electricity generation;Aggregate fuel;Renewables;%;8,06;;
Poland;POL;2011;Country or economy;Europe;Europe;1;1;0;0;0;Electricity generation;Aggregate fuel;Wind and Solar;%;1,96;;
Poland;POL;2011;Country or economy;Europe;Europe;1;1;0;0;0;Electricity generation;Aggregate fuel;Clean;TWh;13,13;2,25;20,68
Poland;POL;2011;Country or economy;Europe;Europe;1;1;0;0;0;Electricity generation;Aggregate fuel;Fossil;TWh;149,74;3,85;2,64
Poland;POL;2011;Country or economy;Europe;Europe;1;1;0;0;0;Electricity generation;Aggregate fuel;Gas and Other Fossil;TWh;9,98;0,6;6,4
Poland;POL;2011;Country or economy;Europe;Europe;1;1;0;0;0;Electricity generation;Aggregate fuel;Hydro, Bioenergy and Other Renewables;TWh;9,93;0,71;7,7
Poland;POL;2011;Country or economy;Europe;Europe;1;1;0;0;0;Electricity generation;Aggregate fuel;Renewables;TWh;13,13;2,25;20,68
Poland;POL;2011;Country or economy;Europe;Europe;1;1;0;0;0;Electricity generation;Aggregate fuel;Wind and Solar;TWh;3,2;1,54;92,77
Poland;POL;2011;Country or economy;Europe;Europe;1;1;0;0;0;Electricity generation;Fuel;Bioenergy;%;4,67;;
Poland;POL;2011;Country or economy;Europe;Europe;1;1;0;0;0;Electricity generation;Fuel;Coal;%;85,81;;
Poland;POL;2011;Country or economy;Europe;Europe;1;1;0;0;0;Electricity generation;Fuel;Gas;%;3,57;;
Poland;POL;2011;Country or economy;Europe;Europe;1;1;0;0;0;Electricity generation;Fuel;Hydro;%;1,43;;
Poland;POL;2011;Country or economy;Europe;Europe;1;1;0;0;0;Electricity generation;Fuel;Nuclear;%;0;;
Poland;POL;2011;Country or economy;Europe;Europe;1;1;0;0;0;Electricity generation;Fuel;Other Fossil;%;2,55;;
Poland;POL;2011;Country or economy;Europe;Europe;1;1;0;0;0;Electricity generation;Fuel;Other Renewables;%;0;;
Poland;POL;2011;Country or economy;Europe;Europe;1;1;0;0;0;Electricity generation;Fuel;Solar;%;0;;
Poland;POL;2011;Country or economy;Europe;Europe;1;1;0;0;0;Electricity generation;Fuel;Wind;%;1,96;;
Poland;POL;2011;Country or economy;Europe;Europe;1;1;0;0;0;Electricity generation;Fuel;Bioenergy;TWh;7,6;1,3;20,63
Poland;POL;2011;Country or economy;Europe;Europe;1;1;0;0;0;Electricity generation;Fuel;Coal;TWh;139,76;3,25;2,38
Poland;POL;2011;Country or economy;Europe;Europe;1;1;0;0;0;Electricity generation;Fuel;Gas;TWh;5,82;1,02;21,25
Poland;POL;2011;Country or economy;Europe;Europe;1;1;0;0;0;Electricity generation;Fuel;Hydro;TWh;2,33;-0,59;-20,21
Poland;POL;2011;Country or economy;Europe;Europe;1;1;0;0;0;Electricity generation;Fuel;Nuclear;TWh;0;0;
Poland;POL;2011;Country or economy;Europe;Europe;1;1;0;0;0;Electricity generation;Fuel;Other Fossil;TWh;4,16;-0,42;-9,17
Poland;POL;2011;Country or economy;Europe;Europe;1;1;0;0;0;Electricity generation;Fuel;Other Renewables;TWh;0;0;
Poland;POL;2011;Country or economy;Europe;Europe;1;1;0;0;0;Electricity generation;Fuel;Solar;TWh;0;0;
Poland;POL;2011;Country or economy;Europe;Europe;1;1;0;0;0;Electricity generation;Fuel;Wind;TWh;3,2;1,54;92,77
Poland;POL;2011;Country or economy;Europe;Europe;1;1;0;0;0;Electricity generation;Total;Total Generation;TWh;162,87;6,1;3,89
Poland;POL;2012;Country or economy;Europe;Europe;1;1;0;0;0;Electricity generation;Aggregate fuel;Clean;%;10,45;;
Poland;POL;2012;Country or economy;Europe;Europe;1;1;0;0;0;Electricity generation;Aggregate fuel;Fossil;%;89,55;;
Poland;POL;2012;Country or economy;Europe;Europe;1;1;0;0;0;Electricity generation;Aggregate fuel;Gas and Other Fossil;%;6,21;;
Poland;POL;2012;Country or economy;Europe;Europe;1;1;0;0;0;Electricity generation;Aggregate fuel;Hydro, Bioenergy and Other Renewables;%;7,51;;
Poland;POL;2012;Country or economy;Europe;Europe;1;1;0;0;0;Electricity generation;Aggregate fuel;Renewables;%;10,45;;
Poland;POL;2012;Country or economy;Europe;Europe;1;1;0;0;0;Electricity generation;Aggregate fuel;Wind and Solar;%;2,94;;
Poland;POL;2012;Country or economy;Europe;Europe;1;1;0;0;0;Electricity generation;Aggregate fuel;Clean;TWh;16,88;3,75;28,56
Poland;POL;2012;Country or economy;Europe;Europe;1;1;0;0;0;Electricity generation;Aggregate fuel;Fossil;TWh;144,6;-5,14;-3,43
Poland;POL;2012;Country or economy;Europe;Europe;1;1;0;0;0;Electricity generation;Aggregate fuel;Gas and Other Fossil;TWh;10,03;0,05;0,5
Poland;POL;2012;Country or economy;Europe;Europe;1;1;0;0;0;Electricity generation;Aggregate fuel;Hydro, Bioenergy and Other Renewables;TWh;12,13;2,2;22,16
Poland;POL;2012;Country or economy;Europe;Europe;1;1;0;0;0;Electricity generation;Aggregate fuel;Renewables;TWh;16,88;3,75;28,56
Poland;POL;2012;Country or economy;Europe;Europe;1;1;0;0;0;Electricity generation;Aggregate fuel;Wind and Solar;TWh;4,75;1,55;48,44
Poland;POL;2012;Country or economy;Europe;Europe;1;1;0;0;0;Electricity generation;Fuel;Bioenergy;%;6,25;;
Poland;POL;2012;Country or economy;Europe;Europe;1;1;0;0;0;Electricity generation;Fuel;Coal;%;83,34;;
Poland;POL;2012;Country or economy;Europe;Europe;1;1;0;0;0;Electricity generation;Fuel;Gas;%;3,88;;
Poland;POL;2012;Country or economy;Europe;Europe;1;1;0;0;0;Electricity generation;Fuel;Hydro;%;1,26;;
Poland;POL;2012;Country or economy;Europe;Europe;1;1;0;0;0;Electricity generation;Fuel;Nuclear;%;0;;
Poland;POL;2012;Country or economy;Europe;Europe;1;1;0;0;0;Electricity generation;Fuel;Other Fossil;%;2,33;;
Poland;POL;2012;Country or economy;Europe;Europe;1;1;0;0;0;Electricity generation;Fuel;Other Renewables;%;0;;
Poland;POL;2012;Country or economy;Europe;Europe;1;1;0;0;0;Electricity generation;Fuel;Solar;%;0;;
Poland;POL;2012;Country or economy;Europe;Europe;1;1;0;0;0;Electricity generation;Fuel;Wind;%;2,94;;
Poland;POL;2012;Country or economy;Europe;Europe;1;1;0;0;0;Electricity generation;Fuel;Bioenergy;TWh;10,09;2,49;32,76
Poland;POL;2012;Country or economy;Europe;Europe;1;1;0;0;0;Electricity generation;Fuel;Coal;TWh;134,57;-5,19;-3,71
Poland;POL;2012;Country or economy;Europe;Europe;1;1;0;0;0;Electricity generation;Fuel;Gas;TWh;6,26;0,44;7,56
Poland;POL;2012;Country or economy;Europe;Europe;1;1;0;0;0;Electricity generation;Fuel;Hydro;TWh;2,04;-0,29;-12,45
Poland;POL;2012;Country or economy;Europe;Europe;1;1;0;0;0;Electricity generation;Fuel;Nuclear;TWh;0;0;
Poland;POL;2012;Country or economy;Europe;Europe;1;1;0;0;0;Electricity generation;Fuel;Other Fossil;TWh;3,77;-0,39;-9,38
Poland;POL;2012;Country or economy;Europe;Europe;1;1;0;0;0;Electricity generation;Fuel;Other Renewables;TWh;0;0;
Poland;POL;2012;Country or economy;Europe;Europe;1;1;0;0;0;Electricity generation;Fuel;Solar;TWh;0;0;
Poland;POL;2012;Country or economy;Europe;Europe;1;1;0;0;0;Electricity generation;Fuel;Wind;TWh;4,75;1,55;48,44
Poland;POL;2012;Country or economy;Europe;Europe;1;1;0;0;0;Electricity generation;Total;Total Generation;TWh;161,48;-1,39;-0,85
Poland;POL;2013;Country or economy;Europe;Europe;1;1;0;0;0;Electricity generation;Aggregate fuel;Clean;%;10,41;;
Poland;POL;2013;Country or economy;Europe;Europe;1;1;0;0;0;Electricity generation;Aggregate fuel;Fossil;%;89,59;;
Poland;POL;2013;Country or economy;Europe;Europe;1;1;0;0;0;Electricity generation;Aggregate fuel;Gas and Other Fossil;%;5,5;;
Poland;POL;2013;Country or economy;Europe;Europe;1;1;0;0;0;Electricity generation;Aggregate fuel;Hydro, Bioenergy and Other Renewables;%;6,75;;
Poland;POL;2013;Country or economy;Europe;Europe;1;1;0;0;0;Electricity generation;Aggregate fuel;Renewables;%;10,41;;
Poland;POL;2013;Country or economy;Europe;Europe;1;1;0;0;0;Electricity generation;Aggregate fuel;Wind and Solar;%;3,66;;
Poland;POL;2013;Country or economy;Europe;Europe;1;1;0;0;0;Electricity generation;Aggregate fuel;Clean;TWh;17,06;0,18;1,07
Poland;POL;2013;Country or economy;Europe;Europe;1;1;0;0;0;Electricity generation;Aggregate fuel;Fossil;TWh;146,72;2,12;1,47
Poland;POL;2013;Country or economy;Europe;Europe;1;1;0;0;0;Electricity generation;Aggregate fuel;Gas and Other Fossil;TWh;9;-1,03;-10,27
Poland;POL;2013;Country or economy;Europe;Europe;1;1;0;0;0;Electricity generation;Aggregate fuel;Hydro, Bioenergy and Other Renewables;TWh;11,06;-1,07;-8,82
Poland;POL;2013;Country or economy;Europe;Europe;1;1;0;0;0;Electricity generation;Aggregate fuel;Renewables;TWh;17,06;0,18;1,07
Poland;POL;2013;Country or economy;Europe;Europe;1;1;0;0;0;Electricity generation;Aggregate fuel;Wind and Solar;TWh;6;1,25;26,32
Poland;POL;2013;Country or economy;Europe;Europe;1;1;0;0;0;Electricity generation;Fuel;Bioenergy;%;5,26;;
Poland;POL;2013;Country or economy;Europe;Europe;1;1;0;0;0;Electricity generation;Fuel;Coal;%;84,09;;
Poland;POL;2013;Country or economy;Europe;Europe;1;1;0;0;0;Electricity generation;Fuel;Gas;%;3,22;;
Poland;POL;2013;Country or economy;Europe;Europe;1;1;0;0;0;Electricity generation;Fuel;Hydro;%;1,49;;
Poland;POL;2013;Country or economy;Europe;Europe;1;1;0;0;0;Electricity generation;Fuel;Nuclear;%;0;;
Poland;POL;2013;Country or economy;Europe;Europe;1;1;0;0;0;Electricity generation;Fuel;Other Fossil;%;2,28;;
Poland;POL;2013;Country or economy;Europe;Europe;1;1;0;0;0;Electricity generation;Fuel;Other Renewables;%;0;;
Poland;POL;2013;Country or economy;Europe;Europe;1;1;0;0;0;Electricity generation;Fuel;Solar;%;0;;
Poland;POL;2013;Country or economy;Europe;Europe;1;1;0;0;0;Electricity generation;Fuel;Wind;%;3,66;;
Poland;POL;2013;Country or economy;Europe;Europe;1;1;0;0;0;Electricity generation;Fuel;Bioenergy;TWh;8,62;-1,47;-14,57
Poland;POL;2013;Country or economy;Europe;Europe;1;1;0;0;0;Electricity generation;Fuel;Coal;TWh;137,72;3,15;2,34
Poland;POL;2013;Country or economy;Europe;Europe;1;1;0;0;0;Electricity generation;Fuel;Gas;TWh;5,27;-0,99;-15,81
Poland;POL;2013;Country or economy;Europe;Europe;1;1;0;0;0;Electricity generation;Fuel;Hydro;TWh;2,44;0,4;19,61
Poland;POL;2013;Country or economy;Europe;Europe;1;1;0;0;0;Electricity generation;Fuel;Nuclear;TWh;0;0;
Poland;POL;2013;Country or economy;Europe;Europe;1;1;0;0;0;Electricity generation;Fuel;Other Fossil;TWh;3,73;-0,04;-1,06
Poland;POL;2013;Country or economy;Europe;Europe;1;1;0;0;0;Electricity generation;Fuel;Other Renewables;TWh;0;0;
Poland;POL;2013;Country or economy;Europe;Europe;1;1;0;0;0;Electricity generation;Fuel;Solar;TWh;0;0;
Poland;POL;2013;Country or economy;Europe;Europe;1;1;0;0;0;Electricity generation;Fuel;Wind;TWh;6;1,25;26,32
Poland;POL;2013;Country or economy;Europe;Europe;1;1;0;0;0;Electricity generation;Total;Total Generation;TWh;163,78;2,3;1,42
Poland;POL;2014;Country or economy;Europe;Europe;1;1;0;0;0;Electricity generation;Aggregate fuel;Clean;%;12,54;;
Poland;POL;2014;Country or economy;Europe;Europe;1;1;0;0;0;Electricity generation;Aggregate fuel;Fossil;%;87,47;;
Poland;POL;2014;Country or economy;Europe;Europe;1;1;0;0;0;Electricity generation;Aggregate fuel;Gas and Other Fossil;%;5,68;;
Poland;POL;2014;Country or economy;Europe;Europe;1;1;0;0;0;Electricity generation;Aggregate fuel;Hydro, Bioenergy and Other Renewables;%;7,68;;
Poland;POL;2014;Country or economy;Europe;Europe;1;1;0;0;0;Electricity generation;Aggregate fuel;Renewables;%;12,54;;
Poland;POL;2014;Country or economy;Europe;Europe;1;1;0;0;0;Electricity generation;Aggregate fuel;Wind and Solar;%;4,86;;
Poland;POL;2014;Country or economy;Europe;Europe;1;1;0;0;0;Electricity generation;Aggregate fuel;Clean;TWh;19,85;2,79;16,35
Poland;POL;2014;Country or economy;Europe;Europe;1;1;0;0;0;Electricity generation;Aggregate fuel;Fossil;TWh;138,5;-8,22;-5,6
Poland;POL;2014;Country or economy;Europe;Europe;1;1;0;0;0;Electricity generation;Aggregate fuel;Gas and Other Fossil;TWh;8,98;-0,02;-0,22
Poland;POL;2014;Country or economy;Europe;Europe;1;1;0;0;0;Electricity generation;Aggregate fuel;Hydro, Bioenergy and Other Renewables;TWh;12,16;1,1;9,95
Poland;POL;2014;Country or economy;Europe;Europe;1;1;0;0;0;Electricity generation;Aggregate fuel;Renewables;TWh;19,85;2,79;16,35
Poland;POL;2014;Country or economy;Europe;Europe;1;1;0;0;0;Electricity generation;Aggregate fuel;Wind and Solar;TWh;7,69;1,69;28,17
Poland;POL;2014;Country or economy;Europe;Europe;1;1;0;0;0;Electricity generation;Fuel;Bioenergy;%;6,3;;
Poland;POL;2014;Country or economy;Europe;Europe;1;1;0;0;0;Electricity generation;Fuel;Coal;%;81,79;;
Poland;POL;2014;Country or economy;Europe;Europe;1;1;0;0;0;Electricity generation;Fuel;Gas;%;3,37;;
Poland;POL;2014;Country or economy;Europe;Europe;1;1;0;0;0;Electricity generation;Fuel;Hydro;%;1,38;;
Poland;POL;2014;Country or economy;Europe;Europe;1;1;0;0;0;Electricity generation;Fuel;Nuclear;%;0;;
Poland;POL;2014;Country or economy;Europe;Europe;1;1;0;0;0;Electricity generation;Fuel;Other Fossil;%;2,31;;
Poland;POL;2014;Country or economy;Europe;Europe;1;1;0;0;0;Electricity generation;Fuel;Other Renewables;%;0;;
Poland;POL;2014;Country or economy;Europe;Europe;1;1;0;0;0;Electricity generation;Fuel;Solar;%;0,01;;
Poland;POL;2014;Country or economy;Europe;Europe;1;1;0;0;0;Electricity generation;Fuel;Wind;%;4,85;;
Poland;POL;2014;Country or economy;Europe;Europe;1;1;0;0;0;Electricity generation;Fuel;Bioenergy;TWh;9,98;1,36;15,78
Poland;POL;2014;Country or economy;Europe;Europe;1;1;0;0;0;Electricity generation;Fuel;Coal;TWh;129,52;-8,2;-5,95
Poland;POL;2014;Country or economy;Europe;Europe;1;1;0;0;0;Electricity generation;Fuel;Gas;TWh;5,33;0,06;1,14
Poland;POL;2014;Country or economy;Europe;Europe;1;1;0;0;0;Electricity generation;Fuel;Hydro;TWh;2,18;-0,26;-10,66
Poland;POL;2014;Country or economy;Europe;Europe;1;1;0;0;0;Electricity generation;Fuel;Nuclear;TWh;0;0;
Poland;POL;2014;Country or economy;Europe;Europe;1;1;0;0;0;Electricity generation;Fuel;Other Fossil;TWh;3,65;-0,08;-2,14
Poland;POL;2014;Country or economy;Europe;Europe;1;1;0;0;0;Electricity generation;Fuel;Other Renewables;TWh;0;0;
Poland;POL;2014;Country or economy;Europe;Europe;1;1;0;0;0;Electricity generation;Fuel;Solar;TWh;0,01;0,01;
Poland;POL;2014;Country or economy;Europe;Europe;1;1;0;0;0;Electricity generation;Fuel;Wind;TWh;7,68;1,68;28
Poland;POL;2014;Country or economy;Europe;Europe;1;1;0;0;0;Electricity generation;Total;Total Generation;TWh;158,35;-5,43;-3,32
Poland;POL;2015;Country or economy;Europe;Europe;1;1;0;0;0;Electricity generation;Aggregate fuel;Clean;%;13,81;;
Poland;POL;2015;Country or economy;Europe;Europe;1;1;0;0;0;Electricity generation;Aggregate fuel;Fossil;%;86,19;;
Poland;POL;2015;Country or economy;Europe;Europe;1;1;0;0;0;Electricity generation;Aggregate fuel;Gas and Other Fossil;%;6,75;;
Poland;POL;2015;Country or economy;Europe;Europe;1;1;0;0;0;Electricity generation;Aggregate fuel;Hydro, Bioenergy and Other Renewables;%;7,16;;
Poland;POL;2015;Country or economy;Europe;Europe;1;1;0;0;0;Electricity generation;Aggregate fuel;Renewables;%;13,81;;
Poland;POL;2015;Country or economy;Europe;Europe;1;1;0;0;0;Electricity generation;Aggregate fuel;Wind and Solar;%;6,65;;
Poland;POL;2015;Country or economy;Europe;Europe;1;1;0;0;0;Electricity generation;Aggregate fuel;Clean;TWh;22,69;2,84;14,31
Poland;POL;2015;Country or economy;Europe;Europe;1;1;0;0;0;Electricity generation;Aggregate fuel;Fossil;TWh;141,61;3,11;2,25
Poland;POL;2015;Country or economy;Europe;Europe;1;1;0;0;0;Electricity generation;Aggregate fuel;Gas and Other Fossil;TWh;11,09;2,11;23,5
Poland;POL;2015;Country or economy;Europe;Europe;1;1;0;0;0;Electricity generation;Aggregate fuel;Hydro, Bioenergy and Other Renewables;TWh;11,77;-0,39;-3,21
Poland;POL;2015;Country or economy;Europe;Europe;1;1;0;0;0;Electricity generation;Aggregate fuel;Renewables;TWh;22,69;2,84;14,31
Poland;POL;2015;Country or economy;Europe;Europe;1;1;0;0;0;Electricity generation;Aggregate fuel;Wind and Solar;TWh;10,92;3,23;42
Poland;POL;2015;Country or economy;Europe;Europe;1;1;0;0;0;Electricity generation;Fuel;Bioenergy;%;6,05;;
Poland;POL;2015;Country or economy;Europe;Europe;1;1;0;0;0;Electricity generation;Fuel;Coal;%;79,44;;
Poland;POL;2015;Country or economy;Europe;Europe;1;1;0;0;0;Electricity generation;Fuel;Gas;%;3,89;;
Poland;POL;2015;Country or economy;Europe;Europe;1;1;0;0;0;Electricity generation;Fuel;Hydro;%;1,11;;
Poland;POL;2015;Country or economy;Europe;Europe;1;1;0;0;0;Electricity generation;Fuel;Nuclear;%;0;;
Poland;POL;2015;Country or economy;Europe;Europe;1;1;0;0;0;Electricity generation;Fuel;Other Fossil;%;2,86;;
Poland;POL;2015;Country or economy;Europe;Europe;1;1;0;0;0;Electricity generation;Fuel;Other Renewables;%;0;;
Poland;POL;2015;Country or economy;Europe;Europe;1;1;0;0;0;Electricity generation;Fuel;Solar;%;0,04;;
Poland;POL;2015;Country or economy;Europe;Europe;1;1;0;0;0;Electricity generation;Fuel;Wind;%;6,61;;
Poland;POL;2015;Country or economy;Europe;Europe;1;1;0;0;0;Electricity generation;Fuel;Bioenergy;TWh;9,94;-0,04;-0,4
Poland;POL;2015;Country or economy;Europe;Europe;1;1;0;0;0;Electricity generation;Fuel;Coal;TWh;130,52;1;0,77
Poland;POL;2015;Country or economy;Europe;Europe;1;1;0;0;0;Electricity generation;Fuel;Gas;TWh;6,39;1,06;19,89
Poland;POL;2015;Country or economy;Europe;Europe;1;1;0;0;0;Electricity generation;Fuel;Hydro;TWh;1,83;-0,35;-16,06
Poland;POL;2015;Country or economy;Europe;Europe;1;1;0;0;0;Electricity generation;Fuel;Nuclear;TWh;0;0;
Poland;POL;2015;Country or economy;Europe;Europe;1;1;0;0;0;Electricity generation;Fuel;Other Fossil;TWh;4,7;1,05;28,77
Poland;POL;2015;Country or economy;Europe;Europe;1;1;0;0;0;Electricity generation;Fuel;Other Renewables;TWh;0;0;
Poland;POL;2015;Country or economy;Europe;Europe;1;1;0;0;0;Electricity generation;Fuel;Solar;TWh;0,06;0,05;500
Poland;POL;2015;Country or economy;Europe;Europe;1;1;0;0;0;Electricity generation;Fuel;Wind;TWh;10,86;3,18;41,41
Poland;POL;2015;Country or economy;Europe;Europe;1;1;0;0;0;Electricity generation;Total;Total Generation;TWh;164,3;5,95;3,76
Poland;POL;2016;Country or economy;Europe;Europe;1;1;0;0;0;Electricity generation;Aggregate fuel;Clean;%;13,74;;
Poland;POL;2016;Country or economy;Europe;Europe;1;1;0;0;0;Electricity generation;Aggregate fuel;Fossil;%;86,27;;
Poland;POL;2016;Country or economy;Europe;Europe;1;1;0;0;0;Electricity generation;Aggregate fuel;Gas and Other Fossil;%;7,76;;
Poland;POL;2016;Country or economy;Europe;Europe;1;1;0;0;0;Electricity generation;Aggregate fuel;Hydro, Bioenergy and Other Renewables;%;6,09;;
Poland;POL;2016;Country or economy;Europe;Europe;1;1;0;0;0;Electricity generation;Aggregate fuel;Renewables;%;13,74;;
Poland;POL;2016;Country or economy;Europe;Europe;1;1;0;0;0;Electricity generation;Aggregate fuel;Wind and Solar;%;7,65;;
Poland;POL;2016;Country or economy;Europe;Europe;1;1;0;0;0;Electricity generation;Aggregate fuel;Clean;TWh;22,81;0,12;0,53
Poland;POL;2016;Country or economy;Europe;Europe;1;1;0;0;0;Electricity generation;Aggregate fuel;Fossil;TWh;143,19;1,58;1,12
Poland;POL;2016;Country or economy;Europe;Europe;1;1;0;0;0;Electricity generation;Aggregate fuel;Gas and Other Fossil;TWh;12,87;1,78;16,05
Poland;POL;2016;Country or economy;Europe;Europe;1;1;0;0;0;Electricity generation;Aggregate fuel;Hydro, Bioenergy and Other Renewables;TWh;10,1;-1,67;-14,19
Poland;POL;2016;Country or economy;Europe;Europe;1;1;0;0;0;Electricity generation;Aggregate fuel;Renewables;TWh;22,81;0,12;0,53
Poland;POL;2016;Country or economy;Europe;Europe;1;1;0;0;0;Electricity generation;Aggregate fuel;Wind and Solar;TWh;12,71;1,79;16,39
Poland;POL;2016;Country or economy;Europe;Europe;1;1;0;0;0;Electricity generation;Fuel;Bioenergy;%;4,8;;
Poland;POL;2016;Country or economy;Europe;Europe;1;1;0;0;0;Electricity generation;Fuel;Coal;%;78,51;;
Poland;POL;2016;Country or economy;Europe;Europe;1;1;0;0;0;Electricity generation;Fuel;Gas;%;4,72;;
Poland;POL;2016;Country or economy;Europe;Europe;1;1;0;0;0;Electricity generation;Fuel;Hydro;%;1,29;;
Poland;POL;2016;Country or economy;Europe;Europe;1;1;0;0;0;Electricity generation;Fuel;Nuclear;%;0;;
Poland;POL;2016;Country or economy;Europe;Europe;1;1;0;0;0;Electricity generation;Fuel;Other Fossil;%;3,04;;
Poland;POL;2016;Country or economy;Europe;Europe;1;1;0;0;0;Electricity generation;Fuel;Other Renewables;%;0;;
Poland;POL;2016;Country or economy;Europe;Europe;1;1;0;0;0;Electricity generation;Fuel;Solar;%;0,07;;
Poland;POL;2016;Country or economy;Europe;Europe;1;1;0;0;0;Electricity generation;Fuel;Wind;%;7,58;;
Poland;POL;2016;Country or economy;Europe;Europe;1;1;0;0;0;Electricity generation;Fuel;Bioenergy;TWh;7,96;-1,98;-19,92
Poland;POL;2016;Country or economy;Europe;Europe;1;1;0;0;0;Electricity generation;Fuel;Coal;TWh;130,32;-0,2;-0,15
Poland;POL;2016;Country or economy;Europe;Europe;1;1;0;0;0;Electricity generation;Fuel;Gas;TWh;7,83;1,44;22,54
Poland;POL;2016;Country or economy;Europe;Europe;1;1;0;0;0;Electricity generation;Fuel;Hydro;TWh;2,14;0,31;16,94
Poland;POL;2016;Country or economy;Europe;Europe;1;1;0;0;0;Electricity generation;Fuel;Nuclear;TWh;0;0;
Poland;POL;2016;Country or economy;Europe;Europe;1;1;0;0;0;Electricity generation;Fuel;Other Fossil;TWh;5,04;0,34;7,23
Poland;POL;2016;Country or economy;Europe;Europe;1;1;0;0;0;Electricity generation;Fuel;Other Renewables;TWh;0;0;
Poland;POL;2016;Country or economy;Europe;Europe;1;1;0;0;0;Electricity generation;Fuel;Solar;TWh;0,12;0,06;100
Poland;POL;2016;Country or economy;Europe;Europe;1;1;0;0;0;Electricity generation;Fuel;Wind;TWh;12,59;1,73;15,93
Poland;POL;2016;Country or economy;Europe;Europe;1;1;0;0;0;Electricity generation;Total;Total Generation;TWh;166;1,7;1,03
Poland;POL;2017;Country or economy;Europe;Europe;1;1;0;0;0;Electricity generation;Aggregate fuel;Clean;%;14,21;;
Poland;POL;2017;Country or economy;Europe;Europe;1;1;0;0;0;Electricity generation;Aggregate fuel;Fossil;%;85,79;;
Poland;POL;2017;Country or economy;Europe;Europe;1;1;0;0;0;Electricity generation;Aggregate fuel;Gas and Other Fossil;%;8,6;;
Poland;POL;2017;Country or economy;Europe;Europe;1;1;0;0;0;Electricity generation;Aggregate fuel;Hydro, Bioenergy and Other Renewables;%;5,33;;
Poland;POL;2017;Country or economy;Europe;Europe;1;1;0;0;0;Electricity generation;Aggregate fuel;Renewables;%;14,21;;
Poland;POL;2017;Country or economy;Europe;Europe;1;1;0;0;0;Electricity generation;Aggregate fuel;Wind and Solar;%;8,88;;
Poland;POL;2017;Country or economy;Europe;Europe;1;1;0;0;0;Electricity generation;Aggregate fuel;Clean;TWh;24,13;1,32;5,79
Poland;POL;2017;Country or economy;Europe;Europe;1;1;0;0;0;Electricity generation;Aggregate fuel;Fossil;TWh;145,78;2,59;1,81
Poland;POL;2017;Country or economy;Europe;Europe;1;1;0;0;0;Electricity generation;Aggregate fuel;Gas and Other Fossil;TWh;14,62;1,75;13,6
Poland;POL;2017;Country or economy;Europe;Europe;1;1;0;0;0;Electricity generation;Aggregate fuel;Hydro, Bioenergy and Other Renewables;TWh;9,05;-1,05;-10,4
Poland;POL;2017;Country or economy;Europe;Europe;1;1;0;0;0;Electricity generation;Aggregate fuel;Renewables;TWh;24,13;1,32;5,79
Poland;POL;2017;Country or economy;Europe;Europe;1;1;0;0;0;Electricity generation;Aggregate fuel;Wind and Solar;TWh;15,08;2,37;18,65
Poland;POL;2017;Country or economy;Europe;Europe;1;1;0;0;0;Electricity generation;Fuel;Bioenergy;%;3,82;;
Poland;POL;2017;Country or economy;Europe;Europe;1;1;0;0;0;Electricity generation;Fuel;Coal;%;77,19;;
Poland;POL;2017;Country or economy;Europe;Europe;1;1;0;0;0;Electricity generation;Fuel;Gas;%;5,9;;
Poland;POL;2017;Country or economy;Europe;Europe;1;1;0;0;0;Electricity generation;Fuel;Hydro;%;1,51;;
Poland;POL;2017;Country or economy;Europe;Europe;1;1;0;0;0;Electricity generation;Fuel;Nuclear;%;0;;
Poland;POL;2017;Country or economy;Europe;Europe;1;1;0;0;0;Electricity generation;Fuel;Other Fossil;%;2,7;;
Poland;POL;2017;Country or economy;Europe;Europe;1;1;0;0;0;Electricity generation;Fuel;Other Renewables;%;0;;
Poland;POL;2017;Country or economy;Europe;Europe;1;1;0;0;0;Electricity generation;Fuel;Solar;%;0,1;;
Poland;POL;2017;Country or economy;Europe;Europe;1;1;0;0;0;Electricity generation;Fuel;Wind;%;8,78;;
Poland;POL;2017;Country or economy;Europe;Europe;1;1;0;0;0;Electricity generation;Fuel;Bioenergy;TWh;6,49;-1,47;-18,47
Poland;POL;2017;Country or economy;Europe;Europe;1;1;0;0;0;Electricity generation;Fuel;Coal;TWh;131,16;0,84;0,64
Poland;POL;2017;Country or economy;Europe;Europe;1;1;0;0;0;Electricity generation;Fuel;Gas;TWh;10,03;2,2;28,1
Poland;POL;2017;Country or economy;Europe;Europe;1;1;0;0;0;Electricity generation;Fuel;Hydro;TWh;2,56;0,42;19,63
Poland;POL;2017;Country or economy;Europe;Europe;1;1;0;0;0;Electricity generation;Fuel;Nuclear;TWh;0;0;
Poland;POL;2017;Country or economy;Europe;Europe;1;1;0;0;0;Electricity generation;Fuel;Other Fossil;TWh;4,59;-0,45;-8,93
Poland;POL;2017;Country or economy;Europe;Europe;1;1;0;0;0;Electricity generation;Fuel;Other Renewables;TWh;0;0;
Poland;POL;2017;Country or economy;Europe;Europe;1;1;0;0;0;Electricity generation;Fuel;Solar;TWh;0,17;0,05;41,67
Poland;POL;2017;Country or economy;Europe;Europe;1;1;0;0;0;Electricity generation;Fuel;Wind;TWh;14,91;2,32;18,43
Poland;POL;2017;Country or economy;Europe;Europe;1;1;0;0;0;Electricity generation;Total;Total Generation;TWh;169,91;3,91;2,36
Poland;POL;2018;Country or economy;Europe;Europe;1;1;0;0;0;Electricity generation;Aggregate fuel;Clean;%;12,76;;
Poland;POL;2018;Country or economy;Europe;Europe;1;1;0;0;0;Electricity generation;Aggregate fuel;Fossil;%;87,24;;
Poland;POL;2018;Country or economy;Europe;Europe;1;1;0;0;0;Electricity generation;Aggregate fuel;Gas and Other Fossil;%;10,18;;
Poland;POL;2018;Country or economy;Europe;Europe;1;1;0;0;0;Electricity generation;Aggregate fuel;Hydro, Bioenergy and Other Renewables;%;5,03;;
Poland;POL;2018;Country or economy;Europe;Europe;1;1;0;0;0;Electricity generation;Aggregate fuel;Renewables;%;12,76;;
Poland;POL;2018;Country or economy;Europe;Europe;1;1;0;0;0;Electricity generation;Aggregate fuel;Wind and Solar;%;7,73;;
Poland;POL;2018;Country or economy;Europe;Europe;1;1;0;0;0;Electricity generation;Aggregate fuel;Clean;TWh;21,62;-2,51;-10,4
Poland;POL;2018;Country or economy;Europe;Europe;1;1;0;0;0;Electricity generation;Aggregate fuel;Fossil;TWh;147,81;2,03;1,39
Poland;POL;2018;Country or economy;Europe;Europe;1;1;0;0;0;Electricity generation;Aggregate fuel;Gas and Other Fossil;TWh;17,25;2,63;17,99
Poland;POL;2018;Country or economy;Europe;Europe;1;1;0;0;0;Electricity generation;Aggregate fuel;Hydro, Bioenergy and Other Renewables;TWh;8,52;-0,53;-5,86
Poland;POL;2018;Country or economy;Europe;Europe;1;1;0;0;0;Electricity generation;Aggregate fuel;Renewables;TWh;21,62;-2,51;-10,4
Poland;POL;2018;Country or economy;Europe;Europe;1;1;0;0;0;Electricity generation;Aggregate fuel;Wind and Solar;TWh;13,1;-1,98;-13,13
Poland;POL;2018;Country or economy;Europe;Europe;1;1;0;0;0;Electricity generation;Fuel;Bioenergy;%;3,87;;
Poland;POL;2018;Country or economy;Europe;Europe;1;1;0;0;0;Electricity generation;Fuel;Coal;%;77,06;;
Poland;POL;2018;Country or economy;Europe;Europe;1;1;0;0;0;Electricity generation;Fuel;Gas;%;7,45;;
Poland;POL;2018;Country or economy;Europe;Europe;1;1;0;0;0;Electricity generation;Fuel;Hydro;%;1,16;;
Poland;POL;2018;Country or economy;Europe;Europe;1;1;0;0;0;Electricity generation;Fuel;Nuclear;%;0;;
Poland;POL;2018;Country or economy;Europe;Europe;1;1;0;0;0;Electricity generation;Fuel;Other Fossil;%;2,73;;
Poland;POL;2018;Country or economy;Europe;Europe;1;1;0;0;0;Electricity generation;Fuel;Other Renewables;%;0;;
Poland;POL;2018;Country or economy;Europe;Europe;1;1;0;0;0;Electricity generation;Fuel;Solar;%;0,18;;
Poland;POL;2018;Country or economy;Europe;Europe;1;1;0;0;0;Electricity generation;Fuel;Wind;%;7,55;;
Poland;POL;2018;Country or economy;Europe;Europe;1;1;0;0;0;Electricity generation;Fuel;Bioenergy;TWh;6,55;0,06;0,92
Poland;POL;2018;Country or economy;Europe;Europe;1;1;0;0;0;Electricity generation;Fuel;Coal;TWh;130,56;-0,6;-0,46
Poland;POL;2018;Country or economy;Europe;Europe;1;1;0;0;0;Electricity generation;Fuel;Gas;TWh;12,63;2,6;25,92
Poland;POL;2018;Country or economy;Europe;Europe;1;1;0;0;0;Electricity generation;Fuel;Hydro;TWh;1,97;-0,59;-23,05
Poland;POL;2018;Country or economy;Europe;Europe;1;1;0;0;0;Electricity generation;Fuel;Nuclear;TWh;0;0;
Poland;POL;2018;Country or economy;Europe;Europe;1;1;0;0;0;Electricity generation;Fuel;Other Fossil;TWh;4,62;0,03;0,65
Poland;POL;2018;Country or economy;Europe;Europe;1;1;0;0;0;Electricity generation;Fuel;Other Renewables;TWh;0;0;
Poland;POL;2018;Country or economy;Europe;Europe;1;1;0;0;0;Electricity generation;Fuel;Solar;TWh;0,3;0,13;76,47
Poland;POL;2018;Country or economy;Europe;Europe;1;1;0;0;0;Electricity generation;Fuel;Wind;TWh;12,8;-2,11;-14,15
Poland;POL;2018;Country or economy;Europe;Europe;1;1;0;0;0;Electricity generation;Total;Total Generation;TWh;169,43;-0,48;-0,28
Poland;POL;2019;Country or economy;Europe;Europe;1;1;0;0;0;Electricity generation;Aggregate fuel;Clean;%;15,6;;
Poland;POL;2019;Country or economy;Europe;Europe;1;1;0;0;0;Electricity generation;Aggregate fuel;Fossil;%;84,4;;
Poland;POL;2019;Country or economy;Europe;Europe;1;1;0;0;0;Electricity generation;Aggregate fuel;Gas and Other Fossil;%;12,02;;
Poland;POL;2019;Country or economy;Europe;Europe;1;1;0;0;0;Electricity generation;Aggregate fuel;Hydro, Bioenergy and Other Renewables;%;5,91;;
Poland;POL;2019;Country or economy;Europe;Europe;1;1;0;0;0;Electricity generation;Aggregate fuel;Renewables;%;15,6;;
Poland;POL;2019;Country or economy;Europe;Europe;1;1;0;0;0;Electricity generation;Aggregate fuel;Wind and Solar;%;9,69;;
Poland;POL;2019;Country or economy;Europe;Europe;1;1;0;0;0;Electricity generation;Aggregate fuel;Clean;TWh;25,46;3,84;17,76
Poland;POL;2019;Country or economy;Europe;Europe;1;1;0;0;0;Electricity generation;Aggregate fuel;Fossil;TWh;137,76;-10,05;-6,8
Poland;POL;2019;Country or economy;Europe;Europe;1;1;0;0;0;Electricity generation;Aggregate fuel;Gas and Other Fossil;TWh;19,62;2,37;13,74
Poland;POL;2019;Country or economy;Europe;Europe;1;1;0;0;0;Electricity generation;Aggregate fuel;Hydro, Bioenergy and Other Renewables;TWh;9,64;1,12;13,15
Poland;POL;2019;Country or economy;Europe;Europe;1;1;0;0;0;Electricity generation;Aggregate fuel;Renewables;TWh;25,46;3,84;17,76
Poland;POL;2019;Country or economy;Europe;Europe;1;1;0;0;0;Electricity generation;Aggregate fuel;Wind and Solar;TWh;15,82;2,72;20,76
Poland;POL;2019;Country or economy;Europe;Europe;1;1;0;0;0;Electricity generation;Fuel;Bioenergy;%;4,71;;
Poland;POL;2019;Country or economy;Europe;Europe;1;1;0;0;0;Electricity generation;Fuel;Coal;%;72,38;;
Poland;POL;2019;Country or economy;Europe;Europe;1;1;0;0;0;Electricity generation;Fuel;Gas;%;9,07;;
Poland;POL;2019;Country or economy;Europe;Europe;1;1;0;0;0;Electricity generation;Fuel;Hydro;%;1,2;;
Poland;POL;2019;Country or economy;Europe;Europe;1;1;0;0;0;Electricity generation;Fuel;Nuclear;%;0;;
Poland;POL;2019;Country or economy;Europe;Europe;1;1;0;0;0;Electricity generation;Fuel;Other Fossil;%;2,95;;
Poland;POL;2019;Country or economy;Europe;Europe;1;1;0;0;0;Electricity generation;Fuel;Other Renewables;%;0;;
Poland;POL;2019;Country or economy;Europe;Europe;1;1;0;0;0;Electricity generation;Fuel;Solar;%;0,43;;
Poland;POL;2019;Country or economy;Europe;Europe;1;1;0;0;0;Electricity generation;Fuel;Wind;%;9,26;;
Poland;POL;2019;Country or economy;Europe;Europe;1;1;0;0;0;Electricity generation;Fuel;Bioenergy;TWh;7,68;1,13;17,25
Poland;POL;2019;Country or economy;Europe;Europe;1;1;0;0;0;Electricity generation;Fuel;Coal;TWh;118,14;-12,42;-9,51
Poland;POL;2019;Country or economy;Europe;Europe;1;1;0;0;0;Electricity generation;Fuel;Gas;TWh;14,8;2,17;17,18
Poland;POL;2019;Country or economy;Europe;Europe;1;1;0;0;0;Electricity generation;Fuel;Hydro;TWh;1,96;-0,01;-0,51
Poland;POL;2019;Country or economy;Europe;Europe;1;1;0;0;0;Electricity generation;Fuel;Nuclear;TWh;0;0;
Poland;POL;2019;Country or economy;Europe;Europe;1;1;0;0;0;Electricity generation;Fuel;Other Fossil;TWh;4,82;0,2;4,33
Poland;POL;2019;Country or economy;Europe;Europe;1;1;0;0;0;Electricity generation;Fuel;Other Renewables;TWh;0;0;
Poland;POL;2019;Country or economy;Europe;Europe;1;1;0;0;0;Electricity generation;Fuel;Solar;TWh;0,71;0,41;136,67
Poland;POL;2019;Country or economy;Europe;Europe;1;1;0;0;0;Electricity generation;Fuel;Wind;TWh;15,11;2,31;18,05
Poland;POL;2019;Country or economy;Europe;Europe;1;1;0;0;0;Electricity generation;Total;Total Generation;TWh;163,22;-6,21;-3,67
Poland;POL;2020;Country or economy;Europe;Europe;1;1;0;0;0;Electricity generation;Aggregate fuel;Clean;%;17,96;;
Poland;POL;2020;Country or economy;Europe;Europe;1;1;0;0;0;Electricity generation;Aggregate fuel;Fossil;%;82,03;;
Poland;POL;2020;Country or economy;Europe;Europe;1;1;0;0;0;Electricity generation;Aggregate fuel;Gas and Other Fossil;%;13,69;;
Poland;POL;2020;Country or economy;Europe;Europe;1;1;0;0;0;Electricity generation;Aggregate fuel;Hydro, Bioenergy and Other Renewables;%;6,66;;
Poland;POL;2020;Country or economy;Europe;Europe;1;1;0;0;0;Electricity generation;Aggregate fuel;Renewables;%;17,96;;
Poland;POL;2020;Country or economy;Europe;Europe;1;1;0;0;0;Electricity generation;Aggregate fuel;Wind and Solar;%;11,3;;
Poland;POL;2020;Country or economy;Europe;Europe;1;1;0;0;0;Electricity generation;Aggregate fuel;Clean;TWh;28,23;2,77;10,88
Poland;POL;2020;Country or economy;Europe;Europe;1;1;0;0;0;Electricity generation;Aggregate fuel;Fossil;TWh;128,92;-8,84;-6,42
Poland;POL;2020;Country or economy;Europe;Europe;1;1;0;0;0;Electricity generation;Aggregate fuel;Gas and Other Fossil;TWh;21,52;1,9;9,68
Poland;POL;2020;Country or economy;Europe;Europe;1;1;0;0;0;Electricity generation;Aggregate fuel;Hydro, Bioenergy and Other Renewables;TWh;10,47;0,83;8,61
Poland;POL;2020;Country or economy;Europe;Europe;1;1;0;0;0;Electricity generation;Aggregate fuel;Renewables;TWh;28,23;2,77;10,88
Poland;POL;2020;Country or economy;Europe;Europe;1;1;0;0;0;Electricity generation;Aggregate fuel;Wind and Solar;TWh;17,76;1,94;12,26
Poland;POL;2020;Country or economy;Europe;Europe;1;1;0;0;0;Electricity generation;Fuel;Bioenergy;%;5,31;;
Poland;POL;2020;Country or economy;Europe;Europe;1;1;0;0;0;Electricity generation;Fuel;Coal;%;68,34;;
Poland;POL;2020;Country or economy;Europe;Europe;1;1;0;0;0;Electricity generation;Fuel;Gas;%;11;;
Poland;POL;2020;Country or economy;Europe;Europe;1;1;0;0;0;Electricity generation;Fuel;Hydro;%;1,35;;
Poland;POL;2020;Country or economy;Europe;Europe;1;1;0;0;0;Electricity generation;Fuel;Nuclear;%;0;;
Poland;POL;2020;Country or economy;Europe;Europe;1;1;0;0;0;Electricity generation;Fuel;Other Fossil;%;2,69;;
Poland;POL;2020;Country or economy;Europe;Europe;1;1;0;0;0;Electricity generation;Fuel;Other Renewables;%;0;;
Poland;POL;2020;Country or economy;Europe;Europe;1;1;0;0;0;Electricity generation;Fuel;Solar;%;1,25;;
Poland;POL;2020;Country or economy;Europe;Europe;1;1;0;0;0;Electricity generation;Fuel;Wind;%;10,05;;
Poland;POL;2020;Country or economy;Europe;Europe;1;1;0;0;0;Electricity generation;Fuel;Bioenergy;TWh;8,35;0,67;8,72
Poland;POL;2020;Country or economy;Europe;Europe;1;1;0;0;0;Electricity generation;Fuel;Coal;TWh;107,4;-10,74;-9,09
Poland;POL;2020;Country or economy;Europe;Europe;1;1;0;0;0;Electricity generation;Fuel;Gas;TWh;17,29;2,49;16,82
Poland;POL;2020;Country or economy;Europe;Europe;1;1;0;0;0;Electricity generation;Fuel;Hydro;TWh;2,12;0,16;8,16
Poland;POL;2020;Country or economy;Europe;Europe;1;1;0;0;0;Electricity generation;Fuel;Nuclear;TWh;0;0;
Poland;POL;2020;Country or economy;Europe;Europe;1;1;0;0;0;Electricity generation;Fuel;Other Fossil;TWh;4,23;-0,59;-12,24
Poland;POL;2020;Country or economy;Europe;Europe;1;1;0;0;0;Electricity generation;Fuel;Other Renewables;TWh;0;0;
Poland;POL;2020;Country or economy;Europe;Europe;1;1;0;0;0;Electricity generation;Fuel;Solar;TWh;1,96;1,25;176,06
Poland;POL;2020;Country or economy;Europe;Europe;1;1;0;0;0;Electricity generation;Fuel;Wind;TWh;15,8;0,69;4,57
Poland;POL;2020;Country or economy;Europe;Europe;1;1;0;0;0;Electricity generation;Total;Total Generation;TWh;157,15;-6,07;-3,72
Poland;POL;2021;Country or economy;Europe;Europe;1;1;0;0;0;Electricity generation;Aggregate fuel;Clean;%;17,1;;
Poland;POL;2021;Country or economy;Europe;Europe;1;1;0;0;0;Electricity generation;Aggregate fuel;Fossil;%;82,91;;
Poland;POL;2021;Country or economy;Europe;Europe;1;1;0;0;0;Electricity generation;Aggregate fuel;Gas and Other Fossil;%;11,56;;
Poland;POL;2021;Country or economy;Europe;Europe;1;1;0;0;0;Electricity generation;Aggregate fuel;Hydro, Bioenergy and Other Renewables;%;5,82;;
Poland;POL;2021;Country or economy;Europe;Europe;1;1;0;0;0;Electricity generation;Aggregate fuel;Renewables;%;17,1;;
Poland;POL;2021;Country or economy;Europe;Europe;1;1;0;0;0;Electricity generation;Aggregate fuel;Wind and Solar;%;11,28;;
Poland;POL;2021;Country or economy;Europe;Europe;1;1;0;0;0;Electricity generation;Aggregate fuel;Clean;TWh;30,56;2,33;8,25
Poland;POL;2021;Country or economy;Europe;Europe;1;1;0;0;0;Electricity generation;Aggregate fuel;Fossil;TWh;148,23;19,31;14,98
Poland;POL;2021;Country or economy;Europe;Europe;1;1;0;0;0;Electricity generation;Aggregate fuel;Gas and Other Fossil;TWh;20,66;-0,86;-4
Poland;POL;2021;Country or economy;Europe;Europe;1;1;0;0;0;Electricity generation;Aggregate fuel;Hydro, Bioenergy and Other Renewables;TWh;10,4;-0,07;-0,67
Poland;POL;2021;Country or economy;Europe;Europe;1;1;0;0;0;Electricity generation;Aggregate fuel;Renewables;TWh;30,56;2,33;8,25
Poland;POL;2021;Country or economy;Europe;Europe;1;1;0;0;0;Electricity generation;Aggregate fuel;Wind and Solar;TWh;20,16;2,4;13,51
Poland;POL;2021;Country or economy;Europe;Europe;1;1;0;0;0;Electricity generation;Fuel;Bioenergy;%;4,51;;
Poland;POL;2021;Country or economy;Europe;Europe;1;1;0;0;0;Electricity generation;Fuel;Coal;%;71,35;;
Poland;POL;2021;Country or economy;Europe;Europe;1;1;0;0;0;Electricity generation;Fuel;Gas;%;8,85;;
Poland;POL;2021;Country or economy;Europe;Europe;1;1;0;0;0;Electricity generation;Fuel;Hydro;%;1,31;;
Poland;POL;2021;Country or economy;Europe;Europe;1;1;0;0;0;Electricity generation;Fuel;Nuclear;%;0;;
Poland;POL;2021;Country or economy;Europe;Europe;1;1;0;0;0;Electricity generation;Fuel;Other Fossil;%;2,71;;
Poland;POL;2021;Country or economy;Europe;Europe;1;1;0;0;0;Electricity generation;Fuel;Other Renewables;%;0;;
Poland;POL;2021;Country or economy;Europe;Europe;1;1;0;0;0;Electricity generation;Fuel;Solar;%;2,2;;
Poland;POL;2021;Country or economy;Europe;Europe;1;1;0;0;0;Electricity generation;Fuel;Wind;%;9,08;;
Poland;POL;2021;Country or economy;Europe;Europe;1;1;0;0;0;Electricity generation;Fuel;Bioenergy;TWh;8,06;-0,29;-3,47
Poland;POL;2021;Country or economy;Europe;Europe;1;1;0;0;0;Electricity generation;Fuel;Coal;TWh;127,57;20,17;18,78
Poland;POL;2021;Country or economy;Europe;Europe;1;1;0;0;0;Electricity generation;Fuel;Gas;TWh;15,82;-1,47;-8,5
Poland;POL;2021;Country or economy;Europe;Europe;1;1;0;0;0;Electricity generation;Fuel;Hydro;TWh;2,34;0,22;10,38
Poland;POL;2021;Country or economy;Europe;Europe;1;1;0;0;0;Electricity generation;Fuel;Nuclear;TWh;0;0;
Poland;POL;2021;Country or economy;Europe;Europe;1;1;0;0;0;Electricity generation;Fuel;Other Fossil;TWh;4,84;0,61;14,42
Poland;POL;2021;Country or economy;Europe;Europe;1;1;0;0;0;Electricity generation;Fuel;Other Renewables;TWh;0;0;
Poland;POL;2021;Country or economy;Europe;Europe;1;1;0;0;0;Electricity generation;Fuel;Solar;TWh;3,93;1,97;100,51
Poland;POL;2021;Country or economy;Europe;Europe;1;1;0;0;0;Electricity generation;Fuel;Wind;TWh;16,23;0,43;2,72
Poland;POL;2021;Country or economy;Europe;Europe;1;1;0;0;0;Electricity generation;Total;Total Generation;TWh;178,79;21,64;13,77
Poland;POL;2022;Country or economy;Europe;Europe;1;1;0;0;0;Electricity generation;Aggregate fuel;Clean;%;21,1;;
Poland;POL;2022;Country or economy;Europe;Europe;1;1;0;0;0;Electricity generation;Aggregate fuel;Fossil;%;78,9;;
Poland;POL;2022;Country or economy;Europe;Europe;1;1;0;0;0;Electricity generation;Aggregate fuel;Gas and Other Fossil;%;9,06;;
Poland;POL;2022;Country or economy;Europe;Europe;1;1;0;0;0;Electricity generation;Aggregate fuel;Hydro, Bioenergy and Other Renewables;%;5,37;;
Poland;POL;2022;Country or economy;Europe;Europe;1;1;0;0;0;Electricity generation;Aggregate fuel;Renewables;%;21,1;;
Poland;POL;2022;Country or economy;Europe;Europe;1;1;0;0;0;Electricity generation;Aggregate fuel;Wind and Solar;%;15,73;;
Poland;POL;2022;Country or economy;Europe;Europe;1;1;0;0;0;Electricity generation;Aggregate fuel;Clean;TWh;37,69;7,13;23,33
Poland;POL;2022;Country or economy;Europe;Europe;1;1;0;0;0;Electricity generation;Aggregate fuel;Fossil;TWh;140,91;-7,32;-4,94
Poland;POL;2022;Country or economy;Europe;Europe;1;1;0;0;0;Electricity generation;Aggregate fuel;Gas and Other Fossil;TWh;16,18;-4,48;-21,68
Poland;POL;2022;Country or economy;Europe;Europe;1;1;0;0;0;Electricity generation;Aggregate fuel;Hydro, Bioenergy and Other Renewables;TWh;9,6;-0,8;-7,69
Poland;POL;2022;Country or economy;Europe;Europe;1;1;0;0;0;Electricity generation;Aggregate fuel;Renewables;TWh;37,69;7,13;23,33
Poland;POL;2022;Country or economy;Europe;Europe;1;1;0;0;0;Electricity generation;Aggregate fuel;Wind and Solar;TWh;28,09;7,93;39,34
Poland;POL;2022;Country or economy;Europe;Europe;1;1;0;0;0;Electricity generation;Fuel;Bioenergy;%;4,27;;
Poland;POL;2022;Country or economy;Europe;Europe;1;1;0;0;0;Electricity generation;Fuel;Coal;%;69,84;;
Poland;POL;2022;Country or economy;Europe;Europe;1;1;0;0;0;Electricity generation;Fuel;Gas;%;6,36;;
Poland;POL;2022;Country or economy;Europe;Europe;1;1;0;0;0;Electricity generation;Fuel;Hydro;%;1,1;;
Poland;POL;2022;Country or economy;Europe;Europe;1;1;0;0;0;Electricity generation;Fuel;Nuclear;%;0;;
Poland;POL;2022;Country or economy;Europe;Europe;1;1;0;0;0;Electricity generation;Fuel;Other Fossil;%;2,7;;
Poland;POL;2022;Country or economy;Europe;Europe;1;1;0;0;0;Electricity generation;Fuel;Other Renewables;%;0;;
Poland;POL;2022;Country or economy;Europe;Europe;1;1;0;0;0;Electricity generation;Fuel;Solar;%;4,65;;
Poland;POL;2022;Country or economy;Europe;Europe;1;1;0;0;0;Electricity generation;Fuel;Wind;%;11,08;;
Poland;POL;2022;Country or economy;Europe;Europe;1;1;0;0;0;Electricity generation;Fuel;Bioenergy;TWh;7,63;-0,43;-5,33
Poland;POL;2022;Country or economy;Europe;Europe;1;1;0;0;0;Electricity generation;Fuel;Coal;TWh;124,73;-2,84;-2,23
Poland;POL;2022;Country or economy;Europe;Europe;1;1;0;0;0;Electricity generation;Fuel;Gas;TWh;11,36;-4,46;-28,19
Poland;POL;2022;Country or economy;Europe;Europe;1;1;0;0;0;Electricity generation;Fuel;Hydro;TWh;1,97;-0,37;-15,81
Poland;POL;2022;Country or economy;Europe;Europe;1;1;0;0;0;Electricity generation;Fuel;Nuclear;TWh;0;0;
Poland;POL;2022;Country or economy;Europe;Europe;1;1;0;0;0;Electricity generation;Fuel;Other Fossil;TWh;4,82;-0,02;-0,41
Poland;POL;2022;Country or economy;Europe;Europe;1;1;0;0;0;Electricity generation;Fuel;Other Renewables;TWh;0;0;
Poland;POL;2022;Country or economy;Europe;Europe;1;1;0;0;0;Electricity generation;Fuel;Solar;TWh;8,31;4,38;111,45
Poland;POL;2022;Country or economy;Europe;Europe;1;1;0;0;0;Electricity generation;Fuel;Wind;TWh;19,78;3,55;21,87
Poland;POL;2022;Country or economy;Europe;Europe;1;1;0;0;0;Electricity generation;Total;Total Generation;TWh;178,6;-0,19;-0,11
Poland;POL;2023;Country or economy;Europe;Europe;1;1;0;0;0;Electricity generation;Aggregate fuel;Clean;%;27,71;;
Poland;POL;2023;Country or economy;Europe;Europe;1;1;0;0;0;Electricity generation;Aggregate fuel;Fossil;%;72,29;;
Poland;POL;2023;Country or economy;Europe;Europe;1;1;0;0;0;Electricity generation;Aggregate fuel;Gas and Other Fossil;%;12,57;;
Poland;POL;2023;Country or economy;Europe;Europe;1;1;0;0;0;Electricity generation;Aggregate fuel;Hydro, Bioenergy and Other Renewables;%;6,39;;
Poland;POL;2023;Country or economy;Europe;Europe;1;1;0;0;0;Electricity generation;Aggregate fuel;Renewables;%;27,71;;
Poland;POL;2023;Country or economy;Europe;Europe;1;1;0;0;0;Electricity generation;Aggregate fuel;Wind and Solar;%;21,32;;
Poland;POL;2023;Country or economy;Europe;Europe;1;1;0;0;0;Electricity generation;Aggregate fuel;Clean;TWh;45,86;8,17;21,68
Poland;POL;2023;Country or economy;Europe;Europe;1;1;0;0;0;Electricity generation;Aggregate fuel;Fossil;TWh;119,66;-21,25;-15,08
Poland;POL;2023;Country or economy;Europe;Europe;1;1;0;0;0;Electricity generation;Aggregate fuel;Gas and Other Fossil;TWh;20,81;4,63;28,62
Poland;POL;2023;Country or economy;Europe;Europe;1;1;0;0;0;Electricity generation;Aggregate fuel;Hydro, Bioenergy and Other Renewables;TWh;10,57;0,97;10,1
Poland;POL;2023;Country or economy;Europe;Europe;1;1;0;0;0;Electricity generation;Aggregate fuel;Renewables;TWh;45,86;8,17;21,68
Poland;POL;2023;Country or economy;Europe;Europe;1;1;0;0;0;Electricity generation;Aggregate fuel;Wind and Solar;TWh;35,29;7,2;25,63
Poland;POL;2023;Country or economy;Europe;Europe;1;1;0;0;0;Electricity generation;Fuel;Bioenergy;%;4,93;;
Poland;POL;2023;Country or economy;Europe;Europe;1;1;0;0;0;Electricity generation;Fuel;Coal;%;59,72;;
Poland;POL;2023;Country or economy;Europe;Europe;1;1;0;0;0;Electricity generation;Fuel;Gas;%;9,96;;
Poland;POL;2023;Country or economy;Europe;Europe;1;1;0;0;0;Electricity generation;Fuel;Hydro;%;1,46;;
Poland;POL;2023;Country or economy;Europe;Europe;1;1;0;0;0;Electricity generation;Fuel;Nuclear;%;0;;
Poland;POL;2023;Country or economy;Europe;Europe;1;1;0;0;0;Electricity generation;Fuel;Other Fossil;%;2,61;;
Poland;POL;2023;Country or economy;Europe;Europe;1;1;0;0;0;Electricity generation;Fuel;Other Renewables;%;0;;
Poland;POL;2023;Country or economy;Europe;Europe;1;1;0;0;0;Electricity generation;Fuel;Solar;%;6,71;;
Poland;POL;2023;Country or economy;Europe;Europe;1;1;0;0;0;Electricity generation;Fuel;Wind;%;14,61;;
Poland;POL;2023;Country or economy;Europe;Europe;1;1;0;0;0;Electricity generation;Fuel;Bioenergy;TWh;8,16;0,53;6,95
Poland;POL;2023;Country or economy;Europe;Europe;1;1;0;0;0;Electricity generation;Fuel;Coal;TWh;98,85;-25,88;-20,75
Poland;POL;2023;Country or economy;Europe;Europe;1;1;0;0;0;Electricity generation;Fuel;Gas;TWh;16,49;5,13;45,16
Poland;POL;2023;Country or economy;Europe;Europe;1;1;0;0;0;Electricity generation;Fuel;Hydro;TWh;2,41;0,44;22,34
Poland;POL;2023;Country or economy;Europe;Europe;1;1;0;0;0;Electricity generation;Fuel;Nuclear;TWh;0;0;
Poland;POL;2023;Country or economy;Europe;Europe;1;1;0;0;0;Electricity generation;Fuel;Other Fossil;TWh;4,32;-0,5;-10,37
Poland;POL;2023;Country or economy;Europe;Europe;1;1;0;0;0;Electricity generation;Fuel;Other Renewables;TWh;0;0;
Poland;POL;2023;Country or economy;Europe;Europe;1;1;0;0;0;Electricity generation;Fuel;Solar;TWh;11,11;2,8;33,69
Poland;POL;2023;Country or economy;Europe;Europe;1;1;0;0;0;Electricity generation;Fuel;Wind;TWh;24,18;4,4;22,24
Poland;POL;2023;Country or economy;Europe;Europe;1;1;0;0;0;Electricity generation;Total;Total Generation;TWh;165,52;-13,08;-7,32
Poland;POL;2024;Country or economy;Europe;Europe;1;1;0;0;0;Electricity generation;Aggregate fuel;Clean;%;31,15;;
Poland;POL;2024;Country or economy;Europe;Europe;1;1;0;0;0;Electricity generation;Aggregate fuel;Fossil;%;68,85;;
Poland;POL;2024;Country or economy;Europe;Europe;1;1;0;0;0;Electricity generation;Aggregate fuel;Gas and Other Fossil;%;14,53;;
Poland;POL;2024;Country or economy;Europe;Europe;1;1;0;0;0;Electricity generation;Aggregate fuel;Hydro, Bioenergy and Other Renewables;%;5,85;;
Poland;POL;2024;Country or economy;Europe;Europe;1;1;0;0;0;Electricity generation;Aggregate fuel;Renewables;%;31,15;;
Poland;POL;2024;Country or economy;Europe;Europe;1;1;0;0;0;Electricity generation;Aggregate fuel;Wind and Solar;%;25,3;;
Poland;POL;2024;Country or economy;Europe;Europe;1;1;0;0;0;Electricity generation;Aggregate fuel;Clean;TWh;53,61;7,75;16,9
Poland;POL;2024;Country or economy;Europe;Europe;1;1;0;0;0;Electricity generation;Aggregate fuel;Fossil;TWh;118,51;-1,15;-0,96
Poland;POL;2024;Country or economy;Europe;Europe;1;1;0;0;0;Electricity generation;Aggregate fuel;Gas and Other Fossil;TWh;25,01;4,2;20,18
Poland;POL;2024;Country or economy;Europe;Europe;1;1;0;0;0;Electricity generation;Aggregate fuel;Hydro, Bioenergy and Other Renewables;TWh;10,06;-0,51;-4,82
Poland;POL;2024;Country or economy;Europe;Europe;1;1;0;0;0;Electricity generation;Aggregate fuel;Renewables;TWh;53,61;7,75;16,9
Poland;POL;2024;Country or economy;Europe;Europe;1;1;0;0;0;Electricity generation;Aggregate fuel;Wind and Solar;TWh;43,55;8,26;23,41
Poland;POL;2024;Country or economy;Europe;Europe;1;1;0;0;0;Electricity generation;Fuel;Bioenergy;%;4,62;;
Poland;POL;2024;Country or economy;Europe;Europe;1;1;0;0;0;Electricity generation;Fuel;Coal;%;54,32;;
Poland;POL;2024;Country or economy;Europe;Europe;1;1;0;0;0;Electricity generation;Fuel;Gas;%;11,89;;
Poland;POL;2024;Country or economy;Europe;Europe;1;1;0;0;0;Electricity generation;Fuel;Hydro;%;1,23;;
Poland;POL;2024;Country or economy;Europe;Europe;1;1;0;0;0;Electricity generation;Fuel;Nuclear;%;0;;
Poland;POL;2024;Country or economy;Europe;Europe;1;1;0;0;0;Electricity generation;Fuel;Other Fossil;%;2,64;;
Poland;POL;2024;Country or economy;Europe;Europe;1;1;0;0;0;Electricity generation;Fuel;Other Renewables;%;0;;
Poland;POL;2024;Country or economy;Europe;Europe;1;1;0;0;0;Electricity generation;Fuel;Solar;%;10,26;;
Poland;POL;2024;Country or economy;Europe;Europe;1;1;0;0;0;Electricity generation;Fuel;Wind;%;15,04;;
Poland;POL;2024;Country or economy;Europe;Europe;1;1;0;0;0;Electricity generation;Fuel;Bioenergy;TWh;7,95;-0,21;-2,57
Poland;POL;2024;Country or economy;Europe;Europe;1;1;0;0;0;Electricity generation;Fuel;Coal;TWh;93,5;-5,35;-5,41
Poland;POL;2024;Country or economy;Europe;Europe;1;1;0;0;0;Electricity generation;Fuel;Gas;TWh;20,46;3,97;24,08
Poland;POL;2024;Country or economy;Europe;Europe;1;1;0;0;0;Electricity generation;Fuel;Hydro;TWh;2,11;-0,3;-12,45
Poland;POL;2024;Country or economy;Europe;Europe;1;1;0;0;0;Electricity generation;Fuel;Nuclear;TWh;0;0;
Poland;POL;2024;Country or economy;Europe;Europe;1;1;0;0;0;Electricity generation;Fuel;Other Fossil;TWh;4,55;0,23;5,32
Poland;POL;2024;Country or economy;Europe;Europe;1;1;0;0;0;Electricity generation;Fuel;Other Renewables;TWh;0;0;
Poland;POL;2024;Country or economy;Europe;Europe;1;1;0;0;0;Electricity generation;Fuel;Solar;TWh;17,66;6,55;58,96
Poland;POL;2024;Country or economy;Europe;Europe;1;1;0;0;0;Electricity generation;Fuel;Wind;TWh;25,89;1,71;7,07
Poland;POL;2024;Country or economy;Europe;Europe;1;1;0;0;0;Electricity generation;Total;Total Generation;TWh;172,12;6,6;3,99
Poland;POL;2025;Country or economy;Europe;Europe;1;1;0;0;0;Electricity generation;Aggregate fuel;Clean;%;31,5;;
Poland;POL;2025;Country or economy;Europe;Europe;1;1;0;0;0;Electricity generation;Aggregate fuel;Fossil;%;68,5;;
Poland;POL;2025;Country or economy;Europe;Europe;1;1;0;0;0;Electricity generation;Aggregate fuel;Gas and Other Fossil;%;18,1;;
Poland;POL;2025;Country or economy;Europe;Europe;1;1;0;0;0;Electricity generation;Aggregate fuel;Hydro, Bioenergy and Other Renewables;%;6,01;;
Poland;POL;2025;Country or economy;Europe;Europe;1;1;0;0;0;Electricity generation;Aggregate fuel;Renewables;%;31,5;;
Poland;POL;2025;Country or economy;Europe;Europe;1;1;0;0;0;Electricity generation;Aggregate fuel;Wind and Solar;%;25,49;;
Poland;POL;2025;Country or economy;Europe;Europe;1;1;0;0;0;Electricity generation;Aggregate fuel;Clean;TWh;54,59;0,98;1,83
Poland;POL;2025;Country or economy;Europe;Europe;1;1;0;0;0;Electricity generation;Aggregate fuel;Fossil;TWh;118,67;0,16;0,14
Poland;POL;2025;Country or economy;Europe;Europe;1;1;0;0;0;Electricity generation;Aggregate fuel;Gas and Other Fossil;TWh;31,35;6,34;25,35
Poland;POL;2025;Country or economy;Europe;Europe;1;1;0;0;0;Electricity generation;Aggregate fuel;Hydro, Bioenergy and Other Renewables;TWh;10,42;0,36;3,58
Poland;POL;2025;Country or economy;Europe;Europe;1;1;0;0;0;Electricity generation;Aggregate fuel;Renewables;TWh;54,59;0,98;1,83
Poland;POL;2025;Country or economy;Europe;Europe;1;1;0;0;0;Electricity generation;Aggregate fuel;Wind and Solar;TWh;44,17;0,62;1,42
Poland;POL;2025;Country or economy;Europe;Europe;1;1;0;0;0;Electricity generation;Fuel;Bioenergy;%;4,89;;
Poland;POL;2025;Country or economy;Europe;Europe;1;1;0;0;0;Electricity generation;Fuel;Coal;%;50,4;;
Poland;POL;2025;Country or economy;Europe;Europe;1;1;0;0;0;Electricity generation;Fuel;Gas;%;14,33;;
Poland;POL;2025;Country or economy;Europe;Europe;1;1;0;0;0;Electricity generation;Fuel;Hydro;%;0,98;;
Poland;POL;2025;Country or economy;Europe;Europe;1;1;0;0;0;Electricity generation;Fuel;Nuclear;%;0;;
Poland;POL;2025;Country or economy;Europe;Europe;1;1;0;0;0;Electricity generation;Fuel;Other Fossil;%;3,77;;
Poland;POL;2025;Country or economy;Europe;Europe;1;1;0;0;0;Electricity generation;Fuel;Other Renewables;%;0,14;;
Poland;POL;2025;Country or economy;Europe;Europe;1;1;0;0;0;Electricity generation;Fuel;Solar;%;11,28;;
Poland;POL;2025;Country or economy;Europe;Europe;1;1;0;0;0;Electricity generation;Fuel;Wind;%;14,21;;
Poland;POL;2025;Country or economy;Europe;Europe;1;1;0;0;0;Electricity generation;Fuel;Bioenergy;TWh;8,48;0,53;6,67
Poland;POL;2025;Country or economy;Europe;Europe;1;1;0;0;0;Electricity generation;Fuel;Coal;TWh;87,32;-6,18;-6,61
Poland;POL;2025;Country or economy;Europe;Europe;1;1;0;0;0;Electricity generation;Fuel;Gas;TWh;24,82;4,36;21,31
Poland;POL;2025;Country or economy;Europe;Europe;1;1;0;0;0;Electricity generation;Fuel;Hydro;TWh;1,7;-0,41;-19,43
Poland;POL;2025;Country or economy;Europe;Europe;1;1;0;0;0;Electricity generation;Fuel;Nuclear;TWh;0;0;
Poland;POL;2025;Country or economy;Europe;Europe;1;1;0;0;0;Electricity generation;Fuel;Other Fossil;TWh;6,53;1,98;43,52
Poland;POL;2025;Country or economy;Europe;Europe;1;1;0;0;0;Electricity generation;Fuel;Other Renewables;TWh;0,24;0,24;
Poland;POL;2025;Country or economy;Europe;Europe;1;1;0;0;0;Electricity generation;Fuel;Solar;TWh;19,55;1,89;10,7
Poland;POL;2025;Country or economy;Europe;Europe;1;1;0;0;0;Electricity generation;Fuel;Wind;TWh;24,62;-1,27;-4,91
Poland;POL;2025;Country or economy;Europe;Europe;1;1;0;0;0;Electricity generation;Total;Total Generation;TWh;173,26;1,14;0,66
Spain;ESP;2000;Country or economy;Europe;Europe;1;1;0;0;0;Electricity generation;Aggregate fuel;Clean;%;43,76;;
Spain;ESP;2000;Country or economy;Europe;Europe;1;1;0;0;0;Electricity generation;Aggregate fuel;Fossil;%;56,22;;
Spain;ESP;2000;Country or economy;Europe;Europe;1;1;0;0;0;Electricity generation;Aggregate fuel;Gas and Other Fossil;%;20,42;;
Spain;ESP;2000;Country or economy;Europe;Europe;1;1;0;0;0;Electricity generation;Aggregate fuel;Hydro, Bioenergy and Other Renewables;%;13,46;;
Spain;ESP;2000;Country or economy;Europe;Europe;1;1;0;0;0;Electricity generation;Aggregate fuel;Renewables;%;15,6;;
Spain;ESP;2000;Country or economy;Europe;Europe;1;1;0;0;0;Electricity generation;Aggregate fuel;Wind and Solar;%;2,14;;
Spain;ESP;2000;Country or economy;Europe;Europe;1;1;0;0;0;Electricity generation;Aggregate fuel;Clean;TWh;96,7;;
Spain;ESP;2000;Country or economy;Europe;Europe;1;1;0;0;0;Electricity generation;Aggregate fuel;Fossil;TWh;124,22;;
Spain;ESP;2000;Country or economy;Europe;Europe;1;1;0;0;0;Electricity generation;Aggregate fuel;Gas and Other Fossil;TWh;45,13;;
Spain;ESP;2000;Country or economy;Europe;Europe;1;1;0;0;0;Electricity generation;Aggregate fuel;Hydro, Bioenergy and Other Renewables;TWh;29,75;;
Spain;ESP;2000;Country or economy;Europe;Europe;1;1;0;0;0;Electricity generation;Aggregate fuel;Renewables;TWh;34,49;;
Spain;ESP;2000;Country or economy;Europe;Europe;1;1;0;0;0;Electricity generation;Aggregate fuel;Wind and Solar;TWh;4,74;;
Spain;ESP;2000;Country or economy;Europe;Europe;1;1;0;0;0;Electricity generation;Fuel;Bioenergy;%;0,67;;
Spain;ESP;2000;Country or economy;Europe;Europe;1;1;0;0;0;Electricity generation;Fuel;Coal;%;35,8;;
Spain;ESP;2000;Country or economy;Europe;Europe;1;1;0;0;0;Electricity generation;Fuel;Gas;%;9,13;;
Spain;ESP;2000;Country or economy;Europe;Europe;1;1;0;0;0;Electricity generation;Fuel;Hydro;%;12,79;;
Spain;ESP;2000;Country or economy;Europe;Europe;1;1;0;0;0;Electricity generation;Fuel;Nuclear;%;28,16;;
Spain;ESP;2000;Country or economy;Europe;Europe;1;1;0;0;0;Electricity generation;Fuel;Other Fossil;%;11,29;;
Spain;ESP;2000;Country or economy;Europe;Europe;1;1;0;0;0;Electricity generation;Fuel;Other Renewables;%;0;;
Spain;ESP;2000;Country or economy;Europe;Europe;1;1;0;0;0;Electricity generation;Fuel;Solar;%;0;;
Spain;ESP;2000;Country or economy;Europe;Europe;1;1;0;0;0;Electricity generation;Fuel;Wind;%;2,14;;
Spain;ESP;2000;Country or economy;Europe;Europe;1;1;0;0;0;Electricity generation;Fuel;Bioenergy;TWh;1,49;;
Spain;ESP;2000;Country or economy;Europe;Europe;1;1;0;0;0;Electricity generation;Fuel;Coal;TWh;79,09;;
Spain;ESP;2000;Country or economy;Europe;Europe;1;1;0;0;0;Electricity generation;Fuel;Gas;TWh;20,18;;
Spain;ESP;2000;Country or economy;Europe;Europe;1;1;0;0;0;Electricity generation;Fuel;Hydro;TWh;28,26;;
Spain;ESP;2000;Country or economy;Europe;Europe;1;1;0;0;0;Electricity generation;Fuel;Nuclear;TWh;62,21;;
Spain;ESP;2000;Country or economy;Europe;Europe;1;1;0;0;0;Electricity generation;Fuel;Other Fossil;TWh;24,95;;
Spain;ESP;2000;Country or economy;Europe;Europe;1;1;0;0;0;Electricity generation;Fuel;Other Renewables;TWh;0;;
Spain;ESP;2000;Country or economy;Europe;Europe;1;1;0;0;0;Electricity generation;Fuel;Solar;TWh;0,01;;
Spain;ESP;2000;Country or economy;Europe;Europe;1;1;0;0;0;Electricity generation;Fuel;Wind;TWh;4,73;;
Spain;ESP;2000;Country or economy;Europe;Europe;1;1;0;0;0;Electricity generation;Total;Total Generation;TWh;220,92;;
Spain;ESP;2001;Country or economy;Europe;Europe;1;1;0;0;0;Electricity generation;Aggregate fuel;Clean;%;48,49;;
Spain;ESP;2001;Country or economy;Europe;Europe;1;1;0;0;0;Electricity generation;Aggregate fuel;Fossil;%;51,51;;
Spain;ESP;2001;Country or economy;Europe;Europe;1;1;0;0;0;Electricity generation;Aggregate fuel;Gas and Other Fossil;%;21,36;;
Spain;ESP;2001;Country or economy;Europe;Europe;1;1;0;0;0;Electricity generation;Aggregate fuel;Hydro, Bioenergy and Other Renewables;%;18,24;;
Spain;ESP;2001;Country or economy;Europe;Europe;1;1;0;0;0;Electricity generation;Aggregate fuel;Renewables;%;21,15;;
Spain;ESP;2001;Country or economy;Europe;Europe;1;1;0;0;0;Electricity generation;Aggregate fuel;Wind and Solar;%;2,91;;
Spain;ESP;2001;Country or economy;Europe;Europe;1;1;0;0;0;Electricity generation;Aggregate fuel;Clean;TWh;113,01;16,31;16,87
Spain;ESP;2001;Country or economy;Europe;Europe;1;1;0;0;0;Electricity generation;Aggregate fuel;Fossil;TWh;120,06;-4,16;-3,35
Spain;ESP;2001;Country or economy;Europe;Europe;1;1;0;0;0;Electricity generation;Aggregate fuel;Gas and Other Fossil;TWh;49,79;4,66;10,33
Spain;ESP;2001;Country or economy;Europe;Europe;1;1;0;0;0;Electricity generation;Aggregate fuel;Hydro, Bioenergy and Other Renewables;TWh;42,52;12,77;42,92
Spain;ESP;2001;Country or economy;Europe;Europe;1;1;0;0;0;Electricity generation;Aggregate fuel;Renewables;TWh;49,3;14,81;42,94
Spain;ESP;2001;Country or economy;Europe;Europe;1;1;0;0;0;Electricity generation;Aggregate fuel;Wind and Solar;TWh;6,78;2,04;43,04
Spain;ESP;2001;Country or economy;Europe;Europe;1;1;0;0;0;Electricity generation;Fuel;Bioenergy;%;0,7;;
Spain;ESP;2001;Country or economy;Europe;Europe;1;1;0;0;0;Electricity generation;Fuel;Coal;%;30,15;;
Spain;ESP;2001;Country or economy;Europe;Europe;1;1;0;0;0;Electricity generation;Fuel;Gas;%;10,02;;
Spain;ESP;2001;Country or economy;Europe;Europe;1;1;0;0;0;Electricity generation;Fuel;Hydro;%;17,54;;
Spain;ESP;2001;Country or economy;Europe;Europe;1;1;0;0;0;Electricity generation;Fuel;Nuclear;%;27,34;;
Spain;ESP;2001;Country or economy;Europe;Europe;1;1;0;0;0;Electricity generation;Fuel;Other Fossil;%;11,34;;
Spain;ESP;2001;Country or economy;Europe;Europe;1;1;0;0;0;Electricity generation;Fuel;Other Renewables;%;0;;
Spain;ESP;2001;Country or economy;Europe;Europe;1;1;0;0;0;Electricity generation;Fuel;Solar;%;0,01;;
Spain;ESP;2001;Country or economy;Europe;Europe;1;1;0;0;0;Electricity generation;Fuel;Wind;%;2,9;;
Spain;ESP;2001;Country or economy;Europe;Europe;1;1;0;0;0;Electricity generation;Fuel;Bioenergy;TWh;1,63;0,14;9,4
Spain;ESP;2001;Country or economy;Europe;Europe;1;1;0;0;0;Electricity generation;Fuel;Coal;TWh;70,27;-8,82;-11,15
Spain;ESP;2001;Country or economy;Europe;Europe;1;1;0;0;0;Electricity generation;Fuel;Gas;TWh;23,36;3,18;15,76
Spain;ESP;2001;Country or economy;Europe;Europe;1;1;0;0;0;Electricity generation;Fuel;Hydro;TWh;40,89;12,63;44,69
Spain;ESP;2001;Country or economy;Europe;Europe;1;1;0;0;0;Electricity generation;Fuel;Nuclear;TWh;63,71;1,5;2,41
Spain;ESP;2001;Country or economy;Europe;Europe;1;1;0;0;0;Electricity generation;Fuel;Other Fossil;TWh;26,43;1,48;5,93
Spain;ESP;2001;Country or economy;Europe;Europe;1;1;0;0;0;Electricity generation;Fuel;Other Renewables;TWh;0;0;
Spain;ESP;2001;Country or economy;Europe;Europe;1;1;0;0;0;Electricity generation;Fuel;Solar;TWh;0,02;0,01;100
Spain;ESP;2001;Country or economy;Europe;Europe;1;1;0;0;0;Electricity generation;Fuel;Wind;TWh;6,76;2,03;42,92
Spain;ESP;2001;Country or economy;Europe;Europe;1;1;0;0;0;Electricity generation;Total;Total Generation;TWh;233,07;12,15;5,5
Spain;ESP;2002;Country or economy;Europe;Europe;1;1;0;0;0;Electricity generation;Aggregate fuel;Clean;%;40,09;;
Spain;ESP;2002;Country or economy;Europe;Europe;1;1;0;0;0;Electricity generation;Aggregate fuel;Fossil;%;59,91;;
Spain;ESP;2002;Country or economy;Europe;Europe;1;1;0;0;0;Electricity generation;Aggregate fuel;Gas and Other Fossil;%;26,07;;
Spain;ESP;2002;Country or economy;Europe;Europe;1;1;0;0;0;Electricity generation;Aggregate fuel;Hydro, Bioenergy and Other Renewables;%;9,92;;
Spain;ESP;2002;Country or economy;Europe;Europe;1;1;0;0;0;Electricity generation;Aggregate fuel;Renewables;%;13,82;;
Spain;ESP;2002;Country or economy;Europe;Europe;1;1;0;0;0;Electricity generation;Aggregate fuel;Wind and Solar;%;3,9;;
Spain;ESP;2002;Country or economy;Europe;Europe;1;1;0;0;0;Electricity generation;Aggregate fuel;Clean;TWh;96,19;-16,82;-14,88
Spain;ESP;2002;Country or economy;Europe;Europe;1;1;0;0;0;Electricity generation;Aggregate fuel;Fossil;TWh;143,72;23,66;19,71
Spain;ESP;2002;Country or economy;Europe;Europe;1;1;0;0;0;Electricity generation;Aggregate fuel;Gas and Other Fossil;TWh;62,54;12,75;25,61
Spain;ESP;2002;Country or economy;Europe;Europe;1;1;0;0;0;Electricity generation;Aggregate fuel;Hydro, Bioenergy and Other Renewables;TWh;23,81;-18,71;-44
Spain;ESP;2002;Country or economy;Europe;Europe;1;1;0;0;0;Electricity generation;Aggregate fuel;Renewables;TWh;33,17;-16,13;-32,72
Spain;ESP;2002;Country or economy;Europe;Europe;1;1;0;0;0;Electricity generation;Aggregate fuel;Wind and Solar;TWh;9,36;2,58;38,05
Spain;ESP;2002;Country or economy;Europe;Europe;1;1;0;0;0;Electricity generation;Fuel;Bioenergy;%;1,08;;
Spain;ESP;2002;Country or economy;Europe;Europe;1;1;0;0;0;Electricity generation;Fuel;Coal;%;33,84;;
Spain;ESP;2002;Country or economy;Europe;Europe;1;1;0;0;0;Electricity generation;Fuel;Gas;%;13,5;;
Spain;ESP;2002;Country or economy;Europe;Europe;1;1;0;0;0;Electricity generation;Fuel;Hydro;%;8,84;;
Spain;ESP;2002;Country or economy;Europe;Europe;1;1;0;0;0;Electricity generation;Fuel;Nuclear;%;26,27;;
Spain;ESP;2002;Country or economy;Europe;Europe;1;1;0;0;0;Electricity generation;Fuel;Other Fossil;%;12,57;;
Spain;ESP;2002;Country or economy;Europe;Europe;1;1;0;0;0;Electricity generation;Fuel;Other Renewables;%;0;;
Spain;ESP;2002;Country or economy;Europe;Europe;1;1;0;0;0;Electricity generation;Fuel;Solar;%;0,01;;
Spain;ESP;2002;Country or economy;Europe;Europe;1;1;0;0;0;Electricity generation;Fuel;Wind;%;3,89;;
Spain;ESP;2002;Country or economy;Europe;Europe;1;1;0;0;0;Electricity generation;Fuel;Bioenergy;TWh;2,59;0,96;58,9
Spain;ESP;2002;Country or economy;Europe;Europe;1;1;0;0;0;Electricity generation;Fuel;Coal;TWh;81,18;10,91;15,53
Spain;ESP;2002;Country or economy;Europe;Europe;1;1;0;0;0;Electricity generation;Fuel;Gas;TWh;32,39;9,03;38,66
Spain;ESP;2002;Country or economy;Europe;Europe;1;1;0;0;0;Electricity generation;Fuel;Hydro;TWh;21,22;-19,67;-48,1
Spain;ESP;2002;Country or economy;Europe;Europe;1;1;0;0;0;Electricity generation;Fuel;Nuclear;TWh;63,02;-0,69;-1,08
Spain;ESP;2002;Country or economy;Europe;Europe;1;1;0;0;0;Electricity generation;Fuel;Other Fossil;TWh;30,15;3,72;14,07
Spain;ESP;2002;Country or economy;Europe;Europe;1;1;0;0;0;Electricity generation;Fuel;Other Renewables;TWh;0;0;
Spain;ESP;2002;Country or economy;Europe;Europe;1;1;0;0;0;Electricity generation;Fuel;Solar;TWh;0,02;0;0
Spain;ESP;2002;Country or economy;Europe;Europe;1;1;0;0;0;Electricity generation;Fuel;Wind;TWh;9,34;2,58;38,17
Spain;ESP;2002;Country or economy;Europe;Europe;1;1;0;0;0;Electricity generation;Total;Total Generation;TWh;239,91;6,84;2,93
Spain;ESP;2003;Country or economy;Europe;Europe;1;1;0;0;0;Electricity generation;Aggregate fuel;Clean;%;45,72;;
Spain;ESP;2003;Country or economy;Europe;Europe;1;1;0;0;0;Electricity generation;Aggregate fuel;Fossil;%;54,28;;
Spain;ESP;2003;Country or economy;Europe;Europe;1;1;0;0;0;Electricity generation;Aggregate fuel;Gas and Other Fossil;%;25,24;;
Spain;ESP;2003;Country or economy;Europe;Europe;1;1;0;0;0;Electricity generation;Aggregate fuel;Hydro, Bioenergy and Other Renewables;%;16,97;;
Spain;ESP;2003;Country or economy;Europe;Europe;1;1;0;0;0;Electricity generation;Aggregate fuel;Renewables;%;21,67;;
Spain;ESP;2003;Country or economy;Europe;Europe;1;1;0;0;0;Electricity generation;Aggregate fuel;Wind and Solar;%;4,7;;
Spain;ESP;2003;Country or economy;Europe;Europe;1;1;0;0;0;Electricity generation;Aggregate fuel;Clean;TWh;117,63;21,44;22,29
Spain;ESP;2003;Country or economy;Europe;Europe;1;1;0;0;0;Electricity generation;Aggregate fuel;Fossil;TWh;139,67;-4,05;-2,82
Spain;ESP;2003;Country or economy;Europe;Europe;1;1;0;0;0;Electricity generation;Aggregate fuel;Gas and Other Fossil;TWh;64,94;2,4;3,84
Spain;ESP;2003;Country or economy;Europe;Europe;1;1;0;0;0;Electricity generation;Aggregate fuel;Hydro, Bioenergy and Other Renewables;TWh;43,66;19,85;83,37
Spain;ESP;2003;Country or economy;Europe;Europe;1;1;0;0;0;Electricity generation;Aggregate fuel;Renewables;TWh;55,75;22,58;68,07
Spain;ESP;2003;Country or economy;Europe;Europe;1;1;0;0;0;Electricity generation;Aggregate fuel;Wind and Solar;TWh;12,09;2,73;29,17
Spain;ESP;2003;Country or economy;Europe;Europe;1;1;0;0;0;Electricity generation;Fuel;Bioenergy;%;1,24;;
Spain;ESP;2003;Country or economy;Europe;Europe;1;1;0;0;0;Electricity generation;Fuel;Coal;%;29,04;;
Spain;ESP;2003;Country or economy;Europe;Europe;1;1;0;0;0;Electricity generation;Fuel;Gas;%;15,3;;
Spain;ESP;2003;Country or economy;Europe;Europe;1;1;0;0;0;Electricity generation;Fuel;Hydro;%;15,73;;
Spain;ESP;2003;Country or economy;Europe;Europe;1;1;0;0;0;Electricity generation;Fuel;Nuclear;%;24,05;;
Spain;ESP;2003;Country or economy;Europe;Europe;1;1;0;0;0;Electricity generation;Fuel;Other Fossil;%;9,94;;
Spain;ESP;2003;Country or economy;Europe;Europe;1;1;0;0;0;Electricity generation;Fuel;Other Renewables;%;0;;
Spain;ESP;2003;Country or economy;Europe;Europe;1;1;0;0;0;Electricity generation;Fuel;Solar;%;0,01;;
Spain;ESP;2003;Country or economy;Europe;Europe;1;1;0;0;0;Electricity generation;Fuel;Wind;%;4,69;;
Spain;ESP;2003;Country or economy;Europe;Europe;1;1;0;0;0;Electricity generation;Fuel;Bioenergy;TWh;3,18;0,59;22,78
Spain;ESP;2003;Country or economy;Europe;Europe;1;1;0;0;0;Electricity generation;Fuel;Coal;TWh;74,73;-6,45;-7,95
Spain;ESP;2003;Country or economy;Europe;Europe;1;1;0;0;0;Electricity generation;Fuel;Gas;TWh;39,37;6,98;21,55
Spain;ESP;2003;Country or economy;Europe;Europe;1;1;0;0;0;Electricity generation;Fuel;Hydro;TWh;40,48;19,26;90,76
Spain;ESP;2003;Country or economy;Europe;Europe;1;1;0;0;0;Electricity generation;Fuel;Nuclear;TWh;61,88;-1,14;-1,81
Spain;ESP;2003;Country or economy;Europe;Europe;1;1;0;0;0;Electricity generation;Fuel;Other Fossil;TWh;25,57;-4,58;-15,19
Spain;ESP;2003;Country or economy;Europe;Europe;1;1;0;0;0;Electricity generation;Fuel;Other Renewables;TWh;0;0;
Spain;ESP;2003;Country or economy;Europe;Europe;1;1;0;0;0;Electricity generation;Fuel;Solar;TWh;0,02;0;0
Spain;ESP;2003;Country or economy;Europe;Europe;1;1;0;0;0;Electricity generation;Fuel;Wind;TWh;12,07;2,73;29,23
Spain;ESP;2003;Country or economy;Europe;Europe;1;1;0;0;0;Electricity generation;Total;Total Generation;TWh;257,3;17,39;7,25
Spain;ESP;2004;Country or economy;Europe;Europe;1;1;0;0;0;Electricity generation;Aggregate fuel;Clean;%;41,13;;
Spain;ESP;2004;Country or economy;Europe;Europe;1;1;0;0;0;Electricity generation;Aggregate fuel;Fossil;%;58,88;;
Spain;ESP;2004;Country or economy;Europe;Europe;1;1;0;0;0;Electricity generation;Aggregate fuel;Gas and Other Fossil;%;30,28;;
Spain;ESP;2004;Country or economy;Europe;Europe;1;1;0;0;0;Electricity generation;Aggregate fuel;Hydro, Bioenergy and Other Renewables;%;12,44;;
Spain;ESP;2004;Country or economy;Europe;Europe;1;1;0;0;0;Electricity generation;Aggregate fuel;Renewables;%;18,13;;
Spain;ESP;2004;Country or economy;Europe;Europe;1;1;0;0;0;Electricity generation;Aggregate fuel;Wind and Solar;%;5,69;;
Spain;ESP;2004;Country or economy;Europe;Europe;1;1;0;0;0;Electricity generation;Aggregate fuel;Clean;TWh;113,74;-3,89;-3,31
Spain;ESP;2004;Country or economy;Europe;Europe;1;1;0;0;0;Electricity generation;Aggregate fuel;Fossil;TWh;162,87;23,2;16,61
Spain;ESP;2004;Country or economy;Europe;Europe;1;1;0;0;0;Electricity generation;Aggregate fuel;Gas and Other Fossil;TWh;83,77;18,83;29
Spain;ESP;2004;Country or economy;Europe;Europe;1;1;0;0;0;Electricity generation;Aggregate fuel;Hydro, Bioenergy and Other Renewables;TWh;34,41;-9,25;-21,19
Spain;ESP;2004;Country or economy;Europe;Europe;1;1;0;0;0;Electricity generation;Aggregate fuel;Renewables;TWh;50,13;-5,62;-10,08
Spain;ESP;2004;Country or economy;Europe;Europe;1;1;0;0;0;Electricity generation;Aggregate fuel;Wind and Solar;TWh;15,72;3,63;30,02
Spain;ESP;2004;Country or economy;Europe;Europe;1;1;0;0;0;Electricity generation;Fuel;Bioenergy;%;1,2;;
Spain;ESP;2004;Country or economy;Europe;Europe;1;1;0;0;0;Electricity generation;Fuel;Coal;%;28,6;;
Spain;ESP;2004;Country or economy;Europe;Europe;1;1;0;0;0;Electricity generation;Fuel;Gas;%;20,05;;
Spain;ESP;2004;Country or economy;Europe;Europe;1;1;0;0;0;Electricity generation;Fuel;Hydro;%;11,24;;
Spain;ESP;2004;Country or economy;Europe;Europe;1;1;0;0;0;Electricity generation;Fuel;Nuclear;%;23;;
Spain;ESP;2004;Country or economy;Europe;Europe;1;1;0;0;0;Electricity generation;Fuel;Other Fossil;%;10,23;;
Spain;ESP;2004;Country or economy;Europe;Europe;1;1;0;0;0;Electricity generation;Fuel;Other Renewables;%;0;;
Spain;ESP;2004;Country or economy;Europe;Europe;1;1;0;0;0;Electricity generation;Fuel;Solar;%;0,01;;
Spain;ESP;2004;Country or economy;Europe;Europe;1;1;0;0;0;Electricity generation;Fuel;Wind;%;5,68;;
Spain;ESP;2004;Country or economy;Europe;Europe;1;1;0;0;0;Electricity generation;Fuel;Bioenergy;TWh;3,33;0,15;4,72
Spain;ESP;2004;Country or economy;Europe;Europe;1;1;0;0;0;Electricity generation;Fuel;Coal;TWh;79,1;4,37;5,85
Spain;ESP;2004;Country or economy;Europe;Europe;1;1;0;0;0;Electricity generation;Fuel;Gas;TWh;55,46;16,09;40,87
Spain;ESP;2004;Country or economy;Europe;Europe;1;1;0;0;0;Electricity generation;Fuel;Hydro;TWh;31,08;-9,4;-23,22
Spain;ESP;2004;Country or economy;Europe;Europe;1;1;0;0;0;Electricity generation;Fuel;Nuclear;TWh;63,61;1,73;2,8
Spain;ESP;2004;Country or economy;Europe;Europe;1;1;0;0;0;Electricity generation;Fuel;Other Fossil;TWh;28,31;2,74;10,72
Spain;ESP;2004;Country or economy;Europe;Europe;1;1;0;0;0;Electricity generation;Fuel;Other Renewables;TWh;0;0;
Spain;ESP;2004;Country or economy;Europe;Europe;1;1;0;0;0;Electricity generation;Fuel;Solar;TWh;0,02;0;0
Spain;ESP;2004;Country or economy;Europe;Europe;1;1;0;0;0;Electricity generation;Fuel;Wind;TWh;15,7;3,63;30,07
Spain;ESP;2004;Country or economy;Europe;Europe;1;1;0;0;0;Electricity generation;Total;Total Generation;TWh;276,61;19,31;7,5
Spain;ESP;2005;Country or economy;Europe;Europe;1;1;0;0;0;Electricity generation;Aggregate fuel;Clean;%;34,49;;
Spain;ESP;2005;Country or economy;Europe;Europe;1;1;0;0;0;Electricity generation;Aggregate fuel;Fossil;%;65,52;;
Spain;ESP;2005;Country or economy;Europe;Europe;1;1;0;0;0;Electricity generation;Aggregate fuel;Gas and Other Fossil;%;38,21;;
Spain;ESP;2005;Country or economy;Europe;Europe;1;1;0;0;0;Electricity generation;Aggregate fuel;Hydro, Bioenergy and Other Renewables;%;7,27;;
Spain;ESP;2005;Country or economy;Europe;Europe;1;1;0;0;0;Electricity generation;Aggregate fuel;Renewables;%;14,61;;
Spain;ESP;2005;Country or economy;Europe;Europe;1;1;0;0;0;Electricity generation;Aggregate fuel;Wind and Solar;%;7,34;;
Spain;ESP;2005;Country or economy;Europe;Europe;1;1;0;0;0;Electricity generation;Aggregate fuel;Clean;TWh;99,81;-13,93;-12,25
Spain;ESP;2005;Country or economy;Europe;Europe;1;1;0;0;0;Electricity generation;Aggregate fuel;Fossil;TWh;189,65;26,78;16,44
Spain;ESP;2005;Country or economy;Europe;Europe;1;1;0;0;0;Electricity generation;Aggregate fuel;Gas and Other Fossil;TWh;110,59;26,82;32,02
Spain;ESP;2005;Country or economy;Europe;Europe;1;1;0;0;0;Electricity generation;Aggregate fuel;Hydro, Bioenergy and Other Renewables;TWh;21,04;-13,37;-38,85
Spain;ESP;2005;Country or economy;Europe;Europe;1;1;0;0;0;Electricity generation;Aggregate fuel;Renewables;TWh;42,27;-7,86;-15,68
Spain;ESP;2005;Country or economy;Europe;Europe;1;1;0;0;0;Electricity generation;Aggregate fuel;Wind and Solar;TWh;21,23;5,51;35,05
Spain;ESP;2005;Country or economy;Europe;Europe;1;1;0;0;0;Electricity generation;Fuel;Bioenergy;%;0,92;;
Spain;ESP;2005;Country or economy;Europe;Europe;1;1;0;0;0;Electricity generation;Fuel;Coal;%;27,31;;
Spain;ESP;2005;Country or economy;Europe;Europe;1;1;0;0;0;Electricity generation;Fuel;Gas;%;27,3;;
Spain;ESP;2005;Country or economy;Europe;Europe;1;1;0;0;0;Electricity generation;Fuel;Hydro;%;6,35;;
Spain;ESP;2005;Country or economy;Europe;Europe;1;1;0;0;0;Electricity generation;Fuel;Nuclear;%;19,88;;
Spain;ESP;2005;Country or economy;Europe;Europe;1;1;0;0;0;Electricity generation;Fuel;Other Fossil;%;10,91;;
Spain;ESP;2005;Country or economy;Europe;Europe;1;1;0;0;0;Electricity generation;Fuel;Other Renewables;%;0;;
Spain;ESP;2005;Country or economy;Europe;Europe;1;1;0;0;0;Electricity generation;Fuel;Solar;%;0,02;;
Spain;ESP;2005;Country or economy;Europe;Europe;1;1;0;0;0;Electricity generation;Fuel;Wind;%;7,32;;
Spain;ESP;2005;Country or economy;Europe;Europe;1;1;0;0;0;Electricity generation;Fuel;Bioenergy;TWh;2,65;-0,68;-20,42
Spain;ESP;2005;Country or economy;Europe;Europe;1;1;0;0;0;Electricity generation;Fuel;Coal;TWh;79,06;-0,04;-0,05
Spain;ESP;2005;Country or economy;Europe;Europe;1;1;0;0;0;Electricity generation;Fuel;Gas;TWh;79,01;23,55;42,46
Spain;ESP;2005;Country or economy;Europe;Europe;1;1;0;0;0;Electricity generation;Fuel;Hydro;TWh;18,39;-12,69;-40,83
Spain;ESP;2005;Country or economy;Europe;Europe;1;1;0;0;0;Electricity generation;Fuel;Nuclear;TWh;57,54;-6,07;-9,54
Spain;ESP;2005;Country or economy;Europe;Europe;1;1;0;0;0;Electricity generation;Fuel;Other Fossil;TWh;31,58;3,27;11,55
Spain;ESP;2005;Country or economy;Europe;Europe;1;1;0;0;0;Electricity generation;Fuel;Other Renewables;TWh;0;0;
Spain;ESP;2005;Country or economy;Europe;Europe;1;1;0;0;0;Electricity generation;Fuel;Solar;TWh;0,05;0,03;150
Spain;ESP;2005;Country or economy;Europe;Europe;1;1;0;0;0;Electricity generation;Fuel;Wind;TWh;21,18;5,48;34,9
Spain;ESP;2005;Country or economy;Europe;Europe;1;1;0;0;0;Electricity generation;Total;Total Generation;TWh;289,46;12,85;4,65
Spain;ESP;2006;Country or economy;Europe;Europe;1;1;0;0;0;Electricity generation;Aggregate fuel;Clean;%;37,98;;
Spain;ESP;2006;Country or economy;Europe;Europe;1;1;0;0;0;Electricity generation;Aggregate fuel;Fossil;%;62,02;;
Spain;ESP;2006;Country or economy;Europe;Europe;1;1;0;0;0;Electricity generation;Aggregate fuel;Gas and Other Fossil;%;39,44;;
Spain;ESP;2006;Country or economy;Europe;Europe;1;1;0;0;0;Electricity generation;Aggregate fuel;Hydro, Bioenergy and Other Renewables;%;9,72;;
Spain;ESP;2006;Country or economy;Europe;Europe;1;1;0;0;0;Electricity generation;Aggregate fuel;Renewables;%;17,64;;
Spain;ESP;2006;Country or economy;Europe;Europe;1;1;0;0;0;Electricity generation;Aggregate fuel;Wind and Solar;%;7,92;;
Spain;ESP;2006;Country or economy;Europe;Europe;1;1;0;0;0;Electricity generation;Aggregate fuel;Clean;TWh;112,28;12,47;12,49
Spain;ESP;2006;Country or economy;Europe;Europe;1;1;0;0;0;Electricity generation;Aggregate fuel;Fossil;TWh;183,31;-6,34;-3,34
Spain;ESP;2006;Country or economy;Europe;Europe;1;1;0;0;0;Electricity generation;Aggregate fuel;Gas and Other Fossil;TWh;116,57;5,98;5,41
Spain;ESP;2006;Country or economy;Europe;Europe;1;1;0;0;0;Electricity generation;Aggregate fuel;Hydro, Bioenergy and Other Renewables;TWh;28,73;7,69;36,55
Spain;ESP;2006;Country or economy;Europe;Europe;1;1;0;0;0;Electricity generation;Aggregate fuel;Renewables;TWh;52,15;9,88;23,37
Spain;ESP;2006;Country or economy;Europe;Europe;1;1;0;0;0;Electricity generation;Aggregate fuel;Wind and Solar;TWh;23,42;2,19;10,32
Spain;ESP;2006;Country or economy;Europe;Europe;1;1;0;0;0;Electricity generation;Fuel;Bioenergy;%;0,94;;
Spain;ESP;2006;Country or economy;Europe;Europe;1;1;0;0;0;Electricity generation;Fuel;Coal;%;22,58;;
Spain;ESP;2006;Country or economy;Europe;Europe;1;1;0;0;0;Electricity generation;Fuel;Gas;%;30,64;;
Spain;ESP;2006;Country or economy;Europe;Europe;1;1;0;0;0;Electricity generation;Fuel;Hydro;%;8,78;;
Spain;ESP;2006;Country or economy;Europe;Europe;1;1;0;0;0;Electricity generation;Fuel;Nuclear;%;20,34;;
Spain;ESP;2006;Country or economy;Europe;Europe;1;1;0;0;0;Electricity generation;Fuel;Other Fossil;%;8,8;;
Spain;ESP;2006;Country or economy;Europe;Europe;1;1;0;0;0;Electricity generation;Fuel;Other Renewables;%;0;;
Spain;ESP;2006;Country or economy;Europe;Europe;1;1;0;0;0;Electricity generation;Fuel;Solar;%;0,04;;
Spain;ESP;2006;Country or economy;Europe;Europe;1;1;0;0;0;Electricity generation;Fuel;Wind;%;7,88;;
Spain;ESP;2006;Country or economy;Europe;Europe;1;1;0;0;0;Electricity generation;Fuel;Bioenergy;TWh;2,77;0,12;4,53
Spain;ESP;2006;Country or economy;Europe;Europe;1;1;0;0;0;Electricity generation;Fuel;Coal;TWh;66,74;-12,32;-15,58
Spain;ESP;2006;Country or economy;Europe;Europe;1;1;0;0;0;Electricity generation;Fuel;Gas;TWh;90,57;11,56;14,63
Spain;ESP;2006;Country or economy;Europe;Europe;1;1;0;0;0;Electricity generation;Fuel;Hydro;TWh;25,96;7,57;41,16
Spain;ESP;2006;Country or economy;Europe;Europe;1;1;0;0;0;Electricity generation;Fuel;Nuclear;TWh;60,13;2,59;4,5
Spain;ESP;2006;Country or economy;Europe;Europe;1;1;0;0;0;Electricity generation;Fuel;Other Fossil;TWh;26;-5,58;-17,67
Spain;ESP;2006;Country or economy;Europe;Europe;1;1;0;0;0;Electricity generation;Fuel;Other Renewables;TWh;0;0;
Spain;ESP;2006;Country or economy;Europe;Europe;1;1;0;0;0;Electricity generation;Fuel;Solar;TWh;0,12;0,07;140
Spain;ESP;2006;Country or economy;Europe;Europe;1;1;0;0;0;Electricity generation;Fuel;Wind;TWh;23,3;2,12;10,01
Spain;ESP;2006;Country or economy;Europe;Europe;1;1;0;0;0;Electricity generation;Total;Total Generation;TWh;295,59;6,13;2,12
Spain;ESP;2007;Country or economy;Europe;Europe;1;1;0;0;0;Electricity generation;Aggregate fuel;Clean;%;37,56;;
Spain;ESP;2007;Country or economy;Europe;Europe;1;1;0;0;0;Electricity generation;Aggregate fuel;Fossil;%;62,44;;
Spain;ESP;2007;Country or economy;Europe;Europe;1;1;0;0;0;Electricity generation;Aggregate fuel;Gas and Other Fossil;%;38,32;;
Spain;ESP;2007;Country or economy;Europe;Europe;1;1;0;0;0;Electricity generation;Aggregate fuel;Hydro, Bioenergy and Other Renewables;%;10,01;;
Spain;ESP;2007;Country or economy;Europe;Europe;1;1;0;0;0;Electricity generation;Aggregate fuel;Renewables;%;19,31;;
Spain;ESP;2007;Country or economy;Europe;Europe;1;1;0;0;0;Electricity generation;Aggregate fuel;Wind and Solar;%;9,3;;
Spain;ESP;2007;Country or economy;Europe;Europe;1;1;0;0;0;Electricity generation;Aggregate fuel;Clean;TWh;113,4;1,12;1
Spain;ESP;2007;Country or economy;Europe;Europe;1;1;0;0;0;Electricity generation;Aggregate fuel;Fossil;TWh;188,46;5,15;2,81
Spain;ESP;2007;Country or economy;Europe;Europe;1;1;0;0;0;Electricity generation;Aggregate fuel;Gas and Other Fossil;TWh;115,66;-0,91;-0,78
Spain;ESP;2007;Country or economy;Europe;Europe;1;1;0;0;0;Electricity generation;Aggregate fuel;Hydro, Bioenergy and Other Renewables;TWh;30,21;1,48;5,15
Spain;ESP;2007;Country or economy;Europe;Europe;1;1;0;0;0;Electricity generation;Aggregate fuel;Renewables;TWh;58,3;6,15;11,79
Spain;ESP;2007;Country or economy;Europe;Europe;1;1;0;0;0;Electricity generation;Aggregate fuel;Wind and Solar;TWh;28,09;4,67;19,94
Spain;ESP;2007;Country or economy;Europe;Europe;1;1;0;0;0;Electricity generation;Fuel;Bioenergy;%;0,96;;
Spain;ESP;2007;Country or economy;Europe;Europe;1;1;0;0;0;Electricity generation;Fuel;Coal;%;24,12;;
Spain;ESP;2007;Country or economy;Europe;Europe;1;1;0;0;0;Electricity generation;Fuel;Gas;%;31,41;;
Spain;ESP;2007;Country or economy;Europe;Europe;1;1;0;0;0;Electricity generation;Fuel;Hydro;%;9,05;;
Spain;ESP;2007;Country or economy;Europe;Europe;1;1;0;0;0;Electricity generation;Fuel;Nuclear;%;18,25;;
Spain;ESP;2007;Country or economy;Europe;Europe;1;1;0;0;0;Electricity generation;Fuel;Other Fossil;%;6,91;;
Spain;ESP;2007;Country or economy;Europe;Europe;1;1;0;0;0;Electricity generation;Fuel;Other Renewables;%;0;;
Spain;ESP;2007;Country or economy;Europe;Europe;1;1;0;0;0;Electricity generation;Fuel;Solar;%;0,17;;
Spain;ESP;2007;Country or economy;Europe;Europe;1;1;0;0;0;Electricity generation;Fuel;Wind;%;9,13;;
Spain;ESP;2007;Country or economy;Europe;Europe;1;1;0;0;0;Electricity generation;Fuel;Bioenergy;TWh;2,9;0,13;4,69
Spain;ESP;2007;Country or economy;Europe;Europe;1;1;0;0;0;Electricity generation;Fuel;Coal;TWh;72,8;6,06;9,08
Spain;ESP;2007;Country or economy;Europe;Europe;1;1;0;0;0;Electricity generation;Fuel;Gas;TWh;94,8;4,23;4,67
Spain;ESP;2007;Country or economy;Europe;Europe;1;1;0;0;0;Electricity generation;Fuel;Hydro;TWh;27,31;1,35;5,2
Spain;ESP;2007;Country or economy;Europe;Europe;1;1;0;0;0;Electricity generation;Fuel;Nuclear;TWh;55,1;-5,03;-8,37
Spain;ESP;2007;Country or economy;Europe;Europe;1;1;0;0;0;Electricity generation;Fuel;Other Fossil;TWh;20,86;-5,14;-19,77
Spain;ESP;2007;Country or economy;Europe;Europe;1;1;0;0;0;Electricity generation;Fuel;Other Renewables;TWh;0;0;
Spain;ESP;2007;Country or economy;Europe;Europe;1;1;0;0;0;Electricity generation;Fuel;Solar;TWh;0,52;0,4;333,33
Spain;ESP;2007;Country or economy;Europe;Europe;1;1;0;0;0;Electricity generation;Fuel;Wind;TWh;27,57;4,27;18,33
Spain;ESP;2007;Country or economy;Europe;Europe;1;1;0;0;0;Electricity generation;Total;Total Generation;TWh;301,86;6,27;2,12
Spain;ESP;2008;Country or economy;Europe;Europe;1;1;0;0;0;Electricity generation;Aggregate fuel;Clean;%;39,1;;
Spain;ESP;2008;Country or economy;Europe;Europe;1;1;0;0;0;Electricity generation;Aggregate fuel;Fossil;%;60,89;;
Spain;ESP;2008;Country or economy;Europe;Europe;1;1;0;0;0;Electricity generation;Aggregate fuel;Gas and Other Fossil;%;45,17;;
Spain;ESP;2008;Country or economy;Europe;Europe;1;1;0;0;0;Electricity generation;Aggregate fuel;Hydro, Bioenergy and Other Renewables;%;8,59;;
Spain;ESP;2008;Country or economy;Europe;Europe;1;1;0;0;0;Electricity generation;Aggregate fuel;Renewables;%;20,06;;
Spain;ESP;2008;Country or economy;Europe;Europe;1;1;0;0;0;Electricity generation;Aggregate fuel;Wind and Solar;%;11,47;;
Spain;ESP;2008;Country or economy;Europe;Europe;1;1;0;0;0;Electricity generation;Aggregate fuel;Clean;TWh;121,12;7,72;6,81
Spain;ESP;2008;Country or economy;Europe;Europe;1;1;0;0;0;Electricity generation;Aggregate fuel;Fossil;TWh;188,67;0,21;0,11
Spain;ESP;2008;Country or economy;Europe;Europe;1;1;0;0;0;Electricity generation;Aggregate fuel;Gas and Other Fossil;TWh;139,96;24,3;21,01
Spain;ESP;2008;Country or economy;Europe;Europe;1;1;0;0;0;Electricity generation;Aggregate fuel;Hydro, Bioenergy and Other Renewables;TWh;26,62;-3,59;-11,88
Spain;ESP;2008;Country or economy;Europe;Europe;1;1;0;0;0;Electricity generation;Aggregate fuel;Renewables;TWh;62,15;3,85;6,6
Spain;ESP;2008;Country or economy;Europe;Europe;1;1;0;0;0;Electricity generation;Aggregate fuel;Wind and Solar;TWh;35,53;7,44;26,49
Spain;ESP;2008;Country or economy;Europe;Europe;1;1;0;0;0;Electricity generation;Fuel;Bioenergy;%;1,05;;
Spain;ESP;2008;Country or economy;Europe;Europe;1;1;0;0;0;Electricity generation;Fuel;Coal;%;15,72;;
Spain;ESP;2008;Country or economy;Europe;Europe;1;1;0;0;0;Electricity generation;Fuel;Gas;%;38,99;;
Spain;ESP;2008;Country or economy;Europe;Europe;1;1;0;0;0;Electricity generation;Fuel;Hydro;%;7,54;;
Spain;ESP;2008;Country or economy;Europe;Europe;1;1;0;0;0;Electricity generation;Fuel;Nuclear;%;19,04;;
Spain;ESP;2008;Country or economy;Europe;Europe;1;1;0;0;0;Electricity generation;Fuel;Other Fossil;%;6,18;;
Spain;ESP;2008;Country or economy;Europe;Europe;1;1;0;0;0;Electricity generation;Fuel;Other Renewables;%;0;;
Spain;ESP;2008;Country or economy;Europe;Europe;1;1;0;0;0;Electricity generation;Fuel;Solar;%;0,83;;
Spain;ESP;2008;Country or economy;Europe;Europe;1;1;0;0;0;Electricity generation;Fuel;Wind;%;10,64;;
Spain;ESP;2008;Country or economy;Europe;Europe;1;1;0;0;0;Electricity generation;Fuel;Bioenergy;TWh;3,26;0,36;12,41
Spain;ESP;2008;Country or economy;Europe;Europe;1;1;0;0;0;Electricity generation;Fuel;Coal;TWh;48,71;-24,09;-33,09
Spain;ESP;2008;Country or economy;Europe;Europe;1;1;0;0;0;Electricity generation;Fuel;Gas;TWh;120,8;26;27,43
Spain;ESP;2008;Country or economy;Europe;Europe;1;1;0;0;0;Electricity generation;Fuel;Hydro;TWh;23,36;-3,95;-14,46
Spain;ESP;2008;Country or economy;Europe;Europe;1;1;0;0;0;Electricity generation;Fuel;Nuclear;TWh;58,97;3,87;7,02
Spain;ESP;2008;Country or economy;Europe;Europe;1;1;0;0;0;Electricity generation;Fuel;Other Fossil;TWh;19,16;-1,7;-8,15
Spain;ESP;2008;Country or economy;Europe;Europe;1;1;0;0;0;Electricity generation;Fuel;Other Renewables;TWh;0;0;
Spain;ESP;2008;Country or economy;Europe;Europe;1;1;0;0;0;Electricity generation;Fuel;Solar;TWh;2,58;2,06;396,15
Spain;ESP;2008;Country or economy;Europe;Europe;1;1;0;0;0;Electricity generation;Fuel;Wind;TWh;32,95;5,38;19,51
Spain;ESP;2008;Country or economy;Europe;Europe;1;1;0;0;0;Electricity generation;Total;Total Generation;TWh;309,79;7,93;2,63
Spain;ESP;2009;Country or economy;Europe;Europe;1;1;0;0;0;Electricity generation;Aggregate fuel;Clean;%;43,62;;
Spain;ESP;2009;Country or economy;Europe;Europe;1;1;0;0;0;Electricity generation;Aggregate fuel;Fossil;%;56,37;;
Spain;ESP;2009;Country or economy;Europe;Europe;1;1;0;0;0;Electricity generation;Aggregate fuel;Gas and Other Fossil;%;44,02;;
Spain;ESP;2009;Country or economy;Europe;Europe;1;1;0;0;0;Electricity generation;Aggregate fuel;Hydro, Bioenergy and Other Renewables;%;10,28;;
Spain;ESP;2009;Country or economy;Europe;Europe;1;1;0;0;0;Electricity generation;Aggregate fuel;Renewables;%;25,47;;
Spain;ESP;2009;Country or economy;Europe;Europe;1;1;0;0;0;Electricity generation;Aggregate fuel;Wind and Solar;%;15,19;;
Spain;ESP;2009;Country or economy;Europe;Europe;1;1;0;0;0;Electricity generation;Aggregate fuel;Clean;TWh;126,84;5,72;4,72
Spain;ESP;2009;Country or economy;Europe;Europe;1;1;0;0;0;Electricity generation;Aggregate fuel;Fossil;TWh;163,88;-24,79;-13,14
Spain;ESP;2009;Country or economy;Europe;Europe;1;1;0;0;0;Electricity generation;Aggregate fuel;Gas and Other Fossil;TWh;127,97;-11,99;-8,57
Spain;ESP;2009;Country or economy;Europe;Europe;1;1;0;0;0;Electricity generation;Aggregate fuel;Hydro, Bioenergy and Other Renewables;TWh;29,9;3,28;12,32
Spain;ESP;2009;Country or economy;Europe;Europe;1;1;0;0;0;Electricity generation;Aggregate fuel;Renewables;TWh;74,08;11,93;19,2
Spain;ESP;2009;Country or economy;Europe;Europe;1;1;0;0;0;Electricity generation;Aggregate fuel;Wind and Solar;TWh;44,18;8,65;24,35
Spain;ESP;2009;Country or economy;Europe;Europe;1;1;0;0;0;Electricity generation;Fuel;Bioenergy;%;1,2;;
Spain;ESP;2009;Country or economy;Europe;Europe;1;1;0;0;0;Electricity generation;Fuel;Coal;%;12,35;;
Spain;ESP;2009;Country or economy;Europe;Europe;1;1;0;0;0;Electricity generation;Fuel;Gas;%;37,06;;
Spain;ESP;2009;Country or economy;Europe;Europe;1;1;0;0;0;Electricity generation;Fuel;Hydro;%;9,08;;
Spain;ESP;2009;Country or economy;Europe;Europe;1;1;0;0;0;Electricity generation;Fuel;Nuclear;%;18,15;;
Spain;ESP;2009;Country or economy;Europe;Europe;1;1;0;0;0;Electricity generation;Fuel;Other Fossil;%;6,96;;
Spain;ESP;2009;Country or economy;Europe;Europe;1;1;0;0;0;Electricity generation;Fuel;Other Renewables;%;0;;
Spain;ESP;2009;Country or economy;Europe;Europe;1;1;0;0;0;Electricity generation;Fuel;Solar;%;2,08;;
Spain;ESP;2009;Country or economy;Europe;Europe;1;1;0;0;0;Electricity generation;Fuel;Wind;%;13,11;;
Spain;ESP;2009;Country or economy;Europe;Europe;1;1;0;0;0;Electricity generation;Fuel;Bioenergy;TWh;3,49;0,23;7,06
Spain;ESP;2009;Country or economy;Europe;Europe;1;1;0;0;0;Electricity generation;Fuel;Coal;TWh;35,91;-12,8;-26,28
Spain;ESP;2009;Country or economy;Europe;Europe;1;1;0;0;0;Electricity generation;Fuel;Gas;TWh;107,75;-13,05;-10,8
Spain;ESP;2009;Country or economy;Europe;Europe;1;1;0;0;0;Electricity generation;Fuel;Hydro;TWh;26,41;3,05;13,06
Spain;ESP;2009;Country or economy;Europe;Europe;1;1;0;0;0;Electricity generation;Fuel;Nuclear;TWh;52,76;-6,21;-10,53
Spain;ESP;2009;Country or economy;Europe;Europe;1;1;0;0;0;Electricity generation;Fuel;Other Fossil;TWh;20,22;1,06;5,53
Spain;ESP;2009;Country or economy;Europe;Europe;1;1;0;0;0;Electricity generation;Fuel;Other Renewables;TWh;0;0;
Spain;ESP;2009;Country or economy;Europe;Europe;1;1;0;0;0;Electricity generation;Fuel;Solar;TWh;6,06;3,48;134,88
Spain;ESP;2009;Country or economy;Europe;Europe;1;1;0;0;0;Electricity generation;Fuel;Wind;TWh;38,12;5,17;15,69
Spain;ESP;2009;Country or economy;Europe;Europe;1;1;0;0;0;Electricity generation;Total;Total Generation;TWh;290,72;-19,07;-6,16
Spain;ESP;2010;Country or economy;Europe;Europe;1;1;0;0;0;Electricity generation;Aggregate fuel;Clean;%;53,65;;
Spain;ESP;2010;Country or economy;Europe;Europe;1;1;0;0;0;Electricity generation;Aggregate fuel;Fossil;%;46,36;;
Spain;ESP;2010;Country or economy;Europe;Europe;1;1;0;0;0;Electricity generation;Aggregate fuel;Gas and Other Fossil;%;37,85;;
Spain;ESP;2010;Country or economy;Europe;Europe;1;1;0;0;0;Electricity generation;Aggregate fuel;Hydro, Bioenergy and Other Renewables;%;15,55;;
Spain;ESP;2010;Country or economy;Europe;Europe;1;1;0;0;0;Electricity generation;Aggregate fuel;Renewables;%;32,83;;
Spain;ESP;2010;Country or economy;Europe;Europe;1;1;0;0;0;Electricity generation;Aggregate fuel;Wind and Solar;%;17,28;;
Spain;ESP;2010;Country or economy;Europe;Europe;1;1;0;0;0;Electricity generation;Aggregate fuel;Clean;TWh;159,76;32,92;25,95
Spain;ESP;2010;Country or economy;Europe;Europe;1;1;0;0;0;Electricity generation;Aggregate fuel;Fossil;TWh;138,04;-25,84;-15,77
Spain;ESP;2010;Country or economy;Europe;Europe;1;1;0;0;0;Electricity generation;Aggregate fuel;Gas and Other Fossil;TWh;112,71;-15,26;-11,92
Spain;ESP;2010;Country or economy;Europe;Europe;1;1;0;0;0;Electricity generation;Aggregate fuel;Hydro, Bioenergy and Other Renewables;TWh;46,31;16,41;54,88
Spain;ESP;2010;Country or economy;Europe;Europe;1;1;0;0;0;Electricity generation;Aggregate fuel;Renewables;TWh;97,77;23,69;31,98
Spain;ESP;2010;Country or economy;Europe;Europe;1;1;0;0;0;Electricity generation;Aggregate fuel;Wind and Solar;TWh;51,46;7,28;16,48
Spain;ESP;2010;Country or economy;Europe;Europe;1;1;0;0;0;Electricity generation;Fuel;Bioenergy;%;1,35;;
Spain;ESP;2010;Country or economy;Europe;Europe;1;1;0;0;0;Electricity generation;Fuel;Coal;%;8,51;;
Spain;ESP;2010;Country or economy;Europe;Europe;1;1;0;0;0;Electricity generation;Fuel;Gas;%;31,85;;
Spain;ESP;2010;Country or economy;Europe;Europe;1;1;0;0;0;Electricity generation;Fuel;Hydro;%;14,2;;
Spain;ESP;2010;Country or economy;Europe;Europe;1;1;0;0;0;Electricity generation;Fuel;Nuclear;%;20,82;;
Spain;ESP;2010;Country or economy;Europe;Europe;1;1;0;0;0;Electricity generation;Fuel;Other Fossil;%;6;;
Spain;ESP;2010;Country or economy;Europe;Europe;1;1;0;0;0;Electricity generation;Fuel;Other Renewables;%;0;;
Spain;ESP;2010;Country or economy;Europe;Europe;1;1;0;0;0;Electricity generation;Fuel;Solar;%;2,41;;
Spain;ESP;2010;Country or economy;Europe;Europe;1;1;0;0;0;Electricity generation;Fuel;Wind;%;14,87;;
Spain;ESP;2010;Country or economy;Europe;Europe;1;1;0;0;0;Electricity generation;Fuel;Bioenergy;TWh;4,01;0,52;14,9
Spain;ESP;2010;Country or economy;Europe;Europe;1;1;0;0;0;Electricity generation;Fuel;Coal;TWh;25,33;-10,58;-29,46
Spain;ESP;2010;Country or economy;Europe;Europe;1;1;0;0;0;Electricity generation;Fuel;Gas;TWh;94,85;-12,9;-11,97
Spain;ESP;2010;Country or economy;Europe;Europe;1;1;0;0;0;Electricity generation;Fuel;Hydro;TWh;42,3;15,89;60,17
Spain;ESP;2010;Country or economy;Europe;Europe;1;1;0;0;0;Electricity generation;Fuel;Nuclear;TWh;61,99;9,23;17,49
Spain;ESP;2010;Country or economy;Europe;Europe;1;1;0;0;0;Electricity generation;Fuel;Other Fossil;TWh;17,86;-2,36;-11,67
Spain;ESP;2010;Country or economy;Europe;Europe;1;1;0;0;0;Electricity generation;Fuel;Other Renewables;TWh;0;0;
Spain;ESP;2010;Country or economy;Europe;Europe;1;1;0;0;0;Electricity generation;Fuel;Solar;TWh;7,19;1,13;18,65
Spain;ESP;2010;Country or economy;Europe;Europe;1;1;0;0;0;Electricity generation;Fuel;Wind;TWh;44,27;6,15;16,13
Spain;ESP;2010;Country or economy;Europe;Europe;1;1;0;0;0;Electricity generation;Total;Total Generation;TWh;297,8;7,08;2,44
Spain;ESP;2011;Country or economy;Europe;Europe;1;1;0;0;0;Electricity generation;Aggregate fuel;Clean;%;49,82;;
Spain;ESP;2011;Country or economy;Europe;Europe;1;1;0;0;0;Electricity generation;Aggregate fuel;Fossil;%;50,18;;
Spain;ESP;2011;Country or economy;Europe;Europe;1;1;0;0;0;Electricity generation;Aggregate fuel;Gas and Other Fossil;%;35,09;;
Spain;ESP;2011;Country or economy;Europe;Europe;1;1;0;0;0;Electricity generation;Aggregate fuel;Hydro, Bioenergy and Other Renewables;%;12,08;;
Spain;ESP;2011;Country or economy;Europe;Europe;1;1;0;0;0;Electricity generation;Aggregate fuel;Renewables;%;30,02;;
Spain;ESP;2011;Country or economy;Europe;Europe;1;1;0;0;0;Electricity generation;Aggregate fuel;Wind and Solar;%;17,94;;
Spain;ESP;2011;Country or economy;Europe;Europe;1;1;0;0;0;Electricity generation;Aggregate fuel;Clean;TWh;145,25;-14,51;-9,08
Spain;ESP;2011;Country or economy;Europe;Europe;1;1;0;0;0;Electricity generation;Aggregate fuel;Fossil;TWh;146,29;8,25;5,98
Spain;ESP;2011;Country or economy;Europe;Europe;1;1;0;0;0;Electricity generation;Aggregate fuel;Gas and Other Fossil;TWh;102,31;-10,4;-9,23
Spain;ESP;2011;Country or economy;Europe;Europe;1;1;0;0;0;Electricity generation;Aggregate fuel;Hydro, Bioenergy and Other Renewables;TWh;35,21;-11,1;-23,97
Spain;ESP;2011;Country or economy;Europe;Europe;1;1;0;0;0;Electricity generation;Aggregate fuel;Renewables;TWh;87,53;-10,24;-10,47
Spain;ESP;2011;Country or economy;Europe;Europe;1;1;0;0;0;Electricity generation;Aggregate fuel;Wind and Solar;TWh;52,32;0,86;1,67
Spain;ESP;2011;Country or economy;Europe;Europe;1;1;0;0;0;Electricity generation;Fuel;Bioenergy;%;1,58;;
Spain;ESP;2011;Country or economy;Europe;Europe;1;1;0;0;0;Electricity generation;Fuel;Coal;%;15,09;;
Spain;ESP;2011;Country or economy;Europe;Europe;1;1;0;0;0;Electricity generation;Fuel;Gas;%;29,33;;
Spain;ESP;2011;Country or economy;Europe;Europe;1;1;0;0;0;Electricity generation;Fuel;Hydro;%;10,5;;
Spain;ESP;2011;Country or economy;Europe;Europe;1;1;0;0;0;Electricity generation;Fuel;Nuclear;%;19,8;;
Spain;ESP;2011;Country or economy;Europe;Europe;1;1;0;0;0;Electricity generation;Fuel;Other Fossil;%;5,76;;
Spain;ESP;2011;Country or economy;Europe;Europe;1;1;0;0;0;Electricity generation;Fuel;Other Renewables;%;0;;
Spain;ESP;2011;Country or economy;Europe;Europe;1;1;0;0;0;Electricity generation;Fuel;Solar;%;3,22;;
Spain;ESP;2011;Country or economy;Europe;Europe;1;1;0;0;0;Electricity generation;Fuel;Wind;%;14,72;;
Spain;ESP;2011;Country or economy;Europe;Europe;1;1;0;0;0;Electricity generation;Fuel;Bioenergy;TWh;4,61;0,6;14,96
Spain;ESP;2011;Country or economy;Europe;Europe;1;1;0;0;0;Electricity generation;Fuel;Coal;TWh;43,98;18,65;73,63
Spain;ESP;2011;Country or economy;Europe;Europe;1;1;0;0;0;Electricity generation;Fuel;Gas;TWh;85,51;-9,34;-9,85
Spain;ESP;2011;Country or economy;Europe;Europe;1;1;0;0;0;Electricity generation;Fuel;Hydro;TWh;30,6;-11,7;-27,66
Spain;ESP;2011;Country or economy;Europe;Europe;1;1;0;0;0;Electricity generation;Fuel;Nuclear;TWh;57,72;-4,27;-6,89
Spain;ESP;2011;Country or economy;Europe;Europe;1;1;0;0;0;Electricity generation;Fuel;Other Fossil;TWh;16,8;-1,06;-5,94
Spain;ESP;2011;Country or economy;Europe;Europe;1;1;0;0;0;Electricity generation;Fuel;Other Renewables;TWh;0;0;
Spain;ESP;2011;Country or economy;Europe;Europe;1;1;0;0;0;Electricity generation;Fuel;Solar;TWh;9,4;2,21;30,74
Spain;ESP;2011;Country or economy;Europe;Europe;1;1;0;0;0;Electricity generation;Fuel;Wind;TWh;42,92;-1,35;-3,05
Spain;ESP;2011;Country or economy;Europe;Europe;1;1;0;0;0;Electricity generation;Total;Total Generation;TWh;291,54;-6,26;-2,1
Spain;ESP;2012;Country or economy;Europe;Europe;1;1;0;0;0;Electricity generation;Aggregate fuel;Clean;%;50,49;;
Spain;ESP;2012;Country or economy;Europe;Europe;1;1;0;0;0;Electricity generation;Aggregate fuel;Fossil;%;49,5;;
Spain;ESP;2012;Country or economy;Europe;Europe;1;1;0;0;0;Electricity generation;Aggregate fuel;Gas and Other Fossil;%;30,77;;
Spain;ESP;2012;Country or economy;Europe;Europe;1;1;0;0;0;Electricity generation;Aggregate fuel;Hydro, Bioenergy and Other Renewables;%;8,68;;
Spain;ESP;2012;Country or economy;Europe;Europe;1;1;0;0;0;Electricity generation;Aggregate fuel;Renewables;%;29,58;;
Spain;ESP;2012;Country or economy;Europe;Europe;1;1;0;0;0;Electricity generation;Aggregate fuel;Wind and Solar;%;20,9;;
Spain;ESP;2012;Country or economy;Europe;Europe;1;1;0;0;0;Electricity generation;Aggregate fuel;Clean;TWh;148,44;3,19;2,2
Spain;ESP;2012;Country or economy;Europe;Europe;1;1;0;0;0;Electricity generation;Aggregate fuel;Fossil;TWh;145,51;-0,78;-0,53
Spain;ESP;2012;Country or economy;Europe;Europe;1;1;0;0;0;Electricity generation;Aggregate fuel;Gas and Other Fossil;TWh;90,44;-11,87;-11,6
Spain;ESP;2012;Country or economy;Europe;Europe;1;1;0;0;0;Electricity generation;Aggregate fuel;Hydro, Bioenergy and Other Renewables;TWh;25,53;-9,68;-27,49
Spain;ESP;2012;Country or economy;Europe;Europe;1;1;0;0;0;Electricity generation;Aggregate fuel;Renewables;TWh;86,97;-0,56;-0,64
Spain;ESP;2012;Country or economy;Europe;Europe;1;1;0;0;0;Electricity generation;Aggregate fuel;Wind and Solar;TWh;61,44;9,12;17,43
Spain;ESP;2012;Country or economy;Europe;Europe;1;1;0;0;0;Electricity generation;Fuel;Bioenergy;%;1,69;;
Spain;ESP;2012;Country or economy;Europe;Europe;1;1;0;0;0;Electricity generation;Fuel;Coal;%;18,73;;
Spain;ESP;2012;Country or economy;Europe;Europe;1;1;0;0;0;Electricity generation;Fuel;Gas;%;24,94;;
Spain;ESP;2012;Country or economy;Europe;Europe;1;1;0;0;0;Electricity generation;Fuel;Hydro;%;6,99;;
Spain;ESP;2012;Country or economy;Europe;Europe;1;1;0;0;0;Electricity generation;Fuel;Nuclear;%;20,91;;
Spain;ESP;2012;Country or economy;Europe;Europe;1;1;0;0;0;Electricity generation;Fuel;Other Fossil;%;5,83;;
Spain;ESP;2012;Country or economy;Europe;Europe;1;1;0;0;0;Electricity generation;Fuel;Other Renewables;%;0;;
Spain;ESP;2012;Country or economy;Europe;Europe;1;1;0;0;0;Electricity generation;Fuel;Solar;%;4,07;;
Spain;ESP;2012;Country or economy;Europe;Europe;1;1;0;0;0;Electricity generation;Fuel;Wind;%;16,83;;
Spain;ESP;2012;Country or economy;Europe;Europe;1;1;0;0;0;Electricity generation;Fuel;Bioenergy;TWh;4,98;0,37;8,03
Spain;ESP;2012;Country or economy;Europe;Europe;1;1;0;0;0;Electricity generation;Fuel;Coal;TWh;55,07;11,09;25,22
Spain;ESP;2012;Country or economy;Europe;Europe;1;1;0;0;0;Electricity generation;Fuel;Gas;TWh;73,31;-12,2;-14,27
Spain;ESP;2012;Country or economy;Europe;Europe;1;1;0;0;0;Electricity generation;Fuel;Hydro;TWh;20,55;-10,05;-32,84
Spain;ESP;2012;Country or economy;Europe;Europe;1;1;0;0;0;Electricity generation;Fuel;Nuclear;TWh;61,47;3,75;6,5
Spain;ESP;2012;Country or economy;Europe;Europe;1;1;0;0;0;Electricity generation;Fuel;Other Fossil;TWh;17,13;0,33;1,96
Spain;ESP;2012;Country or economy;Europe;Europe;1;1;0;0;0;Electricity generation;Fuel;Other Renewables;TWh;0;0;
Spain;ESP;2012;Country or economy;Europe;Europe;1;1;0;0;0;Electricity generation;Fuel;Solar;TWh;11,97;2,57;27,34
Spain;ESP;2012;Country or economy;Europe;Europe;1;1;0;0;0;Electricity generation;Fuel;Wind;TWh;49,47;6,55;15,26
Spain;ESP;2012;Country or economy;Europe;Europe;1;1;0;0;0;Electricity generation;Total;Total Generation;TWh;293,95;2,41;0,83
Spain;ESP;2013;Country or economy;Europe;Europe;1;1;0;0;0;Electricity generation;Aggregate fuel;Clean;%;59,74;;
Spain;ESP;2013;Country or economy;Europe;Europe;1;1;0;0;0;Electricity generation;Aggregate fuel;Fossil;%;40,26;;
Spain;ESP;2013;Country or economy;Europe;Europe;1;1;0;0;0;Electricity generation;Aggregate fuel;Gas and Other Fossil;%;26,07;;
Spain;ESP;2013;Country or economy;Europe;Europe;1;1;0;0;0;Electricity generation;Aggregate fuel;Hydro, Bioenergy and Other Renewables;%;15,16;;
Spain;ESP;2013;Country or economy;Europe;Europe;1;1;0;0;0;Electricity generation;Aggregate fuel;Renewables;%;39,58;;
Spain;ESP;2013;Country or economy;Europe;Europe;1;1;0;0;0;Electricity generation;Aggregate fuel;Wind and Solar;%;24,42;;
Spain;ESP;2013;Country or economy;Europe;Europe;1;1;0;0;0;Electricity generation;Aggregate fuel;Clean;TWh;168,14;19,7;13,27
Spain;ESP;2013;Country or economy;Europe;Europe;1;1;0;0;0;Electricity generation;Aggregate fuel;Fossil;TWh;113,32;-32,19;-22,12
Spain;ESP;2013;Country or economy;Europe;Europe;1;1;0;0;0;Electricity generation;Aggregate fuel;Gas and Other Fossil;TWh;73,38;-17,06;-18,86
Spain;ESP;2013;Country or economy;Europe;Europe;1;1;0;0;0;Electricity generation;Aggregate fuel;Hydro, Bioenergy and Other Renewables;TWh;42,67;17,14;67,14
Spain;ESP;2013;Country or economy;Europe;Europe;1;1;0;0;0;Electricity generation;Aggregate fuel;Renewables;TWh;111,41;24,44;28,1
Spain;ESP;2013;Country or economy;Europe;Europe;1;1;0;0;0;Electricity generation;Aggregate fuel;Wind and Solar;TWh;68,74;7,3;11,88
Spain;ESP;2013;Country or economy;Europe;Europe;1;1;0;0;0;Electricity generation;Fuel;Bioenergy;%;2,06;;
Spain;ESP;2013;Country or economy;Europe;Europe;1;1;0;0;0;Electricity generation;Fuel;Coal;%;14,19;;
Spain;ESP;2013;Country or economy;Europe;Europe;1;1;0;0;0;Electricity generation;Fuel;Gas;%;20,44;;
Spain;ESP;2013;Country or economy;Europe;Europe;1;1;0;0;0;Electricity generation;Fuel;Hydro;%;13,1;;
Spain;ESP;2013;Country or economy;Europe;Europe;1;1;0;0;0;Electricity generation;Fuel;Nuclear;%;20,16;;
Spain;ESP;2013;Country or economy;Europe;Europe;1;1;0;0;0;Electricity generation;Fuel;Other Fossil;%;5,63;;
Spain;ESP;2013;Country or economy;Europe;Europe;1;1;0;0;0;Electricity generation;Fuel;Other Renewables;%;0;;
Spain;ESP;2013;Country or economy;Europe;Europe;1;1;0;0;0;Electricity generation;Fuel;Solar;%;4,65;;
Spain;ESP;2013;Country or economy;Europe;Europe;1;1;0;0;0;Electricity generation;Fuel;Wind;%;19,77;;
Spain;ESP;2013;Country or economy;Europe;Europe;1;1;0;0;0;Electricity generation;Fuel;Bioenergy;TWh;5,8;0,82;16,47
Spain;ESP;2013;Country or economy;Europe;Europe;1;1;0;0;0;Electricity generation;Fuel;Coal;TWh;39,94;-15,13;-27,47
Spain;ESP;2013;Country or economy;Europe;Europe;1;1;0;0;0;Electricity generation;Fuel;Gas;TWh;57,54;-15,77;-21,51
Spain;ESP;2013;Country or economy;Europe;Europe;1;1;0;0;0;Electricity generation;Fuel;Hydro;TWh;36,87;16,32;79,42
Spain;ESP;2013;Country or economy;Europe;Europe;1;1;0;0;0;Electricity generation;Fuel;Nuclear;TWh;56,73;-4,74;-7,71
Spain;ESP;2013;Country or economy;Europe;Europe;1;1;0;0;0;Electricity generation;Fuel;Other Fossil;TWh;15,84;-1,29;-7,53
Spain;ESP;2013;Country or economy;Europe;Europe;1;1;0;0;0;Electricity generation;Fuel;Other Renewables;TWh;0;0;
Spain;ESP;2013;Country or economy;Europe;Europe;1;1;0;0;0;Electricity generation;Fuel;Solar;TWh;13,1;1,13;9,44
Spain;ESP;2013;Country or economy;Europe;Europe;1;1;0;0;0;Electricity generation;Fuel;Wind;TWh;55,64;6,17;12,47
Spain;ESP;2013;Country or economy;Europe;Europe;1;1;0;0;0;Electricity generation;Total;Total Generation;TWh;281,46;-12,49;-4,25
Spain;ESP;2014;Country or economy;Europe;Europe;1;1;0;0;0;Electricity generation;Aggregate fuel;Clean;%;61,05;;
Spain;ESP;2014;Country or economy;Europe;Europe;1;1;0;0;0;Electricity generation;Aggregate fuel;Fossil;%;38,93;;
Spain;ESP;2014;Country or economy;Europe;Europe;1;1;0;0;0;Electricity generation;Aggregate fuel;Gas and Other Fossil;%;22,97;;
Spain;ESP;2014;Country or economy;Europe;Europe;1;1;0;0;0;Electricity generation;Aggregate fuel;Hydro, Bioenergy and Other Renewables;%;16,24;;
Spain;ESP;2014;Country or economy;Europe;Europe;1;1;0;0;0;Electricity generation;Aggregate fuel;Renewables;%;40,17;;
Spain;ESP;2014;Country or economy;Europe;Europe;1;1;0;0;0;Electricity generation;Aggregate fuel;Wind and Solar;%;23,93;;
Spain;ESP;2014;Country or economy;Europe;Europe;1;1;0;0;0;Electricity generation;Aggregate fuel;Clean;TWh;167,57;-0,57;-0,34
Spain;ESP;2014;Country or economy;Europe;Europe;1;1;0;0;0;Electricity generation;Aggregate fuel;Fossil;TWh;106,87;-6,45;-5,69
Spain;ESP;2014;Country or economy;Europe;Europe;1;1;0;0;0;Electricity generation;Aggregate fuel;Gas and Other Fossil;TWh;63,06;-10,32;-14,06
Spain;ESP;2014;Country or economy;Europe;Europe;1;1;0;0;0;Electricity generation;Aggregate fuel;Hydro, Bioenergy and Other Renewables;TWh;44,58;1,91;4,48
Spain;ESP;2014;Country or economy;Europe;Europe;1;1;0;0;0;Electricity generation;Aggregate fuel;Renewables;TWh;110,26;-1,15;-1,03
Spain;ESP;2014;Country or economy;Europe;Europe;1;1;0;0;0;Electricity generation;Aggregate fuel;Wind and Solar;TWh;65,68;-3,06;-4,45
Spain;ESP;2014;Country or economy;Europe;Europe;1;1;0;0;0;Electricity generation;Fuel;Bioenergy;%;1,97;;
Spain;ESP;2014;Country or economy;Europe;Europe;1;1;0;0;0;Electricity generation;Fuel;Coal;%;15,96;;
Spain;ESP;2014;Country or economy;Europe;Europe;1;1;0;0;0;Electricity generation;Fuel;Gas;%;17,22;;
Spain;ESP;2014;Country or economy;Europe;Europe;1;1;0;0;0;Electricity generation;Fuel;Hydro;%;14,27;;
Spain;ESP;2014;Country or economy;Europe;Europe;1;1;0;0;0;Electricity generation;Fuel;Nuclear;%;20,88;;
Spain;ESP;2014;Country or economy;Europe;Europe;1;1;0;0;0;Electricity generation;Fuel;Other Fossil;%;5,75;;
Spain;ESP;2014;Country or economy;Europe;Europe;1;1;0;0;0;Electricity generation;Fuel;Other Renewables;%;0;;
Spain;ESP;2014;Country or economy;Europe;Europe;1;1;0;0;0;Electricity generation;Fuel;Solar;%;4,98;;
Spain;ESP;2014;Country or economy;Europe;Europe;1;1;0;0;0;Electricity generation;Fuel;Wind;%;18,95;;
Spain;ESP;2014;Country or economy;Europe;Europe;1;1;0;0;0;Electricity generation;Fuel;Bioenergy;TWh;5,41;-0,39;-6,72
Spain;ESP;2014;Country or economy;Europe;Europe;1;1;0;0;0;Electricity generation;Fuel;Coal;TWh;43,81;3,87;9,69
Spain;ESP;2014;Country or economy;Europe;Europe;1;1;0;0;0;Electricity generation;Fuel;Gas;TWh;47,27;-10,27;-17,85
Spain;ESP;2014;Country or economy;Europe;Europe;1;1;0;0;0;Electricity generation;Fuel;Hydro;TWh;39,17;2,3;6,24
Spain;ESP;2014;Country or economy;Europe;Europe;1;1;0;0;0;Electricity generation;Fuel;Nuclear;TWh;57,31;0,58;1,02
Spain;ESP;2014;Country or economy;Europe;Europe;1;1;0;0;0;Electricity generation;Fuel;Other Fossil;TWh;15,79;-0,05;-0,32
Spain;ESP;2014;Country or economy;Europe;Europe;1;1;0;0;0;Electricity generation;Fuel;Other Renewables;TWh;0;0;
Spain;ESP;2014;Country or economy;Europe;Europe;1;1;0;0;0;Electricity generation;Fuel;Solar;TWh;13,67;0,57;4,35
Spain;ESP;2014;Country or economy;Europe;Europe;1;1;0;0;0;Electricity generation;Fuel;Wind;TWh;52,01;-3,63;-6,52
Spain;ESP;2014;Country or economy;Europe;Europe;1;1;0;0;0;Electricity generation;Total;Total Generation;TWh;274,44;-7,02;-2,49
Spain;ESP;2015;Country or economy;Europe;Europe;1;1;0;0;0;Electricity generation;Aggregate fuel;Clean;%;55,66;;
Spain;ESP;2015;Country or economy;Europe;Europe;1;1;0;0;0;Electricity generation;Aggregate fuel;Fossil;%;44,33;;
Spain;ESP;2015;Country or economy;Europe;Europe;1;1;0;0;0;Electricity generation;Aggregate fuel;Gas and Other Fossil;%;25,8;;
Spain;ESP;2015;Country or economy;Europe;Europe;1;1;0;0;0;Electricity generation;Aggregate fuel;Hydro, Bioenergy and Other Renewables;%;12,23;;
Spain;ESP;2015;Country or economy;Europe;Europe;1;1;0;0;0;Electricity generation;Aggregate fuel;Renewables;%;35,02;;
Spain;ESP;2015;Country or economy;Europe;Europe;1;1;0;0;0;Electricity generation;Aggregate fuel;Wind and Solar;%;22,79;;
Spain;ESP;2015;Country or economy;Europe;Europe;1;1;0;0;0;Electricity generation;Aggregate fuel;Clean;TWh;154,28;-13,29;-7,93
Spain;ESP;2015;Country or economy;Europe;Europe;1;1;0;0;0;Electricity generation;Aggregate fuel;Fossil;TWh;122,89;16,02;14,99
Spain;ESP;2015;Country or economy;Europe;Europe;1;1;0;0;0;Electricity generation;Aggregate fuel;Gas and Other Fossil;TWh;71,52;8,46;13,42
Spain;ESP;2015;Country or economy;Europe;Europe;1;1;0;0;0;Electricity generation;Aggregate fuel;Hydro, Bioenergy and Other Renewables;TWh;33,9;-10,68;-23,96
Spain;ESP;2015;Country or economy;Europe;Europe;1;1;0;0;0;Electricity generation;Aggregate fuel;Renewables;TWh;97,08;-13,18;-11,95
Spain;ESP;2015;Country or economy;Europe;Europe;1;1;0;0;0;Electricity generation;Aggregate fuel;Wind and Solar;TWh;63,18;-2,5;-3,81
Spain;ESP;2015;Country or economy;Europe;Europe;1;1;0;0;0;Electricity generation;Fuel;Bioenergy;%;2,08;;
Spain;ESP;2015;Country or economy;Europe;Europe;1;1;0;0;0;Electricity generation;Fuel;Coal;%;18,53;;
Spain;ESP;2015;Country or economy;Europe;Europe;1;1;0;0;0;Electricity generation;Fuel;Gas;%;18,94;;
Spain;ESP;2015;Country or economy;Europe;Europe;1;1;0;0;0;Electricity generation;Fuel;Hydro;%;10,15;;
Spain;ESP;2015;Country or economy;Europe;Europe;1;1;0;0;0;Electricity generation;Fuel;Nuclear;%;20,64;;
Spain;ESP;2015;Country or economy;Europe;Europe;1;1;0;0;0;Electricity generation;Fuel;Other Fossil;%;6,86;;
Spain;ESP;2015;Country or economy;Europe;Europe;1;1;0;0;0;Electricity generation;Fuel;Other Renewables;%;0;;
Spain;ESP;2015;Country or economy;Europe;Europe;1;1;0;0;0;Electricity generation;Fuel;Solar;%;5;;
Spain;ESP;2015;Country or economy;Europe;Europe;1;1;0;0;0;Electricity generation;Fuel;Wind;%;17,79;;
Spain;ESP;2015;Country or economy;Europe;Europe;1;1;0;0;0;Electricity generation;Fuel;Bioenergy;TWh;5,76;0,35;6,47
Spain;ESP;2015;Country or economy;Europe;Europe;1;1;0;0;0;Electricity generation;Fuel;Coal;TWh;51,37;7,56;17,26
Spain;ESP;2015;Country or economy;Europe;Europe;1;1;0;0;0;Electricity generation;Fuel;Gas;TWh;52,5;5,23;11,06
Spain;ESP;2015;Country or economy;Europe;Europe;1;1;0;0;0;Electricity generation;Fuel;Hydro;TWh;28,14;-11,03;-28,16
Spain;ESP;2015;Country or economy;Europe;Europe;1;1;0;0;0;Electricity generation;Fuel;Nuclear;TWh;57,2;-0,11;-0,19
Spain;ESP;2015;Country or economy;Europe;Europe;1;1;0;0;0;Electricity generation;Fuel;Other Fossil;TWh;19,02;3,23;20,46
Spain;ESP;2015;Country or economy;Europe;Europe;1;1;0;0;0;Electricity generation;Fuel;Other Renewables;TWh;0;0;
Spain;ESP;2015;Country or economy;Europe;Europe;1;1;0;0;0;Electricity generation;Fuel;Solar;TWh;13,86;0,19;1,39
Spain;ESP;2015;Country or economy;Europe;Europe;1;1;0;0;0;Electricity generation;Fuel;Wind;TWh;49,32;-2,69;-5,17
Spain;ESP;2015;Country or economy;Europe;Europe;1;1;0;0;0;Electricity generation;Total;Total Generation;TWh;277,17;2,73;0,99
Spain;ESP;2016;Country or economy;Europe;Europe;1;1;0;0;0;Electricity generation;Aggregate fuel;Clean;%;60,31;;
Spain;ESP;2016;Country or economy;Europe;Europe;1;1;0;0;0;Electricity generation;Aggregate fuel;Fossil;%;39,7;;
Spain;ESP;2016;Country or economy;Europe;Europe;1;1;0;0;0;Electricity generation;Aggregate fuel;Gas and Other Fossil;%;26,24;;
Spain;ESP;2016;Country or economy;Europe;Europe;1;1;0;0;0;Electricity generation;Aggregate fuel;Hydro, Bioenergy and Other Renewables;%;15,55;;
Spain;ESP;2016;Country or economy;Europe;Europe;1;1;0;0;0;Electricity generation;Aggregate fuel;Renewables;%;38,65;;
Spain;ESP;2016;Country or economy;Europe;Europe;1;1;0;0;0;Electricity generation;Aggregate fuel;Wind and Solar;%;23,1;;
Spain;ESP;2016;Country or economy;Europe;Europe;1;1;0;0;0;Electricity generation;Aggregate fuel;Clean;TWh;163,26;8,98;5,82
Spain;ESP;2016;Country or economy;Europe;Europe;1;1;0;0;0;Electricity generation;Aggregate fuel;Fossil;TWh;107,44;-15,45;-12,57
Spain;ESP;2016;Country or economy;Europe;Europe;1;1;0;0;0;Electricity generation;Aggregate fuel;Gas and Other Fossil;TWh;71,01;-0,51;-0,71
Spain;ESP;2016;Country or economy;Europe;Europe;1;1;0;0;0;Electricity generation;Aggregate fuel;Hydro, Bioenergy and Other Renewables;TWh;42,09;8,19;24,16
Spain;ESP;2016;Country or economy;Europe;Europe;1;1;0;0;0;Electricity generation;Aggregate fuel;Renewables;TWh;104,63;7,55;7,78
Spain;ESP;2016;Country or economy;Europe;Europe;1;1;0;0;0;Electricity generation;Aggregate fuel;Wind and Solar;TWh;62,54;-0,64;-1,01
Spain;ESP;2016;Country or economy;Europe;Europe;1;1;0;0;0;Electricity generation;Fuel;Bioenergy;%;2,1;;
Spain;ESP;2016;Country or economy;Europe;Europe;1;1;0;0;0;Electricity generation;Fuel;Coal;%;13,46;;
Spain;ESP;2016;Country or economy;Europe;Europe;1;1;0;0;0;Electricity generation;Fuel;Gas;%;19,52;;
Spain;ESP;2016;Country or economy;Europe;Europe;1;1;0;0;0;Electricity generation;Fuel;Hydro;%;13,45;;
Spain;ESP;2016;Country or economy;Europe;Europe;1;1;0;0;0;Electricity generation;Fuel;Nuclear;%;21,66;;
Spain;ESP;2016;Country or economy;Europe;Europe;1;1;0;0;0;Electricity generation;Fuel;Other Fossil;%;6,72;;
Spain;ESP;2016;Country or economy;Europe;Europe;1;1;0;0;0;Electricity generation;Fuel;Other Renewables;%;0;;
Spain;ESP;2016;Country or economy;Europe;Europe;1;1;0;0;0;Electricity generation;Fuel;Solar;%;5,04;;
Spain;ESP;2016;Country or economy;Europe;Europe;1;1;0;0;0;Electricity generation;Fuel;Wind;%;18,06;;
Spain;ESP;2016;Country or economy;Europe;Europe;1;1;0;0;0;Electricity generation;Fuel;Bioenergy;TWh;5,69;-0,07;-1,22
Spain;ESP;2016;Country or economy;Europe;Europe;1;1;0;0;0;Electricity generation;Fuel;Coal;TWh;36,43;-14,94;-29,08
Spain;ESP;2016;Country or economy;Europe;Europe;1;1;0;0;0;Electricity generation;Fuel;Gas;TWh;52,83;0,33;0,63
Spain;ESP;2016;Country or economy;Europe;Europe;1;1;0;0;0;Electricity generation;Fuel;Hydro;TWh;36,4;8,26;29,35
Spain;ESP;2016;Country or economy;Europe;Europe;1;1;0;0;0;Electricity generation;Fuel;Nuclear;TWh;58,63;1,43;2,5
Spain;ESP;2016;Country or economy;Europe;Europe;1;1;0;0;0;Electricity generation;Fuel;Other Fossil;TWh;18,18;-0,84;-4,42
Spain;ESP;2016;Country or economy;Europe;Europe;1;1;0;0;0;Electricity generation;Fuel;Other Renewables;TWh;0;0;
Spain;ESP;2016;Country or economy;Europe;Europe;1;1;0;0;0;Electricity generation;Fuel;Solar;TWh;13,64;-0,22;-1,59
Spain;ESP;2016;Country or economy;Europe;Europe;1;1;0;0;0;Electricity generation;Fuel;Wind;TWh;48,9;-0,42;-0,85
Spain;ESP;2016;Country or economy;Europe;Europe;1;1;0;0;0;Electricity generation;Total;Total Generation;TWh;270,7;-6,47;-2,33
Spain;ESP;2017;Country or economy;Europe;Europe;1;1;0;0;0;Electricity generation;Aggregate fuel;Clean;%;53,6;;
Spain;ESP;2017;Country or economy;Europe;Europe;1;1;0;0;0;Electricity generation;Aggregate fuel;Fossil;%;46,41;;
Spain;ESP;2017;Country or economy;Europe;Europe;1;1;0;0;0;Electricity generation;Aggregate fuel;Gas and Other Fossil;%;29,84;;
Spain;ESP;2017;Country or economy;Europe;Europe;1;1;0;0;0;Electricity generation;Aggregate fuel;Hydro, Bioenergy and Other Renewables;%;8,96;;
Spain;ESP;2017;Country or economy;Europe;Europe;1;1;0;0;0;Electricity generation;Aggregate fuel;Renewables;%;32,29;;
Spain;ESP;2017;Country or economy;Europe;Europe;1;1;0;0;0;Electricity generation;Aggregate fuel;Wind and Solar;%;23,33;;
Spain;ESP;2017;Country or economy;Europe;Europe;1;1;0;0;0;Electricity generation;Aggregate fuel;Clean;TWh;145,97;-17,29;-10,59
Spain;ESP;2017;Country or economy;Europe;Europe;1;1;0;0;0;Electricity generation;Aggregate fuel;Fossil;TWh;126,41;18,97;17,66
Spain;ESP;2017;Country or economy;Europe;Europe;1;1;0;0;0;Electricity generation;Aggregate fuel;Gas and Other Fossil;TWh;81,28;10,27;14,46
Spain;ESP;2017;Country or economy;Europe;Europe;1;1;0;0;0;Electricity generation;Aggregate fuel;Hydro, Bioenergy and Other Renewables;TWh;24,4;-17,69;-42,03
Spain;ESP;2017;Country or economy;Europe;Europe;1;1;0;0;0;Electricity generation;Aggregate fuel;Renewables;TWh;87,93;-16,7;-15,96
Spain;ESP;2017;Country or economy;Europe;Europe;1;1;0;0;0;Electricity generation;Aggregate fuel;Wind and Solar;TWh;63,53;0,99;1,58
Spain;ESP;2017;Country or economy;Europe;Europe;1;1;0;0;0;Electricity generation;Fuel;Bioenergy;%;2,23;;
Spain;ESP;2017;Country or economy;Europe;Europe;1;1;0;0;0;Electricity generation;Fuel;Coal;%;16,57;;
Spain;ESP;2017;Country or economy;Europe;Europe;1;1;0;0;0;Electricity generation;Fuel;Gas;%;23,51;;
Spain;ESP;2017;Country or economy;Europe;Europe;1;1;0;0;0;Electricity generation;Fuel;Hydro;%;6,73;;
Spain;ESP;2017;Country or economy;Europe;Europe;1;1;0;0;0;Electricity generation;Fuel;Nuclear;%;21,31;;
Spain;ESP;2017;Country or economy;Europe;Europe;1;1;0;0;0;Electricity generation;Fuel;Other Fossil;%;6,33;;
Spain;ESP;2017;Country or economy;Europe;Europe;1;1;0;0;0;Electricity generation;Fuel;Other Renewables;%;0;;
Spain;ESP;2017;Country or economy;Europe;Europe;1;1;0;0;0;Electricity generation;Fuel;Solar;%;5,29;;
Spain;ESP;2017;Country or economy;Europe;Europe;1;1;0;0;0;Electricity generation;Fuel;Wind;%;18,04;;
Spain;ESP;2017;Country or economy;Europe;Europe;1;1;0;0;0;Electricity generation;Fuel;Bioenergy;TWh;6,08;0,39;6,85
Spain;ESP;2017;Country or economy;Europe;Europe;1;1;0;0;0;Electricity generation;Fuel;Coal;TWh;45,13;8,7;23,88
Spain;ESP;2017;Country or economy;Europe;Europe;1;1;0;0;0;Electricity generation;Fuel;Gas;TWh;64,04;11,21;21,22
Spain;ESP;2017;Country or economy;Europe;Europe;1;1;0;0;0;Electricity generation;Fuel;Hydro;TWh;18,32;-18,08;-49,67
Spain;ESP;2017;Country or economy;Europe;Europe;1;1;0;0;0;Electricity generation;Fuel;Nuclear;TWh;58,04;-0,59;-1,01
Spain;ESP;2017;Country or economy;Europe;Europe;1;1;0;0;0;Electricity generation;Fuel;Other Fossil;TWh;17,24;-0,94;-5,17
Spain;ESP;2017;Country or economy;Europe;Europe;1;1;0;0;0;Electricity generation;Fuel;Other Renewables;TWh;0;0;
Spain;ESP;2017;Country or economy;Europe;Europe;1;1;0;0;0;Electricity generation;Fuel;Solar;TWh;14,4;0,76;5,57
Spain;ESP;2017;Country or economy;Europe;Europe;1;1;0;0;0;Electricity generation;Fuel;Wind;TWh;49,13;0,23;0,47
Spain;ESP;2017;Country or economy;Europe;Europe;1;1;0;0;0;Electricity generation;Total;Total Generation;TWh;272,38;1,68;0,62
Spain;ESP;2018;Country or economy;Europe;Europe;1;1;0;0;0;Electricity generation;Aggregate fuel;Clean;%;58,82;;
Spain;ESP;2018;Country or economy;Europe;Europe;1;1;0;0;0;Electricity generation;Aggregate fuel;Fossil;%;41,18;;
Spain;ESP;2018;Country or economy;Europe;Europe;1;1;0;0;0;Electricity generation;Aggregate fuel;Gas and Other Fossil;%;27,42;;
Spain;ESP;2018;Country or economy;Europe;Europe;1;1;0;0;0;Electricity generation;Aggregate fuel;Hydro, Bioenergy and Other Renewables;%;14,83;;
Spain;ESP;2018;Country or economy;Europe;Europe;1;1;0;0;0;Electricity generation;Aggregate fuel;Renewables;%;38,27;;
Spain;ESP;2018;Country or economy;Europe;Europe;1;1;0;0;0;Electricity generation;Aggregate fuel;Wind and Solar;%;23,44;;
Spain;ESP;2018;Country or economy;Europe;Europe;1;1;0;0;0;Electricity generation;Aggregate fuel;Clean;TWh;159,64;13,67;9,36
Spain;ESP;2018;Country or economy;Europe;Europe;1;1;0;0;0;Electricity generation;Aggregate fuel;Fossil;TWh;111,76;-14,65;-11,59
Spain;ESP;2018;Country or economy;Europe;Europe;1;1;0;0;0;Electricity generation;Aggregate fuel;Gas and Other Fossil;TWh;74,42;-6,86;-8,44
Spain;ESP;2018;Country or economy;Europe;Europe;1;1;0;0;0;Electricity generation;Aggregate fuel;Hydro, Bioenergy and Other Renewables;TWh;40,24;15,84;64,92
Spain;ESP;2018;Country or economy;Europe;Europe;1;1;0;0;0;Electricity generation;Aggregate fuel;Renewables;TWh;103,87;15,94;18,13
Spain;ESP;2018;Country or economy;Europe;Europe;1;1;0;0;0;Electricity generation;Aggregate fuel;Wind and Solar;TWh;63,63;0,1;0,16
Spain;ESP;2018;Country or economy;Europe;Europe;1;1;0;0;0;Electricity generation;Fuel;Bioenergy;%;2,18;;
Spain;ESP;2018;Country or economy;Europe;Europe;1;1;0;0;0;Electricity generation;Fuel;Coal;%;13,76;;
Spain;ESP;2018;Country or economy;Europe;Europe;1;1;0;0;0;Electricity generation;Fuel;Gas;%;21,37;;
Spain;ESP;2018;Country or economy;Europe;Europe;1;1;0;0;0;Electricity generation;Fuel;Hydro;%;12,65;;
Spain;ESP;2018;Country or economy;Europe;Europe;1;1;0;0;0;Electricity generation;Fuel;Nuclear;%;20,55;;
Spain;ESP;2018;Country or economy;Europe;Europe;1;1;0;0;0;Electricity generation;Fuel;Other Fossil;%;6,05;;
Spain;ESP;2018;Country or economy;Europe;Europe;1;1;0;0;0;Electricity generation;Fuel;Other Renewables;%;0;;
Spain;ESP;2018;Country or economy;Europe;Europe;1;1;0;0;0;Electricity generation;Fuel;Solar;%;4,69;;
Spain;ESP;2018;Country or economy;Europe;Europe;1;1;0;0;0;Electricity generation;Fuel;Wind;%;18,75;;
Spain;ESP;2018;Country or economy;Europe;Europe;1;1;0;0;0;Electricity generation;Fuel;Bioenergy;TWh;5,91;-0,17;-2,8
Spain;ESP;2018;Country or economy;Europe;Europe;1;1;0;0;0;Electricity generation;Fuel;Coal;TWh;37,34;-7,79;-17,26
Spain;ESP;2018;Country or economy;Europe;Europe;1;1;0;0;0;Electricity generation;Fuel;Gas;TWh;58;-6,04;-9,43
Spain;ESP;2018;Country or economy;Europe;Europe;1;1;0;0;0;Electricity generation;Fuel;Hydro;TWh;34,33;16,01;87,39
Spain;ESP;2018;Country or economy;Europe;Europe;1;1;0;0;0;Electricity generation;Fuel;Nuclear;TWh;55,77;-2,27;-3,91
Spain;ESP;2018;Country or economy;Europe;Europe;1;1;0;0;0;Electricity generation;Fuel;Other Fossil;TWh;16,42;-0,82;-4,76
Spain;ESP;2018;Country or economy;Europe;Europe;1;1;0;0;0;Electricity generation;Fuel;Other Renewables;TWh;0;0;
Spain;ESP;2018;Country or economy;Europe;Europe;1;1;0;0;0;Electricity generation;Fuel;Solar;TWh;12,74;-1,66;-11,53
Spain;ESP;2018;Country or economy;Europe;Europe;1;1;0;0;0;Electricity generation;Fuel;Wind;TWh;50,89;1,76;3,58
Spain;ESP;2018;Country or economy;Europe;Europe;1;1;0;0;0;Electricity generation;Total;Total Generation;TWh;271,4;-0,98;-0,36
Spain;ESP;2019;Country or economy;Europe;Europe;1;1;0;0;0;Electricity generation;Aggregate fuel;Clean;%;58,9;;
Spain;ESP;2019;Country or economy;Europe;Europe;1;1;0;0;0;Electricity generation;Aggregate fuel;Fossil;%;41,09;;
Spain;ESP;2019;Country or economy;Europe;Europe;1;1;0;0;0;Electricity generation;Aggregate fuel;Gas and Other Fossil;%;36,34;;
Spain;ESP;2019;Country or economy;Europe;Europe;1;1;0;0;0;Electricity generation;Aggregate fuel;Hydro, Bioenergy and Other Renewables;%;11,18;;
Spain;ESP;2019;Country or economy;Europe;Europe;1;1;0;0;0;Electricity generation;Aggregate fuel;Renewables;%;37,33;;
Spain;ESP;2019;Country or economy;Europe;Europe;1;1;0;0;0;Electricity generation;Aggregate fuel;Wind and Solar;%;26,15;;
Spain;ESP;2019;Country or economy;Europe;Europe;1;1;0;0;0;Electricity generation;Aggregate fuel;Clean;TWh;159,34;-0,3;-0,19
Spain;ESP;2019;Country or economy;Europe;Europe;1;1;0;0;0;Electricity generation;Aggregate fuel;Fossil;TWh;111,18;-0,58;-0,52
Spain;ESP;2019;Country or economy;Europe;Europe;1;1;0;0;0;Electricity generation;Aggregate fuel;Gas and Other Fossil;TWh;98,32;23,9;32,12
Spain;ESP;2019;Country or economy;Europe;Europe;1;1;0;0;0;Electricity generation;Aggregate fuel;Hydro, Bioenergy and Other Renewables;TWh;30,24;-10;-24,85
Spain;ESP;2019;Country or economy;Europe;Europe;1;1;0;0;0;Electricity generation;Aggregate fuel;Renewables;TWh;100,99;-2,88;-2,77
Spain;ESP;2019;Country or economy;Europe;Europe;1;1;0;0;0;Electricity generation;Aggregate fuel;Wind and Solar;TWh;70,75;7,12;11,19
Spain;ESP;2019;Country or economy;Europe;Europe;1;1;0;0;0;Electricity generation;Fuel;Bioenergy;%;2,06;;
Spain;ESP;2019;Country or economy;Europe;Europe;1;1;0;0;0;Electricity generation;Fuel;Coal;%;4,75;;
Spain;ESP;2019;Country or economy;Europe;Europe;1;1;0;0;0;Electricity generation;Fuel;Gas;%;30,94;;
Spain;ESP;2019;Country or economy;Europe;Europe;1;1;0;0;0;Electricity generation;Fuel;Hydro;%;9,11;;
Spain;ESP;2019;Country or economy;Europe;Europe;1;1;0;0;0;Electricity generation;Fuel;Nuclear;%;21,57;;
Spain;ESP;2019;Country or economy;Europe;Europe;1;1;0;0;0;Electricity generation;Fuel;Other Fossil;%;5,4;;
Spain;ESP;2019;Country or economy;Europe;Europe;1;1;0;0;0;Electricity generation;Fuel;Other Renewables;%;0,01;;
Spain;ESP;2019;Country or economy;Europe;Europe;1;1;0;0;0;Electricity generation;Fuel;Solar;%;5,58;;
Spain;ESP;2019;Country or economy;Europe;Europe;1;1;0;0;0;Electricity generation;Fuel;Wind;%;20,57;;
Spain;ESP;2019;Country or economy;Europe;Europe;1;1;0;0;0;Electricity generation;Fuel;Bioenergy;TWh;5,57;-0,34;-5,75
Spain;ESP;2019;Country or economy;Europe;Europe;1;1;0;0;0;Electricity generation;Fuel;Coal;TWh;12,86;-24,48;-65,56
Spain;ESP;2019;Country or economy;Europe;Europe;1;1;0;0;0;Electricity generation;Fuel;Gas;TWh;83,71;25,71;44,33
Spain;ESP;2019;Country or economy;Europe;Europe;1;1;0;0;0;Electricity generation;Fuel;Hydro;TWh;24,65;-9,68;-28,2
Spain;ESP;2019;Country or economy;Europe;Europe;1;1;0;0;0;Electricity generation;Fuel;Nuclear;TWh;58,35;2,58;4,63
Spain;ESP;2019;Country or economy;Europe;Europe;1;1;0;0;0;Electricity generation;Fuel;Other Fossil;TWh;14,61;-1,81;-11,02
Spain;ESP;2019;Country or economy;Europe;Europe;1;1;0;0;0;Electricity generation;Fuel;Other Renewables;TWh;0,02;0,02;
Spain;ESP;2019;Country or economy;Europe;Europe;1;1;0;0;0;Electricity generation;Fuel;Solar;TWh;15,1;2,36;18,52
Spain;ESP;2019;Country or economy;Europe;Europe;1;1;0;0;0;Electricity generation;Fuel;Wind;TWh;55,65;4,76;9,35
Spain;ESP;2019;Country or economy;Europe;Europe;1;1;0;0;0;Electricity generation;Total;Total Generation;TWh;270,52;-0,88;-0,32
Spain;ESP;2020;Country or economy;Europe;Europe;1;1;0;0;0;Electricity generation;Aggregate fuel;Clean;%;66,33;;
Spain;ESP;2020;Country or economy;Europe;Europe;1;1;0;0;0;Electricity generation;Aggregate fuel;Fossil;%;33,68;;
Spain;ESP;2020;Country or economy;Europe;Europe;1;1;0;0;0;Electricity generation;Aggregate fuel;Gas and Other Fossil;%;31,55;;
Spain;ESP;2020;Country or economy;Europe;Europe;1;1;0;0;0;Electricity generation;Aggregate fuel;Hydro, Bioenergy and Other Renewables;%;14,14;;
Spain;ESP;2020;Country or economy;Europe;Europe;1;1;0;0;0;Electricity generation;Aggregate fuel;Renewables;%;43,86;;
Spain;ESP;2020;Country or economy;Europe;Europe;1;1;0;0;0;Electricity generation;Aggregate fuel;Wind and Solar;%;29,72;;
Spain;ESP;2020;Country or economy;Europe;Europe;1;1;0;0;0;Electricity generation;Aggregate fuel;Clean;TWh;172,09;12,75;8
Spain;ESP;2020;Country or economy;Europe;Europe;1;1;0;0;0;Electricity generation;Aggregate fuel;Fossil;TWh;87,38;-23,8;-21,41
Spain;ESP;2020;Country or economy;Europe;Europe;1;1;0;0;0;Electricity generation;Aggregate fuel;Gas and Other Fossil;TWh;81,86;-16,46;-16,74
Spain;ESP;2020;Country or economy;Europe;Europe;1;1;0;0;0;Electricity generation;Aggregate fuel;Hydro, Bioenergy and Other Renewables;TWh;36,68;6,44;21,3
Spain;ESP;2020;Country or economy;Europe;Europe;1;1;0;0;0;Electricity generation;Aggregate fuel;Renewables;TWh;113,79;12,8;12,67
Spain;ESP;2020;Country or economy;Europe;Europe;1;1;0;0;0;Electricity generation;Aggregate fuel;Wind and Solar;TWh;77,11;6,36;8,99
Spain;ESP;2020;Country or economy;Europe;Europe;1;1;0;0;0;Electricity generation;Fuel;Bioenergy;%;2,37;;
Spain;ESP;2020;Country or economy;Europe;Europe;1;1;0;0;0;Electricity generation;Fuel;Coal;%;2,13;;
Spain;ESP;2020;Country or economy;Europe;Europe;1;1;0;0;0;Electricity generation;Fuel;Gas;%;26,88;;
Spain;ESP;2020;Country or economy;Europe;Europe;1;1;0;0;0;Electricity generation;Fuel;Hydro;%;11,76;;
Spain;ESP;2020;Country or economy;Europe;Europe;1;1;0;0;0;Electricity generation;Fuel;Nuclear;%;22,47;;
Spain;ESP;2020;Country or economy;Europe;Europe;1;1;0;0;0;Electricity generation;Fuel;Other Fossil;%;4,67;;
Spain;ESP;2020;Country or economy;Europe;Europe;1;1;0;0;0;Electricity generation;Fuel;Other Renewables;%;0,01;;
Spain;ESP;2020;Country or economy;Europe;Europe;1;1;0;0;0;Electricity generation;Fuel;Solar;%;7,97;;
Spain;ESP;2020;Country or economy;Europe;Europe;1;1;0;0;0;Electricity generation;Fuel;Wind;%;21,75;;
Spain;ESP;2020;Country or economy;Europe;Europe;1;1;0;0;0;Electricity generation;Fuel;Bioenergy;TWh;6,14;0,57;10,23
Spain;ESP;2020;Country or economy;Europe;Europe;1;1;0;0;0;Electricity generation;Fuel;Coal;TWh;5,52;-7,34;-57,08
Spain;ESP;2020;Country or economy;Europe;Europe;1;1;0;0;0;Electricity generation;Fuel;Gas;TWh;69,74;-13,97;-16,69
Spain;ESP;2020;Country or economy;Europe;Europe;1;1;0;0;0;Electricity generation;Fuel;Hydro;TWh;30,51;5,86;23,77
Spain;ESP;2020;Country or economy;Europe;Europe;1;1;0;0;0;Electricity generation;Fuel;Nuclear;TWh;58,3;-0,05;-0,09
Spain;ESP;2020;Country or economy;Europe;Europe;1;1;0;0;0;Electricity generation;Fuel;Other Fossil;TWh;12,12;-2,49;-17,04
Spain;ESP;2020;Country or economy;Europe;Europe;1;1;0;0;0;Electricity generation;Fuel;Other Renewables;TWh;0,03;0,01;50
Spain;ESP;2020;Country or economy;Europe;Europe;1;1;0;0;0;Electricity generation;Fuel;Solar;TWh;20,67;5,57;36,89
Spain;ESP;2020;Country or economy;Europe;Europe;1;1;0;0;0;Electricity generation;Fuel;Wind;TWh;56,44;0,79;1,42
Spain;ESP;2020;Country or economy;Europe;Europe;1;1;0;0;0;Electricity generation;Total;Total Generation;TWh;259,47;-11,05;-4,08
Spain;ESP;2021;Country or economy;Europe;Europe;1;1;0;0;0;Electricity generation;Aggregate fuel;Clean;%;67,33;;
Spain;ESP;2021;Country or economy;Europe;Europe;1;1;0;0;0;Electricity generation;Aggregate fuel;Fossil;%;32,67;;
Spain;ESP;2021;Country or economy;Europe;Europe;1;1;0;0;0;Electricity generation;Aggregate fuel;Gas and Other Fossil;%;30,87;;
Spain;ESP;2021;Country or economy;Europe;Europe;1;1;0;0;0;Electricity generation;Aggregate fuel;Hydro, Bioenergy and Other Renewables;%;13,51;;
Spain;ESP;2021;Country or economy;Europe;Europe;1;1;0;0;0;Electricity generation;Aggregate fuel;Renewables;%;46,44;;
Spain;ESP;2021;Country or economy;Europe;Europe;1;1;0;0;0;Electricity generation;Aggregate fuel;Wind and Solar;%;32,93;;
Spain;ESP;2021;Country or economy;Europe;Europe;1;1;0;0;0;Electricity generation;Aggregate fuel;Clean;TWh;182,31;10,22;5,94
Spain;ESP;2021;Country or economy;Europe;Europe;1;1;0;0;0;Electricity generation;Aggregate fuel;Fossil;TWh;88,44;1,06;1,21
Spain;ESP;2021;Country or economy;Europe;Europe;1;1;0;0;0;Electricity generation;Aggregate fuel;Gas and Other Fossil;TWh;83,58;1,72;2,1
Spain;ESP;2021;Country or economy;Europe;Europe;1;1;0;0;0;Electricity generation;Aggregate fuel;Hydro, Bioenergy and Other Renewables;TWh;36,59;-0,09;-0,25
Spain;ESP;2021;Country or economy;Europe;Europe;1;1;0;0;0;Electricity generation;Aggregate fuel;Renewables;TWh;125,75;11,96;10,51
Spain;ESP;2021;Country or economy;Europe;Europe;1;1;0;0;0;Electricity generation;Aggregate fuel;Wind and Solar;TWh;89,16;12,05;15,63
Spain;ESP;2021;Country or economy;Europe;Europe;1;1;0;0;0;Electricity generation;Fuel;Bioenergy;%;2,56;;
Spain;ESP;2021;Country or economy;Europe;Europe;1;1;0;0;0;Electricity generation;Fuel;Coal;%;1,8;;
Spain;ESP;2021;Country or economy;Europe;Europe;1;1;0;0;0;Electricity generation;Fuel;Gas;%;26,41;;
Spain;ESP;2021;Country or economy;Europe;Europe;1;1;0;0;0;Electricity generation;Fuel;Hydro;%;10,94;;
Spain;ESP;2021;Country or economy;Europe;Europe;1;1;0;0;0;Electricity generation;Fuel;Nuclear;%;20,89;;
Spain;ESP;2021;Country or economy;Europe;Europe;1;1;0;0;0;Electricity generation;Fuel;Other Fossil;%;4,46;;
Spain;ESP;2021;Country or economy;Europe;Europe;1;1;0;0;0;Electricity generation;Fuel;Other Renewables;%;0,01;;
Spain;ESP;2021;Country or economy;Europe;Europe;1;1;0;0;0;Electricity generation;Fuel;Solar;%;10,01;;
Spain;ESP;2021;Country or economy;Europe;Europe;1;1;0;0;0;Electricity generation;Fuel;Wind;%;22,92;;
Spain;ESP;2021;Country or economy;Europe;Europe;1;1;0;0;0;Electricity generation;Fuel;Bioenergy;TWh;6,94;0,8;13,03
Spain;ESP;2021;Country or economy;Europe;Europe;1;1;0;0;0;Electricity generation;Fuel;Coal;TWh;4,86;-0,66;-11,96
Spain;ESP;2021;Country or economy;Europe;Europe;1;1;0;0;0;Electricity generation;Fuel;Gas;TWh;71,5;1,76;2,52
Spain;ESP;2021;Country or economy;Europe;Europe;1;1;0;0;0;Electricity generation;Fuel;Hydro;TWh;29,63;-0,88;-2,88
Spain;ESP;2021;Country or economy;Europe;Europe;1;1;0;0;0;Electricity generation;Fuel;Nuclear;TWh;56,56;-1,74;-2,98
Spain;ESP;2021;Country or economy;Europe;Europe;1;1;0;0;0;Electricity generation;Fuel;Other Fossil;TWh;12,08;-0,04;-0,33
Spain;ESP;2021;Country or economy;Europe;Europe;1;1;0;0;0;Electricity generation;Fuel;Other Renewables;TWh;0,02;-0,01;-33,33
Spain;ESP;2021;Country or economy;Europe;Europe;1;1;0;0;0;Electricity generation;Fuel;Solar;TWh;27,1;6,43;31,11
Spain;ESP;2021;Country or economy;Europe;Europe;1;1;0;0;0;Electricity generation;Fuel;Wind;TWh;62,06;5,62;9,96
Spain;ESP;2021;Country or economy;Europe;Europe;1;1;0;0;0;Electricity generation;Total;Total Generation;TWh;270,75;11,28;4,35
Spain;ESP;2022;Country or economy;Europe;Europe;1;1;0;0;0;Electricity generation;Aggregate fuel;Clean;%;63,21;;
Spain;ESP;2022;Country or economy;Europe;Europe;1;1;0;0;0;Electricity generation;Aggregate fuel;Fossil;%;36,79;;
Spain;ESP;2022;Country or economy;Europe;Europe;1;1;0;0;0;Electricity generation;Aggregate fuel;Gas and Other Fossil;%;34,05;;
Spain;ESP;2022;Country or economy;Europe;Europe;1;1;0;0;0;Electricity generation;Aggregate fuel;Hydro, Bioenergy and Other Renewables;%;8,51;;
Spain;ESP;2022;Country or economy;Europe;Europe;1;1;0;0;0;Electricity generation;Aggregate fuel;Renewables;%;42,81;;
Spain;ESP;2022;Country or economy;Europe;Europe;1;1;0;0;0;Electricity generation;Aggregate fuel;Wind and Solar;%;34,3;;
Spain;ESP;2022;Country or economy;Europe;Europe;1;1;0;0;0;Electricity generation;Aggregate fuel;Clean;TWh;181,5;-0,81;-0,44
Spain;ESP;2022;Country or economy;Europe;Europe;1;1;0;0;0;Electricity generation;Aggregate fuel;Fossil;TWh;105,65;17,21;19,46
Spain;ESP;2022;Country or economy;Europe;Europe;1;1;0;0;0;Electricity generation;Aggregate fuel;Gas and Other Fossil;TWh;97,79;14,21;17
Spain;ESP;2022;Country or economy;Europe;Europe;1;1;0;0;0;Electricity generation;Aggregate fuel;Hydro, Bioenergy and Other Renewables;TWh;24,41;-12,18;-33,29
Spain;ESP;2022;Country or economy;Europe;Europe;1;1;0;0;0;Electricity generation;Aggregate fuel;Renewables;TWh;122,91;-2,84;-2,26
Spain;ESP;2022;Country or economy;Europe;Europe;1;1;0;0;0;Electricity generation;Aggregate fuel;Wind and Solar;TWh;98,5;9,34;10,48
Spain;ESP;2022;Country or economy;Europe;Europe;1;1;0;0;0;Electricity generation;Fuel;Bioenergy;%;2,37;;
Spain;ESP;2022;Country or economy;Europe;Europe;1;1;0;0;0;Electricity generation;Fuel;Coal;%;2,74;;
Spain;ESP;2022;Country or economy;Europe;Europe;1;1;0;0;0;Electricity generation;Fuel;Gas;%;29,98;;
Spain;ESP;2022;Country or economy;Europe;Europe;1;1;0;0;0;Electricity generation;Fuel;Hydro;%;6,13;;
Spain;ESP;2022;Country or economy;Europe;Europe;1;1;0;0;0;Electricity generation;Fuel;Nuclear;%;20,4;;
Spain;ESP;2022;Country or economy;Europe;Europe;1;1;0;0;0;Electricity generation;Fuel;Other Fossil;%;4,07;;
Spain;ESP;2022;Country or economy;Europe;Europe;1;1;0;0;0;Electricity generation;Fuel;Other Renewables;%;0,01;;
Spain;ESP;2022;Country or economy;Europe;Europe;1;1;0;0;0;Electricity generation;Fuel;Solar;%;12,44;;
Spain;ESP;2022;Country or economy;Europe;Europe;1;1;0;0;0;Electricity generation;Fuel;Wind;%;21,86;;
Spain;ESP;2022;Country or economy;Europe;Europe;1;1;0;0;0;Electricity generation;Fuel;Bioenergy;TWh;6,8;-0,14;-2,02
Spain;ESP;2022;Country or economy;Europe;Europe;1;1;0;0;0;Electricity generation;Fuel;Coal;TWh;7,86;3;61,73
Spain;ESP;2022;Country or economy;Europe;Europe;1;1;0;0;0;Electricity generation;Fuel;Gas;TWh;86,1;14,6;20,42
Spain;ESP;2022;Country or economy;Europe;Europe;1;1;0;0;0;Electricity generation;Fuel;Hydro;TWh;17,59;-12,04;-40,63
Spain;ESP;2022;Country or economy;Europe;Europe;1;1;0;0;0;Electricity generation;Fuel;Nuclear;TWh;58,59;2,03;3,59
Spain;ESP;2022;Country or economy;Europe;Europe;1;1;0;0;0;Electricity generation;Fuel;Other Fossil;TWh;11,69;-0,39;-3,23
Spain;ESP;2022;Country or economy;Europe;Europe;1;1;0;0;0;Electricity generation;Fuel;Other Renewables;TWh;0,02;0;0
Spain;ESP;2022;Country or economy;Europe;Europe;1;1;0;0;0;Electricity generation;Fuel;Solar;TWh;35,72;8,62;31,81
Spain;ESP;2022;Country or economy;Europe;Europe;1;1;0;0;0;Electricity generation;Fuel;Wind;TWh;62,78;0,72;1,16
Spain;ESP;2022;Country or economy;Europe;Europe;1;1;0;0;0;Electricity generation;Total;Total Generation;TWh;287,15;16,4;6,06
Spain;ESP;2023;Country or economy;Europe;Europe;1;1;0;0;0;Electricity generation;Aggregate fuel;Clean;%;71,89;;
Spain;ESP;2023;Country or economy;Europe;Europe;1;1;0;0;0;Electricity generation;Aggregate fuel;Fossil;%;28,11;;
Spain;ESP;2023;Country or economy;Europe;Europe;1;1;0;0;0;Electricity generation;Aggregate fuel;Gas and Other Fossil;%;26,81;;
Spain;ESP;2023;Country or economy;Europe;Europe;1;1;0;0;0;Electricity generation;Aggregate fuel;Hydro, Bioenergy and Other Renewables;%;11,07;;
Spain;ESP;2023;Country or economy;Europe;Europe;1;1;0;0;0;Electricity generation;Aggregate fuel;Renewables;%;51,51;;
Spain;ESP;2023;Country or economy;Europe;Europe;1;1;0;0;0;Electricity generation;Aggregate fuel;Wind and Solar;%;40,44;;
Spain;ESP;2023;Country or economy;Europe;Europe;1;1;0;0;0;Electricity generation;Aggregate fuel;Clean;TWh;200,65;19,15;10,55
Spain;ESP;2023;Country or economy;Europe;Europe;1;1;0;0;0;Electricity generation;Aggregate fuel;Fossil;TWh;78,46;-27,19;-25,74
Spain;ESP;2023;Country or economy;Europe;Europe;1;1;0;0;0;Electricity generation;Aggregate fuel;Gas and Other Fossil;TWh;74,84;-22,95;-23,47
Spain;ESP;2023;Country or economy;Europe;Europe;1;1;0;0;0;Electricity generation;Aggregate fuel;Hydro, Bioenergy and Other Renewables;TWh;30,91;6,5;26,63
Spain;ESP;2023;Country or economy;Europe;Europe;1;1;0;0;0;Electricity generation;Aggregate fuel;Renewables;TWh;143,78;20,87;16,98
Spain;ESP;2023;Country or economy;Europe;Europe;1;1;0;0;0;Electricity generation;Aggregate fuel;Wind and Solar;TWh;112,87;14,37;14,59
Spain;ESP;2023;Country or economy;Europe;Europe;1;1;0;0;0;Electricity generation;Fuel;Bioenergy;%;2,11;;
Spain;ESP;2023;Country or economy;Europe;Europe;1;1;0;0;0;Electricity generation;Fuel;Coal;%;1,3;;
Spain;ESP;2023;Country or economy;Europe;Europe;1;1;0;0;0;Electricity generation;Fuel;Gas;%;23,06;;
Spain;ESP;2023;Country or economy;Europe;Europe;1;1;0;0;0;Electricity generation;Fuel;Hydro;%;8,96;;
Spain;ESP;2023;Country or economy;Europe;Europe;1;1;0;0;0;Electricity generation;Fuel;Nuclear;%;20,38;;
Spain;ESP;2023;Country or economy;Europe;Europe;1;1;0;0;0;Electricity generation;Fuel;Other Fossil;%;3,75;;
Spain;ESP;2023;Country or economy;Europe;Europe;1;1;0;0;0;Electricity generation;Fuel;Other Renewables;%;0;;
Spain;ESP;2023;Country or economy;Europe;Europe;1;1;0;0;0;Electricity generation;Fuel;Solar;%;17,41;;
Spain;ESP;2023;Country or economy;Europe;Europe;1;1;0;0;0;Electricity generation;Fuel;Wind;%;23,03;;
Spain;ESP;2023;Country or economy;Europe;Europe;1;1;0;0;0;Electricity generation;Fuel;Bioenergy;TWh;5,9;-0,9;-13,24
Spain;ESP;2023;Country or economy;Europe;Europe;1;1;0;0;0;Electricity generation;Fuel;Coal;TWh;3,62;-4,24;-53,94
Spain;ESP;2023;Country or economy;Europe;Europe;1;1;0;0;0;Electricity generation;Fuel;Gas;TWh;64,36;-21,74;-25,25
Spain;ESP;2023;Country or economy;Europe;Europe;1;1;0;0;0;Electricity generation;Fuel;Hydro;TWh;25;7,41;42,13
Spain;ESP;2023;Country or economy;Europe;Europe;1;1;0;0;0;Electricity generation;Fuel;Nuclear;TWh;56,87;-1,72;-2,94
Spain;ESP;2023;Country or economy;Europe;Europe;1;1;0;0;0;Electricity generation;Fuel;Other Fossil;TWh;10,48;-1,21;-10,35
Spain;ESP;2023;Country or economy;Europe;Europe;1;1;0;0;0;Electricity generation;Fuel;Other Renewables;TWh;0,01;-0,01;-50
Spain;ESP;2023;Country or economy;Europe;Europe;1;1;0;0;0;Electricity generation;Fuel;Solar;TWh;48,59;12,87;36,03
Spain;ESP;2023;Country or economy;Europe;Europe;1;1;0;0;0;Electricity generation;Fuel;Wind;TWh;64,28;1,5;2,39
Spain;ESP;2023;Country or economy;Europe;Europe;1;1;0;0;0;Electricity generation;Total;Total Generation;TWh;279,11;-8,04;-2,8
Spain;ESP;2024;Country or economy;Europe;Europe;1;1;0;0;0;Electricity generation;Aggregate fuel;Clean;%;76,75;;
Spain;ESP;2024;Country or economy;Europe;Europe;1;1;0;0;0;Electricity generation;Aggregate fuel;Fossil;%;23,26;;
Spain;ESP;2024;Country or economy;Europe;Europe;1;1;0;0;0;Electricity generation;Aggregate fuel;Gas and Other Fossil;%;22,34;;
Spain;ESP;2024;Country or economy;Europe;Europe;1;1;0;0;0;Electricity generation;Aggregate fuel;Hydro, Bioenergy and Other Renewables;%;14,45;;
Spain;ESP;2024;Country or economy;Europe;Europe;1;1;0;0;0;Electricity generation;Aggregate fuel;Renewables;%;57,34;;
Spain;ESP;2024;Country or economy;Europe;Europe;1;1;0;0;0;Electricity generation;Aggregate fuel;Wind and Solar;%;42,89;;
Spain;ESP;2024;Country or economy;Europe;Europe;1;1;0;0;0;Electricity generation;Aggregate fuel;Clean;TWh;215,61;14,96;7,46
Spain;ESP;2024;Country or economy;Europe;Europe;1;1;0;0;0;Electricity generation;Aggregate fuel;Fossil;TWh;65,33;-13,13;-16,73
Spain;ESP;2024;Country or economy;Europe;Europe;1;1;0;0;0;Electricity generation;Aggregate fuel;Gas and Other Fossil;TWh;62,75;-12,09;-16,15
Spain;ESP;2024;Country or economy;Europe;Europe;1;1;0;0;0;Electricity generation;Aggregate fuel;Hydro, Bioenergy and Other Renewables;TWh;40,59;9,68;31,32
Spain;ESP;2024;Country or economy;Europe;Europe;1;1;0;0;0;Electricity generation;Aggregate fuel;Renewables;TWh;161,08;17,3;12,03
Spain;ESP;2024;Country or economy;Europe;Europe;1;1;0;0;0;Electricity generation;Aggregate fuel;Wind and Solar;TWh;120,49;7,62;6,75
Spain;ESP;2024;Country or economy;Europe;Europe;1;1;0;0;0;Electricity generation;Fuel;Bioenergy;%;2,2;;
Spain;ESP;2024;Country or economy;Europe;Europe;1;1;0;0;0;Electricity generation;Fuel;Coal;%;0,92;;
Spain;ESP;2024;Country or economy;Europe;Europe;1;1;0;0;0;Electricity generation;Fuel;Gas;%;18,63;;
Spain;ESP;2024;Country or economy;Europe;Europe;1;1;0;0;0;Electricity generation;Fuel;Hydro;%;12,25;;
Spain;ESP;2024;Country or economy;Europe;Europe;1;1;0;0;0;Electricity generation;Fuel;Nuclear;%;19,41;;
Spain;ESP;2024;Country or economy;Europe;Europe;1;1;0;0;0;Electricity generation;Fuel;Other Fossil;%;3,71;;
Spain;ESP;2024;Country or economy;Europe;Europe;1;1;0;0;0;Electricity generation;Fuel;Other Renewables;%;0;;
Spain;ESP;2024;Country or economy;Europe;Europe;1;1;0;0;0;Electricity generation;Fuel;Solar;%;20,75;;
Spain;ESP;2024;Country or economy;Europe;Europe;1;1;0;0;0;Electricity generation;Fuel;Wind;%;22,14;;
Spain;ESP;2024;Country or economy;Europe;Europe;1;1;0;0;0;Electricity generation;Fuel;Bioenergy;TWh;6,17;0,27;4,58
Spain;ESP;2024;Country or economy;Europe;Europe;1;1;0;0;0;Electricity generation;Fuel;Coal;TWh;2,58;-1,04;-28,73
Spain;ESP;2024;Country or economy;Europe;Europe;1;1;0;0;0;Electricity generation;Fuel;Gas;TWh;52,34;-12,02;-18,68
Spain;ESP;2024;Country or economy;Europe;Europe;1;1;0;0;0;Electricity generation;Fuel;Hydro;TWh;34,41;9,41;37,64
Spain;ESP;2024;Country or economy;Europe;Europe;1;1;0;0;0;Electricity generation;Fuel;Nuclear;TWh;54,53;-2,34;-4,11
Spain;ESP;2024;Country or economy;Europe;Europe;1;1;0;0;0;Electricity generation;Fuel;Other Fossil;TWh;10,41;-0,07;-0,67
Spain;ESP;2024;Country or economy;Europe;Europe;1;1;0;0;0;Electricity generation;Fuel;Other Renewables;TWh;0,01;0;0
Spain;ESP;2024;Country or economy;Europe;Europe;1;1;0;0;0;Electricity generation;Fuel;Solar;TWh;58,29;9,7;19,96
Spain;ESP;2024;Country or economy;Europe;Europe;1;1;0;0;0;Electricity generation;Fuel;Wind;TWh;62,2;-2,08;-3,24
Spain;ESP;2024;Country or economy;Europe;Europe;1;1;0;0;0;Electricity generation;Total;Total Generation;TWh;280,94;1,83;0,66
Spain;ESP;2025;Country or economy;Europe;Europe;1;1;0;0;0;Electricity generation;Aggregate fuel;Clean;%;74,64;;
Spain;ESP;2025;Country or economy;Europe;Europe;1;1;0;0;0;Electricity generation;Aggregate fuel;Fossil;%;25,36;;
Spain;ESP;2025;Country or economy;Europe;Europe;1;1;0;0;0;Electricity generation;Aggregate fuel;Gas and Other Fossil;%;25,04;;
Spain;ESP;2025;Country or economy;Europe;Europe;1;1;0;0;0;Electricity generation;Aggregate fuel;Hydro, Bioenergy and Other Renewables;%;13,6;;
Spain;ESP;2025;Country or economy;Europe;Europe;1;1;0;0;0;Electricity generation;Aggregate fuel;Renewables;%;55,86;;
Spain;ESP;2025;Country or economy;Europe;Europe;1;1;0;0;0;Electricity generation;Aggregate fuel;Wind and Solar;%;42,26;;
Spain;ESP;2025;Country or economy;Europe;Europe;1;1;0;0;0;Electricity generation;Aggregate fuel;Clean;TWh;214,88;-0,73;-0,34
Spain;ESP;2025;Country or economy;Europe;Europe;1;1;0;0;0;Electricity generation;Aggregate fuel;Fossil;TWh;73,01;7,68;11,76
Spain;ESP;2025;Country or economy;Europe;Europe;1;1;0;0;0;Electricity generation;Aggregate fuel;Gas and Other Fossil;TWh;72,09;9,34;14,88
Spain;ESP;2025;Country or economy;Europe;Europe;1;1;0;0;0;Electricity generation;Aggregate fuel;Hydro, Bioenergy and Other Renewables;TWh;39,15;-1,44;-3,55
Spain;ESP;2025;Country or economy;Europe;Europe;1;1;0;0;0;Electricity generation;Aggregate fuel;Renewables;TWh;160,81;-0,27;-0,17
Spain;ESP;2025;Country or economy;Europe;Europe;1;1;0;0;0;Electricity generation;Aggregate fuel;Wind and Solar;TWh;121,66;1,17;0,97
Spain;ESP;2025;Country or economy;Europe;Europe;1;1;0;0;0;Electricity generation;Fuel;Bioenergy;%;2,23;;
Spain;ESP;2025;Country or economy;Europe;Europe;1;1;0;0;0;Electricity generation;Fuel;Coal;%;0,32;;
Spain;ESP;2025;Country or economy;Europe;Europe;1;1;0;0;0;Electricity generation;Fuel;Gas;%;21,56;;
Spain;ESP;2025;Country or economy;Europe;Europe;1;1;0;0;0;Electricity generation;Fuel;Hydro;%;11,37;;
Spain;ESP;2025;Country or economy;Europe;Europe;1;1;0;0;0;Electricity generation;Fuel;Nuclear;%;18,78;;
Spain;ESP;2025;Country or economy;Europe;Europe;1;1;0;0;0;Electricity generation;Fuel;Other Fossil;%;3,48;;
Spain;ESP;2025;Country or economy;Europe;Europe;1;1;0;0;0;Electricity generation;Fuel;Other Renewables;%;0;;
Spain;ESP;2025;Country or economy;Europe;Europe;1;1;0;0;0;Electricity generation;Fuel;Solar;%;21,85;;
Spain;ESP;2025;Country or economy;Europe;Europe;1;1;0;0;0;Electricity generation;Fuel;Wind;%;20,41;;
Spain;ESP;2025;Country or economy;Europe;Europe;1;1;0;0;0;Electricity generation;Fuel;Bioenergy;TWh;6,41;0,24;3,89
Spain;ESP;2025;Country or economy;Europe;Europe;1;1;0;0;0;Electricity generation;Fuel;Coal;TWh;0,92;-1,66;-64,34
Spain;ESP;2025;Country or economy;Europe;Europe;1;1;0;0;0;Electricity generation;Fuel;Gas;TWh;62,06;9,72;18,57
Spain;ESP;2025;Country or economy;Europe;Europe;1;1;0;0;0;Electricity generation;Fuel;Hydro;TWh;32,74;-1,67;-4,85
Spain;ESP;2025;Country or economy;Europe;Europe;1;1;0;0;0;Electricity generation;Fuel;Nuclear;TWh;54,07;-0,46;-0,84
Spain;ESP;2025;Country or economy;Europe;Europe;1;1;0;0;0;Electricity generation;Fuel;Other Fossil;TWh;10,03;-0,38;-3,65
Spain;ESP;2025;Country or economy;Europe;Europe;1;1;0;0;0;Electricity generation;Fuel;Other Renewables;TWh;0;-0,01;-100
Spain;ESP;2025;Country or economy;Europe;Europe;1;1;0;0;0;Electricity generation;Fuel;Solar;TWh;62,9;4,61;7,91
Spain;ESP;2025;Country or economy;Europe;Europe;1;1;0;0;0;Electricity generation;Fuel;Wind;TWh;58,76;-3,44;-5,53
Spain;ESP;2025;Country or economy;Europe;Europe;1;1;0;0;0;Electricity generation;Total;Total Generation;TWh;287,89;6,95;2,47
Turkey;TUR;2000;Country or economy;Asia;Europe;0;1;1;0;0;Electricity generation;Aggregate fuel;Clean;%;25,05;;
Turkey;TUR;2000;Country or economy;Asia;Europe;0;1;1;0;0;Electricity generation;Aggregate fuel;Fossil;%;74,95;;
Turkey;TUR;2000;Country or economy;Asia;Europe;0;1;1;0;0;Electricity generation;Aggregate fuel;Gas and Other Fossil;%;44,25;;
Turkey;TUR;2000;Country or economy;Asia;Europe;0;1;1;0;0;Electricity generation;Aggregate fuel;Hydro, Bioenergy and Other Renewables;%;25,03;;
Turkey;TUR;2000;Country or economy;Asia;Europe;0;1;1;0;0;Electricity generation;Aggregate fuel;Renewables;%;25,05;;
Turkey;TUR;2000;Country or economy;Asia;Europe;0;1;1;0;0;Electricity generation;Aggregate fuel;Wind and Solar;%;0,02;;
Turkey;TUR;2000;Country or economy;Asia;Europe;0;1;1;0;0;Electricity generation;Aggregate fuel;Clean;TWh;31,16;;
Turkey;TUR;2000;Country or economy;Asia;Europe;0;1;1;0;0;Electricity generation;Aggregate fuel;Fossil;TWh;93,22;;
Turkey;TUR;2000;Country or economy;Asia;Europe;0;1;1;0;0;Electricity generation;Aggregate fuel;Gas and Other Fossil;TWh;55,03;;
Turkey;TUR;2000;Country or economy;Asia;Europe;0;1;1;0;0;Electricity generation;Aggregate fuel;Hydro, Bioenergy and Other Renewables;TWh;31,13;;
Turkey;TUR;2000;Country or economy;Asia;Europe;0;1;1;0;0;Electricity generation;Aggregate fuel;Renewables;TWh;31,16;;
Turkey;TUR;2000;Country or economy;Asia;Europe;0;1;1;0;0;Electricity generation;Aggregate fuel;Wind and Solar;TWh;0,03;;
Turkey;TUR;2000;Country or economy;Asia;Europe;0;1;1;0;0;Electricity generation;Fuel;Bioenergy;%;0,14;;
Turkey;TUR;2000;Country or economy;Asia;Europe;0;1;1;0;0;Electricity generation;Fuel;Coal;%;30,7;;
Turkey;TUR;2000;Country or economy;Asia;Europe;0;1;1;0;0;Electricity generation;Fuel;Gas;%;37,42;;
Turkey;TUR;2000;Country or economy;Asia;Europe;0;1;1;0;0;Electricity generation;Fuel;Hydro;%;24,83;;
Turkey;TUR;2000;Country or economy;Asia;Europe;0;1;1;0;0;Electricity generation;Fuel;Nuclear;%;0;;
Turkey;TUR;2000;Country or economy;Asia;Europe;0;1;1;0;0;Electricity generation;Fuel;Other Fossil;%;6,83;;
Turkey;TUR;2000;Country or economy;Asia;Europe;0;1;1;0;0;Electricity generation;Fuel;Other Renewables;%;0,06;;
Turkey;TUR;2000;Country or economy;Asia;Europe;0;1;1;0;0;Electricity generation;Fuel;Solar;%;0;;
Turkey;TUR;2000;Country or economy;Asia;Europe;0;1;1;0;0;Electricity generation;Fuel;Wind;%;0,02;;
Turkey;TUR;2000;Country or economy;Asia;Europe;0;1;1;0;0;Electricity generation;Fuel;Bioenergy;TWh;0,17;;
Turkey;TUR;2000;Country or economy;Asia;Europe;0;1;1;0;0;Electricity generation;Fuel;Coal;TWh;38,19;;
Turkey;TUR;2000;Country or economy;Asia;Europe;0;1;1;0;0;Electricity generation;Fuel;Gas;TWh;46,54;;
Turkey;TUR;2000;Country or economy;Asia;Europe;0;1;1;0;0;Electricity generation;Fuel;Hydro;TWh;30,88;;
Turkey;TUR;2000;Country or economy;Asia;Europe;0;1;1;0;0;Electricity generation;Fuel;Nuclear;TWh;0;;
Turkey;TUR;2000;Country or economy;Asia;Europe;0;1;1;0;0;Electricity generation;Fuel;Other Fossil;TWh;8,49;;
Turkey;TUR;2000;Country or economy;Asia;Europe;0;1;1;0;0;Electricity generation;Fuel;Other Renewables;TWh;0,08;;
Turkey;TUR;2000;Country or economy;Asia;Europe;0;1;1;0;0;Electricity generation;Fuel;Solar;TWh;0;;
Turkey;TUR;2000;Country or economy;Asia;Europe;0;1;1;0;0;Electricity generation;Fuel;Wind;TWh;0,03;;
Turkey;TUR;2000;Country or economy;Asia;Europe;0;1;1;0;0;Electricity generation;Total;Total Generation;TWh;124,38;;
Turkey;TUR;2001;Country or economy;Asia;Europe;0;1;1;0;0;Electricity generation;Aggregate fuel;Clean;%;19,91;;
Turkey;TUR;2001;Country or economy;Asia;Europe;0;1;1;0;0;Electricity generation;Aggregate fuel;Fossil;%;80,09;;
Turkey;TUR;2001;Country or economy;Asia;Europe;0;1;1;0;0;Electricity generation;Aggregate fuel;Gas and Other Fossil;%;48,66;;
Turkey;TUR;2001;Country or economy;Asia;Europe;0;1;1;0;0;Electricity generation;Aggregate fuel;Hydro, Bioenergy and Other Renewables;%;19,86;;
Turkey;TUR;2001;Country or economy;Asia;Europe;0;1;1;0;0;Electricity generation;Aggregate fuel;Renewables;%;19,91;;
Turkey;TUR;2001;Country or economy;Asia;Europe;0;1;1;0;0;Electricity generation;Aggregate fuel;Wind and Solar;%;0,05;;
Turkey;TUR;2001;Country or economy;Asia;Europe;0;1;1;0;0;Electricity generation;Aggregate fuel;Clean;TWh;24,34;-6,82;-21,89
Turkey;TUR;2001;Country or economy;Asia;Europe;0;1;1;0;0;Electricity generation;Aggregate fuel;Fossil;TWh;97,9;4,68;5,02
Turkey;TUR;2001;Country or economy;Asia;Europe;0;1;1;0;0;Electricity generation;Aggregate fuel;Gas and Other Fossil;TWh;59,48;4,45;8,09
Turkey;TUR;2001;Country or economy;Asia;Europe;0;1;1;0;0;Electricity generation;Aggregate fuel;Hydro, Bioenergy and Other Renewables;TWh;24,28;-6,85;-22
Turkey;TUR;2001;Country or economy;Asia;Europe;0;1;1;0;0;Electricity generation;Aggregate fuel;Renewables;TWh;24,34;-6,82;-21,89
Turkey;TUR;2001;Country or economy;Asia;Europe;0;1;1;0;0;Electricity generation;Aggregate fuel;Wind and Solar;TWh;0,06;0,03;100
Turkey;TUR;2001;Country or economy;Asia;Europe;0;1;1;0;0;Electricity generation;Fuel;Bioenergy;%;0,15;;
Turkey;TUR;2001;Country or economy;Asia;Europe;0;1;1;0;0;Electricity generation;Fuel;Coal;%;31,43;;
Turkey;TUR;2001;Country or economy;Asia;Europe;0;1;1;0;0;Electricity generation;Fuel;Gas;%;40,67;;
Turkey;TUR;2001;Country or economy;Asia;Europe;0;1;1;0;0;Electricity generation;Fuel;Hydro;%;19,64;;
Turkey;TUR;2001;Country or economy;Asia;Europe;0;1;1;0;0;Electricity generation;Fuel;Nuclear;%;0;;
Turkey;TUR;2001;Country or economy;Asia;Europe;0;1;1;0;0;Electricity generation;Fuel;Other Fossil;%;7,99;;
Turkey;TUR;2001;Country or economy;Asia;Europe;0;1;1;0;0;Electricity generation;Fuel;Other Renewables;%;0,07;;
Turkey;TUR;2001;Country or economy;Asia;Europe;0;1;1;0;0;Electricity generation;Fuel;Solar;%;0;;
Turkey;TUR;2001;Country or economy;Asia;Europe;0;1;1;0;0;Electricity generation;Fuel;Wind;%;0,05;;
Turkey;TUR;2001;Country or economy;Asia;Europe;0;1;1;0;0;Electricity generation;Fuel;Bioenergy;TWh;0,18;0,01;5,88
Turkey;TUR;2001;Country or economy;Asia;Europe;0;1;1;0;0;Electricity generation;Fuel;Coal;TWh;38,42;0,23;0,6
Turkey;TUR;2001;Country or economy;Asia;Europe;0;1;1;0;0;Electricity generation;Fuel;Gas;TWh;49,71;3,17;6,81
Turkey;TUR;2001;Country or economy;Asia;Europe;0;1;1;0;0;Electricity generation;Fuel;Hydro;TWh;24,01;-6,87;-22,25
Turkey;TUR;2001;Country or economy;Asia;Europe;0;1;1;0;0;Electricity generation;Fuel;Nuclear;TWh;0;0;
Turkey;TUR;2001;Country or economy;Asia;Europe;0;1;1;0;0;Electricity generation;Fuel;Other Fossil;TWh;9,77;1,28;15,08
Turkey;TUR;2001;Country or economy;Asia;Europe;0;1;1;0;0;Electricity generation;Fuel;Other Renewables;TWh;0,09;0,01;12,5
Turkey;TUR;2001;Country or economy;Asia;Europe;0;1;1;0;0;Electricity generation;Fuel;Solar;TWh;0;0;
Turkey;TUR;2001;Country or economy;Asia;Europe;0;1;1;0;0;Electricity generation;Fuel;Wind;TWh;0,06;0,03;100
Turkey;TUR;2001;Country or economy;Asia;Europe;0;1;1;0;0;Electricity generation;Total;Total Generation;TWh;122,24;-2,14;-1,72
Turkey;TUR;2002;Country or economy;Asia;Europe;0;1;1;0;0;Electricity generation;Aggregate fuel;Clean;%;26,44;;
Turkey;TUR;2002;Country or economy;Asia;Europe;0;1;1;0;0;Electricity generation;Aggregate fuel;Fossil;%;73,56;;
Turkey;TUR;2002;Country or economy;Asia;Europe;0;1;1;0;0;Electricity generation;Aggregate fuel;Gas and Other Fossil;%;48,53;;
Turkey;TUR;2002;Country or economy;Asia;Europe;0;1;1;0;0;Electricity generation;Aggregate fuel;Hydro, Bioenergy and Other Renewables;%;26,4;;
Turkey;TUR;2002;Country or economy;Asia;Europe;0;1;1;0;0;Electricity generation;Aggregate fuel;Renewables;%;26,44;;
Turkey;TUR;2002;Country or economy;Asia;Europe;0;1;1;0;0;Electricity generation;Aggregate fuel;Wind and Solar;%;0,04;;
Turkey;TUR;2002;Country or economy;Asia;Europe;0;1;1;0;0;Electricity generation;Aggregate fuel;Clean;TWh;33,96;9,62;39,52
Turkey;TUR;2002;Country or economy;Asia;Europe;0;1;1;0;0;Electricity generation;Aggregate fuel;Fossil;TWh;94,5;-3,4;-3,47
Turkey;TUR;2002;Country or economy;Asia;Europe;0;1;1;0;0;Electricity generation;Aggregate fuel;Gas and Other Fossil;TWh;62,35;2,87;4,83
Turkey;TUR;2002;Country or economy;Asia;Europe;0;1;1;0;0;Electricity generation;Aggregate fuel;Hydro, Bioenergy and Other Renewables;TWh;33,91;9,63;39,66
Turkey;TUR;2002;Country or economy;Asia;Europe;0;1;1;0;0;Electricity generation;Aggregate fuel;Renewables;TWh;33,96;9,62;39,52
Turkey;TUR;2002;Country or economy;Asia;Europe;0;1;1;0;0;Electricity generation;Aggregate fuel;Wind and Solar;TWh;0,05;-0,01;-16,67
Turkey;TUR;2002;Country or economy;Asia;Europe;0;1;1;0;0;Electricity generation;Fuel;Bioenergy;%;0,1;;
Turkey;TUR;2002;Country or economy;Asia;Europe;0;1;1;0;0;Electricity generation;Fuel;Coal;%;25,03;;
Turkey;TUR;2002;Country or economy;Asia;Europe;0;1;1;0;0;Electricity generation;Fuel;Gas;%;40,89;;
Turkey;TUR;2002;Country or economy;Asia;Europe;0;1;1;0;0;Electricity generation;Fuel;Hydro;%;26,22;;
Turkey;TUR;2002;Country or economy;Asia;Europe;0;1;1;0;0;Electricity generation;Fuel;Nuclear;%;0;;
Turkey;TUR;2002;Country or economy;Asia;Europe;0;1;1;0;0;Electricity generation;Fuel;Other Fossil;%;7,64;;
Turkey;TUR;2002;Country or economy;Asia;Europe;0;1;1;0;0;Electricity generation;Fuel;Other Renewables;%;0,08;;
Turkey;TUR;2002;Country or economy;Asia;Europe;0;1;1;0;0;Electricity generation;Fuel;Solar;%;0;;
Turkey;TUR;2002;Country or economy;Asia;Europe;0;1;1;0;0;Electricity generation;Fuel;Wind;%;0,04;;
Turkey;TUR;2002;Country or economy;Asia;Europe;0;1;1;0;0;Electricity generation;Fuel;Bioenergy;TWh;0,13;-0,05;-27,78
Turkey;TUR;2002;Country or economy;Asia;Europe;0;1;1;0;0;Electricity generation;Fuel;Coal;TWh;32,15;-6,27;-16,32
Turkey;TUR;2002;Country or economy;Asia;Europe;0;1;1;0;0;Electricity generation;Fuel;Gas;TWh;52,53;2,82;5,67
Turkey;TUR;2002;Country or economy;Asia;Europe;0;1;1;0;0;Electricity generation;Fuel;Hydro;TWh;33,68;9,67;40,27
Turkey;TUR;2002;Country or economy;Asia;Europe;0;1;1;0;0;Electricity generation;Fuel;Nuclear;TWh;0;0;
Turkey;TUR;2002;Country or economy;Asia;Europe;0;1;1;0;0;Electricity generation;Fuel;Other Fossil;TWh;9,82;0,05;0,51
Turkey;TUR;2002;Country or economy;Asia;Europe;0;1;1;0;0;Electricity generation;Fuel;Other Renewables;TWh;0,1;0,01;11,11
Turkey;TUR;2002;Country or economy;Asia;Europe;0;1;1;0;0;Electricity generation;Fuel;Solar;TWh;0;0;
Turkey;TUR;2002;Country or economy;Asia;Europe;0;1;1;0;0;Electricity generation;Fuel;Wind;TWh;0,05;-0,01;-16,67
Turkey;TUR;2002;Country or economy;Asia;Europe;0;1;1;0;0;Electricity generation;Total;Total Generation;TWh;128,46;6,22;5,09
Turkey;TUR;2003;Country or economy;Asia;Europe;0;1;1;0;0;Electricity generation;Aggregate fuel;Clean;%;25,48;;
Turkey;TUR;2003;Country or economy;Asia;Europe;0;1;1;0;0;Electricity generation;Aggregate fuel;Fossil;%;74,52;;
Turkey;TUR;2003;Country or economy;Asia;Europe;0;1;1;0;0;Electricity generation;Aggregate fuel;Gas and Other Fossil;%;51,41;;
Turkey;TUR;2003;Country or economy;Asia;Europe;0;1;1;0;0;Electricity generation;Aggregate fuel;Hydro, Bioenergy and Other Renewables;%;25,44;;
Turkey;TUR;2003;Country or economy;Asia;Europe;0;1;1;0;0;Electricity generation;Aggregate fuel;Renewables;%;25,48;;
Turkey;TUR;2003;Country or economy;Asia;Europe;0;1;1;0;0;Electricity generation;Aggregate fuel;Wind and Solar;%;0,04;;
Turkey;TUR;2003;Country or economy;Asia;Europe;0;1;1;0;0;Electricity generation;Aggregate fuel;Clean;TWh;35,56;1,6;4,71
Turkey;TUR;2003;Country or economy;Asia;Europe;0;1;1;0;0;Electricity generation;Aggregate fuel;Fossil;TWh;103,98;9,48;10,03
Turkey;TUR;2003;Country or economy;Asia;Europe;0;1;1;0;0;Electricity generation;Aggregate fuel;Gas and Other Fossil;TWh;71,73;9,38;15,04
Turkey;TUR;2003;Country or economy;Asia;Europe;0;1;1;0;0;Electricity generation;Aggregate fuel;Hydro, Bioenergy and Other Renewables;TWh;35,5;1,59;4,69
Turkey;TUR;2003;Country or economy;Asia;Europe;0;1;1;0;0;Electricity generation;Aggregate fuel;Renewables;TWh;35,56;1,6;4,71
Turkey;TUR;2003;Country or economy;Asia;Europe;0;1;1;0;0;Electricity generation;Aggregate fuel;Wind and Solar;TWh;0,06;0,01;20
Turkey;TUR;2003;Country or economy;Asia;Europe;0;1;1;0;0;Electricity generation;Fuel;Bioenergy;%;0,06;;
Turkey;TUR;2003;Country or economy;Asia;Europe;0;1;1;0;0;Electricity generation;Fuel;Coal;%;23,11;;
Turkey;TUR;2003;Country or economy;Asia;Europe;0;1;1;0;0;Electricity generation;Fuel;Gas;%;45,54;;
Turkey;TUR;2003;Country or economy;Asia;Europe;0;1;1;0;0;Electricity generation;Fuel;Hydro;%;25,32;;
Turkey;TUR;2003;Country or economy;Asia;Europe;0;1;1;0;0;Electricity generation;Fuel;Nuclear;%;0;;
Turkey;TUR;2003;Country or economy;Asia;Europe;0;1;1;0;0;Electricity generation;Fuel;Other Fossil;%;5,87;;
Turkey;TUR;2003;Country or economy;Asia;Europe;0;1;1;0;0;Electricity generation;Fuel;Other Renewables;%;0,06;;
Turkey;TUR;2003;Country or economy;Asia;Europe;0;1;1;0;0;Electricity generation;Fuel;Solar;%;0;;
Turkey;TUR;2003;Country or economy;Asia;Europe;0;1;1;0;0;Electricity generation;Fuel;Wind;%;0,04;;
Turkey;TUR;2003;Country or economy;Asia;Europe;0;1;1;0;0;Electricity generation;Fuel;Bioenergy;TWh;0,08;-0,05;-38,46
Turkey;TUR;2003;Country or economy;Asia;Europe;0;1;1;0;0;Electricity generation;Fuel;Coal;TWh;32,25;0,1;0,31
Turkey;TUR;2003;Country or economy;Asia;Europe;0;1;1;0;0;Electricity generation;Fuel;Gas;TWh;63,54;11,01;20,96
Turkey;TUR;2003;Country or economy;Asia;Europe;0;1;1;0;0;Electricity generation;Fuel;Hydro;TWh;35,33;1,65;4,9
Turkey;TUR;2003;Country or economy;Asia;Europe;0;1;1;0;0;Electricity generation;Fuel;Nuclear;TWh;0;0;
Turkey;TUR;2003;Country or economy;Asia;Europe;0;1;1;0;0;Electricity generation;Fuel;Other Fossil;TWh;8,19;-1,63;-16,6
Turkey;TUR;2003;Country or economy;Asia;Europe;0;1;1;0;0;Electricity generation;Fuel;Other Renewables;TWh;0,09;-0,01;-10
Turkey;TUR;2003;Country or economy;Asia;Europe;0;1;1;0;0;Electricity generation;Fuel;Solar;TWh;0;0;
Turkey;TUR;2003;Country or economy;Asia;Europe;0;1;1;0;0;Electricity generation;Fuel;Wind;TWh;0,06;0,01;20
Turkey;TUR;2003;Country or economy;Asia;Europe;0;1;1;0;0;Electricity generation;Total;Total Generation;TWh;139,54;11,08;8,63
Turkey;TUR;2004;Country or economy;Asia;Europe;0;1;1;0;0;Electricity generation;Aggregate fuel;Clean;%;30,92;;
Turkey;TUR;2004;Country or economy;Asia;Europe;0;1;1;0;0;Electricity generation;Aggregate fuel;Fossil;%;69,08;;
Turkey;TUR;2004;Country or economy;Asia;Europe;0;1;1;0;0;Electricity generation;Aggregate fuel;Gas and Other Fossil;%;46,07;;
Turkey;TUR;2004;Country or economy;Asia;Europe;0;1;1;0;0;Electricity generation;Aggregate fuel;Hydro, Bioenergy and Other Renewables;%;30,88;;
Turkey;TUR;2004;Country or economy;Asia;Europe;0;1;1;0;0;Electricity generation;Aggregate fuel;Renewables;%;30,92;;
Turkey;TUR;2004;Country or economy;Asia;Europe;0;1;1;0;0;Electricity generation;Aggregate fuel;Wind and Solar;%;0,04;;
Turkey;TUR;2004;Country or economy;Asia;Europe;0;1;1;0;0;Electricity generation;Aggregate fuel;Clean;TWh;46,31;10,75;30,23
Turkey;TUR;2004;Country or economy;Asia;Europe;0;1;1;0;0;Electricity generation;Aggregate fuel;Fossil;TWh;103,44;-0,54;-0,52
Turkey;TUR;2004;Country or economy;Asia;Europe;0;1;1;0;0;Electricity generation;Aggregate fuel;Gas and Other Fossil;TWh;68,99;-2,74;-3,82
Turkey;TUR;2004;Country or economy;Asia;Europe;0;1;1;0;0;Electricity generation;Aggregate fuel;Hydro, Bioenergy and Other Renewables;TWh;46,25;10,75;30,28
Turkey;TUR;2004;Country or economy;Asia;Europe;0;1;1;0;0;Electricity generation;Aggregate fuel;Renewables;TWh;46,31;10,75;30,23
Turkey;TUR;2004;Country or economy;Asia;Europe;0;1;1;0;0;Electricity generation;Aggregate fuel;Wind and Solar;TWh;0,06;0;0
Turkey;TUR;2004;Country or economy;Asia;Europe;0;1;1;0;0;Electricity generation;Fuel;Bioenergy;%;0,05;;
Turkey;TUR;2004;Country or economy;Asia;Europe;0;1;1;0;0;Electricity generation;Fuel;Coal;%;23,01;;
Turkey;TUR;2004;Country or economy;Asia;Europe;0;1;1;0;0;Electricity generation;Fuel;Gas;%;41,58;;
Turkey;TUR;2004;Country or economy;Asia;Europe;0;1;1;0;0;Electricity generation;Fuel;Hydro;%;30,77;;
Turkey;TUR;2004;Country or economy;Asia;Europe;0;1;1;0;0;Electricity generation;Fuel;Nuclear;%;0;;
Turkey;TUR;2004;Country or economy;Asia;Europe;0;1;1;0;0;Electricity generation;Fuel;Other Fossil;%;4,49;;
Turkey;TUR;2004;Country or economy;Asia;Europe;0;1;1;0;0;Electricity generation;Fuel;Other Renewables;%;0,06;;
Turkey;TUR;2004;Country or economy;Asia;Europe;0;1;1;0;0;Electricity generation;Fuel;Solar;%;0;;
Turkey;TUR;2004;Country or economy;Asia;Europe;0;1;1;0;0;Electricity generation;Fuel;Wind;%;0,04;;
Turkey;TUR;2004;Country or economy;Asia;Europe;0;1;1;0;0;Electricity generation;Fuel;Bioenergy;TWh;0,08;0;0
Turkey;TUR;2004;Country or economy;Asia;Europe;0;1;1;0;0;Electricity generation;Fuel;Coal;TWh;34,45;2,2;6,82
Turkey;TUR;2004;Country or economy;Asia;Europe;0;1;1;0;0;Electricity generation;Fuel;Gas;TWh;62,27;-1,27;-2
Turkey;TUR;2004;Country or economy;Asia;Europe;0;1;1;0;0;Electricity generation;Fuel;Hydro;TWh;46,08;10,75;30,43
Turkey;TUR;2004;Country or economy;Asia;Europe;0;1;1;0;0;Electricity generation;Fuel;Nuclear;TWh;0;0;
Turkey;TUR;2004;Country or economy;Asia;Europe;0;1;1;0;0;Electricity generation;Fuel;Other Fossil;TWh;6,72;-1,47;-17,95
Turkey;TUR;2004;Country or economy;Asia;Europe;0;1;1;0;0;Electricity generation;Fuel;Other Renewables;TWh;0,09;0;0
Turkey;TUR;2004;Country or economy;Asia;Europe;0;1;1;0;0;Electricity generation;Fuel;Solar;TWh;0;0;
Turkey;TUR;2004;Country or economy;Asia;Europe;0;1;1;0;0;Electricity generation;Fuel;Wind;TWh;0,06;0;0
Turkey;TUR;2004;Country or economy;Asia;Europe;0;1;1;0;0;Electricity generation;Total;Total Generation;TWh;149,75;10,21;7,32
Turkey;TUR;2005;Country or economy;Asia;Europe;0;1;1;0;0;Electricity generation;Aggregate fuel;Clean;%;24,6;;
Turkey;TUR;2005;Country or economy;Asia;Europe;0;1;1;0;0;Electricity generation;Aggregate fuel;Fossil;%;75,41;;
Turkey;TUR;2005;Country or economy;Asia;Europe;0;1;1;0;0;Electricity generation;Aggregate fuel;Gas and Other Fossil;%;48,68;;
Turkey;TUR;2005;Country or economy;Asia;Europe;0;1;1;0;0;Electricity generation;Aggregate fuel;Hydro, Bioenergy and Other Renewables;%;24,56;;
Turkey;TUR;2005;Country or economy;Asia;Europe;0;1;1;0;0;Electricity generation;Aggregate fuel;Renewables;%;24,6;;
Turkey;TUR;2005;Country or economy;Asia;Europe;0;1;1;0;0;Electricity generation;Aggregate fuel;Wind and Solar;%;0,04;;
Turkey;TUR;2005;Country or economy;Asia;Europe;0;1;1;0;0;Electricity generation;Aggregate fuel;Clean;TWh;39,74;-6,57;-14,19
Turkey;TUR;2005;Country or economy;Asia;Europe;0;1;1;0;0;Electricity generation;Aggregate fuel;Fossil;TWh;121,89;18,45;17,84
Turkey;TUR;2005;Country or economy;Asia;Europe;0;1;1;0;0;Electricity generation;Aggregate fuel;Gas and Other Fossil;TWh;78,69;9,7;14,06
Turkey;TUR;2005;Country or economy;Asia;Europe;0;1;1;0;0;Electricity generation;Aggregate fuel;Hydro, Bioenergy and Other Renewables;TWh;39,68;-6,57;-14,21
Turkey;TUR;2005;Country or economy;Asia;Europe;0;1;1;0;0;Electricity generation;Aggregate fuel;Renewables;TWh;39,74;-6,57;-14,19
Turkey;TUR;2005;Country or economy;Asia;Europe;0;1;1;0;0;Electricity generation;Aggregate fuel;Wind and Solar;TWh;0,06;0;0
Turkey;TUR;2005;Country or economy;Asia;Europe;0;1;1;0;0;Electricity generation;Fuel;Bioenergy;%;0,02;;
Turkey;TUR;2005;Country or economy;Asia;Europe;0;1;1;0;0;Electricity generation;Fuel;Coal;%;26,73;;
Turkey;TUR;2005;Country or economy;Asia;Europe;0;1;1;0;0;Electricity generation;Fuel;Gas;%;45,46;;
Turkey;TUR;2005;Country or economy;Asia;Europe;0;1;1;0;0;Electricity generation;Fuel;Hydro;%;24,48;;
Turkey;TUR;2005;Country or economy;Asia;Europe;0;1;1;0;0;Electricity generation;Fuel;Nuclear;%;0;;
Turkey;TUR;2005;Country or economy;Asia;Europe;0;1;1;0;0;Electricity generation;Fuel;Other Fossil;%;3,22;;
Turkey;TUR;2005;Country or economy;Asia;Europe;0;1;1;0;0;Electricity generation;Fuel;Other Renewables;%;0,06;;
Turkey;TUR;2005;Country or economy;Asia;Europe;0;1;1;0;0;Electricity generation;Fuel;Solar;%;0;;
Turkey;TUR;2005;Country or economy;Asia;Europe;0;1;1;0;0;Electricity generation;Fuel;Wind;%;0,04;;
Turkey;TUR;2005;Country or economy;Asia;Europe;0;1;1;0;0;Electricity generation;Fuel;Bioenergy;TWh;0,03;-0,05;-62,5
Turkey;TUR;2005;Country or economy;Asia;Europe;0;1;1;0;0;Electricity generation;Fuel;Coal;TWh;43,2;8,75;25,4
Turkey;TUR;2005;Country or economy;Asia;Europe;0;1;1;0;0;Electricity generation;Fuel;Gas;TWh;73,48;11,21;18
Turkey;TUR;2005;Country or economy;Asia;Europe;0;1;1;0;0;Electricity generation;Fuel;Hydro;TWh;39,56;-6,52;-14,15
Turkey;TUR;2005;Country or economy;Asia;Europe;0;1;1;0;0;Electricity generation;Fuel;Nuclear;TWh;0;0;
Turkey;TUR;2005;Country or economy;Asia;Europe;0;1;1;0;0;Electricity generation;Fuel;Other Fossil;TWh;5,21;-1,51;-22,47
Turkey;TUR;2005;Country or economy;Asia;Europe;0;1;1;0;0;Electricity generation;Fuel;Other Renewables;TWh;0,09;0;0
Turkey;TUR;2005;Country or economy;Asia;Europe;0;1;1;0;0;Electricity generation;Fuel;Solar;TWh;0;0;
Turkey;TUR;2005;Country or economy;Asia;Europe;0;1;1;0;0;Electricity generation;Fuel;Wind;TWh;0,06;0;0
Turkey;TUR;2005;Country or economy;Asia;Europe;0;1;1;0;0;Electricity generation;Total;Total Generation;TWh;161,63;11,88;7,93
Turkey;TUR;2006;Country or economy;Asia;Europe;0;1;1;0;0;Electricity generation;Aggregate fuel;Clean;%;25,25;;
Turkey;TUR;2006;Country or economy;Asia;Europe;0;1;1;0;0;Electricity generation;Aggregate fuel;Fossil;%;74,74;;
Turkey;TUR;2006;Country or economy;Asia;Europe;0;1;1;0;0;Electricity generation;Aggregate fuel;Gas and Other Fossil;%;48,27;;
Turkey;TUR;2006;Country or economy;Asia;Europe;0;1;1;0;0;Electricity generation;Aggregate fuel;Hydro, Bioenergy and Other Renewables;%;25,18;;
Turkey;TUR;2006;Country or economy;Asia;Europe;0;1;1;0;0;Electricity generation;Aggregate fuel;Renewables;%;25,25;;
Turkey;TUR;2006;Country or economy;Asia;Europe;0;1;1;0;0;Electricity generation;Aggregate fuel;Wind and Solar;%;0,07;;
Turkey;TUR;2006;Country or economy;Asia;Europe;0;1;1;0;0;Electricity generation;Aggregate fuel;Clean;TWh;44,52;4,78;12,03
Turkey;TUR;2006;Country or economy;Asia;Europe;0;1;1;0;0;Electricity generation;Aggregate fuel;Fossil;TWh;131,73;9,84;8,07
Turkey;TUR;2006;Country or economy;Asia;Europe;0;1;1;0;0;Electricity generation;Aggregate fuel;Gas and Other Fossil;TWh;85,08;6,39;8,12
Turkey;TUR;2006;Country or economy;Asia;Europe;0;1;1;0;0;Electricity generation;Aggregate fuel;Hydro, Bioenergy and Other Renewables;TWh;44,39;4,71;11,87
Turkey;TUR;2006;Country or economy;Asia;Europe;0;1;1;0;0;Electricity generation;Aggregate fuel;Renewables;TWh;44,52;4,78;12,03
Turkey;TUR;2006;Country or economy;Asia;Europe;0;1;1;0;0;Electricity generation;Aggregate fuel;Wind and Solar;TWh;0,13;0,07;116,67
Turkey;TUR;2006;Country or economy;Asia;Europe;0;1;1;0;0;Electricity generation;Fuel;Bioenergy;%;0,03;;
Turkey;TUR;2006;Country or economy;Asia;Europe;0;1;1;0;0;Electricity generation;Fuel;Coal;%;26,47;;
Turkey;TUR;2006;Country or economy;Asia;Europe;0;1;1;0;0;Electricity generation;Fuel;Gas;%;45,78;;
Turkey;TUR;2006;Country or economy;Asia;Europe;0;1;1;0;0;Electricity generation;Fuel;Hydro;%;25,1;;
Turkey;TUR;2006;Country or economy;Asia;Europe;0;1;1;0;0;Electricity generation;Fuel;Nuclear;%;0;;
Turkey;TUR;2006;Country or economy;Asia;Europe;0;1;1;0;0;Electricity generation;Fuel;Other Fossil;%;2,49;;
Turkey;TUR;2006;Country or economy;Asia;Europe;0;1;1;0;0;Electricity generation;Fuel;Other Renewables;%;0,05;;
Turkey;TUR;2006;Country or economy;Asia;Europe;0;1;1;0;0;Electricity generation;Fuel;Solar;%;0;;
Turkey;TUR;2006;Country or economy;Asia;Europe;0;1;1;0;0;Electricity generation;Fuel;Wind;%;0,07;;
Turkey;TUR;2006;Country or economy;Asia;Europe;0;1;1;0;0;Electricity generation;Fuel;Bioenergy;TWh;0,06;0,03;100
Turkey;TUR;2006;Country or economy;Asia;Europe;0;1;1;0;0;Electricity generation;Fuel;Coal;TWh;46,65;3,45;7,99
Turkey;TUR;2006;Country or economy;Asia;Europe;0;1;1;0;0;Electricity generation;Fuel;Gas;TWh;80,69;7,21;9,81
Turkey;TUR;2006;Country or economy;Asia;Europe;0;1;1;0;0;Electricity generation;Fuel;Hydro;TWh;44,24;4,68;11,83
Turkey;TUR;2006;Country or economy;Asia;Europe;0;1;1;0;0;Electricity generation;Fuel;Nuclear;TWh;0;0;
Turkey;TUR;2006;Country or economy;Asia;Europe;0;1;1;0;0;Electricity generation;Fuel;Other Fossil;TWh;4,39;-0,82;-15,74
Turkey;TUR;2006;Country or economy;Asia;Europe;0;1;1;0;0;Electricity generation;Fuel;Other Renewables;TWh;0,09;0;0
Turkey;TUR;2006;Country or economy;Asia;Europe;0;1;1;0;0;Electricity generation;Fuel;Solar;TWh;0;0;
Turkey;TUR;2006;Country or economy;Asia;Europe;0;1;1;0;0;Electricity generation;Fuel;Wind;TWh;0,13;0,07;116,67
Turkey;TUR;2006;Country or economy;Asia;Europe;0;1;1;0;0;Electricity generation;Total;Total Generation;TWh;176,25;14,62;9,05
Turkey;TUR;2007;Country or economy;Asia;Europe;0;1;1;0;0;Electricity generation;Aggregate fuel;Clean;%;19,04;;
Turkey;TUR;2007;Country or economy;Asia;Europe;0;1;1;0;0;Electricity generation;Aggregate fuel;Fossil;%;80,97;;
Turkey;TUR;2007;Country or economy;Asia;Europe;0;1;1;0;0;Electricity generation;Aggregate fuel;Gas and Other Fossil;%;53,07;;
Turkey;TUR;2007;Country or economy;Asia;Europe;0;1;1;0;0;Electricity generation;Aggregate fuel;Hydro, Bioenergy and Other Renewables;%;18,85;;
Turkey;TUR;2007;Country or economy;Asia;Europe;0;1;1;0;0;Electricity generation;Aggregate fuel;Renewables;%;19,04;;
Turkey;TUR;2007;Country or economy;Asia;Europe;0;1;1;0;0;Electricity generation;Aggregate fuel;Wind and Solar;%;0,19;;
Turkey;TUR;2007;Country or economy;Asia;Europe;0;1;1;0;0;Electricity generation;Aggregate fuel;Clean;TWh;36,46;-8,06;-18,1
Turkey;TUR;2007;Country or economy;Asia;Europe;0;1;1;0;0;Electricity generation;Aggregate fuel;Fossil;TWh;155,06;23,33;17,71
Turkey;TUR;2007;Country or economy;Asia;Europe;0;1;1;0;0;Electricity generation;Aggregate fuel;Gas and Other Fossil;TWh;101,63;16,55;19,45
Turkey;TUR;2007;Country or economy;Asia;Europe;0;1;1;0;0;Electricity generation;Aggregate fuel;Hydro, Bioenergy and Other Renewables;TWh;36,1;-8,29;-18,68
Turkey;TUR;2007;Country or economy;Asia;Europe;0;1;1;0;0;Electricity generation;Aggregate fuel;Renewables;TWh;36,46;-8,06;-18,1
Turkey;TUR;2007;Country or economy;Asia;Europe;0;1;1;0;0;Electricity generation;Aggregate fuel;Wind and Solar;TWh;0,36;0,23;176,92
Turkey;TUR;2007;Country or economy;Asia;Europe;0;1;1;0;0;Electricity generation;Fuel;Bioenergy;%;0,05;;
Turkey;TUR;2007;Country or economy;Asia;Europe;0;1;1;0;0;Electricity generation;Fuel;Coal;%;27,9;;
Turkey;TUR;2007;Country or economy;Asia;Europe;0;1;1;0;0;Electricity generation;Fuel;Gas;%;49,62;;
Turkey;TUR;2007;Country or economy;Asia;Europe;0;1;1;0;0;Electricity generation;Fuel;Hydro;%;18,72;;
Turkey;TUR;2007;Country or economy;Asia;Europe;0;1;1;0;0;Electricity generation;Fuel;Nuclear;%;0;;
Turkey;TUR;2007;Country or economy;Asia;Europe;0;1;1;0;0;Electricity generation;Fuel;Other Fossil;%;3,45;;
Turkey;TUR;2007;Country or economy;Asia;Europe;0;1;1;0;0;Electricity generation;Fuel;Other Renewables;%;0,08;;
Turkey;TUR;2007;Country or economy;Asia;Europe;0;1;1;0;0;Electricity generation;Fuel;Solar;%;0;;
Turkey;TUR;2007;Country or economy;Asia;Europe;0;1;1;0;0;Electricity generation;Fuel;Wind;%;0,19;;
Turkey;TUR;2007;Country or economy;Asia;Europe;0;1;1;0;0;Electricity generation;Fuel;Bioenergy;TWh;0,09;0,03;50
Turkey;TUR;2007;Country or economy;Asia;Europe;0;1;1;0;0;Electricity generation;Fuel;Coal;TWh;53,43;6,78;14,53
Turkey;TUR;2007;Country or economy;Asia;Europe;0;1;1;0;0;Electricity generation;Fuel;Gas;TWh;95,03;14,34;17,77
Turkey;TUR;2007;Country or economy;Asia;Europe;0;1;1;0;0;Electricity generation;Fuel;Hydro;TWh;35,85;-8,39;-18,96
Turkey;TUR;2007;Country or economy;Asia;Europe;0;1;1;0;0;Electricity generation;Fuel;Nuclear;TWh;0;0;
Turkey;TUR;2007;Country or economy;Asia;Europe;0;1;1;0;0;Electricity generation;Fuel;Other Fossil;TWh;6,6;2,21;50,34
Turkey;TUR;2007;Country or economy;Asia;Europe;0;1;1;0;0;Electricity generation;Fuel;Other Renewables;TWh;0,16;0,07;77,78
Turkey;TUR;2007;Country or economy;Asia;Europe;0;1;1;0;0;Electricity generation;Fuel;Solar;TWh;0;0;
Turkey;TUR;2007;Country or economy;Asia;Europe;0;1;1;0;0;Electricity generation;Fuel;Wind;TWh;0,36;0,23;176,92
Turkey;TUR;2007;Country or economy;Asia;Europe;0;1;1;0;0;Electricity generation;Total;Total Generation;TWh;191,52;15,27;8,66
Turkey;TUR;2008;Country or economy;Asia;Europe;0;1;1;0;0;Electricity generation;Aggregate fuel;Clean;%;17,35;;
Turkey;TUR;2008;Country or economy;Asia;Europe;0;1;1;0;0;Electricity generation;Aggregate fuel;Fossil;%;82,66;;
Turkey;TUR;2008;Country or economy;Asia;Europe;0;1;1;0;0;Electricity generation;Aggregate fuel;Gas and Other Fossil;%;53,56;;
Turkey;TUR;2008;Country or economy;Asia;Europe;0;1;1;0;0;Electricity generation;Aggregate fuel;Hydro, Bioenergy and Other Renewables;%;16,92;;
Turkey;TUR;2008;Country or economy;Asia;Europe;0;1;1;0;0;Electricity generation;Aggregate fuel;Renewables;%;17,35;;
Turkey;TUR;2008;Country or economy;Asia;Europe;0;1;1;0;0;Electricity generation;Aggregate fuel;Wind and Solar;%;0,43;;
Turkey;TUR;2008;Country or economy;Asia;Europe;0;1;1;0;0;Electricity generation;Aggregate fuel;Clean;TWh;34,42;-2,04;-5,6
Turkey;TUR;2008;Country or economy;Asia;Europe;0;1;1;0;0;Electricity generation;Aggregate fuel;Fossil;TWh;163,95;8,89;5,73
Turkey;TUR;2008;Country or economy;Asia;Europe;0;1;1;0;0;Electricity generation;Aggregate fuel;Gas and Other Fossil;TWh;106,23;4,6;4,53
Turkey;TUR;2008;Country or economy;Asia;Europe;0;1;1;0;0;Electricity generation;Aggregate fuel;Hydro, Bioenergy and Other Renewables;TWh;33,57;-2,53;-7,01
Turkey;TUR;2008;Country or economy;Asia;Europe;0;1;1;0;0;Electricity generation;Aggregate fuel;Renewables;TWh;34,42;-2,04;-5,6
Turkey;TUR;2008;Country or economy;Asia;Europe;0;1;1;0;0;Electricity generation;Aggregate fuel;Wind and Solar;TWh;0,85;0,49;136,11
Turkey;TUR;2008;Country or economy;Asia;Europe;0;1;1;0;0;Electricity generation;Fuel;Bioenergy;%;0,07;;
Turkey;TUR;2008;Country or economy;Asia;Europe;0;1;1;0;0;Electricity generation;Fuel;Coal;%;29,1;;
Turkey;TUR;2008;Country or economy;Asia;Europe;0;1;1;0;0;Electricity generation;Fuel;Gas;%;49,75;;
Turkey;TUR;2008;Country or economy;Asia;Europe;0;1;1;0;0;Electricity generation;Fuel;Hydro;%;16,77;;
Turkey;TUR;2008;Country or economy;Asia;Europe;0;1;1;0;0;Electricity generation;Fuel;Nuclear;%;0;;
Turkey;TUR;2008;Country or economy;Asia;Europe;0;1;1;0;0;Electricity generation;Fuel;Other Fossil;%;3,81;;
Turkey;TUR;2008;Country or economy;Asia;Europe;0;1;1;0;0;Electricity generation;Fuel;Other Renewables;%;0,08;;
Turkey;TUR;2008;Country or economy;Asia;Europe;0;1;1;0;0;Electricity generation;Fuel;Solar;%;0;;
Turkey;TUR;2008;Country or economy;Asia;Europe;0;1;1;0;0;Electricity generation;Fuel;Wind;%;0,43;;
Turkey;TUR;2008;Country or economy;Asia;Europe;0;1;1;0;0;Electricity generation;Fuel;Bioenergy;TWh;0,14;0,05;55,56
Turkey;TUR;2008;Country or economy;Asia;Europe;0;1;1;0;0;Electricity generation;Fuel;Coal;TWh;57,72;4,29;8,03
Turkey;TUR;2008;Country or economy;Asia;Europe;0;1;1;0;0;Electricity generation;Fuel;Gas;TWh;98,68;3,65;3,84
Turkey;TUR;2008;Country or economy;Asia;Europe;0;1;1;0;0;Electricity generation;Fuel;Hydro;TWh;33,27;-2,58;-7,2
Turkey;TUR;2008;Country or economy;Asia;Europe;0;1;1;0;0;Electricity generation;Fuel;Nuclear;TWh;0;0;
Turkey;TUR;2008;Country or economy;Asia;Europe;0;1;1;0;0;Electricity generation;Fuel;Other Fossil;TWh;7,55;0,95;14,39
Turkey;TUR;2008;Country or economy;Asia;Europe;0;1;1;0;0;Electricity generation;Fuel;Other Renewables;TWh;0,16;0;0
Turkey;TUR;2008;Country or economy;Asia;Europe;0;1;1;0;0;Electricity generation;Fuel;Solar;TWh;0;0;
Turkey;TUR;2008;Country or economy;Asia;Europe;0;1;1;0;0;Electricity generation;Fuel;Wind;TWh;0,85;0,49;136,11
Turkey;TUR;2008;Country or economy;Asia;Europe;0;1;1;0;0;Electricity generation;Total;Total Generation;TWh;198,37;6,85;3,58
Turkey;TUR;2009;Country or economy;Asia;Europe;0;1;1;0;0;Electricity generation;Aggregate fuel;Clean;%;19,59;;
Turkey;TUR;2009;Country or economy;Asia;Europe;0;1;1;0;0;Electricity generation;Aggregate fuel;Fossil;%;80,42;;
Turkey;TUR;2009;Country or economy;Asia;Europe;0;1;1;0;0;Electricity generation;Aggregate fuel;Gas and Other Fossil;%;51,83;;
Turkey;TUR;2009;Country or economy;Asia;Europe;0;1;1;0;0;Electricity generation;Aggregate fuel;Hydro, Bioenergy and Other Renewables;%;18,82;;
Turkey;TUR;2009;Country or economy;Asia;Europe;0;1;1;0;0;Electricity generation;Aggregate fuel;Renewables;%;19,59;;
Turkey;TUR;2009;Country or economy;Asia;Europe;0;1;1;0;0;Electricity generation;Aggregate fuel;Wind and Solar;%;0,77;;
Turkey;TUR;2009;Country or economy;Asia;Europe;0;1;1;0;0;Electricity generation;Aggregate fuel;Clean;TWh;38,15;3,73;10,84
Turkey;TUR;2009;Country or economy;Asia;Europe;0;1;1;0;0;Electricity generation;Aggregate fuel;Fossil;TWh;156,66;-7,29;-4,45
Turkey;TUR;2009;Country or economy;Asia;Europe;0;1;1;0;0;Electricity generation;Aggregate fuel;Gas and Other Fossil;TWh;100,97;-5,26;-4,95
Turkey;TUR;2009;Country or economy;Asia;Europe;0;1;1;0;0;Electricity generation;Aggregate fuel;Hydro, Bioenergy and Other Renewables;TWh;36,65;3,08;9,17
Turkey;TUR;2009;Country or economy;Asia;Europe;0;1;1;0;0;Electricity generation;Aggregate fuel;Renewables;TWh;38,15;3,73;10,84
Turkey;TUR;2009;Country or economy;Asia;Europe;0;1;1;0;0;Electricity generation;Aggregate fuel;Wind and Solar;TWh;1,5;0,65;76,47
Turkey;TUR;2009;Country or economy;Asia;Europe;0;1;1;0;0;Electricity generation;Fuel;Bioenergy;%;0,13;;
Turkey;TUR;2009;Country or economy;Asia;Europe;0;1;1;0;0;Electricity generation;Fuel;Coal;%;28,59;;
Turkey;TUR;2009;Country or economy;Asia;Europe;0;1;1;0;0;Electricity generation;Fuel;Gas;%;49,33;;
Turkey;TUR;2009;Country or economy;Asia;Europe;0;1;1;0;0;Electricity generation;Fuel;Hydro;%;18,46;;
Turkey;TUR;2009;Country or economy;Asia;Europe;0;1;1;0;0;Electricity generation;Fuel;Nuclear;%;0;;
Turkey;TUR;2009;Country or economy;Asia;Europe;0;1;1;0;0;Electricity generation;Fuel;Other Fossil;%;2,5;;
Turkey;TUR;2009;Country or economy;Asia;Europe;0;1;1;0;0;Electricity generation;Fuel;Other Renewables;%;0,23;;
Turkey;TUR;2009;Country or economy;Asia;Europe;0;1;1;0;0;Electricity generation;Fuel;Solar;%;0;;
Turkey;TUR;2009;Country or economy;Asia;Europe;0;1;1;0;0;Electricity generation;Fuel;Wind;%;0,77;;
Turkey;TUR;2009;Country or economy;Asia;Europe;0;1;1;0;0;Electricity generation;Fuel;Bioenergy;TWh;0,25;0,11;78,57
Turkey;TUR;2009;Country or economy;Asia;Europe;0;1;1;0;0;Electricity generation;Fuel;Coal;TWh;55,69;-2,03;-3,52
Turkey;TUR;2009;Country or economy;Asia;Europe;0;1;1;0;0;Electricity generation;Fuel;Gas;TWh;96,1;-2,58;-2,61
Turkey;TUR;2009;Country or economy;Asia;Europe;0;1;1;0;0;Electricity generation;Fuel;Hydro;TWh;35,96;2,69;8,09
Turkey;TUR;2009;Country or economy;Asia;Europe;0;1;1;0;0;Electricity generation;Fuel;Nuclear;TWh;0;0;
Turkey;TUR;2009;Country or economy;Asia;Europe;0;1;1;0;0;Electricity generation;Fuel;Other Fossil;TWh;4,87;-2,68;-35,5
Turkey;TUR;2009;Country or economy;Asia;Europe;0;1;1;0;0;Electricity generation;Fuel;Other Renewables;TWh;0,44;0,28;175
Turkey;TUR;2009;Country or economy;Asia;Europe;0;1;1;0;0;Electricity generation;Fuel;Solar;TWh;0;0;
Turkey;TUR;2009;Country or economy;Asia;Europe;0;1;1;0;0;Electricity generation;Fuel;Wind;TWh;1,5;0,65;76,47
Turkey;TUR;2009;Country or economy;Asia;Europe;0;1;1;0;0;Electricity generation;Total;Total Generation;TWh;194,81;-3,56;-1,79
Turkey;TUR;2010;Country or economy;Asia;Europe;0;1;1;0;0;Electricity generation;Aggregate fuel;Clean;%;26,39;;
Turkey;TUR;2010;Country or economy;Asia;Europe;0;1;1;0;0;Electricity generation;Aggregate fuel;Fossil;%;73,61;;
Turkey;TUR;2010;Country or economy;Asia;Europe;0;1;1;0;0;Electricity generation;Aggregate fuel;Gas and Other Fossil;%;47,54;;
Turkey;TUR;2010;Country or economy;Asia;Europe;0;1;1;0;0;Electricity generation;Aggregate fuel;Hydro, Bioenergy and Other Renewables;%;25,01;;
Turkey;TUR;2010;Country or economy;Asia;Europe;0;1;1;0;0;Electricity generation;Aggregate fuel;Renewables;%;26,39;;
Turkey;TUR;2010;Country or economy;Asia;Europe;0;1;1;0;0;Electricity generation;Aggregate fuel;Wind and Solar;%;1,38;;
Turkey;TUR;2010;Country or economy;Asia;Europe;0;1;1;0;0;Electricity generation;Aggregate fuel;Clean;TWh;55,72;17,57;46,06
Turkey;TUR;2010;Country or economy;Asia;Europe;0;1;1;0;0;Electricity generation;Aggregate fuel;Fossil;TWh;155,46;-1,2;-0,77
Turkey;TUR;2010;Country or economy;Asia;Europe;0;1;1;0;0;Electricity generation;Aggregate fuel;Gas and Other Fossil;TWh;100,41;-0,56;-0,55
Turkey;TUR;2010;Country or economy;Asia;Europe;0;1;1;0;0;Electricity generation;Aggregate fuel;Hydro, Bioenergy and Other Renewables;TWh;52,8;16,15;44,07
Turkey;TUR;2010;Country or economy;Asia;Europe;0;1;1;0;0;Electricity generation;Aggregate fuel;Renewables;TWh;55,72;17,57;46,06
Turkey;TUR;2010;Country or economy;Asia;Europe;0;1;1;0;0;Electricity generation;Aggregate fuel;Wind and Solar;TWh;2,92;1,42;94,67
Turkey;TUR;2010;Country or economy;Asia;Europe;0;1;1;0;0;Electricity generation;Fuel;Bioenergy;%;0,16;;
Turkey;TUR;2010;Country or economy;Asia;Europe;0;1;1;0;0;Electricity generation;Fuel;Coal;%;26,07;;
Turkey;TUR;2010;Country or economy;Asia;Europe;0;1;1;0;0;Electricity generation;Fuel;Gas;%;46,47;;
Turkey;TUR;2010;Country or economy;Asia;Europe;0;1;1;0;0;Electricity generation;Fuel;Hydro;%;24,53;;
Turkey;TUR;2010;Country or economy;Asia;Europe;0;1;1;0;0;Electricity generation;Fuel;Nuclear;%;0;;
Turkey;TUR;2010;Country or economy;Asia;Europe;0;1;1;0;0;Electricity generation;Fuel;Other Fossil;%;1,07;;
Turkey;TUR;2010;Country or economy;Asia;Europe;0;1;1;0;0;Electricity generation;Fuel;Other Renewables;%;0,32;;
Turkey;TUR;2010;Country or economy;Asia;Europe;0;1;1;0;0;Electricity generation;Fuel;Solar;%;0;;
Turkey;TUR;2010;Country or economy;Asia;Europe;0;1;1;0;0;Electricity generation;Fuel;Wind;%;1,38;;
Turkey;TUR;2010;Country or economy;Asia;Europe;0;1;1;0;0;Electricity generation;Fuel;Bioenergy;TWh;0,33;0,08;32
Turkey;TUR;2010;Country or economy;Asia;Europe;0;1;1;0;0;Electricity generation;Fuel;Coal;TWh;55,05;-0,64;-1,15
Turkey;TUR;2010;Country or economy;Asia;Europe;0;1;1;0;0;Electricity generation;Fuel;Gas;TWh;98,14;2,04;2,12
Turkey;TUR;2010;Country or economy;Asia;Europe;0;1;1;0;0;Electricity generation;Fuel;Hydro;TWh;51,8;15,84;44,05
Turkey;TUR;2010;Country or economy;Asia;Europe;0;1;1;0;0;Electricity generation;Fuel;Nuclear;TWh;0;0;
Turkey;TUR;2010;Country or economy;Asia;Europe;0;1;1;0;0;Electricity generation;Fuel;Other Fossil;TWh;2,27;-2,6;-53,39
Turkey;TUR;2010;Country or economy;Asia;Europe;0;1;1;0;0;Electricity generation;Fuel;Other Renewables;TWh;0,67;0,23;52,27
Turkey;TUR;2010;Country or economy;Asia;Europe;0;1;1;0;0;Electricity generation;Fuel;Solar;TWh;0;0;
Turkey;TUR;2010;Country or economy;Asia;Europe;0;1;1;0;0;Electricity generation;Fuel;Wind;TWh;2,92;1,42;94,67
Turkey;TUR;2010;Country or economy;Asia;Europe;0;1;1;0;0;Electricity generation;Total;Total Generation;TWh;211,18;16,37;8,4
Turkey;TUR;2011;Country or economy;Asia;Europe;0;1;1;0;0;Electricity generation;Aggregate fuel;Clean;%;25,33;;
Turkey;TUR;2011;Country or economy;Asia;Europe;0;1;1;0;0;Electricity generation;Aggregate fuel;Fossil;%;74,68;;
Turkey;TUR;2011;Country or economy;Asia;Europe;0;1;1;0;0;Electricity generation;Aggregate fuel;Gas and Other Fossil;%;45,81;;
Turkey;TUR;2011;Country or economy;Asia;Europe;0;1;1;0;0;Electricity generation;Aggregate fuel;Hydro, Bioenergy and Other Renewables;%;23,27;;
Turkey;TUR;2011;Country or economy;Asia;Europe;0;1;1;0;0;Electricity generation;Aggregate fuel;Renewables;%;25,33;;
Turkey;TUR;2011;Country or economy;Asia;Europe;0;1;1;0;0;Electricity generation;Aggregate fuel;Wind and Solar;%;2,06;;
Turkey;TUR;2011;Country or economy;Asia;Europe;0;1;1;0;0;Electricity generation;Aggregate fuel;Clean;TWh;58,09;2,37;4,25
Turkey;TUR;2011;Country or economy;Asia;Europe;0;1;1;0;0;Electricity generation;Aggregate fuel;Fossil;TWh;171,3;15,84;10,19
Turkey;TUR;2011;Country or economy;Asia;Europe;0;1;1;0;0;Electricity generation;Aggregate fuel;Gas and Other Fossil;TWh;105,08;4,67;4,65
Turkey;TUR;2011;Country or economy;Asia;Europe;0;1;1;0;0;Electricity generation;Aggregate fuel;Hydro, Bioenergy and Other Renewables;TWh;53,37;0,57;1,08
Turkey;TUR;2011;Country or economy;Asia;Europe;0;1;1;0;0;Electricity generation;Aggregate fuel;Renewables;TWh;58,09;2,37;4,25
Turkey;TUR;2011;Country or economy;Asia;Europe;0;1;1;0;0;Electricity generation;Aggregate fuel;Wind and Solar;TWh;4,72;1,8;61,64
Turkey;TUR;2011;Country or economy;Asia;Europe;0;1;1;0;0;Electricity generation;Fuel;Bioenergy;%;0,15;;
Turkey;TUR;2011;Country or economy;Asia;Europe;0;1;1;0;0;Electricity generation;Fuel;Coal;%;28,87;;
Turkey;TUR;2011;Country or economy;Asia;Europe;0;1;1;0;0;Electricity generation;Fuel;Gas;%;45,36;;
Turkey;TUR;2011;Country or economy;Asia;Europe;0;1;1;0;0;Electricity generation;Fuel;Hydro;%;22,82;;
Turkey;TUR;2011;Country or economy;Asia;Europe;0;1;1;0;0;Electricity generation;Fuel;Nuclear;%;0;;
Turkey;TUR;2011;Country or economy;Asia;Europe;0;1;1;0;0;Electricity generation;Fuel;Other Fossil;%;0,45;;
Turkey;TUR;2011;Country or economy;Asia;Europe;0;1;1;0;0;Electricity generation;Fuel;Other Renewables;%;0,3;;
Turkey;TUR;2011;Country or economy;Asia;Europe;0;1;1;0;0;Electricity generation;Fuel;Solar;%;0;;
Turkey;TUR;2011;Country or economy;Asia;Europe;0;1;1;0;0;Electricity generation;Fuel;Wind;%;2,06;;
Turkey;TUR;2011;Country or economy;Asia;Europe;0;1;1;0;0;Electricity generation;Fuel;Bioenergy;TWh;0,34;0,01;3,03
Turkey;TUR;2011;Country or economy;Asia;Europe;0;1;1;0;0;Electricity generation;Fuel;Coal;TWh;66,22;11,17;20,29
Turkey;TUR;2011;Country or economy;Asia;Europe;0;1;1;0;0;Electricity generation;Fuel;Gas;TWh;104,05;5,91;6,02
Turkey;TUR;2011;Country or economy;Asia;Europe;0;1;1;0;0;Electricity generation;Fuel;Hydro;TWh;52,34;0,54;1,04
Turkey;TUR;2011;Country or economy;Asia;Europe;0;1;1;0;0;Electricity generation;Fuel;Nuclear;TWh;0;0;
Turkey;TUR;2011;Country or economy;Asia;Europe;0;1;1;0;0;Electricity generation;Fuel;Other Fossil;TWh;1,03;-1,24;-54,63
Turkey;TUR;2011;Country or economy;Asia;Europe;0;1;1;0;0;Electricity generation;Fuel;Other Renewables;TWh;0,69;0,02;2,99
Turkey;TUR;2011;Country or economy;Asia;Europe;0;1;1;0;0;Electricity generation;Fuel;Solar;TWh;0;0;
Turkey;TUR;2011;Country or economy;Asia;Europe;0;1;1;0;0;Electricity generation;Fuel;Wind;TWh;4,72;1,8;61,64
Turkey;TUR;2011;Country or economy;Asia;Europe;0;1;1;0;0;Electricity generation;Total;Total Generation;TWh;229,39;18,21;8,62
Turkey;TUR;2012;Country or economy;Asia;Europe;0;1;1;0;0;Electricity generation;Aggregate fuel;Clean;%;27,24;;
Turkey;TUR;2012;Country or economy;Asia;Europe;0;1;1;0;0;Electricity generation;Aggregate fuel;Fossil;%;72,77;;
Turkey;TUR;2012;Country or economy;Asia;Europe;0;1;1;0;0;Electricity generation;Aggregate fuel;Gas and Other Fossil;%;44,37;;
Turkey;TUR;2012;Country or economy;Asia;Europe;0;1;1;0;0;Electricity generation;Aggregate fuel;Hydro, Bioenergy and Other Renewables;%;24,79;;
Turkey;TUR;2012;Country or economy;Asia;Europe;0;1;1;0;0;Electricity generation;Aggregate fuel;Renewables;%;27,24;;
Turkey;TUR;2012;Country or economy;Asia;Europe;0;1;1;0;0;Electricity generation;Aggregate fuel;Wind and Solar;%;2,45;;
Turkey;TUR;2012;Country or economy;Asia;Europe;0;1;1;0;0;Electricity generation;Aggregate fuel;Clean;TWh;65,21;7,12;12,26
Turkey;TUR;2012;Country or economy;Asia;Europe;0;1;1;0;0;Electricity generation;Aggregate fuel;Fossil;TWh;174,28;2,98;1,74
Turkey;TUR;2012;Country or economy;Asia;Europe;0;1;1;0;0;Electricity generation;Aggregate fuel;Gas and Other Fossil;TWh;106,27;1,19;1,13
Turkey;TUR;2012;Country or economy;Asia;Europe;0;1;1;0;0;Electricity generation;Aggregate fuel;Hydro, Bioenergy and Other Renewables;TWh;59,35;5,98;11,2
Turkey;TUR;2012;Country or economy;Asia;Europe;0;1;1;0;0;Electricity generation;Aggregate fuel;Renewables;TWh;65,21;7,12;12,26
Turkey;TUR;2012;Country or economy;Asia;Europe;0;1;1;0;0;Electricity generation;Aggregate fuel;Wind and Solar;TWh;5,86;1,14;24,15
Turkey;TUR;2012;Country or economy;Asia;Europe;0;1;1;0;0;Electricity generation;Fuel;Bioenergy;%;0,25;;
Turkey;TUR;2012;Country or economy;Asia;Europe;0;1;1;0;0;Electricity generation;Fuel;Coal;%;28,4;;
Turkey;TUR;2012;Country or economy;Asia;Europe;0;1;1;0;0;Electricity generation;Fuel;Gas;%;43,63;;
Turkey;TUR;2012;Country or economy;Asia;Europe;0;1;1;0;0;Electricity generation;Fuel;Hydro;%;24,16;;
Turkey;TUR;2012;Country or economy;Asia;Europe;0;1;1;0;0;Electricity generation;Fuel;Nuclear;%;0;;
Turkey;TUR;2012;Country or economy;Asia;Europe;0;1;1;0;0;Electricity generation;Fuel;Other Fossil;%;0,74;;
Turkey;TUR;2012;Country or economy;Asia;Europe;0;1;1;0;0;Electricity generation;Fuel;Other Renewables;%;0,38;;
Turkey;TUR;2012;Country or economy;Asia;Europe;0;1;1;0;0;Electricity generation;Fuel;Solar;%;0;;
Turkey;TUR;2012;Country or economy;Asia;Europe;0;1;1;0;0;Electricity generation;Fuel;Wind;%;2,45;;
Turkey;TUR;2012;Country or economy;Asia;Europe;0;1;1;0;0;Electricity generation;Fuel;Bioenergy;TWh;0,59;0,25;73,53
Turkey;TUR;2012;Country or economy;Asia;Europe;0;1;1;0;0;Electricity generation;Fuel;Coal;TWh;68,01;1,79;2,7
Turkey;TUR;2012;Country or economy;Asia;Europe;0;1;1;0;0;Electricity generation;Fuel;Gas;TWh;104,5;0,45;0,43
Turkey;TUR;2012;Country or economy;Asia;Europe;0;1;1;0;0;Electricity generation;Fuel;Hydro;TWh;57,86;5,52;10,55
Turkey;TUR;2012;Country or economy;Asia;Europe;0;1;1;0;0;Electricity generation;Fuel;Nuclear;TWh;0;0;
Turkey;TUR;2012;Country or economy;Asia;Europe;0;1;1;0;0;Electricity generation;Fuel;Other Fossil;TWh;1,77;0,74;71,84
Turkey;TUR;2012;Country or economy;Asia;Europe;0;1;1;0;0;Electricity generation;Fuel;Other Renewables;TWh;0,9;0,21;30,43
Turkey;TUR;2012;Country or economy;Asia;Europe;0;1;1;0;0;Electricity generation;Fuel;Solar;TWh;0;0;
Turkey;TUR;2012;Country or economy;Asia;Europe;0;1;1;0;0;Electricity generation;Fuel;Wind;TWh;5,86;1,14;24,15
Turkey;TUR;2012;Country or economy;Asia;Europe;0;1;1;0;0;Electricity generation;Total;Total Generation;TWh;239,49;10,1;4,4
Turkey;TUR;2013;Country or economy;Asia;Europe;0;1;1;0;0;Electricity generation;Aggregate fuel;Clean;%;28,83;;
Turkey;TUR;2013;Country or economy;Asia;Europe;0;1;1;0;0;Electricity generation;Aggregate fuel;Fossil;%;71,18;;
Turkey;TUR;2013;Country or economy;Asia;Europe;0;1;1;0;0;Electricity generation;Aggregate fuel;Gas and Other Fossil;%;44,62;;
Turkey;TUR;2013;Country or economy;Asia;Europe;0;1;1;0;0;Electricity generation;Aggregate fuel;Hydro, Bioenergy and Other Renewables;%;25,68;;
Turkey;TUR;2013;Country or economy;Asia;Europe;0;1;1;0;0;Electricity generation;Aggregate fuel;Renewables;%;28,83;;
Turkey;TUR;2013;Country or economy;Asia;Europe;0;1;1;0;0;Electricity generation;Aggregate fuel;Wind and Solar;%;3,15;;
Turkey;TUR;2013;Country or economy;Asia;Europe;0;1;1;0;0;Electricity generation;Aggregate fuel;Clean;TWh;69,22;4,01;6,15
Turkey;TUR;2013;Country or economy;Asia;Europe;0;1;1;0;0;Electricity generation;Aggregate fuel;Fossil;TWh;170,93;-3,35;-1,92
Turkey;TUR;2013;Country or economy;Asia;Europe;0;1;1;0;0;Electricity generation;Aggregate fuel;Gas and Other Fossil;TWh;107,15;0,88;0,83
Turkey;TUR;2013;Country or economy;Asia;Europe;0;1;1;0;0;Electricity generation;Aggregate fuel;Hydro, Bioenergy and Other Renewables;TWh;61,66;2,31;3,89
Turkey;TUR;2013;Country or economy;Asia;Europe;0;1;1;0;0;Electricity generation;Aggregate fuel;Renewables;TWh;69,22;4,01;6,15
Turkey;TUR;2013;Country or economy;Asia;Europe;0;1;1;0;0;Electricity generation;Aggregate fuel;Wind and Solar;TWh;7,56;1,7;29,01
Turkey;TUR;2013;Country or economy;Asia;Europe;0;1;1;0;0;Electricity generation;Fuel;Bioenergy;%;0,37;;
Turkey;TUR;2013;Country or economy;Asia;Europe;0;1;1;0;0;Electricity generation;Fuel;Coal;%;26,56;;
Turkey;TUR;2013;Country or economy;Asia;Europe;0;1;1;0;0;Electricity generation;Fuel;Gas;%;43,77;;
Turkey;TUR;2013;Country or economy;Asia;Europe;0;1;1;0;0;Electricity generation;Fuel;Hydro;%;24,74;;
Turkey;TUR;2013;Country or economy;Asia;Europe;0;1;1;0;0;Electricity generation;Fuel;Nuclear;%;0;;
Turkey;TUR;2013;Country or economy;Asia;Europe;0;1;1;0;0;Electricity generation;Fuel;Other Fossil;%;0,85;;
Turkey;TUR;2013;Country or economy;Asia;Europe;0;1;1;0;0;Electricity generation;Fuel;Other Renewables;%;0,57;;
Turkey;TUR;2013;Country or economy;Asia;Europe;0;1;1;0;0;Electricity generation;Fuel;Solar;%;0;;
Turkey;TUR;2013;Country or economy;Asia;Europe;0;1;1;0;0;Electricity generation;Fuel;Wind;%;3,15;;
Turkey;TUR;2013;Country or economy;Asia;Europe;0;1;1;0;0;Electricity generation;Fuel;Bioenergy;TWh;0,88;0,29;49,15
Turkey;TUR;2013;Country or economy;Asia;Europe;0;1;1;0;0;Electricity generation;Fuel;Coal;TWh;63,78;-4,23;-6,22
Turkey;TUR;2013;Country or economy;Asia;Europe;0;1;1;0;0;Electricity generation;Fuel;Gas;TWh;105,12;0,62;0,59
Turkey;TUR;2013;Country or economy;Asia;Europe;0;1;1;0;0;Electricity generation;Fuel;Hydro;TWh;59,42;1,56;2,7
Turkey;TUR;2013;Country or economy;Asia;Europe;0;1;1;0;0;Electricity generation;Fuel;Nuclear;TWh;0;0;
Turkey;TUR;2013;Country or economy;Asia;Europe;0;1;1;0;0;Electricity generation;Fuel;Other Fossil;TWh;2,03;0,26;14,69
Turkey;TUR;2013;Country or economy;Asia;Europe;0;1;1;0;0;Electricity generation;Fuel;Other Renewables;TWh;1,36;0,46;51,11
Turkey;TUR;2013;Country or economy;Asia;Europe;0;1;1;0;0;Electricity generation;Fuel;Solar;TWh;0;0;
Turkey;TUR;2013;Country or economy;Asia;Europe;0;1;1;0;0;Electricity generation;Fuel;Wind;TWh;7,56;1,7;29,01
Turkey;TUR;2013;Country or economy;Asia;Europe;0;1;1;0;0;Electricity generation;Total;Total Generation;TWh;240,15;0,66;0,28
Turkey;TUR;2014;Country or economy;Asia;Europe;0;1;1;0;0;Electricity generation;Aggregate fuel;Clean;%;20,89;;
Turkey;TUR;2014;Country or economy;Asia;Europe;0;1;1;0;0;Electricity generation;Aggregate fuel;Fossil;%;79,12;;
Turkey;TUR;2014;Country or economy;Asia;Europe;0;1;1;0;0;Electricity generation;Aggregate fuel;Gas and Other Fossil;%;48,85;;
Turkey;TUR;2014;Country or economy;Asia;Europe;0;1;1;0;0;Electricity generation;Aggregate fuel;Hydro, Bioenergy and Other Renewables;%;17,5;;
Turkey;TUR;2014;Country or economy;Asia;Europe;0;1;1;0;0;Electricity generation;Aggregate fuel;Renewables;%;20,89;;
Turkey;TUR;2014;Country or economy;Asia;Europe;0;1;1;0;0;Electricity generation;Aggregate fuel;Wind and Solar;%;3,39;;
Turkey;TUR;2014;Country or economy;Asia;Europe;0;1;1;0;0;Electricity generation;Aggregate fuel;Clean;TWh;52,62;-16,6;-23,98
Turkey;TUR;2014;Country or economy;Asia;Europe;0;1;1;0;0;Electricity generation;Aggregate fuel;Fossil;TWh;199,33;28,4;16,61
Turkey;TUR;2014;Country or economy;Asia;Europe;0;1;1;0;0;Electricity generation;Aggregate fuel;Gas and Other Fossil;TWh;123,07;15,92;14,86
Turkey;TUR;2014;Country or economy;Asia;Europe;0;1;1;0;0;Electricity generation;Aggregate fuel;Hydro, Bioenergy and Other Renewables;TWh;44,08;-17,58;-28,51
Turkey;TUR;2014;Country or economy;Asia;Europe;0;1;1;0;0;Electricity generation;Aggregate fuel;Renewables;TWh;52,62;-16,6;-23,98
Turkey;TUR;2014;Country or economy;Asia;Europe;0;1;1;0;0;Electricity generation;Aggregate fuel;Wind and Solar;TWh;8,54;0,98;12,96
Turkey;TUR;2014;Country or economy;Asia;Europe;0;1;1;0;0;Electricity generation;Fuel;Bioenergy;%;0,43;;
Turkey;TUR;2014;Country or economy;Asia;Europe;0;1;1;0;0;Electricity generation;Fuel;Coal;%;30,27;;
Turkey;TUR;2014;Country or economy;Asia;Europe;0;1;1;0;0;Electricity generation;Fuel;Gas;%;47,86;;
Turkey;TUR;2014;Country or economy;Asia;Europe;0;1;1;0;0;Electricity generation;Fuel;Hydro;%;16,13;;
Turkey;TUR;2014;Country or economy;Asia;Europe;0;1;1;0;0;Electricity generation;Fuel;Nuclear;%;0;;
Turkey;TUR;2014;Country or economy;Asia;Europe;0;1;1;0;0;Electricity generation;Fuel;Other Fossil;%;0,99;;
Turkey;TUR;2014;Country or economy;Asia;Europe;0;1;1;0;0;Electricity generation;Fuel;Other Renewables;%;0,94;;
Turkey;TUR;2014;Country or economy;Asia;Europe;0;1;1;0;0;Electricity generation;Fuel;Solar;%;0,01;;
Turkey;TUR;2014;Country or economy;Asia;Europe;0;1;1;0;0;Electricity generation;Fuel;Wind;%;3,38;;
Turkey;TUR;2014;Country or economy;Asia;Europe;0;1;1;0;0;Electricity generation;Fuel;Bioenergy;TWh;1,08;0,2;22,73
Turkey;TUR;2014;Country or economy;Asia;Europe;0;1;1;0;0;Electricity generation;Fuel;Coal;TWh;76,26;12,48;19,57
Turkey;TUR;2014;Country or economy;Asia;Europe;0;1;1;0;0;Electricity generation;Fuel;Gas;TWh;120,58;15,46;14,71
Turkey;TUR;2014;Country or economy;Asia;Europe;0;1;1;0;0;Electricity generation;Fuel;Hydro;TWh;40,64;-18,78;-31,61
Turkey;TUR;2014;Country or economy;Asia;Europe;0;1;1;0;0;Electricity generation;Fuel;Nuclear;TWh;0;0;
Turkey;TUR;2014;Country or economy;Asia;Europe;0;1;1;0;0;Electricity generation;Fuel;Other Fossil;TWh;2,49;0,46;22,66
Turkey;TUR;2014;Country or economy;Asia;Europe;0;1;1;0;0;Electricity generation;Fuel;Other Renewables;TWh;2,36;1;73,53
Turkey;TUR;2014;Country or economy;Asia;Europe;0;1;1;0;0;Electricity generation;Fuel;Solar;TWh;0,02;0,02;
Turkey;TUR;2014;Country or economy;Asia;Europe;0;1;1;0;0;Electricity generation;Fuel;Wind;TWh;8,52;0,96;12,7
Turkey;TUR;2014;Country or economy;Asia;Europe;0;1;1;0;0;Electricity generation;Total;Total Generation;TWh;251,95;11,8;4,91
Turkey;TUR;2015;Country or economy;Asia;Europe;0;1;1;0;0;Electricity generation;Aggregate fuel;Clean;%;31,95;;
Turkey;TUR;2015;Country or economy;Asia;Europe;0;1;1;0;0;Electricity generation;Aggregate fuel;Fossil;%;68,04;;
Turkey;TUR;2015;Country or economy;Asia;Europe;0;1;1;0;0;Electricity generation;Aggregate fuel;Gas and Other Fossil;%;38,95;;
Turkey;TUR;2015;Country or economy;Asia;Europe;0;1;1;0;0;Electricity generation;Aggregate fuel;Hydro, Bioenergy and Other Renewables;%;27,43;;
Turkey;TUR;2015;Country or economy;Asia;Europe;0;1;1;0;0;Electricity generation;Aggregate fuel;Renewables;%;31,95;;
Turkey;TUR;2015;Country or economy;Asia;Europe;0;1;1;0;0;Electricity generation;Aggregate fuel;Wind and Solar;%;4,52;;
Turkey;TUR;2015;Country or economy;Asia;Europe;0;1;1;0;0;Electricity generation;Aggregate fuel;Clean;TWh;83,65;31,03;58,97
Turkey;TUR;2015;Country or economy;Asia;Europe;0;1;1;0;0;Electricity generation;Aggregate fuel;Fossil;TWh;178,12;-21,21;-10,64
Turkey;TUR;2015;Country or economy;Asia;Europe;0;1;1;0;0;Electricity generation;Aggregate fuel;Gas and Other Fossil;TWh;101,96;-21,11;-17,15
Turkey;TUR;2015;Country or economy;Asia;Europe;0;1;1;0;0;Electricity generation;Aggregate fuel;Hydro, Bioenergy and Other Renewables;TWh;71,81;27,73;62,91
Turkey;TUR;2015;Country or economy;Asia;Europe;0;1;1;0;0;Electricity generation;Aggregate fuel;Renewables;TWh;83,65;31,03;58,97
Turkey;TUR;2015;Country or economy;Asia;Europe;0;1;1;0;0;Electricity generation;Aggregate fuel;Wind and Solar;TWh;11,84;3,3;38,64
Turkey;TUR;2015;Country or economy;Asia;Europe;0;1;1;0;0;Electricity generation;Fuel;Bioenergy;%;0,47;;
Turkey;TUR;2015;Country or economy;Asia;Europe;0;1;1;0;0;Electricity generation;Fuel;Coal;%;29,09;;
Turkey;TUR;2015;Country or economy;Asia;Europe;0;1;1;0;0;Electricity generation;Fuel;Gas;%;37,9;;
Turkey;TUR;2015;Country or economy;Asia;Europe;0;1;1;0;0;Electricity generation;Fuel;Hydro;%;25,65;;
Turkey;TUR;2015;Country or economy;Asia;Europe;0;1;1;0;0;Electricity generation;Fuel;Nuclear;%;0;;
Turkey;TUR;2015;Country or economy;Asia;Europe;0;1;1;0;0;Electricity generation;Fuel;Other Fossil;%;1,05;;
Turkey;TUR;2015;Country or economy;Asia;Europe;0;1;1;0;0;Electricity generation;Fuel;Other Renewables;%;1,31;;
Turkey;TUR;2015;Country or economy;Asia;Europe;0;1;1;0;0;Electricity generation;Fuel;Solar;%;0,07;;
Turkey;TUR;2015;Country or economy;Asia;Europe;0;1;1;0;0;Electricity generation;Fuel;Wind;%;4,45;;
Turkey;TUR;2015;Country or economy;Asia;Europe;0;1;1;0;0;Electricity generation;Fuel;Bioenergy;TWh;1,24;0,16;14,81
Turkey;TUR;2015;Country or economy;Asia;Europe;0;1;1;0;0;Electricity generation;Fuel;Coal;TWh;76,16;-0,1;-0,13
Turkey;TUR;2015;Country or economy;Asia;Europe;0;1;1;0;0;Electricity generation;Fuel;Gas;TWh;99,22;-21,36;-17,71
Turkey;TUR;2015;Country or economy;Asia;Europe;0;1;1;0;0;Electricity generation;Fuel;Hydro;TWh;67,15;26,51;65,23
Turkey;TUR;2015;Country or economy;Asia;Europe;0;1;1;0;0;Electricity generation;Fuel;Nuclear;TWh;0;0;
Turkey;TUR;2015;Country or economy;Asia;Europe;0;1;1;0;0;Electricity generation;Fuel;Other Fossil;TWh;2,74;0,25;10,04
Turkey;TUR;2015;Country or economy;Asia;Europe;0;1;1;0;0;Electricity generation;Fuel;Other Renewables;TWh;3,42;1,06;44,92
Turkey;TUR;2015;Country or economy;Asia;Europe;0;1;1;0;0;Electricity generation;Fuel;Solar;TWh;0,19;0,17;850
Turkey;TUR;2015;Country or economy;Asia;Europe;0;1;1;0;0;Electricity generation;Fuel;Wind;TWh;11,65;3,13;36,74
Turkey;TUR;2015;Country or economy;Asia;Europe;0;1;1;0;0;Electricity generation;Total;Total Generation;TWh;261,77;9,82;3,9
Turkey;TUR;2016;Country or economy;Asia;Europe;0;1;1;0;0;Electricity generation;Aggregate fuel;Clean;%;32,89;;
Turkey;TUR;2016;Country or economy;Asia;Europe;0;1;1;0;0;Electricity generation;Aggregate fuel;Fossil;%;67,12;;
Turkey;TUR;2016;Country or economy;Asia;Europe;0;1;1;0;0;Electricity generation;Aggregate fuel;Gas and Other Fossil;%;33,49;;
Turkey;TUR;2016;Country or economy;Asia;Europe;0;1;1;0;0;Electricity generation;Aggregate fuel;Hydro, Bioenergy and Other Renewables;%;26,85;;
Turkey;TUR;2016;Country or economy;Asia;Europe;0;1;1;0;0;Electricity generation;Aggregate fuel;Renewables;%;32,89;;
Turkey;TUR;2016;Country or economy;Asia;Europe;0;1;1;0;0;Electricity generation;Aggregate fuel;Wind and Solar;%;6,04;;
Turkey;TUR;2016;Country or economy;Asia;Europe;0;1;1;0;0;Electricity generation;Aggregate fuel;Clean;TWh;90,24;6,59;7,88
Turkey;TUR;2016;Country or economy;Asia;Europe;0;1;1;0;0;Electricity generation;Aggregate fuel;Fossil;TWh;184,16;6,04;3,39
Turkey;TUR;2016;Country or economy;Asia;Europe;0;1;1;0;0;Electricity generation;Aggregate fuel;Gas and Other Fossil;TWh;91,89;-10,07;-9,88
Turkey;TUR;2016;Country or economy;Asia;Europe;0;1;1;0;0;Electricity generation;Aggregate fuel;Hydro, Bioenergy and Other Renewables;TWh;73,68;1,87;2,6
Turkey;TUR;2016;Country or economy;Asia;Europe;0;1;1;0;0;Electricity generation;Aggregate fuel;Renewables;TWh;90,24;6,59;7,88
Turkey;TUR;2016;Country or economy;Asia;Europe;0;1;1;0;0;Electricity generation;Aggregate fuel;Wind and Solar;TWh;16,56;4,72;39,86
Turkey;TUR;2016;Country or economy;Asia;Europe;0;1;1;0;0;Electricity generation;Fuel;Bioenergy;%;0,59;;
Turkey;TUR;2016;Country or economy;Asia;Europe;0;1;1;0;0;Electricity generation;Fuel;Coal;%;33,63;;
Turkey;TUR;2016;Country or economy;Asia;Europe;0;1;1;0;0;Electricity generation;Fuel;Gas;%;32,52;;
Turkey;TUR;2016;Country or economy;Asia;Europe;0;1;1;0;0;Electricity generation;Fuel;Hydro;%;24,5;;
Turkey;TUR;2016;Country or economy;Asia;Europe;0;1;1;0;0;Electricity generation;Fuel;Nuclear;%;0;;
Turkey;TUR;2016;Country or economy;Asia;Europe;0;1;1;0;0;Electricity generation;Fuel;Other Fossil;%;0,97;;
Turkey;TUR;2016;Country or economy;Asia;Europe;0;1;1;0;0;Electricity generation;Fuel;Other Renewables;%;1,76;;
Turkey;TUR;2016;Country or economy;Asia;Europe;0;1;1;0;0;Electricity generation;Fuel;Solar;%;0,38;;
Turkey;TUR;2016;Country or economy;Asia;Europe;0;1;1;0;0;Electricity generation;Fuel;Wind;%;5,66;;
Turkey;TUR;2016;Country or economy;Asia;Europe;0;1;1;0;0;Electricity generation;Fuel;Bioenergy;TWh;1,63;0,39;31,45
Turkey;TUR;2016;Country or economy;Asia;Europe;0;1;1;0;0;Electricity generation;Fuel;Coal;TWh;92,27;16,11;21,15
Turkey;TUR;2016;Country or economy;Asia;Europe;0;1;1;0;0;Electricity generation;Fuel;Gas;TWh;89,23;-9,99;-10,07
Turkey;TUR;2016;Country or economy;Asia;Europe;0;1;1;0;0;Electricity generation;Fuel;Hydro;TWh;67,23;0,08;0,12
Turkey;TUR;2016;Country or economy;Asia;Europe;0;1;1;0;0;Electricity generation;Fuel;Nuclear;TWh;0;0;
Turkey;TUR;2016;Country or economy;Asia;Europe;0;1;1;0;0;Electricity generation;Fuel;Other Fossil;TWh;2,66;-0,08;-2,92
Turkey;TUR;2016;Country or economy;Asia;Europe;0;1;1;0;0;Electricity generation;Fuel;Other Renewables;TWh;4,82;1,4;40,94
Turkey;TUR;2016;Country or economy;Asia;Europe;0;1;1;0;0;Electricity generation;Fuel;Solar;TWh;1,04;0,85;447,37
Turkey;TUR;2016;Country or economy;Asia;Europe;0;1;1;0;0;Electricity generation;Fuel;Wind;TWh;15,52;3,87;33,22
Turkey;TUR;2016;Country or economy;Asia;Europe;0;1;1;0;0;Electricity generation;Total;Total Generation;TWh;274,4;12,63;4,82
Turkey;TUR;2017;Country or economy;Asia;Europe;0;1;1;0;0;Electricity generation;Aggregate fuel;Clean;%;29,34;;
Turkey;TUR;2017;Country or economy;Asia;Europe;0;1;1;0;0;Electricity generation;Aggregate fuel;Fossil;%;70,66;;
Turkey;TUR;2017;Country or economy;Asia;Europe;0;1;1;0;0;Electricity generation;Aggregate fuel;Gas and Other Fossil;%;37,87;;
Turkey;TUR;2017;Country or economy;Asia;Europe;0;1;1;0;0;Electricity generation;Aggregate fuel;Hydro, Bioenergy and Other Renewables;%;22,35;;
Turkey;TUR;2017;Country or economy;Asia;Europe;0;1;1;0;0;Electricity generation;Aggregate fuel;Renewables;%;29,34;;
Turkey;TUR;2017;Country or economy;Asia;Europe;0;1;1;0;0;Electricity generation;Aggregate fuel;Wind and Solar;%;6,99;;
Turkey;TUR;2017;Country or economy;Asia;Europe;0;1;1;0;0;Electricity generation;Aggregate fuel;Clean;TWh;87,24;-3;-3,32
Turkey;TUR;2017;Country or economy;Asia;Europe;0;1;1;0;0;Electricity generation;Aggregate fuel;Fossil;TWh;210,05;25,89;14,06
Turkey;TUR;2017;Country or economy;Asia;Europe;0;1;1;0;0;Electricity generation;Aggregate fuel;Gas and Other Fossil;TWh;112,57;20,68;22,51
Turkey;TUR;2017;Country or economy;Asia;Europe;0;1;1;0;0;Electricity generation;Aggregate fuel;Hydro, Bioenergy and Other Renewables;TWh;66,45;-7,23;-9,81
Turkey;TUR;2017;Country or economy;Asia;Europe;0;1;1;0;0;Electricity generation;Aggregate fuel;Renewables;TWh;87,24;-3;-3,32
Turkey;TUR;2017;Country or economy;Asia;Europe;0;1;1;0;0;Electricity generation;Aggregate fuel;Wind and Solar;TWh;20,79;4,23;25,54
Turkey;TUR;2017;Country or economy;Asia;Europe;0;1;1;0;0;Electricity generation;Fuel;Bioenergy;%;0,71;;
Turkey;TUR;2017;Country or economy;Asia;Europe;0;1;1;0;0;Electricity generation;Fuel;Coal;%;32,79;;
Turkey;TUR;2017;Country or economy;Asia;Europe;0;1;1;0;0;Electricity generation;Fuel;Gas;%;37,17;;
Turkey;TUR;2017;Country or economy;Asia;Europe;0;1;1;0;0;Electricity generation;Fuel;Hydro;%;19,58;;
Turkey;TUR;2017;Country or economy;Asia;Europe;0;1;1;0;0;Electricity generation;Fuel;Nuclear;%;0;;
Turkey;TUR;2017;Country or economy;Asia;Europe;0;1;1;0;0;Electricity generation;Fuel;Other Fossil;%;0,7;;
Turkey;TUR;2017;Country or economy;Asia;Europe;0;1;1;0;0;Electricity generation;Fuel;Other Renewables;%;2,06;;
Turkey;TUR;2017;Country or economy;Asia;Europe;0;1;1;0;0;Electricity generation;Fuel;Solar;%;0,97;;
Turkey;TUR;2017;Country or economy;Asia;Europe;0;1;1;0;0;Electricity generation;Fuel;Wind;%;6,02;;
Turkey;TUR;2017;Country or economy;Asia;Europe;0;1;1;0;0;Electricity generation;Fuel;Bioenergy;TWh;2,1;0,47;28,83
Turkey;TUR;2017;Country or economy;Asia;Europe;0;1;1;0;0;Electricity generation;Fuel;Coal;TWh;97,48;5,21;5,65
Turkey;TUR;2017;Country or economy;Asia;Europe;0;1;1;0;0;Electricity generation;Fuel;Gas;TWh;110,49;21,26;23,83
Turkey;TUR;2017;Country or economy;Asia;Europe;0;1;1;0;0;Electricity generation;Fuel;Hydro;TWh;58,22;-9,01;-13,4
Turkey;TUR;2017;Country or economy;Asia;Europe;0;1;1;0;0;Electricity generation;Fuel;Nuclear;TWh;0;0;
Turkey;TUR;2017;Country or economy;Asia;Europe;0;1;1;0;0;Electricity generation;Fuel;Other Fossil;TWh;2,08;-0,58;-21,8
Turkey;TUR;2017;Country or economy;Asia;Europe;0;1;1;0;0;Electricity generation;Fuel;Other Renewables;TWh;6,13;1,31;27,18
Turkey;TUR;2017;Country or economy;Asia;Europe;0;1;1;0;0;Electricity generation;Fuel;Solar;TWh;2,89;1,85;177,88
Turkey;TUR;2017;Country or economy;Asia;Europe;0;1;1;0;0;Electricity generation;Fuel;Wind;TWh;17,9;2,38;15,34
Turkey;TUR;2017;Country or economy;Asia;Europe;0;1;1;0;0;Electricity generation;Total;Total Generation;TWh;297,29;22,89;8,34
Turkey;TUR;2018;Country or economy;Asia;Europe;0;1;1;0;0;Electricity generation;Aggregate fuel;Clean;%;32,26;;
Turkey;TUR;2018;Country or economy;Asia;Europe;0;1;1;0;0;Electricity generation;Aggregate fuel;Fossil;%;67,74;;
Turkey;TUR;2018;Country or economy;Asia;Europe;0;1;1;0;0;Electricity generation;Aggregate fuel;Gas and Other Fossil;%;30,49;;
Turkey;TUR;2018;Country or economy;Asia;Europe;0;1;1;0;0;Electricity generation;Aggregate fuel;Hydro, Bioenergy and Other Renewables;%;23,04;;
Turkey;TUR;2018;Country or economy;Asia;Europe;0;1;1;0;0;Electricity generation;Aggregate fuel;Renewables;%;32,26;;
Turkey;TUR;2018;Country or economy;Asia;Europe;0;1;1;0;0;Electricity generation;Aggregate fuel;Wind and Solar;%;9,22;;
Turkey;TUR;2018;Country or economy;Asia;Europe;0;1;1;0;0;Electricity generation;Aggregate fuel;Clean;TWh;96,82;9,58;10,98
Turkey;TUR;2018;Country or economy;Asia;Europe;0;1;1;0;0;Electricity generation;Aggregate fuel;Fossil;TWh;203,33;-6,72;-3,2
Turkey;TUR;2018;Country or economy;Asia;Europe;0;1;1;0;0;Electricity generation;Aggregate fuel;Gas and Other Fossil;TWh;91,53;-21,04;-18,69
Turkey;TUR;2018;Country or economy;Asia;Europe;0;1;1;0;0;Electricity generation;Aggregate fuel;Hydro, Bioenergy and Other Renewables;TWh;69,16;2,71;4,08
Turkey;TUR;2018;Country or economy;Asia;Europe;0;1;1;0;0;Electricity generation;Aggregate fuel;Renewables;TWh;96,82;9,58;10,98
Turkey;TUR;2018;Country or economy;Asia;Europe;0;1;1;0;0;Electricity generation;Aggregate fuel;Wind and Solar;TWh;27,66;6,87;33,04
Turkey;TUR;2018;Country or economy;Asia;Europe;0;1;1;0;0;Electricity generation;Fuel;Bioenergy;%;0,83;;
Turkey;TUR;2018;Country or economy;Asia;Europe;0;1;1;0;0;Electricity generation;Fuel;Coal;%;37,25;;
Turkey;TUR;2018;Country or economy;Asia;Europe;0;1;1;0;0;Electricity generation;Fuel;Gas;%;30,01;;
Turkey;TUR;2018;Country or economy;Asia;Europe;0;1;1;0;0;Electricity generation;Fuel;Hydro;%;19,91;;
Turkey;TUR;2018;Country or economy;Asia;Europe;0;1;1;0;0;Electricity generation;Fuel;Nuclear;%;0;;
Turkey;TUR;2018;Country or economy;Asia;Europe;0;1;1;0;0;Electricity generation;Fuel;Other Fossil;%;0,48;;
Turkey;TUR;2018;Country or economy;Asia;Europe;0;1;1;0;0;Electricity generation;Fuel;Other Renewables;%;2,3;;
Turkey;TUR;2018;Country or economy;Asia;Europe;0;1;1;0;0;Electricity generation;Fuel;Solar;%;2,6;;
Turkey;TUR;2018;Country or economy;Asia;Europe;0;1;1;0;0;Electricity generation;Fuel;Wind;%;6,62;;
Turkey;TUR;2018;Country or economy;Asia;Europe;0;1;1;0;0;Electricity generation;Fuel;Bioenergy;TWh;2,5;0,4;19,05
Turkey;TUR;2018;Country or economy;Asia;Europe;0;1;1;0;0;Electricity generation;Fuel;Coal;TWh;111,8;14,32;14,69
Turkey;TUR;2018;Country or economy;Asia;Europe;0;1;1;0;0;Electricity generation;Fuel;Gas;TWh;90,09;-20,4;-18,46
Turkey;TUR;2018;Country or economy;Asia;Europe;0;1;1;0;0;Electricity generation;Fuel;Hydro;TWh;59,75;1,53;2,63
Turkey;TUR;2018;Country or economy;Asia;Europe;0;1;1;0;0;Electricity generation;Fuel;Nuclear;TWh;0;0;
Turkey;TUR;2018;Country or economy;Asia;Europe;0;1;1;0;0;Electricity generation;Fuel;Other Fossil;TWh;1,44;-0,64;-30,77
Turkey;TUR;2018;Country or economy;Asia;Europe;0;1;1;0;0;Electricity generation;Fuel;Other Renewables;TWh;6,91;0,78;12,72
Turkey;TUR;2018;Country or economy;Asia;Europe;0;1;1;0;0;Electricity generation;Fuel;Solar;TWh;7,8;4,91;169,9
Turkey;TUR;2018;Country or economy;Asia;Europe;0;1;1;0;0;Electricity generation;Fuel;Wind;TWh;19,86;1,96;10,95
Turkey;TUR;2018;Country or economy;Asia;Europe;0;1;1;0;0;Electricity generation;Total;Total Generation;TWh;300,15;2,86;0,96
Turkey;TUR;2019;Country or economy;Asia;Europe;0;1;1;0;0;Electricity generation;Aggregate fuel;Clean;%;43,8;;
Turkey;TUR;2019;Country or economy;Asia;Europe;0;1;1;0;0;Electricity generation;Aggregate fuel;Fossil;%;56,2;;
Turkey;TUR;2019;Country or economy;Asia;Europe;0;1;1;0;0;Electricity generation;Aggregate fuel;Gas and Other Fossil;%;18,6;;
Turkey;TUR;2019;Country or economy;Asia;Europe;0;1;1;0;0;Electricity generation;Aggregate fuel;Hydro, Bioenergy and Other Renewables;%;33,4;;
Turkey;TUR;2019;Country or economy;Asia;Europe;0;1;1;0;0;Electricity generation;Aggregate fuel;Renewables;%;43,8;;
Turkey;TUR;2019;Country or economy;Asia;Europe;0;1;1;0;0;Electricity generation;Aggregate fuel;Wind and Solar;%;10,4;;
Turkey;TUR;2019;Country or economy;Asia;Europe;0;1;1;0;0;Electricity generation;Aggregate fuel;Clean;TWh;131,47;34,65;35,79
Turkey;TUR;2019;Country or economy;Asia;Europe;0;1;1;0;0;Electricity generation;Aggregate fuel;Fossil;TWh;168,71;-34,62;-17,03
Turkey;TUR;2019;Country or economy;Asia;Europe;0;1;1;0;0;Electricity generation;Aggregate fuel;Gas and Other Fossil;TWh;55,85;-35,68;-38,98
Turkey;TUR;2019;Country or economy;Asia;Europe;0;1;1;0;0;Electricity generation;Aggregate fuel;Hydro, Bioenergy and Other Renewables;TWh;100,27;31,11;44,98
Turkey;TUR;2019;Country or economy;Asia;Europe;0;1;1;0;0;Electricity generation;Aggregate fuel;Renewables;TWh;131,47;34,65;35,79
Turkey;TUR;2019;Country or economy;Asia;Europe;0;1;1;0;0;Electricity generation;Aggregate fuel;Wind and Solar;TWh;31,2;3,54;12,8
Turkey;TUR;2019;Country or economy;Asia;Europe;0;1;1;0;0;Electricity generation;Fuel;Bioenergy;%;1,13;;
Turkey;TUR;2019;Country or economy;Asia;Europe;0;1;1;0;0;Electricity generation;Fuel;Coal;%;37,6;;
Turkey;TUR;2019;Country or economy;Asia;Europe;0;1;1;0;0;Electricity generation;Fuel;Gas;%;18,28;;
Turkey;TUR;2019;Country or economy;Asia;Europe;0;1;1;0;0;Electricity generation;Fuel;Hydro;%;29,53;;
Turkey;TUR;2019;Country or economy;Asia;Europe;0;1;1;0;0;Electricity generation;Fuel;Nuclear;%;0;;
Turkey;TUR;2019;Country or economy;Asia;Europe;0;1;1;0;0;Electricity generation;Fuel;Other Fossil;%;0,32;;
Turkey;TUR;2019;Country or economy;Asia;Europe;0;1;1;0;0;Electricity generation;Fuel;Other Renewables;%;2,74;;
Turkey;TUR;2019;Country or economy;Asia;Europe;0;1;1;0;0;Electricity generation;Fuel;Solar;%;3,19;;
Turkey;TUR;2019;Country or economy;Asia;Europe;0;1;1;0;0;Electricity generation;Fuel;Wind;%;7,21;;
Turkey;TUR;2019;Country or economy;Asia;Europe;0;1;1;0;0;Electricity generation;Fuel;Bioenergy;TWh;3,4;0,9;36
Turkey;TUR;2019;Country or economy;Asia;Europe;0;1;1;0;0;Electricity generation;Fuel;Coal;TWh;112,86;1,06;0,95
Turkey;TUR;2019;Country or economy;Asia;Europe;0;1;1;0;0;Electricity generation;Fuel;Gas;TWh;54,88;-35,21;-39,08
Turkey;TUR;2019;Country or economy;Asia;Europe;0;1;1;0;0;Electricity generation;Fuel;Hydro;TWh;88,64;28,89;48,35
Turkey;TUR;2019;Country or economy;Asia;Europe;0;1;1;0;0;Electricity generation;Fuel;Nuclear;TWh;0;0;
Turkey;TUR;2019;Country or economy;Asia;Europe;0;1;1;0;0;Electricity generation;Fuel;Other Fossil;TWh;0,97;-0,47;-32,64
Turkey;TUR;2019;Country or economy;Asia;Europe;0;1;1;0;0;Electricity generation;Fuel;Other Renewables;TWh;8,23;1,32;19,1
Turkey;TUR;2019;Country or economy;Asia;Europe;0;1;1;0;0;Electricity generation;Fuel;Solar;TWh;9,57;1,77;22,69
Turkey;TUR;2019;Country or economy;Asia;Europe;0;1;1;0;0;Electricity generation;Fuel;Wind;TWh;21,63;1,77;8,91
Turkey;TUR;2019;Country or economy;Asia;Europe;0;1;1;0;0;Electricity generation;Total;Total Generation;TWh;300,18;0,03;0,01
Turkey;TUR;2020;Country or economy;Asia;Europe;0;1;1;0;0;Electricity generation;Aggregate fuel;Clean;%;42,17;;
Turkey;TUR;2020;Country or economy;Asia;Europe;0;1;1;0;0;Electricity generation;Aggregate fuel;Fossil;%;57,84;;
Turkey;TUR;2020;Country or economy;Asia;Europe;0;1;1;0;0;Electricity generation;Aggregate fuel;Gas and Other Fossil;%;22,65;;
Turkey;TUR;2020;Country or economy;Asia;Europe;0;1;1;0;0;Electricity generation;Aggregate fuel;Hydro, Bioenergy and Other Renewables;%;30,31;;
Turkey;TUR;2020;Country or economy;Asia;Europe;0;1;1;0;0;Electricity generation;Aggregate fuel;Renewables;%;42,17;;
Turkey;TUR;2020;Country or economy;Asia;Europe;0;1;1;0;0;Electricity generation;Aggregate fuel;Wind and Solar;%;11,86;;
Turkey;TUR;2020;Country or economy;Asia;Europe;0;1;1;0;0;Electricity generation;Aggregate fuel;Clean;TWh;127,33;-4,14;-3,15
Turkey;TUR;2020;Country or economy;Asia;Europe;0;1;1;0;0;Electricity generation;Aggregate fuel;Fossil;TWh;174,67;5,96;3,53
Turkey;TUR;2020;Country or economy;Asia;Europe;0;1;1;0;0;Electricity generation;Aggregate fuel;Gas and Other Fossil;TWh;68,41;12,56;22,49
Turkey;TUR;2020;Country or economy;Asia;Europe;0;1;1;0;0;Electricity generation;Aggregate fuel;Hydro, Bioenergy and Other Renewables;TWh;91,52;-8,75;-8,73
Turkey;TUR;2020;Country or economy;Asia;Europe;0;1;1;0;0;Electricity generation;Aggregate fuel;Renewables;TWh;127,33;-4,14;-3,15
Turkey;TUR;2020;Country or economy;Asia;Europe;0;1;1;0;0;Electricity generation;Aggregate fuel;Wind and Solar;TWh;35,81;4,61;14,78
Turkey;TUR;2020;Country or economy;Asia;Europe;0;1;1;0;0;Electricity generation;Fuel;Bioenergy;%;1,44;;
Turkey;TUR;2020;Country or economy;Asia;Europe;0;1;1;0;0;Electricity generation;Fuel;Coal;%;35,19;;
Turkey;TUR;2020;Country or economy;Asia;Europe;0;1;1;0;0;Electricity generation;Fuel;Gas;%;22,54;;
Turkey;TUR;2020;Country or economy;Asia;Europe;0;1;1;0;0;Electricity generation;Fuel;Hydro;%;25,78;;
Turkey;TUR;2020;Country or economy;Asia;Europe;0;1;1;0;0;Electricity generation;Fuel;Nuclear;%;0;;
Turkey;TUR;2020;Country or economy;Asia;Europe;0;1;1;0;0;Electricity generation;Fuel;Other Fossil;%;0,11;;
Turkey;TUR;2020;Country or economy;Asia;Europe;0;1;1;0;0;Electricity generation;Fuel;Other Renewables;%;3,09;;
Turkey;TUR;2020;Country or economy;Asia;Europe;0;1;1;0;0;Electricity generation;Fuel;Solar;%;3,71;;
Turkey;TUR;2020;Country or economy;Asia;Europe;0;1;1;0;0;Electricity generation;Fuel;Wind;%;8,15;;
Turkey;TUR;2020;Country or economy;Asia;Europe;0;1;1;0;0;Electricity generation;Fuel;Bioenergy;TWh;4,34;0,94;27,65
Turkey;TUR;2020;Country or economy;Asia;Europe;0;1;1;0;0;Electricity generation;Fuel;Coal;TWh;106,26;-6,6;-5,85
Turkey;TUR;2020;Country or economy;Asia;Europe;0;1;1;0;0;Electricity generation;Fuel;Gas;TWh;68,07;13,19;24,03
Turkey;TUR;2020;Country or economy;Asia;Europe;0;1;1;0;0;Electricity generation;Fuel;Hydro;TWh;77,86;-10,78;-12,16
Turkey;TUR;2020;Country or economy;Asia;Europe;0;1;1;0;0;Electricity generation;Fuel;Nuclear;TWh;0;0;
Turkey;TUR;2020;Country or economy;Asia;Europe;0;1;1;0;0;Electricity generation;Fuel;Other Fossil;TWh;0,34;-0,63;-64,95
Turkey;TUR;2020;Country or economy;Asia;Europe;0;1;1;0;0;Electricity generation;Fuel;Other Renewables;TWh;9,32;1,09;13,24
Turkey;TUR;2020;Country or economy;Asia;Europe;0;1;1;0;0;Electricity generation;Fuel;Solar;TWh;11,2;1,63;17,03
Turkey;TUR;2020;Country or economy;Asia;Europe;0;1;1;0;0;Electricity generation;Fuel;Wind;TWh;24,61;2,98;13,78
Turkey;TUR;2020;Country or economy;Asia;Europe;0;1;1;0;0;Electricity generation;Total;Total Generation;TWh;302;1,82;0,61
Turkey;TUR;2021;Country or economy;Asia;Europe;0;1;1;0;0;Electricity generation;Aggregate fuel;Clean;%;35,4;;
Turkey;TUR;2021;Country or economy;Asia;Europe;0;1;1;0;0;Electricity generation;Aggregate fuel;Fossil;%;64,61;;
Turkey;TUR;2021;Country or economy;Asia;Europe;0;1;1;0;0;Electricity generation;Aggregate fuel;Gas and Other Fossil;%;32,85;;
Turkey;TUR;2021;Country or economy;Asia;Europe;0;1;1;0;0;Electricity generation;Aggregate fuel;Hydro, Bioenergy and Other Renewables;%;21,89;;
Turkey;TUR;2021;Country or economy;Asia;Europe;0;1;1;0;0;Electricity generation;Aggregate fuel;Renewables;%;35,4;;
Turkey;TUR;2021;Country or economy;Asia;Europe;0;1;1;0;0;Electricity generation;Aggregate fuel;Wind and Solar;%;13,51;;
Turkey;TUR;2021;Country or economy;Asia;Europe;0;1;1;0;0;Electricity generation;Aggregate fuel;Clean;TWh;116,07;-11,26;-8,84
Turkey;TUR;2021;Country or economy;Asia;Europe;0;1;1;0;0;Electricity generation;Aggregate fuel;Fossil;TWh;211,81;37,14;21,26
Turkey;TUR;2021;Country or economy;Asia;Europe;0;1;1;0;0;Electricity generation;Aggregate fuel;Gas and Other Fossil;TWh;107,69;39,28;57,42
Turkey;TUR;2021;Country or economy;Asia;Europe;0;1;1;0;0;Electricity generation;Aggregate fuel;Hydro, Bioenergy and Other Renewables;TWh;71,77;-19,75;-21,58
Turkey;TUR;2021;Country or economy;Asia;Europe;0;1;1;0;0;Electricity generation;Aggregate fuel;Renewables;TWh;116,07;-11,26;-8,84
Turkey;TUR;2021;Country or economy;Asia;Europe;0;1;1;0;0;Electricity generation;Aggregate fuel;Wind and Solar;TWh;44,3;8,49;23,71
Turkey;TUR;2021;Country or economy;Asia;Europe;0;1;1;0;0;Electricity generation;Fuel;Bioenergy;%;1,88;;
Turkey;TUR;2021;Country or economy;Asia;Europe;0;1;1;0;0;Electricity generation;Fuel;Coal;%;31,76;;
Turkey;TUR;2021;Country or economy;Asia;Europe;0;1;1;0;0;Electricity generation;Fuel;Gas;%;32,74;;
Turkey;TUR;2021;Country or economy;Asia;Europe;0;1;1;0;0;Electricity generation;Fuel;Hydro;%;16,93;;
Turkey;TUR;2021;Country or economy;Asia;Europe;0;1;1;0;0;Electricity generation;Fuel;Nuclear;%;0;;
Turkey;TUR;2021;Country or economy;Asia;Europe;0;1;1;0;0;Electricity generation;Fuel;Other Fossil;%;0,11;;
Turkey;TUR;2021;Country or economy;Asia;Europe;0;1;1;0;0;Electricity generation;Fuel;Other Renewables;%;3,08;;
Turkey;TUR;2021;Country or economy;Asia;Europe;0;1;1;0;0;Electricity generation;Fuel;Solar;%;4,05;;
Turkey;TUR;2021;Country or economy;Asia;Europe;0;1;1;0;0;Electricity generation;Fuel;Wind;%;9,46;;
Turkey;TUR;2021;Country or economy;Asia;Europe;0;1;1;0;0;Electricity generation;Fuel;Bioenergy;TWh;6,15;1,81;41,71
Turkey;TUR;2021;Country or economy;Asia;Europe;0;1;1;0;0;Electricity generation;Fuel;Coal;TWh;104,12;-2,14;-2,01
Turkey;TUR;2021;Country or economy;Asia;Europe;0;1;1;0;0;Electricity generation;Fuel;Gas;TWh;107,34;39,27;57,69
Turkey;TUR;2021;Country or economy;Asia;Europe;0;1;1;0;0;Electricity generation;Fuel;Hydro;TWh;55,51;-22,35;-28,71
Turkey;TUR;2021;Country or economy;Asia;Europe;0;1;1;0;0;Electricity generation;Fuel;Nuclear;TWh;0;0;
Turkey;TUR;2021;Country or economy;Asia;Europe;0;1;1;0;0;Electricity generation;Fuel;Other Fossil;TWh;0,35;0,01;2,94
Turkey;TUR;2021;Country or economy;Asia;Europe;0;1;1;0;0;Electricity generation;Fuel;Other Renewables;TWh;10,11;0,79;8,48
Turkey;TUR;2021;Country or economy;Asia;Europe;0;1;1;0;0;Electricity generation;Fuel;Solar;TWh;13,28;2,08;18,57
Turkey;TUR;2021;Country or economy;Asia;Europe;0;1;1;0;0;Electricity generation;Fuel;Wind;TWh;31,02;6,41;26,05
Turkey;TUR;2021;Country or economy;Asia;Europe;0;1;1;0;0;Electricity generation;Total;Total Generation;TWh;327,88;25,88;8,57
Turkey;TUR;2022;Country or economy;Asia;Europe;0;1;1;0;0;Electricity generation;Aggregate fuel;Clean;%;41,91;;
Turkey;TUR;2022;Country or economy;Asia;Europe;0;1;1;0;0;Electricity generation;Aggregate fuel;Fossil;%;58,09;;
Turkey;TUR;2022;Country or economy;Asia;Europe;0;1;1;0;0;Electricity generation;Aggregate fuel;Gas and Other Fossil;%;22,65;;
Turkey;TUR;2022;Country or economy;Asia;Europe;0;1;1;0;0;Electricity generation;Aggregate fuel;Hydro, Bioenergy and Other Renewables;%;26,36;;
Turkey;TUR;2022;Country or economy;Asia;Europe;0;1;1;0;0;Electricity generation;Aggregate fuel;Renewables;%;41,91;;
Turkey;TUR;2022;Country or economy;Asia;Europe;0;1;1;0;0;Electricity generation;Aggregate fuel;Wind and Solar;%;15,55;;
Turkey;TUR;2022;Country or economy;Asia;Europe;0;1;1;0;0;Electricity generation;Aggregate fuel;Clean;TWh;134,35;18,28;15,75
Turkey;TUR;2022;Country or economy;Asia;Europe;0;1;1;0;0;Electricity generation;Aggregate fuel;Fossil;TWh;186,21;-25,6;-12,09
Turkey;TUR;2022;Country or economy;Asia;Europe;0;1;1;0;0;Electricity generation;Aggregate fuel;Gas and Other Fossil;TWh;72,59;-35,1;-32,59
Turkey;TUR;2022;Country or economy;Asia;Europe;0;1;1;0;0;Electricity generation;Aggregate fuel;Hydro, Bioenergy and Other Renewables;TWh;84,5;12,73;17,74
Turkey;TUR;2022;Country or economy;Asia;Europe;0;1;1;0;0;Electricity generation;Aggregate fuel;Renewables;TWh;134,35;18,28;15,75
Turkey;TUR;2022;Country or economy;Asia;Europe;0;1;1;0;0;Electricity generation;Aggregate fuel;Wind and Solar;TWh;49,85;5,55;12,53
Turkey;TUR;2022;Country or economy;Asia;Europe;0;1;1;0;0;Electricity generation;Fuel;Bioenergy;%;2,38;;
Turkey;TUR;2022;Country or economy;Asia;Europe;0;1;1;0;0;Electricity generation;Fuel;Coal;%;35,44;;
Turkey;TUR;2022;Country or economy;Asia;Europe;0;1;1;0;0;Electricity generation;Fuel;Gas;%;22,42;;
Turkey;TUR;2022;Country or economy;Asia;Europe;0;1;1;0;0;Electricity generation;Fuel;Hydro;%;20,79;;
Turkey;TUR;2022;Country or economy;Asia;Europe;0;1;1;0;0;Electricity generation;Fuel;Nuclear;%;0;;
Turkey;TUR;2022;Country or economy;Asia;Europe;0;1;1;0;0;Electricity generation;Fuel;Other Fossil;%;0,23;;
Turkey;TUR;2022;Country or economy;Asia;Europe;0;1;1;0;0;Electricity generation;Fuel;Other Renewables;%;3,19;;
Turkey;TUR;2022;Country or economy;Asia;Europe;0;1;1;0;0;Electricity generation;Fuel;Solar;%;4,73;;
Turkey;TUR;2022;Country or economy;Asia;Europe;0;1;1;0;0;Electricity generation;Fuel;Wind;%;10,82;;
Turkey;TUR;2022;Country or economy;Asia;Europe;0;1;1;0;0;Electricity generation;Fuel;Bioenergy;TWh;7,62;1,47;23,9
Turkey;TUR;2022;Country or economy;Asia;Europe;0;1;1;0;0;Electricity generation;Fuel;Coal;TWh;113,62;9,5;9,12
Turkey;TUR;2022;Country or economy;Asia;Europe;0;1;1;0;0;Electricity generation;Fuel;Gas;TWh;71,86;-35,48;-33,05
Turkey;TUR;2022;Country or economy;Asia;Europe;0;1;1;0;0;Electricity generation;Fuel;Hydro;TWh;66,66;11,15;20,09
Turkey;TUR;2022;Country or economy;Asia;Europe;0;1;1;0;0;Electricity generation;Fuel;Nuclear;TWh;0;0;
Turkey;TUR;2022;Country or economy;Asia;Europe;0;1;1;0;0;Electricity generation;Fuel;Other Fossil;TWh;0,73;0,38;108,57
Turkey;TUR;2022;Country or economy;Asia;Europe;0;1;1;0;0;Electricity generation;Fuel;Other Renewables;TWh;10,22;0,11;1,09
Turkey;TUR;2022;Country or economy;Asia;Europe;0;1;1;0;0;Electricity generation;Fuel;Solar;TWh;15,16;1,88;14,16
Turkey;TUR;2022;Country or economy;Asia;Europe;0;1;1;0;0;Electricity generation;Fuel;Wind;TWh;34,69;3,67;11,83
Turkey;TUR;2022;Country or economy;Asia;Europe;0;1;1;0;0;Electricity generation;Total;Total Generation;TWh;320,56;-7,32;-2,23
Turkey;TUR;2023;Country or economy;Asia;Europe;0;1;1;0;0;Electricity generation;Aggregate fuel;Clean;%;42,01;;
Turkey;TUR;2023;Country or economy;Asia;Europe;0;1;1;0;0;Electricity generation;Aggregate fuel;Fossil;%;57,99;;
Turkey;TUR;2023;Country or economy;Asia;Europe;0;1;1;0;0;Electricity generation;Aggregate fuel;Gas and Other Fossil;%;21,08;;
Turkey;TUR;2023;Country or economy;Asia;Europe;0;1;1;0;0;Electricity generation;Aggregate fuel;Hydro, Bioenergy and Other Renewables;%;25,67;;
Turkey;TUR;2023;Country or economy;Asia;Europe;0;1;1;0;0;Electricity generation;Aggregate fuel;Renewables;%;42,01;;
Turkey;TUR;2023;Country or economy;Asia;Europe;0;1;1;0;0;Electricity generation;Aggregate fuel;Wind and Solar;%;16,34;;
Turkey;TUR;2023;Country or economy;Asia;Europe;0;1;1;0;0;Electricity generation;Aggregate fuel;Clean;TWh;134,34;-0,01;-0,01
Turkey;TUR;2023;Country or economy;Asia;Europe;0;1;1;0;0;Electricity generation;Aggregate fuel;Fossil;TWh;185,45;-0,76;-0,41
Turkey;TUR;2023;Country or economy;Asia;Europe;0;1;1;0;0;Electricity generation;Aggregate fuel;Gas and Other Fossil;TWh;67,42;-5,17;-7,12
Turkey;TUR;2023;Country or economy;Asia;Europe;0;1;1;0;0;Electricity generation;Aggregate fuel;Hydro, Bioenergy and Other Renewables;TWh;82,06;-2,44;-2,89
Turkey;TUR;2023;Country or economy;Asia;Europe;0;1;1;0;0;Electricity generation;Aggregate fuel;Renewables;TWh;134,34;-0,01;-0,01
Turkey;TUR;2023;Country or economy;Asia;Europe;0;1;1;0;0;Electricity generation;Aggregate fuel;Wind and Solar;TWh;52,28;2,43;4,87
Turkey;TUR;2023;Country or economy;Asia;Europe;0;1;1;0;0;Electricity generation;Fuel;Bioenergy;%;2,57;;
Turkey;TUR;2023;Country or economy;Asia;Europe;0;1;1;0;0;Electricity generation;Fuel;Coal;%;36,91;;
Turkey;TUR;2023;Country or economy;Asia;Europe;0;1;1;0;0;Electricity generation;Fuel;Gas;%;20,79;;
Turkey;TUR;2023;Country or economy;Asia;Europe;0;1;1;0;0;Electricity generation;Fuel;Hydro;%;19,93;;
Turkey;TUR;2023;Country or economy;Asia;Europe;0;1;1;0;0;Electricity generation;Fuel;Nuclear;%;0;;
Turkey;TUR;2023;Country or economy;Asia;Europe;0;1;1;0;0;Electricity generation;Fuel;Other Fossil;%;0,29;;
Turkey;TUR;2023;Country or economy;Asia;Europe;0;1;1;0;0;Electricity generation;Fuel;Other Renewables;%;3,17;;
Turkey;TUR;2023;Country or economy;Asia;Europe;0;1;1;0;0;Electricity generation;Fuel;Solar;%;5,75;;
Turkey;TUR;2023;Country or economy;Asia;Europe;0;1;1;0;0;Electricity generation;Fuel;Wind;%;10,59;;
Turkey;TUR;2023;Country or economy;Asia;Europe;0;1;1;0;0;Electricity generation;Fuel;Bioenergy;TWh;8,21;0,59;7,74
Turkey;TUR;2023;Country or economy;Asia;Europe;0;1;1;0;0;Electricity generation;Fuel;Coal;TWh;118,03;4,41;3,88
Turkey;TUR;2023;Country or economy;Asia;Europe;0;1;1;0;0;Electricity generation;Fuel;Gas;TWh;66,48;-5,38;-7,49
Turkey;TUR;2023;Country or economy;Asia;Europe;0;1;1;0;0;Electricity generation;Fuel;Hydro;TWh;63,72;-2,94;-4,41
Turkey;TUR;2023;Country or economy;Asia;Europe;0;1;1;0;0;Electricity generation;Fuel;Nuclear;TWh;0;0;
Turkey;TUR;2023;Country or economy;Asia;Europe;0;1;1;0;0;Electricity generation;Fuel;Other Fossil;TWh;0,94;0,21;28,77
Turkey;TUR;2023;Country or economy;Asia;Europe;0;1;1;0;0;Electricity generation;Fuel;Other Renewables;TWh;10,13;-0,09;-0,88
Turkey;TUR;2023;Country or economy;Asia;Europe;0;1;1;0;0;Electricity generation;Fuel;Solar;TWh;18,4;3,24;21,37
Turkey;TUR;2023;Country or economy;Asia;Europe;0;1;1;0;0;Electricity generation;Fuel;Wind;TWh;33,88;-0,81;-2,33
Turkey;TUR;2023;Country or economy;Asia;Europe;0;1;1;0;0;Electricity generation;Total;Total Generation;TWh;319,79;-0,77;-0,24
Turkey;TUR;2024;Country or economy;Asia;Europe;0;1;1;0;0;Electricity generation;Aggregate fuel;Clean;%;45,61;;
Turkey;TUR;2024;Country or economy;Asia;Europe;0;1;1;0;0;Electricity generation;Aggregate fuel;Fossil;%;54,38;;
Turkey;TUR;2024;Country or economy;Asia;Europe;0;1;1;0;0;Electricity generation;Aggregate fuel;Gas and Other Fossil;%;18,83;;
Turkey;TUR;2024;Country or economy;Asia;Europe;0;1;1;0;0;Electricity generation;Aggregate fuel;Hydro, Bioenergy and Other Renewables;%;27,38;;
Turkey;TUR;2024;Country or economy;Asia;Europe;0;1;1;0;0;Electricity generation;Aggregate fuel;Renewables;%;45,61;;
Turkey;TUR;2024;Country or economy;Asia;Europe;0;1;1;0;0;Electricity generation;Aggregate fuel;Wind and Solar;%;18,23;;
Turkey;TUR;2024;Country or economy;Asia;Europe;0;1;1;0;0;Electricity generation;Aggregate fuel;Clean;TWh;155,65;21,31;15,86
Turkey;TUR;2024;Country or economy;Asia;Europe;0;1;1;0;0;Electricity generation;Aggregate fuel;Fossil;TWh;185,58;0,13;0,07
Turkey;TUR;2024;Country or economy;Asia;Europe;0;1;1;0;0;Electricity generation;Aggregate fuel;Gas and Other Fossil;TWh;64,26;-3,16;-4,69
Turkey;TUR;2024;Country or economy;Asia;Europe;0;1;1;0;0;Electricity generation;Aggregate fuel;Hydro, Bioenergy and Other Renewables;TWh;93,45;11,39;13,88
Turkey;TUR;2024;Country or economy;Asia;Europe;0;1;1;0;0;Electricity generation;Aggregate fuel;Renewables;TWh;155,65;21,31;15,86
Turkey;TUR;2024;Country or economy;Asia;Europe;0;1;1;0;0;Electricity generation;Aggregate fuel;Wind and Solar;TWh;62,2;9,92;18,97
Turkey;TUR;2024;Country or economy;Asia;Europe;0;1;1;0;0;Electricity generation;Fuel;Bioenergy;%;2,54;;
Turkey;TUR;2024;Country or economy;Asia;Europe;0;1;1;0;0;Electricity generation;Fuel;Coal;%;35,55;;
Turkey;TUR;2024;Country or economy;Asia;Europe;0;1;1;0;0;Electricity generation;Fuel;Gas;%;18,54;;
Turkey;TUR;2024;Country or economy;Asia;Europe;0;1;1;0;0;Electricity generation;Fuel;Hydro;%;21,85;;
Turkey;TUR;2024;Country or economy;Asia;Europe;0;1;1;0;0;Electricity generation;Fuel;Nuclear;%;0;;
Turkey;TUR;2024;Country or economy;Asia;Europe;0;1;1;0;0;Electricity generation;Fuel;Other Fossil;%;0,29;;
Turkey;TUR;2024;Country or economy;Asia;Europe;0;1;1;0;0;Electricity generation;Fuel;Other Renewables;%;2,99;;
Turkey;TUR;2024;Country or economy;Asia;Europe;0;1;1;0;0;Electricity generation;Fuel;Solar;%;7,52;;
Turkey;TUR;2024;Country or economy;Asia;Europe;0;1;1;0;0;Electricity generation;Fuel;Wind;%;10,71;;
Turkey;TUR;2024;Country or economy;Asia;Europe;0;1;1;0;0;Electricity generation;Fuel;Bioenergy;TWh;8,68;0,47;5,72
Turkey;TUR;2024;Country or economy;Asia;Europe;0;1;1;0;0;Electricity generation;Fuel;Coal;TWh;121,32;3,29;2,79
Turkey;TUR;2024;Country or economy;Asia;Europe;0;1;1;0;0;Electricity generation;Fuel;Gas;TWh;63,28;-3,2;-4,81
Turkey;TUR;2024;Country or economy;Asia;Europe;0;1;1;0;0;Electricity generation;Fuel;Hydro;TWh;74,57;10,85;17,03
Turkey;TUR;2024;Country or economy;Asia;Europe;0;1;1;0;0;Electricity generation;Fuel;Nuclear;TWh;0;0;
Turkey;TUR;2024;Country or economy;Asia;Europe;0;1;1;0;0;Electricity generation;Fuel;Other Fossil;TWh;0,98;0,04;4,26
Turkey;TUR;2024;Country or economy;Asia;Europe;0;1;1;0;0;Electricity generation;Fuel;Other Renewables;TWh;10,2;0,07;0,69
Turkey;TUR;2024;Country or economy;Asia;Europe;0;1;1;0;0;Electricity generation;Fuel;Solar;TWh;25,67;7,27;39,51
Turkey;TUR;2024;Country or economy;Asia;Europe;0;1;1;0;0;Electricity generation;Fuel;Wind;TWh;36,53;2,65;7,82
Turkey;TUR;2024;Country or economy;Asia;Europe;0;1;1;0;0;Electricity generation;Total;Total Generation;TWh;341,23;21,44;6,7
Turkey;TUR;2025;Country or economy;Asia;Europe;0;1;1;0;0;Electricity generation;Aggregate fuel;Clean;%;43,26;;
Turkey;TUR;2025;Country or economy;Asia;Europe;0;1;1;0;0;Electricity generation;Aggregate fuel;Fossil;%;56,74;;
Turkey;TUR;2025;Country or economy;Asia;Europe;0;1;1;0;0;Electricity generation;Aggregate fuel;Gas and Other Fossil;%;22,43;;
Turkey;TUR;2025;Country or economy;Asia;Europe;0;1;1;0;0;Electricity generation;Aggregate fuel;Hydro, Bioenergy and Other Renewables;%;21,59;;
Turkey;TUR;2025;Country or economy;Asia;Europe;0;1;1;0;0;Electricity generation;Aggregate fuel;Renewables;%;43,26;;
Turkey;TUR;2025;Country or economy;Asia;Europe;0;1;1;0;0;Electricity generation;Aggregate fuel;Wind and Solar;%;21,67;;
Turkey;TUR;2025;Country or economy;Asia;Europe;0;1;1;0;0;Electricity generation;Aggregate fuel;Clean;TWh;153,07;-2,58;-1,66
Turkey;TUR;2025;Country or economy;Asia;Europe;0;1;1;0;0;Electricity generation;Aggregate fuel;Fossil;TWh;200,79;15,21;8,2
Turkey;TUR;2025;Country or economy;Asia;Europe;0;1;1;0;0;Electricity generation;Aggregate fuel;Gas and Other Fossil;TWh;79,39;15,13;23,54
Turkey;TUR;2025;Country or economy;Asia;Europe;0;1;1;0;0;Electricity generation;Aggregate fuel;Hydro, Bioenergy and Other Renewables;TWh;76,4;-17,05;-18,25
Turkey;TUR;2025;Country or economy;Asia;Europe;0;1;1;0;0;Electricity generation;Aggregate fuel;Renewables;TWh;153,07;-2,58;-1,66
Turkey;TUR;2025;Country or economy;Asia;Europe;0;1;1;0;0;Electricity generation;Aggregate fuel;Wind and Solar;TWh;76,67;14,47;23,26
Turkey;TUR;2025;Country or economy;Asia;Europe;0;1;1;0;0;Electricity generation;Fuel;Bioenergy;%;2,4;;
Turkey;TUR;2025;Country or economy;Asia;Europe;0;1;1;0;0;Electricity generation;Fuel;Coal;%;34,31;;
Turkey;TUR;2025;Country or economy;Asia;Europe;0;1;1;0;0;Electricity generation;Fuel;Gas;%;22,14;;
Turkey;TUR;2025;Country or economy;Asia;Europe;0;1;1;0;0;Electricity generation;Fuel;Hydro;%;16,18;;
Turkey;TUR;2025;Country or economy;Asia;Europe;0;1;1;0;0;Electricity generation;Fuel;Nuclear;%;0;;
Turkey;TUR;2025;Country or economy;Asia;Europe;0;1;1;0;0;Electricity generation;Fuel;Other Fossil;%;0,29;;
Turkey;TUR;2025;Country or economy;Asia;Europe;0;1;1;0;0;Electricity generation;Fuel;Other Renewables;%;3,01;;
Turkey;TUR;2025;Country or economy;Asia;Europe;0;1;1;0;0;Electricity generation;Fuel;Solar;%;10,53;;
Turkey;TUR;2025;Country or economy;Asia;Europe;0;1;1;0;0;Electricity generation;Fuel;Wind;%;11,14;;
Turkey;TUR;2025;Country or economy;Asia;Europe;0;1;1;0;0;Electricity generation;Fuel;Bioenergy;TWh;8,48;-0,2;-2,3
Turkey;TUR;2025;Country or economy;Asia;Europe;0;1;1;0;0;Electricity generation;Fuel;Coal;TWh;121,4;0,08;0,07
Turkey;TUR;2025;Country or economy;Asia;Europe;0;1;1;0;0;Electricity generation;Fuel;Gas;TWh;78,36;15,08;23,83
Turkey;TUR;2025;Country or economy;Asia;Europe;0;1;1;0;0;Electricity generation;Fuel;Hydro;TWh;57,27;-17,3;-23,2
Turkey;TUR;2025;Country or economy;Asia;Europe;0;1;1;0;0;Electricity generation;Fuel;Nuclear;TWh;0;0;
Turkey;TUR;2025;Country or economy;Asia;Europe;0;1;1;0;0;Electricity generation;Fuel;Other Fossil;TWh;1,03;0,05;5,1
Turkey;TUR;2025;Country or economy;Asia;Europe;0;1;1;0;0;Electricity generation;Fuel;Other Renewables;TWh;10,65;0,45;4,41
Turkey;TUR;2025;Country or economy;Asia;Europe;0;1;1;0;0;Electricity generation;Fuel;Solar;TWh;37,25;11,58;45,11
Turkey;TUR;2025;Country or economy;Asia;Europe;0;1;1;0;0;Electricity generation;Fuel;Wind;TWh;39,42;2,89;7,91
Turkey;TUR;2025;Country or economy;Asia;Europe;0;1;1;0;0;Electricity generation;Total;Total Generation;TWh;353,86;12,63;3,7
United Kingdom;GBR;2000;Country or economy;Europe;Europe;0;1;1;1;0;Electricity generation;Aggregate fuel;Clean;%;25,19;;
United Kingdom;GBR;2000;Country or economy;Europe;Europe;0;1;1;1;0;Electricity generation;Aggregate fuel;Fossil;%;74,81;;
United Kingdom;GBR;2000;Country or economy;Europe;Europe;0;1;1;1;0;Electricity generation;Aggregate fuel;Gas and Other Fossil;%;43;;
United Kingdom;GBR;2000;Country or economy;Europe;Europe;0;1;1;1;0;Electricity generation;Aggregate fuel;Hydro, Bioenergy and Other Renewables;%;2,38;;
United Kingdom;GBR;2000;Country or economy;Europe;Europe;0;1;1;1;0;Electricity generation;Aggregate fuel;Renewables;%;2,63;;
United Kingdom;GBR;2000;Country or economy;Europe;Europe;0;1;1;1;0;Electricity generation;Aggregate fuel;Wind and Solar;%;0,25;;
United Kingdom;GBR;2000;Country or economy;Europe;Europe;0;1;1;1;0;Electricity generation;Aggregate fuel;Clean;TWh;94,97;;
United Kingdom;GBR;2000;Country or economy;Europe;Europe;0;1;1;1;0;Electricity generation;Aggregate fuel;Fossil;TWh;282,09;;
United Kingdom;GBR;2000;Country or economy;Europe;Europe;0;1;1;1;0;Electricity generation;Aggregate fuel;Gas and Other Fossil;TWh;162,14;;
United Kingdom;GBR;2000;Country or economy;Europe;Europe;0;1;1;1;0;Electricity generation;Aggregate fuel;Hydro, Bioenergy and Other Renewables;TWh;8,97;;
United Kingdom;GBR;2000;Country or economy;Europe;Europe;0;1;1;1;0;Electricity generation;Aggregate fuel;Renewables;TWh;9,91;;
United Kingdom;GBR;2000;Country or economy;Europe;Europe;0;1;1;1;0;Electricity generation;Aggregate fuel;Wind and Solar;TWh;0,94;;
United Kingdom;GBR;2000;Country or economy;Europe;Europe;0;1;1;1;0;Electricity generation;Fuel;Bioenergy;%;1,03;;
United Kingdom;GBR;2000;Country or economy;Europe;Europe;0;1;1;1;0;Electricity generation;Fuel;Coal;%;31,81;;
United Kingdom;GBR;2000;Country or economy;Europe;Europe;0;1;1;1;0;Electricity generation;Fuel;Gas;%;39,27;;
United Kingdom;GBR;2000;Country or economy;Europe;Europe;0;1;1;1;0;Electricity generation;Fuel;Hydro;%;1,35;;
United Kingdom;GBR;2000;Country or economy;Europe;Europe;0;1;1;1;0;Electricity generation;Fuel;Nuclear;%;22,56;;
United Kingdom;GBR;2000;Country or economy;Europe;Europe;0;1;1;1;0;Electricity generation;Fuel;Other Fossil;%;3,73;;
United Kingdom;GBR;2000;Country or economy;Europe;Europe;0;1;1;1;0;Electricity generation;Fuel;Other Renewables;%;0;;
United Kingdom;GBR;2000;Country or economy;Europe;Europe;0;1;1;1;0;Electricity generation;Fuel;Solar;%;0;;
United Kingdom;GBR;2000;Country or economy;Europe;Europe;0;1;1;1;0;Electricity generation;Fuel;Wind;%;0,25;;
United Kingdom;GBR;2000;Country or economy;Europe;Europe;0;1;1;1;0;Electricity generation;Fuel;Bioenergy;TWh;3,88;;
United Kingdom;GBR;2000;Country or economy;Europe;Europe;0;1;1;1;0;Electricity generation;Fuel;Coal;TWh;119,95;;
United Kingdom;GBR;2000;Country or economy;Europe;Europe;0;1;1;1;0;Electricity generation;Fuel;Gas;TWh;148,08;;
United Kingdom;GBR;2000;Country or economy;Europe;Europe;0;1;1;1;0;Electricity generation;Fuel;Hydro;TWh;5,09;;
United Kingdom;GBR;2000;Country or economy;Europe;Europe;0;1;1;1;0;Electricity generation;Fuel;Nuclear;TWh;85,06;;
United Kingdom;GBR;2000;Country or economy;Europe;Europe;0;1;1;1;0;Electricity generation;Fuel;Other Fossil;TWh;14,06;;
United Kingdom;GBR;2000;Country or economy;Europe;Europe;0;1;1;1;0;Electricity generation;Fuel;Other Renewables;TWh;0;;
United Kingdom;GBR;2000;Country or economy;Europe;Europe;0;1;1;1;0;Electricity generation;Fuel;Solar;TWh;0;;
United Kingdom;GBR;2000;Country or economy;Europe;Europe;0;1;1;1;0;Electricity generation;Fuel;Wind;TWh;0,94;;
United Kingdom;GBR;2000;Country or economy;Europe;Europe;0;1;1;1;0;Electricity generation;Total;Total Generation;TWh;377,06;;
United Kingdom;GBR;2001;Country or economy;Europe;Europe;0;1;1;1;0;Electricity generation;Aggregate fuel;Clean;%;25,89;;
United Kingdom;GBR;2001;Country or economy;Europe;Europe;0;1;1;1;0;Electricity generation;Aggregate fuel;Fossil;%;74,11;;
United Kingdom;GBR;2001;Country or economy;Europe;Europe;0;1;1;1;0;Electricity generation;Aggregate fuel;Gas and Other Fossil;%;39,94;;
United Kingdom;GBR;2001;Country or economy;Europe;Europe;0;1;1;1;0;Electricity generation;Aggregate fuel;Hydro, Bioenergy and Other Renewables;%;2,23;;
United Kingdom;GBR;2001;Country or economy;Europe;Europe;0;1;1;1;0;Electricity generation;Aggregate fuel;Renewables;%;2,48;;
United Kingdom;GBR;2001;Country or economy;Europe;Europe;0;1;1;1;0;Electricity generation;Aggregate fuel;Wind and Solar;%;0,25;;
United Kingdom;GBR;2001;Country or economy;Europe;Europe;0;1;1;1;0;Electricity generation;Aggregate fuel;Clean;TWh;99,63;4,66;4,91
United Kingdom;GBR;2001;Country or economy;Europe;Europe;0;1;1;1;0;Electricity generation;Aggregate fuel;Fossil;TWh;285,14;3,05;1,08
United Kingdom;GBR;2001;Country or economy;Europe;Europe;0;1;1;1;0;Electricity generation;Aggregate fuel;Gas and Other Fossil;TWh;153,68;-8,46;-5,22
United Kingdom;GBR;2001;Country or economy;Europe;Europe;0;1;1;1;0;Electricity generation;Aggregate fuel;Hydro, Bioenergy and Other Renewables;TWh;8,58;-0,39;-4,35
United Kingdom;GBR;2001;Country or economy;Europe;Europe;0;1;1;1;0;Electricity generation;Aggregate fuel;Renewables;TWh;9,54;-0,37;-3,73
United Kingdom;GBR;2001;Country or economy;Europe;Europe;0;1;1;1;0;Electricity generation;Aggregate fuel;Wind and Solar;TWh;0,96;0,02;2,13
United Kingdom;GBR;2001;Country or economy;Europe;Europe;0;1;1;1;0;Electricity generation;Fuel;Bioenergy;%;1,18;;
United Kingdom;GBR;2001;Country or economy;Europe;Europe;0;1;1;1;0;Electricity generation;Fuel;Coal;%;34,17;;
United Kingdom;GBR;2001;Country or economy;Europe;Europe;0;1;1;1;0;Electricity generation;Fuel;Gas;%;36,88;;
United Kingdom;GBR;2001;Country or economy;Europe;Europe;0;1;1;1;0;Electricity generation;Fuel;Hydro;%;1,05;;
United Kingdom;GBR;2001;Country or economy;Europe;Europe;0;1;1;1;0;Electricity generation;Fuel;Nuclear;%;23,41;;
United Kingdom;GBR;2001;Country or economy;Europe;Europe;0;1;1;1;0;Electricity generation;Fuel;Other Fossil;%;3,06;;
United Kingdom;GBR;2001;Country or economy;Europe;Europe;0;1;1;1;0;Electricity generation;Fuel;Other Renewables;%;0;;
United Kingdom;GBR;2001;Country or economy;Europe;Europe;0;1;1;1;0;Electricity generation;Fuel;Solar;%;0;;
United Kingdom;GBR;2001;Country or economy;Europe;Europe;0;1;1;1;0;Electricity generation;Fuel;Wind;%;0,25;;
United Kingdom;GBR;2001;Country or economy;Europe;Europe;0;1;1;1;0;Electricity generation;Fuel;Bioenergy;TWh;4,53;0,65;16,75
United Kingdom;GBR;2001;Country or economy;Europe;Europe;0;1;1;1;0;Electricity generation;Fuel;Coal;TWh;131,46;11,51;9,6
United Kingdom;GBR;2001;Country or economy;Europe;Europe;0;1;1;1;0;Electricity generation;Fuel;Gas;TWh;141,91;-6,17;-4,17
United Kingdom;GBR;2001;Country or economy;Europe;Europe;0;1;1;1;0;Electricity generation;Fuel;Hydro;TWh;4,05;-1,04;-20,43
United Kingdom;GBR;2001;Country or economy;Europe;Europe;0;1;1;1;0;Electricity generation;Fuel;Nuclear;TWh;90,09;5,03;5,91
United Kingdom;GBR;2001;Country or economy;Europe;Europe;0;1;1;1;0;Electricity generation;Fuel;Other Fossil;TWh;11,77;-2,29;-16,29
United Kingdom;GBR;2001;Country or economy;Europe;Europe;0;1;1;1;0;Electricity generation;Fuel;Other Renewables;TWh;0;0;
United Kingdom;GBR;2001;Country or economy;Europe;Europe;0;1;1;1;0;Electricity generation;Fuel;Solar;TWh;0;0;
United Kingdom;GBR;2001;Country or economy;Europe;Europe;0;1;1;1;0;Electricity generation;Fuel;Wind;TWh;0,96;0,02;2,13
United Kingdom;GBR;2001;Country or economy;Europe;Europe;0;1;1;1;0;Electricity generation;Total;Total Generation;TWh;384,77;7,71;2,04
United Kingdom;GBR;2002;Country or economy;Europe;Europe;0;1;1;1;0;Electricity generation;Aggregate fuel;Clean;%;25,56;;
United Kingdom;GBR;2002;Country or economy;Europe;Europe;0;1;1;1;0;Electricity generation;Aggregate fuel;Fossil;%;74,43;;
United Kingdom;GBR;2002;Country or economy;Europe;Europe;0;1;1;1;0;Electricity generation;Aggregate fuel;Gas and Other Fossil;%;42,34;;
United Kingdom;GBR;2002;Country or economy;Europe;Europe;0;1;1;1;0;Electricity generation;Aggregate fuel;Hydro, Bioenergy and Other Renewables;%;2,55;;
United Kingdom;GBR;2002;Country or economy;Europe;Europe;0;1;1;1;0;Electricity generation;Aggregate fuel;Renewables;%;2,87;;
United Kingdom;GBR;2002;Country or economy;Europe;Europe;0;1;1;1;0;Electricity generation;Aggregate fuel;Wind and Solar;%;0,32;;
United Kingdom;GBR;2002;Country or economy;Europe;Europe;0;1;1;1;0;Electricity generation;Aggregate fuel;Clean;TWh;98,97;-0,66;-0,66
United Kingdom;GBR;2002;Country or economy;Europe;Europe;0;1;1;1;0;Electricity generation;Aggregate fuel;Fossil;TWh;288,27;3,13;1,1
United Kingdom;GBR;2002;Country or economy;Europe;Europe;0;1;1;1;0;Electricity generation;Aggregate fuel;Gas and Other Fossil;TWh;163,99;10,31;6,71
United Kingdom;GBR;2002;Country or economy;Europe;Europe;0;1;1;1;0;Electricity generation;Aggregate fuel;Hydro, Bioenergy and Other Renewables;TWh;9,87;1,29;15,03
United Kingdom;GBR;2002;Country or economy;Europe;Europe;0;1;1;1;0;Electricity generation;Aggregate fuel;Renewables;TWh;11,12;1,58;16,56
United Kingdom;GBR;2002;Country or economy;Europe;Europe;0;1;1;1;0;Electricity generation;Aggregate fuel;Wind and Solar;TWh;1,25;0,29;30,21
United Kingdom;GBR;2002;Country or economy;Europe;Europe;0;1;1;1;0;Electricity generation;Fuel;Bioenergy;%;1,31;;
United Kingdom;GBR;2002;Country or economy;Europe;Europe;0;1;1;1;0;Electricity generation;Fuel;Coal;%;32,09;;
United Kingdom;GBR;2002;Country or economy;Europe;Europe;0;1;1;1;0;Electricity generation;Fuel;Gas;%;39,32;;
United Kingdom;GBR;2002;Country or economy;Europe;Europe;0;1;1;1;0;Electricity generation;Fuel;Hydro;%;1,24;;
United Kingdom;GBR;2002;Country or economy;Europe;Europe;0;1;1;1;0;Electricity generation;Fuel;Nuclear;%;22,69;;
United Kingdom;GBR;2002;Country or economy;Europe;Europe;0;1;1;1;0;Electricity generation;Fuel;Other Fossil;%;3,02;;
United Kingdom;GBR;2002;Country or economy;Europe;Europe;0;1;1;1;0;Electricity generation;Fuel;Other Renewables;%;0;;
United Kingdom;GBR;2002;Country or economy;Europe;Europe;0;1;1;1;0;Electricity generation;Fuel;Solar;%;0;;
United Kingdom;GBR;2002;Country or economy;Europe;Europe;0;1;1;1;0;Electricity generation;Fuel;Wind;%;0,32;;
United Kingdom;GBR;2002;Country or economy;Europe;Europe;0;1;1;1;0;Electricity generation;Fuel;Bioenergy;TWh;5,08;0,55;12,14
United Kingdom;GBR;2002;Country or economy;Europe;Europe;0;1;1;1;0;Electricity generation;Fuel;Coal;TWh;124,28;-7,18;-5,46
United Kingdom;GBR;2002;Country or economy;Europe;Europe;0;1;1;1;0;Electricity generation;Fuel;Gas;TWh;152,28;10,37;7,31
United Kingdom;GBR;2002;Country or economy;Europe;Europe;0;1;1;1;0;Electricity generation;Fuel;Hydro;TWh;4,79;0,74;18,27
United Kingdom;GBR;2002;Country or economy;Europe;Europe;0;1;1;1;0;Electricity generation;Fuel;Nuclear;TWh;87,85;-2,24;-2,49
United Kingdom;GBR;2002;Country or economy;Europe;Europe;0;1;1;1;0;Electricity generation;Fuel;Other Fossil;TWh;11,71;-0,06;-0,51
United Kingdom;GBR;2002;Country or economy;Europe;Europe;0;1;1;1;0;Electricity generation;Fuel;Other Renewables;TWh;0;0;
United Kingdom;GBR;2002;Country or economy;Europe;Europe;0;1;1;1;0;Electricity generation;Fuel;Solar;TWh;0;0;
United Kingdom;GBR;2002;Country or economy;Europe;Europe;0;1;1;1;0;Electricity generation;Fuel;Wind;TWh;1,25;0,29;30,21
United Kingdom;GBR;2002;Country or economy;Europe;Europe;0;1;1;1;0;Electricity generation;Total;Total Generation;TWh;387,24;2,47;0,64
United Kingdom;GBR;2003;Country or economy;Europe;Europe;0;1;1;1;0;Electricity generation;Aggregate fuel;Clean;%;24,95;;
United Kingdom;GBR;2003;Country or economy;Europe;Europe;0;1;1;1;0;Electricity generation;Aggregate fuel;Fossil;%;75,05;;
United Kingdom;GBR;2003;Country or economy;Europe;Europe;0;1;1;1;0;Electricity generation;Aggregate fuel;Gas and Other Fossil;%;40,28;;
United Kingdom;GBR;2003;Country or economy;Europe;Europe;0;1;1;1;0;Electricity generation;Aggregate fuel;Hydro, Bioenergy and Other Renewables;%;2,36;;
United Kingdom;GBR;2003;Country or economy;Europe;Europe;0;1;1;1;0;Electricity generation;Aggregate fuel;Renewables;%;2,68;;
United Kingdom;GBR;2003;Country or economy;Europe;Europe;0;1;1;1;0;Electricity generation;Aggregate fuel;Wind and Solar;%;0,32;;
United Kingdom;GBR;2003;Country or economy;Europe;Europe;0;1;1;1;0;Electricity generation;Aggregate fuel;Clean;TWh;99,38;0,41;0,41
United Kingdom;GBR;2003;Country or economy;Europe;Europe;0;1;1;1;0;Electricity generation;Aggregate fuel;Fossil;TWh;298,83;10,56;3,66
United Kingdom;GBR;2003;Country or economy;Europe;Europe;0;1;1;1;0;Electricity generation;Aggregate fuel;Gas and Other Fossil;TWh;160,37;-3,62;-2,21
United Kingdom;GBR;2003;Country or economy;Europe;Europe;0;1;1;1;0;Electricity generation;Aggregate fuel;Hydro, Bioenergy and Other Renewables;TWh;9,4;-0,47;-4,76
United Kingdom;GBR;2003;Country or economy;Europe;Europe;0;1;1;1;0;Electricity generation;Aggregate fuel;Renewables;TWh;10,69;-0,43;-3,87
United Kingdom;GBR;2003;Country or economy;Europe;Europe;0;1;1;1;0;Electricity generation;Aggregate fuel;Wind and Solar;TWh;1,29;0,04;3,2
United Kingdom;GBR;2003;Country or economy;Europe;Europe;0;1;1;1;0;Electricity generation;Fuel;Bioenergy;%;1,55;;
United Kingdom;GBR;2003;Country or economy;Europe;Europe;0;1;1;1;0;Electricity generation;Fuel;Coal;%;34,77;;
United Kingdom;GBR;2003;Country or economy;Europe;Europe;0;1;1;1;0;Electricity generation;Fuel;Gas;%;37,39;;
United Kingdom;GBR;2003;Country or economy;Europe;Europe;0;1;1;1;0;Electricity generation;Fuel;Hydro;%;0,81;;
United Kingdom;GBR;2003;Country or economy;Europe;Europe;0;1;1;1;0;Electricity generation;Fuel;Nuclear;%;22,27;;
United Kingdom;GBR;2003;Country or economy;Europe;Europe;0;1;1;1;0;Electricity generation;Fuel;Other Fossil;%;2,89;;
United Kingdom;GBR;2003;Country or economy;Europe;Europe;0;1;1;1;0;Electricity generation;Fuel;Other Renewables;%;0;;
United Kingdom;GBR;2003;Country or economy;Europe;Europe;0;1;1;1;0;Electricity generation;Fuel;Solar;%;0;;
United Kingdom;GBR;2003;Country or economy;Europe;Europe;0;1;1;1;0;Electricity generation;Fuel;Wind;%;0,32;;
United Kingdom;GBR;2003;Country or economy;Europe;Europe;0;1;1;1;0;Electricity generation;Fuel;Bioenergy;TWh;6,17;1,09;21,46
United Kingdom;GBR;2003;Country or economy;Europe;Europe;0;1;1;1;0;Electricity generation;Fuel;Coal;TWh;138,46;14,18;11,41
United Kingdom;GBR;2003;Country or economy;Europe;Europe;0;1;1;1;0;Electricity generation;Fuel;Gas;TWh;148,88;-3,4;-2,23
United Kingdom;GBR;2003;Country or economy;Europe;Europe;0;1;1;1;0;Electricity generation;Fuel;Hydro;TWh;3,23;-1,56;-32,57
United Kingdom;GBR;2003;Country or economy;Europe;Europe;0;1;1;1;0;Electricity generation;Fuel;Nuclear;TWh;88,69;0,84;0,96
United Kingdom;GBR;2003;Country or economy;Europe;Europe;0;1;1;1;0;Electricity generation;Fuel;Other Fossil;TWh;11,49;-0,22;-1,88
United Kingdom;GBR;2003;Country or economy;Europe;Europe;0;1;1;1;0;Electricity generation;Fuel;Other Renewables;TWh;0;0;
United Kingdom;GBR;2003;Country or economy;Europe;Europe;0;1;1;1;0;Electricity generation;Fuel;Solar;TWh;0;0;
United Kingdom;GBR;2003;Country or economy;Europe;Europe;0;1;1;1;0;Electricity generation;Fuel;Wind;TWh;1,29;0,04;3,2
United Kingdom;GBR;2003;Country or economy;Europe;Europe;0;1;1;1;0;Electricity generation;Total;Total Generation;TWh;398,21;10,97;2,83
United Kingdom;GBR;2004;Country or economy;Europe;Europe;0;1;1;1;0;Electricity generation;Aggregate fuel;Clean;%;23,9;;
United Kingdom;GBR;2004;Country or economy;Europe;Europe;0;1;1;1;0;Electricity generation;Aggregate fuel;Fossil;%;76,1;;
United Kingdom;GBR;2004;Country or economy;Europe;Europe;0;1;1;1;0;Electricity generation;Aggregate fuel;Gas and Other Fossil;%;42,64;;
United Kingdom;GBR;2004;Country or economy;Europe;Europe;0;1;1;1;0;Electricity generation;Aggregate fuel;Hydro, Bioenergy and Other Renewables;%;3,1;;
United Kingdom;GBR;2004;Country or economy;Europe;Europe;0;1;1;1;0;Electricity generation;Aggregate fuel;Renewables;%;3,59;;
United Kingdom;GBR;2004;Country or economy;Europe;Europe;0;1;1;1;0;Electricity generation;Aggregate fuel;Wind and Solar;%;0,49;;
United Kingdom;GBR;2004;Country or economy;Europe;Europe;0;1;1;1;0;Electricity generation;Aggregate fuel;Clean;TWh;94,14;-5,24;-5,27
United Kingdom;GBR;2004;Country or economy;Europe;Europe;0;1;1;1;0;Electricity generation;Aggregate fuel;Fossil;TWh;299,78;0,95;0,32
United Kingdom;GBR;2004;Country or economy;Europe;Europe;0;1;1;1;0;Electricity generation;Aggregate fuel;Gas and Other Fossil;TWh;167,99;7,62;4,75
United Kingdom;GBR;2004;Country or economy;Europe;Europe;0;1;1;1;0;Electricity generation;Aggregate fuel;Hydro, Bioenergy and Other Renewables;TWh;12,2;2,8;29,79
United Kingdom;GBR;2004;Country or economy;Europe;Europe;0;1;1;1;0;Electricity generation;Aggregate fuel;Renewables;TWh;14,14;3,45;32,27
United Kingdom;GBR;2004;Country or economy;Europe;Europe;0;1;1;1;0;Electricity generation;Aggregate fuel;Wind and Solar;TWh;1,94;0,65;50,39
United Kingdom;GBR;2004;Country or economy;Europe;Europe;0;1;1;1;0;Electricity generation;Fuel;Bioenergy;%;1,87;;
United Kingdom;GBR;2004;Country or economy;Europe;Europe;0;1;1;1;0;Electricity generation;Fuel;Coal;%;33,46;;
United Kingdom;GBR;2004;Country or economy;Europe;Europe;0;1;1;1;0;Electricity generation;Fuel;Gas;%;39,87;;
United Kingdom;GBR;2004;Country or economy;Europe;Europe;0;1;1;1;0;Electricity generation;Fuel;Hydro;%;1,23;;
United Kingdom;GBR;2004;Country or economy;Europe;Europe;0;1;1;1;0;Electricity generation;Fuel;Nuclear;%;20,31;;
United Kingdom;GBR;2004;Country or economy;Europe;Europe;0;1;1;1;0;Electricity generation;Fuel;Other Fossil;%;2,77;;
United Kingdom;GBR;2004;Country or economy;Europe;Europe;0;1;1;1;0;Electricity generation;Fuel;Other Renewables;%;0;;
United Kingdom;GBR;2004;Country or economy;Europe;Europe;0;1;1;1;0;Electricity generation;Fuel;Solar;%;0;;
United Kingdom;GBR;2004;Country or economy;Europe;Europe;0;1;1;1;0;Electricity generation;Fuel;Wind;%;0,49;;
United Kingdom;GBR;2004;Country or economy;Europe;Europe;0;1;1;1;0;Electricity generation;Fuel;Bioenergy;TWh;7,36;1,19;19,29
United Kingdom;GBR;2004;Country or economy;Europe;Europe;0;1;1;1;0;Electricity generation;Fuel;Coal;TWh;131,79;-6,67;-4,82
United Kingdom;GBR;2004;Country or economy;Europe;Europe;0;1;1;1;0;Electricity generation;Fuel;Gas;TWh;157,06;8,18;5,49
United Kingdom;GBR;2004;Country or economy;Europe;Europe;0;1;1;1;0;Electricity generation;Fuel;Hydro;TWh;4,84;1,61;49,85
United Kingdom;GBR;2004;Country or economy;Europe;Europe;0;1;1;1;0;Electricity generation;Fuel;Nuclear;TWh;80;-8,69;-9,8
United Kingdom;GBR;2004;Country or economy;Europe;Europe;0;1;1;1;0;Electricity generation;Fuel;Other Fossil;TWh;10,93;-0,56;-4,87
United Kingdom;GBR;2004;Country or economy;Europe;Europe;0;1;1;1;0;Electricity generation;Fuel;Other Renewables;TWh;0;0;
United Kingdom;GBR;2004;Country or economy;Europe;Europe;0;1;1;1;0;Electricity generation;Fuel;Solar;TWh;0;0;
United Kingdom;GBR;2004;Country or economy;Europe;Europe;0;1;1;1;0;Electricity generation;Fuel;Wind;TWh;1,94;0,65;50,39
United Kingdom;GBR;2004;Country or economy;Europe;Europe;0;1;1;1;0;Electricity generation;Total;Total Generation;TWh;393,92;-4,29;-1,08
United Kingdom;GBR;2005;Country or economy;Europe;Europe;0;1;1;1;0;Electricity generation;Aggregate fuel;Clean;%;24,74;;
United Kingdom;GBR;2005;Country or economy;Europe;Europe;0;1;1;1;0;Electricity generation;Aggregate fuel;Fossil;%;75,26;;
United Kingdom;GBR;2005;Country or economy;Europe;Europe;0;1;1;1;0;Electricity generation;Aggregate fuel;Gas and Other Fossil;%;41,46;;
United Kingdom;GBR;2005;Country or economy;Europe;Europe;0;1;1;1;0;Electricity generation;Aggregate fuel;Hydro, Bioenergy and Other Renewables;%;3,52;;
United Kingdom;GBR;2005;Country or economy;Europe;Europe;0;1;1;1;0;Electricity generation;Aggregate fuel;Renewables;%;4,25;;
United Kingdom;GBR;2005;Country or economy;Europe;Europe;0;1;1;1;0;Electricity generation;Aggregate fuel;Wind and Solar;%;0,73;;
United Kingdom;GBR;2005;Country or economy;Europe;Europe;0;1;1;1;0;Electricity generation;Aggregate fuel;Clean;TWh;98,55;4,41;4,68
United Kingdom;GBR;2005;Country or economy;Europe;Europe;0;1;1;1;0;Electricity generation;Aggregate fuel;Fossil;TWh;299,8;0,02;0,01
United Kingdom;GBR;2005;Country or economy;Europe;Europe;0;1;1;1;0;Electricity generation;Aggregate fuel;Gas and Other Fossil;TWh;165,16;-2,83;-1,68
United Kingdom;GBR;2005;Country or economy;Europe;Europe;0;1;1;1;0;Electricity generation;Aggregate fuel;Hydro, Bioenergy and Other Renewables;TWh;14,02;1,82;14,92
United Kingdom;GBR;2005;Country or economy;Europe;Europe;0;1;1;1;0;Electricity generation;Aggregate fuel;Renewables;TWh;16,93;2,79;19,73
United Kingdom;GBR;2005;Country or economy;Europe;Europe;0;1;1;1;0;Electricity generation;Aggregate fuel;Wind and Solar;TWh;2,91;0,97;50
United Kingdom;GBR;2005;Country or economy;Europe;Europe;0;1;1;1;0;Electricity generation;Fuel;Bioenergy;%;2,28;;
United Kingdom;GBR;2005;Country or economy;Europe;Europe;0;1;1;1;0;Electricity generation;Fuel;Coal;%;33,8;;
United Kingdom;GBR;2005;Country or economy;Europe;Europe;0;1;1;1;0;Electricity generation;Fuel;Gas;%;38,32;;
United Kingdom;GBR;2005;Country or economy;Europe;Europe;0;1;1;1;0;Electricity generation;Fuel;Hydro;%;1,24;;
United Kingdom;GBR;2005;Country or economy;Europe;Europe;0;1;1;1;0;Electricity generation;Fuel;Nuclear;%;20,49;;
United Kingdom;GBR;2005;Country or economy;Europe;Europe;0;1;1;1;0;Electricity generation;Fuel;Other Fossil;%;3,14;;
United Kingdom;GBR;2005;Country or economy;Europe;Europe;0;1;1;1;0;Electricity generation;Fuel;Other Renewables;%;0;;
United Kingdom;GBR;2005;Country or economy;Europe;Europe;0;1;1;1;0;Electricity generation;Fuel;Solar;%;0;;
United Kingdom;GBR;2005;Country or economy;Europe;Europe;0;1;1;1;0;Electricity generation;Fuel;Wind;%;0,73;;
United Kingdom;GBR;2005;Country or economy;Europe;Europe;0;1;1;1;0;Electricity generation;Fuel;Bioenergy;TWh;9,1;1,74;23,64
United Kingdom;GBR;2005;Country or economy;Europe;Europe;0;1;1;1;0;Electricity generation;Fuel;Coal;TWh;134,64;2,85;2,16
United Kingdom;GBR;2005;Country or economy;Europe;Europe;0;1;1;1;0;Electricity generation;Fuel;Gas;TWh;152,64;-4,42;-2,81
United Kingdom;GBR;2005;Country or economy;Europe;Europe;0;1;1;1;0;Electricity generation;Fuel;Hydro;TWh;4,92;0,08;1,65
United Kingdom;GBR;2005;Country or economy;Europe;Europe;0;1;1;1;0;Electricity generation;Fuel;Nuclear;TWh;81,62;1,62;2,03
United Kingdom;GBR;2005;Country or economy;Europe;Europe;0;1;1;1;0;Electricity generation;Fuel;Other Fossil;TWh;12,52;1,59;14,55
United Kingdom;GBR;2005;Country or economy;Europe;Europe;0;1;1;1;0;Electricity generation;Fuel;Other Renewables;TWh;0;0;
United Kingdom;GBR;2005;Country or economy;Europe;Europe;0;1;1;1;0;Electricity generation;Fuel;Solar;TWh;0,01;0,01;
United Kingdom;GBR;2005;Country or economy;Europe;Europe;0;1;1;1;0;Electricity generation;Fuel;Wind;TWh;2,9;0,96;49,48
United Kingdom;GBR;2005;Country or economy;Europe;Europe;0;1;1;1;0;Electricity generation;Total;Total Generation;TWh;398,35;4,43;1,12
United Kingdom;GBR;2006;Country or economy;Europe;Europe;0;1;1;1;0;Electricity generation;Aggregate fuel;Clean;%;23,55;;
United Kingdom;GBR;2006;Country or economy;Europe;Europe;0;1;1;1;0;Electricity generation;Aggregate fuel;Fossil;%;76,45;;
United Kingdom;GBR;2006;Country or economy;Europe;Europe;0;1;1;1;0;Electricity generation;Aggregate fuel;Gas and Other Fossil;%;38,98;;
United Kingdom;GBR;2006;Country or economy;Europe;Europe;0;1;1;1;0;Electricity generation;Aggregate fuel;Hydro, Bioenergy and Other Renewables;%;3,5;;
United Kingdom;GBR;2006;Country or economy;Europe;Europe;0;1;1;1;0;Electricity generation;Aggregate fuel;Renewables;%;4,56;;
United Kingdom;GBR;2006;Country or economy;Europe;Europe;0;1;1;1;0;Electricity generation;Aggregate fuel;Wind and Solar;%;1,06;;
United Kingdom;GBR;2006;Country or economy;Europe;Europe;0;1;1;1;0;Electricity generation;Aggregate fuel;Clean;TWh;93,55;-5;-5,07
United Kingdom;GBR;2006;Country or economy;Europe;Europe;0;1;1;1;0;Electricity generation;Aggregate fuel;Fossil;TWh;303,72;3,92;1,31
United Kingdom;GBR;2006;Country or economy;Europe;Europe;0;1;1;1;0;Electricity generation;Aggregate fuel;Gas and Other Fossil;TWh;154,87;-10,29;-6,23
United Kingdom;GBR;2006;Country or economy;Europe;Europe;0;1;1;1;0;Electricity generation;Aggregate fuel;Hydro, Bioenergy and Other Renewables;TWh;13,87;-0,15;-1,07
United Kingdom;GBR;2006;Country or economy;Europe;Europe;0;1;1;1;0;Electricity generation;Aggregate fuel;Renewables;TWh;18,1;1,17;6,91
United Kingdom;GBR;2006;Country or economy;Europe;Europe;0;1;1;1;0;Electricity generation;Aggregate fuel;Wind and Solar;TWh;4,23;1,32;45,36
United Kingdom;GBR;2006;Country or economy;Europe;Europe;0;1;1;1;0;Electricity generation;Fuel;Bioenergy;%;2,34;;
United Kingdom;GBR;2006;Country or economy;Europe;Europe;0;1;1;1;0;Electricity generation;Fuel;Coal;%;37,47;;
United Kingdom;GBR;2006;Country or economy;Europe;Europe;0;1;1;1;0;Electricity generation;Fuel;Gas;%;35,45;;
United Kingdom;GBR;2006;Country or economy;Europe;Europe;0;1;1;1;0;Electricity generation;Fuel;Hydro;%;1,16;;
United Kingdom;GBR;2006;Country or economy;Europe;Europe;0;1;1;1;0;Electricity generation;Fuel;Nuclear;%;18,99;;
United Kingdom;GBR;2006;Country or economy;Europe;Europe;0;1;1;1;0;Electricity generation;Fuel;Other Fossil;%;3,53;;
United Kingdom;GBR;2006;Country or economy;Europe;Europe;0;1;1;1;0;Electricity generation;Fuel;Other Renewables;%;0;;
United Kingdom;GBR;2006;Country or economy;Europe;Europe;0;1;1;1;0;Electricity generation;Fuel;Solar;%;0;;
United Kingdom;GBR;2006;Country or economy;Europe;Europe;0;1;1;1;0;Electricity generation;Fuel;Wind;%;1,06;;
United Kingdom;GBR;2006;Country or economy;Europe;Europe;0;1;1;1;0;Electricity generation;Fuel;Bioenergy;TWh;9,28;0,18;1,98
United Kingdom;GBR;2006;Country or economy;Europe;Europe;0;1;1;1;0;Electricity generation;Fuel;Coal;TWh;148,85;14,21;10,55
United Kingdom;GBR;2006;Country or economy;Europe;Europe;0;1;1;1;0;Electricity generation;Fuel;Gas;TWh;140,83;-11,81;-7,74
United Kingdom;GBR;2006;Country or economy;Europe;Europe;0;1;1;1;0;Electricity generation;Fuel;Hydro;TWh;4,59;-0,33;-6,71
United Kingdom;GBR;2006;Country or economy;Europe;Europe;0;1;1;1;0;Electricity generation;Fuel;Nuclear;TWh;75,45;-6,17;-7,56
United Kingdom;GBR;2006;Country or economy;Europe;Europe;0;1;1;1;0;Electricity generation;Fuel;Other Fossil;TWh;14,04;1,52;12,14
United Kingdom;GBR;2006;Country or economy;Europe;Europe;0;1;1;1;0;Electricity generation;Fuel;Other Renewables;TWh;0;0;
United Kingdom;GBR;2006;Country or economy;Europe;Europe;0;1;1;1;0;Electricity generation;Fuel;Solar;TWh;0,01;0;0
United Kingdom;GBR;2006;Country or economy;Europe;Europe;0;1;1;1;0;Electricity generation;Fuel;Wind;TWh;4,22;1,32;45,52
United Kingdom;GBR;2006;Country or economy;Europe;Europe;0;1;1;1;0;Electricity generation;Total;Total Generation;TWh;397,27;-1,08;-0,27
United Kingdom;GBR;2007;Country or economy;Europe;Europe;0;1;1;1;0;Electricity generation;Aggregate fuel;Clean;%;20,84;;
United Kingdom;GBR;2007;Country or economy;Europe;Europe;0;1;1;1;0;Electricity generation;Aggregate fuel;Fossil;%;79,16;;
United Kingdom;GBR;2007;Country or economy;Europe;Europe;0;1;1;1;0;Electricity generation;Aggregate fuel;Gas and Other Fossil;%;44,9;;
United Kingdom;GBR;2007;Country or economy;Europe;Europe;0;1;1;1;0;Electricity generation;Aggregate fuel;Hydro, Bioenergy and Other Renewables;%;3,63;;
United Kingdom;GBR;2007;Country or economy;Europe;Europe;0;1;1;1;0;Electricity generation;Aggregate fuel;Renewables;%;4,96;;
United Kingdom;GBR;2007;Country or economy;Europe;Europe;0;1;1;1;0;Electricity generation;Aggregate fuel;Wind and Solar;%;1,33;;
United Kingdom;GBR;2007;Country or economy;Europe;Europe;0;1;1;1;0;Electricity generation;Aggregate fuel;Clean;TWh;82,71;-10,84;-11,59
United Kingdom;GBR;2007;Country or economy;Europe;Europe;0;1;1;1;0;Electricity generation;Aggregate fuel;Fossil;TWh;314,1;10,38;3,42
United Kingdom;GBR;2007;Country or economy;Europe;Europe;0;1;1;1;0;Electricity generation;Aggregate fuel;Gas and Other Fossil;TWh;178,16;23,29;15,04
United Kingdom;GBR;2007;Country or economy;Europe;Europe;0;1;1;1;0;Electricity generation;Aggregate fuel;Hydro, Bioenergy and Other Renewables;TWh;14,4;0,53;3,82
United Kingdom;GBR;2007;Country or economy;Europe;Europe;0;1;1;1;0;Electricity generation;Aggregate fuel;Renewables;TWh;19,68;1,58;8,73
United Kingdom;GBR;2007;Country or economy;Europe;Europe;0;1;1;1;0;Electricity generation;Aggregate fuel;Wind and Solar;TWh;5,28;1,05;24,82
United Kingdom;GBR;2007;Country or economy;Europe;Europe;0;1;1;1;0;Electricity generation;Fuel;Bioenergy;%;2,35;;
United Kingdom;GBR;2007;Country or economy;Europe;Europe;0;1;1;1;0;Electricity generation;Fuel;Coal;%;34,26;;
United Kingdom;GBR;2007;Country or economy;Europe;Europe;0;1;1;1;0;Electricity generation;Fuel;Gas;%;41,78;;
United Kingdom;GBR;2007;Country or economy;Europe;Europe;0;1;1;1;0;Electricity generation;Fuel;Hydro;%;1,28;;
United Kingdom;GBR;2007;Country or economy;Europe;Europe;0;1;1;1;0;Electricity generation;Fuel;Nuclear;%;15,88;;
United Kingdom;GBR;2007;Country or economy;Europe;Europe;0;1;1;1;0;Electricity generation;Fuel;Other Fossil;%;3,12;;
United Kingdom;GBR;2007;Country or economy;Europe;Europe;0;1;1;1;0;Electricity generation;Fuel;Other Renewables;%;0;;
United Kingdom;GBR;2007;Country or economy;Europe;Europe;0;1;1;1;0;Electricity generation;Fuel;Solar;%;0;;
United Kingdom;GBR;2007;Country or economy;Europe;Europe;0;1;1;1;0;Electricity generation;Fuel;Wind;%;1,33;;
United Kingdom;GBR;2007;Country or economy;Europe;Europe;0;1;1;1;0;Electricity generation;Fuel;Bioenergy;TWh;9,32;0,04;0,43
United Kingdom;GBR;2007;Country or economy;Europe;Europe;0;1;1;1;0;Electricity generation;Fuel;Coal;TWh;135,94;-12,91;-8,67
United Kingdom;GBR;2007;Country or economy;Europe;Europe;0;1;1;1;0;Electricity generation;Fuel;Gas;TWh;165,79;24,96;17,72
United Kingdom;GBR;2007;Country or economy;Europe;Europe;0;1;1;1;0;Electricity generation;Fuel;Hydro;TWh;5,08;0,49;10,68
United Kingdom;GBR;2007;Country or economy;Europe;Europe;0;1;1;1;0;Electricity generation;Fuel;Nuclear;TWh;63,03;-12,42;-16,46
United Kingdom;GBR;2007;Country or economy;Europe;Europe;0;1;1;1;0;Electricity generation;Fuel;Other Fossil;TWh;12,37;-1,67;-11,89
United Kingdom;GBR;2007;Country or economy;Europe;Europe;0;1;1;1;0;Electricity generation;Fuel;Other Renewables;TWh;0;0;
United Kingdom;GBR;2007;Country or economy;Europe;Europe;0;1;1;1;0;Electricity generation;Fuel;Solar;TWh;0,01;0;0
United Kingdom;GBR;2007;Country or economy;Europe;Europe;0;1;1;1;0;Electricity generation;Fuel;Wind;TWh;5,27;1,05;24,88
United Kingdom;GBR;2007;Country or economy;Europe;Europe;0;1;1;1;0;Electricity generation;Total;Total Generation;TWh;396,81;-0,46;-0,12
United Kingdom;GBR;2008;Country or economy;Europe;Europe;0;1;1;1;0;Electricity generation;Aggregate fuel;Clean;%;19,13;;
United Kingdom;GBR;2008;Country or economy;Europe;Europe;0;1;1;1;0;Electricity generation;Aggregate fuel;Fossil;%;80,87;;
United Kingdom;GBR;2008;Country or economy;Europe;Europe;0;1;1;1;0;Electricity generation;Aggregate fuel;Gas and Other Fossil;%;48,89;;
United Kingdom;GBR;2008;Country or economy;Europe;Europe;0;1;1;1;0;Electricity generation;Aggregate fuel;Hydro, Bioenergy and Other Renewables;%;3,8;;
United Kingdom;GBR;2008;Country or economy;Europe;Europe;0;1;1;1;0;Electricity generation;Aggregate fuel;Renewables;%;5,64;;
United Kingdom;GBR;2008;Country or economy;Europe;Europe;0;1;1;1;0;Electricity generation;Aggregate fuel;Wind and Solar;%;1,84;;
United Kingdom;GBR;2008;Country or economy;Europe;Europe;0;1;1;1;0;Electricity generation;Aggregate fuel;Clean;TWh;74,43;-8,28;-10,01
United Kingdom;GBR;2008;Country or economy;Europe;Europe;0;1;1;1;0;Electricity generation;Aggregate fuel;Fossil;TWh;314,53;0,43;0,14
United Kingdom;GBR;2008;Country or economy;Europe;Europe;0;1;1;1;0;Electricity generation;Aggregate fuel;Gas and Other Fossil;TWh;190,15;11,99;6,73
United Kingdom;GBR;2008;Country or economy;Europe;Europe;0;1;1;1;0;Electricity generation;Aggregate fuel;Hydro, Bioenergy and Other Renewables;TWh;14,79;0,39;2,71
United Kingdom;GBR;2008;Country or economy;Europe;Europe;0;1;1;1;0;Electricity generation;Aggregate fuel;Renewables;TWh;21,94;2,26;11,48
United Kingdom;GBR;2008;Country or economy;Europe;Europe;0;1;1;1;0;Electricity generation;Aggregate fuel;Wind and Solar;TWh;7,15;1,87;35,42
United Kingdom;GBR;2008;Country or economy;Europe;Europe;0;1;1;1;0;Electricity generation;Fuel;Bioenergy;%;2,48;;
United Kingdom;GBR;2008;Country or economy;Europe;Europe;0;1;1;1;0;Electricity generation;Fuel;Coal;%;31,98;;
United Kingdom;GBR;2008;Country or economy;Europe;Europe;0;1;1;1;0;Electricity generation;Fuel;Gas;%;45,31;;
United Kingdom;GBR;2008;Country or economy;Europe;Europe;0;1;1;1;0;Electricity generation;Fuel;Hydro;%;1,32;;
United Kingdom;GBR;2008;Country or economy;Europe;Europe;0;1;1;1;0;Electricity generation;Fuel;Nuclear;%;13,49;;
United Kingdom;GBR;2008;Country or economy;Europe;Europe;0;1;1;1;0;Electricity generation;Fuel;Other Fossil;%;3,58;;
United Kingdom;GBR;2008;Country or economy;Europe;Europe;0;1;1;1;0;Electricity generation;Fuel;Other Renewables;%;0;;
United Kingdom;GBR;2008;Country or economy;Europe;Europe;0;1;1;1;0;Electricity generation;Fuel;Solar;%;0,01;;
United Kingdom;GBR;2008;Country or economy;Europe;Europe;0;1;1;1;0;Electricity generation;Fuel;Wind;%;1,83;;
United Kingdom;GBR;2008;Country or economy;Europe;Europe;0;1;1;1;0;Electricity generation;Fuel;Bioenergy;TWh;9,65;0,33;3,54
United Kingdom;GBR;2008;Country or economy;Europe;Europe;0;1;1;1;0;Electricity generation;Fuel;Coal;TWh;124,38;-11,56;-8,5
United Kingdom;GBR;2008;Country or economy;Europe;Europe;0;1;1;1;0;Electricity generation;Fuel;Gas;TWh;176,22;10,43;6,29
United Kingdom;GBR;2008;Country or economy;Europe;Europe;0;1;1;1;0;Electricity generation;Fuel;Hydro;TWh;5,14;0,06;1,18
United Kingdom;GBR;2008;Country or economy;Europe;Europe;0;1;1;1;0;Electricity generation;Fuel;Nuclear;TWh;52,49;-10,54;-16,72
United Kingdom;GBR;2008;Country or economy;Europe;Europe;0;1;1;1;0;Electricity generation;Fuel;Other Fossil;TWh;13,93;1,56;12,61
United Kingdom;GBR;2008;Country or economy;Europe;Europe;0;1;1;1;0;Electricity generation;Fuel;Other Renewables;TWh;0;0;
United Kingdom;GBR;2008;Country or economy;Europe;Europe;0;1;1;1;0;Electricity generation;Fuel;Solar;TWh;0,02;0,01;100
United Kingdom;GBR;2008;Country or economy;Europe;Europe;0;1;1;1;0;Electricity generation;Fuel;Wind;TWh;7,13;1,86;35,29
United Kingdom;GBR;2008;Country or economy;Europe;Europe;0;1;1;1;0;Electricity generation;Total;Total Generation;TWh;388,96;-7,85;-1,98
United Kingdom;GBR;2009;Country or economy;Europe;Europe;0;1;1;1;0;Electricity generation;Aggregate fuel;Clean;%;25,04;;
United Kingdom;GBR;2009;Country or economy;Europe;Europe;0;1;1;1;0;Electricity generation;Aggregate fuel;Fossil;%;74,96;;
United Kingdom;GBR;2009;Country or economy;Europe;Europe;0;1;1;1;0;Electricity generation;Aggregate fuel;Gas and Other Fossil;%;47,61;;
United Kingdom;GBR;2009;Country or economy;Europe;Europe;0;1;1;1;0;Electricity generation;Aggregate fuel;Hydro, Bioenergy and Other Renewables;%;4,23;;
United Kingdom;GBR;2009;Country or economy;Europe;Europe;0;1;1;1;0;Electricity generation;Aggregate fuel;Renewables;%;6,7;;
United Kingdom;GBR;2009;Country or economy;Europe;Europe;0;1;1;1;0;Electricity generation;Aggregate fuel;Wind and Solar;%;2,47;;
United Kingdom;GBR;2009;Country or economy;Europe;Europe;0;1;1;1;0;Electricity generation;Aggregate fuel;Clean;TWh;94,34;19,91;26,75
United Kingdom;GBR;2009;Country or economy;Europe;Europe;0;1;1;1;0;Electricity generation;Aggregate fuel;Fossil;TWh;282,42;-32,11;-10,21
United Kingdom;GBR;2009;Country or economy;Europe;Europe;0;1;1;1;0;Electricity generation;Aggregate fuel;Gas and Other Fossil;TWh;179,38;-10,77;-5,66
United Kingdom;GBR;2009;Country or economy;Europe;Europe;0;1;1;1;0;Electricity generation;Aggregate fuel;Hydro, Bioenergy and Other Renewables;TWh;15,94;1,15;7,78
United Kingdom;GBR;2009;Country or economy;Europe;Europe;0;1;1;1;0;Electricity generation;Aggregate fuel;Renewables;TWh;25,24;3,3;15,04
United Kingdom;GBR;2009;Country or economy;Europe;Europe;0;1;1;1;0;Electricity generation;Aggregate fuel;Wind and Solar;TWh;9,3;2,15;30,07
United Kingdom;GBR;2009;Country or economy;Europe;Europe;0;1;1;1;0;Electricity generation;Fuel;Bioenergy;%;2,84;;
United Kingdom;GBR;2009;Country or economy;Europe;Europe;0;1;1;1;0;Electricity generation;Fuel;Coal;%;27,35;;
United Kingdom;GBR;2009;Country or economy;Europe;Europe;0;1;1;1;0;Electricity generation;Fuel;Gas;%;44,19;;
United Kingdom;GBR;2009;Country or economy;Europe;Europe;0;1;1;1;0;Electricity generation;Fuel;Hydro;%;1,39;;
United Kingdom;GBR;2009;Country or economy;Europe;Europe;0;1;1;1;0;Electricity generation;Fuel;Nuclear;%;18,34;;
United Kingdom;GBR;2009;Country or economy;Europe;Europe;0;1;1;1;0;Electricity generation;Fuel;Other Fossil;%;3,42;;
United Kingdom;GBR;2009;Country or economy;Europe;Europe;0;1;1;1;0;Electricity generation;Fuel;Other Renewables;%;0;;
United Kingdom;GBR;2009;Country or economy;Europe;Europe;0;1;1;1;0;Electricity generation;Fuel;Solar;%;0,01;;
United Kingdom;GBR;2009;Country or economy;Europe;Europe;0;1;1;1;0;Electricity generation;Fuel;Wind;%;2,46;;
United Kingdom;GBR;2009;Country or economy;Europe;Europe;0;1;1;1;0;Electricity generation;Fuel;Bioenergy;TWh;10,71;1,06;10,98
United Kingdom;GBR;2009;Country or economy;Europe;Europe;0;1;1;1;0;Electricity generation;Fuel;Coal;TWh;103,04;-21,34;-17,16
United Kingdom;GBR;2009;Country or economy;Europe;Europe;0;1;1;1;0;Electricity generation;Fuel;Gas;TWh;166,5;-9,72;-5,52
United Kingdom;GBR;2009;Country or economy;Europe;Europe;0;1;1;1;0;Electricity generation;Fuel;Hydro;TWh;5,23;0,09;1,75
United Kingdom;GBR;2009;Country or economy;Europe;Europe;0;1;1;1;0;Electricity generation;Fuel;Nuclear;TWh;69,1;16,61;31,64
United Kingdom;GBR;2009;Country or economy;Europe;Europe;0;1;1;1;0;Electricity generation;Fuel;Other Fossil;TWh;12,88;-1,05;-7,54
United Kingdom;GBR;2009;Country or economy;Europe;Europe;0;1;1;1;0;Electricity generation;Fuel;Other Renewables;TWh;0;0;
United Kingdom;GBR;2009;Country or economy;Europe;Europe;0;1;1;1;0;Electricity generation;Fuel;Solar;TWh;0,02;0;0
United Kingdom;GBR;2009;Country or economy;Europe;Europe;0;1;1;1;0;Electricity generation;Fuel;Wind;TWh;9,28;2,15;30,15
United Kingdom;GBR;2009;Country or economy;Europe;Europe;0;1;1;1;0;Electricity generation;Total;Total Generation;TWh;376,76;-12,2;-3,14
United Kingdom;GBR;2010;Country or economy;Europe;Europe;0;1;1;1;0;Electricity generation;Aggregate fuel;Clean;%;23,11;;
United Kingdom;GBR;2010;Country or economy;Europe;Europe;0;1;1;1;0;Electricity generation;Aggregate fuel;Fossil;%;76,88;;
United Kingdom;GBR;2010;Country or economy;Europe;Europe;0;1;1;1;0;Electricity generation;Aggregate fuel;Gas and Other Fossil;%;48,72;;
United Kingdom;GBR;2010;Country or economy;Europe;Europe;0;1;1;1;0;Electricity generation;Aggregate fuel;Hydro, Bioenergy and Other Renewables;%;4,15;;
United Kingdom;GBR;2010;Country or economy;Europe;Europe;0;1;1;1;0;Electricity generation;Aggregate fuel;Renewables;%;6,85;;
United Kingdom;GBR;2010;Country or economy;Europe;Europe;0;1;1;1;0;Electricity generation;Aggregate fuel;Wind and Solar;%;2,7;;
United Kingdom;GBR;2010;Country or economy;Europe;Europe;0;1;1;1;0;Electricity generation;Aggregate fuel;Clean;TWh;88,32;-6,02;-6,38
United Kingdom;GBR;2010;Country or economy;Europe;Europe;0;1;1;1;0;Electricity generation;Aggregate fuel;Fossil;TWh;293,74;11,32;4,01
United Kingdom;GBR;2010;Country or economy;Europe;Europe;0;1;1;1;0;Electricity generation;Aggregate fuel;Gas and Other Fossil;TWh;186,15;6,77;3,77
United Kingdom;GBR;2010;Country or economy;Europe;Europe;0;1;1;1;0;Electricity generation;Aggregate fuel;Hydro, Bioenergy and Other Renewables;TWh;15,85;-0,09;-0,56
United Kingdom;GBR;2010;Country or economy;Europe;Europe;0;1;1;1;0;Electricity generation;Aggregate fuel;Renewables;TWh;26,18;0,94;3,72
United Kingdom;GBR;2010;Country or economy;Europe;Europe;0;1;1;1;0;Electricity generation;Aggregate fuel;Wind and Solar;TWh;10,33;1,03;11,08
United Kingdom;GBR;2010;Country or economy;Europe;Europe;0;1;1;1;0;Electricity generation;Fuel;Bioenergy;%;3,21;;
United Kingdom;GBR;2010;Country or economy;Europe;Europe;0;1;1;1;0;Electricity generation;Fuel;Coal;%;28,16;;
United Kingdom;GBR;2010;Country or economy;Europe;Europe;0;1;1;1;0;Electricity generation;Fuel;Gas;%;45,97;;
United Kingdom;GBR;2010;Country or economy;Europe;Europe;0;1;1;1;0;Electricity generation;Fuel;Hydro;%;0,94;;
United Kingdom;GBR;2010;Country or economy;Europe;Europe;0;1;1;1;0;Electricity generation;Fuel;Nuclear;%;16,26;;
United Kingdom;GBR;2010;Country or economy;Europe;Europe;0;1;1;1;0;Electricity generation;Fuel;Other Fossil;%;2,75;;
United Kingdom;GBR;2010;Country or economy;Europe;Europe;0;1;1;1;0;Electricity generation;Fuel;Other Renewables;%;0;;
United Kingdom;GBR;2010;Country or economy;Europe;Europe;0;1;1;1;0;Electricity generation;Fuel;Solar;%;0,01;;
United Kingdom;GBR;2010;Country or economy;Europe;Europe;0;1;1;1;0;Electricity generation;Fuel;Wind;%;2,69;;
United Kingdom;GBR;2010;Country or economy;Europe;Europe;0;1;1;1;0;Electricity generation;Fuel;Bioenergy;TWh;12,26;1,55;14,47
United Kingdom;GBR;2010;Country or economy;Europe;Europe;0;1;1;1;0;Electricity generation;Fuel;Coal;TWh;107,59;4,55;4,42
United Kingdom;GBR;2010;Country or economy;Europe;Europe;0;1;1;1;0;Electricity generation;Fuel;Gas;TWh;175,65;9,15;5,5
United Kingdom;GBR;2010;Country or economy;Europe;Europe;0;1;1;1;0;Electricity generation;Fuel;Hydro;TWh;3,59;-1,64;-31,36
United Kingdom;GBR;2010;Country or economy;Europe;Europe;0;1;1;1;0;Electricity generation;Fuel;Nuclear;TWh;62,14;-6,96;-10,07
United Kingdom;GBR;2010;Country or economy;Europe;Europe;0;1;1;1;0;Electricity generation;Fuel;Other Fossil;TWh;10,5;-2,38;-18,48
United Kingdom;GBR;2010;Country or economy;Europe;Europe;0;1;1;1;0;Electricity generation;Fuel;Other Renewables;TWh;0;0;
United Kingdom;GBR;2010;Country or economy;Europe;Europe;0;1;1;1;0;Electricity generation;Fuel;Solar;TWh;0,04;0,02;100
United Kingdom;GBR;2010;Country or economy;Europe;Europe;0;1;1;1;0;Electricity generation;Fuel;Wind;TWh;10,29;1,01;10,88
United Kingdom;GBR;2010;Country or economy;Europe;Europe;0;1;1;1;0;Electricity generation;Total;Total Generation;TWh;382,06;5,3;1,41
United Kingdom;GBR;2011;Country or economy;Europe;Europe;0;1;1;1;0;Electricity generation;Aggregate fuel;Clean;%;28,33;;
United Kingdom;GBR;2011;Country or economy;Europe;Europe;0;1;1;1;0;Electricity generation;Aggregate fuel;Fossil;%;71,69;;
United Kingdom;GBR;2011;Country or economy;Europe;Europe;0;1;1;1;0;Electricity generation;Aggregate fuel;Gas and Other Fossil;%;42,22;;
United Kingdom;GBR;2011;Country or economy;Europe;Europe;0;1;1;1;0;Electricity generation;Aggregate fuel;Hydro, Bioenergy and Other Renewables;%;5,17;;
United Kingdom;GBR;2011;Country or economy;Europe;Europe;0;1;1;1;0;Electricity generation;Aggregate fuel;Renewables;%;9,58;;
United Kingdom;GBR;2011;Country or economy;Europe;Europe;0;1;1;1;0;Electricity generation;Aggregate fuel;Wind and Solar;%;4,41;;
United Kingdom;GBR;2011;Country or economy;Europe;Europe;0;1;1;1;0;Electricity generation;Aggregate fuel;Clean;TWh;104,18;15,86;17,96
United Kingdom;GBR;2011;Country or economy;Europe;Europe;0;1;1;1;0;Electricity generation;Aggregate fuel;Fossil;TWh;263,79;-29,95;-10,2
United Kingdom;GBR;2011;Country or economy;Europe;Europe;0;1;1;1;0;Electricity generation;Aggregate fuel;Gas and Other Fossil;TWh;155,35;-30,8;-16,55
United Kingdom;GBR;2011;Country or economy;Europe;Europe;0;1;1;1;0;Electricity generation;Aggregate fuel;Hydro, Bioenergy and Other Renewables;TWh;19;3,15;19,87
United Kingdom;GBR;2011;Country or economy;Europe;Europe;0;1;1;1;0;Electricity generation;Aggregate fuel;Renewables;TWh;35,2;9,02;34,45
United Kingdom;GBR;2011;Country or economy;Europe;Europe;0;1;1;1;0;Electricity generation;Aggregate fuel;Wind and Solar;TWh;16,2;5,87;56,82
United Kingdom;GBR;2011;Country or economy;Europe;Europe;0;1;1;1;0;Electricity generation;Fuel;Bioenergy;%;3,62;;
United Kingdom;GBR;2011;Country or economy;Europe;Europe;0;1;1;1;0;Electricity generation;Fuel;Coal;%;29,47;;
United Kingdom;GBR;2011;Country or economy;Europe;Europe;0;1;1;1;0;Electricity generation;Fuel;Gas;%;39,81;;
United Kingdom;GBR;2011;Country or economy;Europe;Europe;0;1;1;1;0;Electricity generation;Fuel;Hydro;%;1,55;;
United Kingdom;GBR;2011;Country or economy;Europe;Europe;0;1;1;1;0;Electricity generation;Fuel;Nuclear;%;18,75;;
United Kingdom;GBR;2011;Country or economy;Europe;Europe;0;1;1;1;0;Electricity generation;Fuel;Other Fossil;%;2,41;;
United Kingdom;GBR;2011;Country or economy;Europe;Europe;0;1;1;1;0;Electricity generation;Fuel;Other Renewables;%;0;;
United Kingdom;GBR;2011;Country or economy;Europe;Europe;0;1;1;1;0;Electricity generation;Fuel;Solar;%;0,07;;
United Kingdom;GBR;2011;Country or economy;Europe;Europe;0;1;1;1;0;Electricity generation;Fuel;Wind;%;4,34;;
United Kingdom;GBR;2011;Country or economy;Europe;Europe;0;1;1;1;0;Electricity generation;Fuel;Bioenergy;TWh;13,31;1,05;8,56
United Kingdom;GBR;2011;Country or economy;Europe;Europe;0;1;1;1;0;Electricity generation;Fuel;Coal;TWh;108,44;0,85;0,79
United Kingdom;GBR;2011;Country or economy;Europe;Europe;0;1;1;1;0;Electricity generation;Fuel;Gas;TWh;146,5;-29,15;-16,6
United Kingdom;GBR;2011;Country or economy;Europe;Europe;0;1;1;1;0;Electricity generation;Fuel;Hydro;TWh;5,69;2,1;58,5
United Kingdom;GBR;2011;Country or economy;Europe;Europe;0;1;1;1;0;Electricity generation;Fuel;Nuclear;TWh;68,98;6,84;11,01
United Kingdom;GBR;2011;Country or economy;Europe;Europe;0;1;1;1;0;Electricity generation;Fuel;Other Fossil;TWh;8,85;-1,65;-15,71
United Kingdom;GBR;2011;Country or economy;Europe;Europe;0;1;1;1;0;Electricity generation;Fuel;Other Renewables;TWh;0;0;
United Kingdom;GBR;2011;Country or economy;Europe;Europe;0;1;1;1;0;Electricity generation;Fuel;Solar;TWh;0,24;0,2;500
United Kingdom;GBR;2011;Country or economy;Europe;Europe;0;1;1;1;0;Electricity generation;Fuel;Wind;TWh;15,96;5,67;55,1
United Kingdom;GBR;2011;Country or economy;Europe;Europe;0;1;1;1;0;Electricity generation;Total;Total Generation;TWh;367,97;-14,09;-3,69
United Kingdom;GBR;2012;Country or economy;Europe;Europe;0;1;1;1;0;Electricity generation;Aggregate fuel;Clean;%;30,68;;
United Kingdom;GBR;2012;Country or economy;Europe;Europe;0;1;1;1;0;Electricity generation;Aggregate fuel;Fossil;%;69,31;;
United Kingdom;GBR;2012;Country or economy;Europe;Europe;0;1;1;1;0;Electricity generation;Aggregate fuel;Gas and Other Fossil;%;30,07;;
United Kingdom;GBR;2012;Country or economy;Europe;Europe;0;1;1;1;0;Electricity generation;Aggregate fuel;Hydro, Bioenergy and Other Renewables;%;5,51;;
United Kingdom;GBR;2012;Country or economy;Europe;Europe;0;1;1;1;0;Electricity generation;Aggregate fuel;Renewables;%;11,33;;
United Kingdom;GBR;2012;Country or economy;Europe;Europe;0;1;1;1;0;Electricity generation;Aggregate fuel;Wind and Solar;%;5,82;;
United Kingdom;GBR;2012;Country or economy;Europe;Europe;0;1;1;1;0;Electricity generation;Aggregate fuel;Clean;TWh;111,65;7,47;7,17
United Kingdom;GBR;2012;Country or economy;Europe;Europe;0;1;1;1;0;Electricity generation;Aggregate fuel;Fossil;TWh;252,22;-11,57;-4,39
United Kingdom;GBR;2012;Country or economy;Europe;Europe;0;1;1;1;0;Electricity generation;Aggregate fuel;Gas and Other Fossil;TWh;109,43;-45,92;-29,56
United Kingdom;GBR;2012;Country or economy;Europe;Europe;0;1;1;1;0;Electricity generation;Aggregate fuel;Hydro, Bioenergy and Other Renewables;TWh;20,05;1,05;5,53
United Kingdom;GBR;2012;Country or economy;Europe;Europe;0;1;1;1;0;Electricity generation;Aggregate fuel;Renewables;TWh;41,24;6,04;17,16
United Kingdom;GBR;2012;Country or economy;Europe;Europe;0;1;1;1;0;Electricity generation;Aggregate fuel;Wind and Solar;TWh;21,19;4,99;30,8
United Kingdom;GBR;2012;Country or economy;Europe;Europe;0;1;1;1;0;Electricity generation;Fuel;Bioenergy;%;4,05;;
United Kingdom;GBR;2012;Country or economy;Europe;Europe;0;1;1;1;0;Electricity generation;Fuel;Coal;%;39,24;;
United Kingdom;GBR;2012;Country or economy;Europe;Europe;0;1;1;1;0;Electricity generation;Fuel;Gas;%;27,53;;
United Kingdom;GBR;2012;Country or economy;Europe;Europe;0;1;1;1;0;Electricity generation;Fuel;Hydro;%;1,46;;
United Kingdom;GBR;2012;Country or economy;Europe;Europe;0;1;1;1;0;Electricity generation;Fuel;Nuclear;%;19,35;;
United Kingdom;GBR;2012;Country or economy;Europe;Europe;0;1;1;1;0;Electricity generation;Fuel;Other Fossil;%;2,54;;
United Kingdom;GBR;2012;Country or economy;Europe;Europe;0;1;1;1;0;Electricity generation;Fuel;Other Renewables;%;0;;
United Kingdom;GBR;2012;Country or economy;Europe;Europe;0;1;1;1;0;Electricity generation;Fuel;Solar;%;0,37;;
United Kingdom;GBR;2012;Country or economy;Europe;Europe;0;1;1;1;0;Electricity generation;Fuel;Wind;%;5,45;;
United Kingdom;GBR;2012;Country or economy;Europe;Europe;0;1;1;1;0;Electricity generation;Fuel;Bioenergy;TWh;14,74;1,43;10,74
United Kingdom;GBR;2012;Country or economy;Europe;Europe;0;1;1;1;0;Electricity generation;Fuel;Coal;TWh;142,79;34,35;31,68
United Kingdom;GBR;2012;Country or economy;Europe;Europe;0;1;1;1;0;Electricity generation;Fuel;Gas;TWh;100,17;-46,33;-31,62
United Kingdom;GBR;2012;Country or economy;Europe;Europe;0;1;1;1;0;Electricity generation;Fuel;Hydro;TWh;5,31;-0,38;-6,68
United Kingdom;GBR;2012;Country or economy;Europe;Europe;0;1;1;1;0;Electricity generation;Fuel;Nuclear;TWh;70,41;1,43;2,07
United Kingdom;GBR;2012;Country or economy;Europe;Europe;0;1;1;1;0;Electricity generation;Fuel;Other Fossil;TWh;9,26;0,41;4,63
United Kingdom;GBR;2012;Country or economy;Europe;Europe;0;1;1;1;0;Electricity generation;Fuel;Other Renewables;TWh;0;0;
United Kingdom;GBR;2012;Country or economy;Europe;Europe;0;1;1;1;0;Electricity generation;Fuel;Solar;TWh;1,35;1,11;462,5
United Kingdom;GBR;2012;Country or economy;Europe;Europe;0;1;1;1;0;Electricity generation;Fuel;Wind;TWh;19,84;3,88;24,31
United Kingdom;GBR;2012;Country or economy;Europe;Europe;0;1;1;1;0;Electricity generation;Total;Total Generation;TWh;363,87;-4,1;-1,11
United Kingdom;GBR;2013;Country or economy;Europe;Europe;0;1;1;1;0;Electricity generation;Aggregate fuel;Clean;%;34,56;;
United Kingdom;GBR;2013;Country or economy;Europe;Europe;0;1;1;1;0;Electricity generation;Aggregate fuel;Fossil;%;65,44;;
United Kingdom;GBR;2013;Country or economy;Europe;Europe;0;1;1;1;0;Electricity generation;Aggregate fuel;Gas and Other Fossil;%;29,08;;
United Kingdom;GBR;2013;Country or economy;Europe;Europe;0;1;1;1;0;Electricity generation;Aggregate fuel;Hydro, Bioenergy and Other Renewables;%;6,36;;
United Kingdom;GBR;2013;Country or economy;Europe;Europe;0;1;1;1;0;Electricity generation;Aggregate fuel;Renewables;%;14,85;;
United Kingdom;GBR;2013;Country or economy;Europe;Europe;0;1;1;1;0;Electricity generation;Aggregate fuel;Wind and Solar;%;8,49;;
United Kingdom;GBR;2013;Country or economy;Europe;Europe;0;1;1;1;0;Electricity generation;Aggregate fuel;Clean;TWh;123,82;12,17;10,9
United Kingdom;GBR;2013;Country or economy;Europe;Europe;0;1;1;1;0;Electricity generation;Aggregate fuel;Fossil;TWh;234,46;-17,76;-7,04
United Kingdom;GBR;2013;Country or economy;Europe;Europe;0;1;1;1;0;Electricity generation;Aggregate fuel;Gas and Other Fossil;TWh;104,2;-5,23;-4,78
United Kingdom;GBR;2013;Country or economy;Europe;Europe;0;1;1;1;0;Electricity generation;Aggregate fuel;Hydro, Bioenergy and Other Renewables;TWh;22,8;2,75;13,72
United Kingdom;GBR;2013;Country or economy;Europe;Europe;0;1;1;1;0;Electricity generation;Aggregate fuel;Renewables;TWh;53,21;11,97;29,03
United Kingdom;GBR;2013;Country or economy;Europe;Europe;0;1;1;1;0;Electricity generation;Aggregate fuel;Wind and Solar;TWh;30,41;9,22;43,51
United Kingdom;GBR;2013;Country or economy;Europe;Europe;0;1;1;1;0;Electricity generation;Fuel;Bioenergy;%;5,05;;
United Kingdom;GBR;2013;Country or economy;Europe;Europe;0;1;1;1;0;Electricity generation;Fuel;Coal;%;36,36;;
United Kingdom;GBR;2013;Country or economy;Europe;Europe;0;1;1;1;0;Electricity generation;Fuel;Gas;%;26,75;;
United Kingdom;GBR;2013;Country or economy;Europe;Europe;0;1;1;1;0;Electricity generation;Fuel;Hydro;%;1,31;;
United Kingdom;GBR;2013;Country or economy;Europe;Europe;0;1;1;1;0;Electricity generation;Fuel;Nuclear;%;19,71;;
United Kingdom;GBR;2013;Country or economy;Europe;Europe;0;1;1;1;0;Electricity generation;Fuel;Other Fossil;%;2,33;;
United Kingdom;GBR;2013;Country or economy;Europe;Europe;0;1;1;1;0;Electricity generation;Fuel;Other Renewables;%;0;;
United Kingdom;GBR;2013;Country or economy;Europe;Europe;0;1;1;1;0;Electricity generation;Fuel;Solar;%;0,56;;
United Kingdom;GBR;2013;Country or economy;Europe;Europe;0;1;1;1;0;Electricity generation;Fuel;Wind;%;7,93;;
United Kingdom;GBR;2013;Country or economy;Europe;Europe;0;1;1;1;0;Electricity generation;Fuel;Bioenergy;TWh;18,1;3,36;22,8
United Kingdom;GBR;2013;Country or economy;Europe;Europe;0;1;1;1;0;Electricity generation;Fuel;Coal;TWh;130,26;-12,53;-8,78
United Kingdom;GBR;2013;Country or economy;Europe;Europe;0;1;1;1;0;Electricity generation;Fuel;Gas;TWh;95,84;-4,33;-4,32
United Kingdom;GBR;2013;Country or economy;Europe;Europe;0;1;1;1;0;Electricity generation;Fuel;Hydro;TWh;4,7;-0,61;-11,49
United Kingdom;GBR;2013;Country or economy;Europe;Europe;0;1;1;1;0;Electricity generation;Fuel;Nuclear;TWh;70,61;0,2;0,28
United Kingdom;GBR;2013;Country or economy;Europe;Europe;0;1;1;1;0;Electricity generation;Fuel;Other Fossil;TWh;8,36;-0,9;-9,72
United Kingdom;GBR;2013;Country or economy;Europe;Europe;0;1;1;1;0;Electricity generation;Fuel;Other Renewables;TWh;0;0;
United Kingdom;GBR;2013;Country or economy;Europe;Europe;0;1;1;1;0;Electricity generation;Fuel;Solar;TWh;2,01;0,66;48,89
United Kingdom;GBR;2013;Country or economy;Europe;Europe;0;1;1;1;0;Electricity generation;Fuel;Wind;TWh;28,4;8,56;43,15
United Kingdom;GBR;2013;Country or economy;Europe;Europe;0;1;1;1;0;Electricity generation;Total;Total Generation;TWh;358,28;-5,59;-1,54
United Kingdom;GBR;2014;Country or economy;Europe;Europe;0;1;1;1;0;Electricity generation;Aggregate fuel;Clean;%;37,94;;
United Kingdom;GBR;2014;Country or economy;Europe;Europe;0;1;1;1;0;Electricity generation;Aggregate fuel;Fossil;%;62,06;;
United Kingdom;GBR;2014;Country or economy;Europe;Europe;0;1;1;1;0;Electricity generation;Aggregate fuel;Gas and Other Fossil;%;32,41;;
United Kingdom;GBR;2014;Country or economy;Europe;Europe;0;1;1;1;0;Electricity generation;Aggregate fuel;Hydro, Bioenergy and Other Renewables;%;8,43;;
United Kingdom;GBR;2014;Country or economy;Europe;Europe;0;1;1;1;0;Electricity generation;Aggregate fuel;Renewables;%;19,08;;
United Kingdom;GBR;2014;Country or economy;Europe;Europe;0;1;1;1;0;Electricity generation;Aggregate fuel;Wind and Solar;%;10,65;;
United Kingdom;GBR;2014;Country or economy;Europe;Europe;0;1;1;1;0;Electricity generation;Aggregate fuel;Clean;TWh;128,26;4,44;3,59
United Kingdom;GBR;2014;Country or economy;Europe;Europe;0;1;1;1;0;Electricity generation;Aggregate fuel;Fossil;TWh;209,82;-24,64;-10,51
United Kingdom;GBR;2014;Country or economy;Europe;Europe;0;1;1;1;0;Electricity generation;Aggregate fuel;Gas and Other Fossil;TWh;109,58;5,38;5,16
United Kingdom;GBR;2014;Country or economy;Europe;Europe;0;1;1;1;0;Electricity generation;Aggregate fuel;Hydro, Bioenergy and Other Renewables;TWh;28,51;5,71;25,04
United Kingdom;GBR;2014;Country or economy;Europe;Europe;0;1;1;1;0;Electricity generation;Aggregate fuel;Renewables;TWh;64,51;11,3;21,24
United Kingdom;GBR;2014;Country or economy;Europe;Europe;0;1;1;1;0;Electricity generation;Aggregate fuel;Wind and Solar;TWh;36;5,59;18,38
United Kingdom;GBR;2014;Country or economy;Europe;Europe;0;1;1;1;0;Electricity generation;Fuel;Bioenergy;%;6,69;;
United Kingdom;GBR;2014;Country or economy;Europe;Europe;0;1;1;1;0;Electricity generation;Fuel;Coal;%;29,65;;
United Kingdom;GBR;2014;Country or economy;Europe;Europe;0;1;1;1;0;Electricity generation;Fuel;Gas;%;29,84;;
United Kingdom;GBR;2014;Country or economy;Europe;Europe;0;1;1;1;0;Electricity generation;Fuel;Hydro;%;1,74;;
United Kingdom;GBR;2014;Country or economy;Europe;Europe;0;1;1;1;0;Electricity generation;Fuel;Nuclear;%;18,86;;
United Kingdom;GBR;2014;Country or economy;Europe;Europe;0;1;1;1;0;Electricity generation;Fuel;Other Fossil;%;2,57;;
United Kingdom;GBR;2014;Country or economy;Europe;Europe;0;1;1;1;0;Electricity generation;Fuel;Other Renewables;%;0;;
United Kingdom;GBR;2014;Country or economy;Europe;Europe;0;1;1;1;0;Electricity generation;Fuel;Solar;%;1,2;;
United Kingdom;GBR;2014;Country or economy;Europe;Europe;0;1;1;1;0;Electricity generation;Fuel;Wind;%;9,45;;
United Kingdom;GBR;2014;Country or economy;Europe;Europe;0;1;1;1;0;Electricity generation;Fuel;Bioenergy;TWh;22,62;4,52;24,97
United Kingdom;GBR;2014;Country or economy;Europe;Europe;0;1;1;1;0;Electricity generation;Fuel;Coal;TWh;100,24;-30,02;-23,05
United Kingdom;GBR;2014;Country or economy;Europe;Europe;0;1;1;1;0;Electricity generation;Fuel;Gas;TWh;100,89;5,05;5,27
United Kingdom;GBR;2014;Country or economy;Europe;Europe;0;1;1;1;0;Electricity generation;Fuel;Hydro;TWh;5,89;1,19;25,32
United Kingdom;GBR;2014;Country or economy;Europe;Europe;0;1;1;1;0;Electricity generation;Fuel;Nuclear;TWh;63,75;-6,86;-9,72
United Kingdom;GBR;2014;Country or economy;Europe;Europe;0;1;1;1;0;Electricity generation;Fuel;Other Fossil;TWh;8,69;0,33;3,95
United Kingdom;GBR;2014;Country or economy;Europe;Europe;0;1;1;1;0;Electricity generation;Fuel;Other Renewables;TWh;0;0;
United Kingdom;GBR;2014;Country or economy;Europe;Europe;0;1;1;1;0;Electricity generation;Fuel;Solar;TWh;4,05;2,04;101,49
United Kingdom;GBR;2014;Country or economy;Europe;Europe;0;1;1;1;0;Electricity generation;Fuel;Wind;TWh;31,95;3,55;12,5
United Kingdom;GBR;2014;Country or economy;Europe;Europe;0;1;1;1;0;Electricity generation;Total;Total Generation;TWh;338,08;-20,2;-5,64
United Kingdom;GBR;2015;Country or economy;Europe;Europe;0;1;1;1;0;Electricity generation;Aggregate fuel;Clean;%;45,35;;
United Kingdom;GBR;2015;Country or economy;Europe;Europe;0;1;1;1;0;Electricity generation;Aggregate fuel;Fossil;%;54,64;;
United Kingdom;GBR;2015;Country or economy;Europe;Europe;0;1;1;1;0;Electricity generation;Aggregate fuel;Gas and Other Fossil;%;32,25;;
United Kingdom;GBR;2015;Country or economy;Europe;Europe;0;1;1;1;0;Electricity generation;Aggregate fuel;Hydro, Bioenergy and Other Renewables;%;10,49;;
United Kingdom;GBR;2015;Country or economy;Europe;Europe;0;1;1;1;0;Electricity generation;Aggregate fuel;Renewables;%;24,59;;
United Kingdom;GBR;2015;Country or economy;Europe;Europe;0;1;1;1;0;Electricity generation;Aggregate fuel;Wind and Solar;%;14,1;;
United Kingdom;GBR;2015;Country or economy;Europe;Europe;0;1;1;1;0;Electricity generation;Aggregate fuel;Clean;TWh;153,7;25,44;19,83
United Kingdom;GBR;2015;Country or economy;Europe;Europe;0;1;1;1;0;Electricity generation;Aggregate fuel;Fossil;TWh;185,17;-24,65;-11,75
United Kingdom;GBR;2015;Country or economy;Europe;Europe;0;1;1;1;0;Electricity generation;Aggregate fuel;Gas and Other Fossil;TWh;109,29;-0,29;-0,26
United Kingdom;GBR;2015;Country or economy;Europe;Europe;0;1;1;1;0;Electricity generation;Aggregate fuel;Hydro, Bioenergy and Other Renewables;TWh;35,56;7,05;24,73
United Kingdom;GBR;2015;Country or economy;Europe;Europe;0;1;1;1;0;Electricity generation;Aggregate fuel;Renewables;TWh;83,36;18,85;29,22
United Kingdom;GBR;2015;Country or economy;Europe;Europe;0;1;1;1;0;Electricity generation;Aggregate fuel;Wind and Solar;TWh;47,8;11,8;32,78
United Kingdom;GBR;2015;Country or economy;Europe;Europe;0;1;1;1;0;Electricity generation;Fuel;Bioenergy;%;8,63;;
United Kingdom;GBR;2015;Country or economy;Europe;Europe;0;1;1;1;0;Electricity generation;Fuel;Coal;%;22,39;;
United Kingdom;GBR;2015;Country or economy;Europe;Europe;0;1;1;1;0;Electricity generation;Fuel;Gas;%;29,47;;
United Kingdom;GBR;2015;Country or economy;Europe;Europe;0;1;1;1;0;Electricity generation;Fuel;Hydro;%;1,86;;
United Kingdom;GBR;2015;Country or economy;Europe;Europe;0;1;1;1;0;Electricity generation;Fuel;Nuclear;%;20,76;;
United Kingdom;GBR;2015;Country or economy;Europe;Europe;0;1;1;1;0;Electricity generation;Fuel;Other Fossil;%;2,78;;
United Kingdom;GBR;2015;Country or economy;Europe;Europe;0;1;1;1;0;Electricity generation;Fuel;Other Renewables;%;0;;
United Kingdom;GBR;2015;Country or economy;Europe;Europe;0;1;1;1;0;Electricity generation;Fuel;Solar;%;2,22;;
United Kingdom;GBR;2015;Country or economy;Europe;Europe;0;1;1;1;0;Electricity generation;Fuel;Wind;%;11,88;;
United Kingdom;GBR;2015;Country or economy;Europe;Europe;0;1;1;1;0;Electricity generation;Fuel;Bioenergy;TWh;29,26;6,64;29,35
United Kingdom;GBR;2015;Country or economy;Europe;Europe;0;1;1;1;0;Electricity generation;Fuel;Coal;TWh;75,88;-24,36;-24,3
United Kingdom;GBR;2015;Country or economy;Europe;Europe;0;1;1;1;0;Electricity generation;Fuel;Gas;TWh;99,88;-1,01;-1
United Kingdom;GBR;2015;Country or economy;Europe;Europe;0;1;1;1;0;Electricity generation;Fuel;Hydro;TWh;6,3;0,41;6,96
United Kingdom;GBR;2015;Country or economy;Europe;Europe;0;1;1;1;0;Electricity generation;Fuel;Nuclear;TWh;70,34;6,59;10,34
United Kingdom;GBR;2015;Country or economy;Europe;Europe;0;1;1;1;0;Electricity generation;Fuel;Other Fossil;TWh;9,41;0,72;8,29
United Kingdom;GBR;2015;Country or economy;Europe;Europe;0;1;1;1;0;Electricity generation;Fuel;Other Renewables;TWh;0;0;
United Kingdom;GBR;2015;Country or economy;Europe;Europe;0;1;1;1;0;Electricity generation;Fuel;Solar;TWh;7,53;3,48;85,93
United Kingdom;GBR;2015;Country or economy;Europe;Europe;0;1;1;1;0;Electricity generation;Fuel;Wind;TWh;40,27;8,32;26,04
United Kingdom;GBR;2015;Country or economy;Europe;Europe;0;1;1;1;0;Electricity generation;Total;Total Generation;TWh;338,87;0,79;0,23
United Kingdom;GBR;2016;Country or economy;Europe;Europe;0;1;1;1;0;Electricity generation;Aggregate fuel;Clean;%;45,63;;
United Kingdom;GBR;2016;Country or economy;Europe;Europe;0;1;1;1;0;Electricity generation;Aggregate fuel;Fossil;%;54,38;;
United Kingdom;GBR;2016;Country or economy;Europe;Europe;0;1;1;1;0;Electricity generation;Aggregate fuel;Gas and Other Fossil;%;45,34;;
United Kingdom;GBR;2016;Country or economy;Europe;Europe;0;1;1;1;0;Electricity generation;Aggregate fuel;Hydro, Bioenergy and Other Renewables;%;10,45;;
United Kingdom;GBR;2016;Country or economy;Europe;Europe;0;1;1;1;0;Electricity generation;Aggregate fuel;Renewables;%;24,48;;
United Kingdom;GBR;2016;Country or economy;Europe;Europe;0;1;1;1;0;Electricity generation;Aggregate fuel;Wind and Solar;%;14,03;;
United Kingdom;GBR;2016;Country or economy;Europe;Europe;0;1;1;1;0;Electricity generation;Aggregate fuel;Clean;TWh;154,74;1,04;0,68
United Kingdom;GBR;2016;Country or economy;Europe;Europe;0;1;1;1;0;Electricity generation;Aggregate fuel;Fossil;TWh;184,44;-0,73;-0,39
United Kingdom;GBR;2016;Country or economy;Europe;Europe;0;1;1;1;0;Electricity generation;Aggregate fuel;Gas and Other Fossil;TWh;153,77;44,48;40,7
United Kingdom;GBR;2016;Country or economy;Europe;Europe;0;1;1;1;0;Electricity generation;Aggregate fuel;Hydro, Bioenergy and Other Renewables;TWh;35,44;-0,12;-0,34
United Kingdom;GBR;2016;Country or economy;Europe;Europe;0;1;1;1;0;Electricity generation;Aggregate fuel;Renewables;TWh;83,01;-0,35;-0,42
United Kingdom;GBR;2016;Country or economy;Europe;Europe;0;1;1;1;0;Electricity generation;Aggregate fuel;Wind and Solar;TWh;47,57;-0,23;-0,48
United Kingdom;GBR;2016;Country or economy;Europe;Europe;0;1;1;1;0;Electricity generation;Fuel;Bioenergy;%;8,87;;
United Kingdom;GBR;2016;Country or economy;Europe;Europe;0;1;1;1;0;Electricity generation;Fuel;Coal;%;9,04;;
United Kingdom;GBR;2016;Country or economy;Europe;Europe;0;1;1;1;0;Electricity generation;Fuel;Gas;%;42,2;;
United Kingdom;GBR;2016;Country or economy;Europe;Europe;0;1;1;1;0;Electricity generation;Fuel;Hydro;%;1,58;;
United Kingdom;GBR;2016;Country or economy;Europe;Europe;0;1;1;1;0;Electricity generation;Fuel;Nuclear;%;21,15;;
United Kingdom;GBR;2016;Country or economy;Europe;Europe;0;1;1;1;0;Electricity generation;Fuel;Other Fossil;%;3,14;;
United Kingdom;GBR;2016;Country or economy;Europe;Europe;0;1;1;1;0;Electricity generation;Fuel;Other Renewables;%;0;;
United Kingdom;GBR;2016;Country or economy;Europe;Europe;0;1;1;1;0;Electricity generation;Fuel;Solar;%;3,07;;
United Kingdom;GBR;2016;Country or economy;Europe;Europe;0;1;1;1;0;Electricity generation;Fuel;Wind;%;10,96;;
United Kingdom;GBR;2016;Country or economy;Europe;Europe;0;1;1;1;0;Electricity generation;Fuel;Bioenergy;TWh;30,07;0,81;2,77
United Kingdom;GBR;2016;Country or economy;Europe;Europe;0;1;1;1;0;Electricity generation;Fuel;Coal;TWh;30,67;-45,21;-59,58
United Kingdom;GBR;2016;Country or economy;Europe;Europe;0;1;1;1;0;Electricity generation;Fuel;Gas;TWh;143,13;43,25;43,3
United Kingdom;GBR;2016;Country or economy;Europe;Europe;0;1;1;1;0;Electricity generation;Fuel;Hydro;TWh;5,37;-0,93;-14,76
United Kingdom;GBR;2016;Country or economy;Europe;Europe;0;1;1;1;0;Electricity generation;Fuel;Nuclear;TWh;71,73;1,39;1,98
United Kingdom;GBR;2016;Country or economy;Europe;Europe;0;1;1;1;0;Electricity generation;Fuel;Other Fossil;TWh;10,64;1,23;13,07
United Kingdom;GBR;2016;Country or economy;Europe;Europe;0;1;1;1;0;Electricity generation;Fuel;Other Renewables;TWh;0;0;
United Kingdom;GBR;2016;Country or economy;Europe;Europe;0;1;1;1;0;Electricity generation;Fuel;Solar;TWh;10,41;2,88;38,25
United Kingdom;GBR;2016;Country or economy;Europe;Europe;0;1;1;1;0;Electricity generation;Fuel;Wind;TWh;37,16;-3,11;-7,72
United Kingdom;GBR;2016;Country or economy;Europe;Europe;0;1;1;1;0;Electricity generation;Total;Total Generation;TWh;339,18;0,31;0,09
United Kingdom;GBR;2017;Country or economy;Europe;Europe;0;1;1;1;0;Electricity generation;Aggregate fuel;Clean;%;50,04;;
United Kingdom;GBR;2017;Country or economy;Europe;Europe;0;1;1;1;0;Electricity generation;Aggregate fuel;Fossil;%;49,96;;
United Kingdom;GBR;2017;Country or economy;Europe;Europe;0;1;1;1;0;Electricity generation;Aggregate fuel;Gas and Other Fossil;%;43,3;;
United Kingdom;GBR;2017;Country or economy;Europe;Europe;0;1;1;1;0;Electricity generation;Aggregate fuel;Hydro, Bioenergy and Other Renewables;%;11,17;;
United Kingdom;GBR;2017;Country or economy;Europe;Europe;0;1;1;1;0;Electricity generation;Aggregate fuel;Renewables;%;29,24;;
United Kingdom;GBR;2017;Country or economy;Europe;Europe;0;1;1;1;0;Electricity generation;Aggregate fuel;Wind and Solar;%;18,07;;
United Kingdom;GBR;2017;Country or economy;Europe;Europe;0;1;1;1;0;Electricity generation;Aggregate fuel;Clean;TWh;169,23;14,49;9,36
United Kingdom;GBR;2017;Country or economy;Europe;Europe;0;1;1;1;0;Electricity generation;Aggregate fuel;Fossil;TWh;168,99;-15,45;-8,38
United Kingdom;GBR;2017;Country or economy;Europe;Europe;0;1;1;1;0;Electricity generation;Aggregate fuel;Gas and Other Fossil;TWh;146,46;-7,31;-4,75
United Kingdom;GBR;2017;Country or economy;Europe;Europe;0;1;1;1;0;Electricity generation;Aggregate fuel;Hydro, Bioenergy and Other Renewables;TWh;37,78;2,34;6,6
United Kingdom;GBR;2017;Country or economy;Europe;Europe;0;1;1;1;0;Electricity generation;Aggregate fuel;Renewables;TWh;98,89;15,88;19,13
United Kingdom;GBR;2017;Country or economy;Europe;Europe;0;1;1;1;0;Electricity generation;Aggregate fuel;Wind and Solar;TWh;61,11;13,54;28,46
United Kingdom;GBR;2017;Country or economy;Europe;Europe;0;1;1;1;0;Electricity generation;Fuel;Bioenergy;%;9,43;;
United Kingdom;GBR;2017;Country or economy;Europe;Europe;0;1;1;1;0;Electricity generation;Fuel;Coal;%;6,66;;
United Kingdom;GBR;2017;Country or economy;Europe;Europe;0;1;1;1;0;Electricity generation;Fuel;Gas;%;40,43;;
United Kingdom;GBR;2017;Country or economy;Europe;Europe;0;1;1;1;0;Electricity generation;Fuel;Hydro;%;1,74;;
United Kingdom;GBR;2017;Country or economy;Europe;Europe;0;1;1;1;0;Electricity generation;Fuel;Nuclear;%;20,8;;
United Kingdom;GBR;2017;Country or economy;Europe;Europe;0;1;1;1;0;Electricity generation;Fuel;Other Fossil;%;2,87;;
United Kingdom;GBR;2017;Country or economy;Europe;Europe;0;1;1;1;0;Electricity generation;Fuel;Other Renewables;%;0;;
United Kingdom;GBR;2017;Country or economy;Europe;Europe;0;1;1;1;0;Electricity generation;Fuel;Solar;%;3,39;;
United Kingdom;GBR;2017;Country or economy;Europe;Europe;0;1;1;1;0;Electricity generation;Fuel;Wind;%;14,68;;
United Kingdom;GBR;2017;Country or economy;Europe;Europe;0;1;1;1;0;Electricity generation;Fuel;Bioenergy;TWh;31,9;1,83;6,09
United Kingdom;GBR;2017;Country or economy;Europe;Europe;0;1;1;1;0;Electricity generation;Fuel;Coal;TWh;22,53;-8,14;-26,54
United Kingdom;GBR;2017;Country or economy;Europe;Europe;0;1;1;1;0;Electricity generation;Fuel;Gas;TWh;136,75;-6,38;-4,46
United Kingdom;GBR;2017;Country or economy;Europe;Europe;0;1;1;1;0;Electricity generation;Fuel;Hydro;TWh;5,88;0,51;9,5
United Kingdom;GBR;2017;Country or economy;Europe;Europe;0;1;1;1;0;Electricity generation;Fuel;Nuclear;TWh;70,34;-1,39;-1,94
United Kingdom;GBR;2017;Country or economy;Europe;Europe;0;1;1;1;0;Electricity generation;Fuel;Other Fossil;TWh;9,71;-0,93;-8,74
United Kingdom;GBR;2017;Country or economy;Europe;Europe;0;1;1;1;0;Electricity generation;Fuel;Other Renewables;TWh;0;0;
United Kingdom;GBR;2017;Country or economy;Europe;Europe;0;1;1;1;0;Electricity generation;Fuel;Solar;TWh;11,46;1,05;10,09
United Kingdom;GBR;2017;Country or economy;Europe;Europe;0;1;1;1;0;Electricity generation;Fuel;Wind;TWh;49,65;12,49;33,61
United Kingdom;GBR;2017;Country or economy;Europe;Europe;0;1;1;1;0;Electricity generation;Total;Total Generation;TWh;338,22;-0,96;-0,28
United Kingdom;GBR;2018;Country or economy;Europe;Europe;0;1;1;1;0;Electricity generation;Aggregate fuel;Clean;%;52,49;;
United Kingdom;GBR;2018;Country or economy;Europe;Europe;0;1;1;1;0;Electricity generation;Aggregate fuel;Fossil;%;47,51;;
United Kingdom;GBR;2018;Country or economy;Europe;Europe;0;1;1;1;0;Electricity generation;Aggregate fuel;Gas and Other Fossil;%;42,47;;
United Kingdom;GBR;2018;Country or economy;Europe;Europe;0;1;1;1;0;Electricity generation;Aggregate fuel;Hydro, Bioenergy and Other Renewables;%;12,15;;
United Kingdom;GBR;2018;Country or economy;Europe;Europe;0;1;1;1;0;Electricity generation;Aggregate fuel;Renewables;%;33;;
United Kingdom;GBR;2018;Country or economy;Europe;Europe;0;1;1;1;0;Electricity generation;Aggregate fuel;Wind and Solar;%;20,85;;
United Kingdom;GBR;2018;Country or economy;Europe;Europe;0;1;1;1;0;Electricity generation;Aggregate fuel;Clean;TWh;175,2;5,97;3,53
United Kingdom;GBR;2018;Country or economy;Europe;Europe;0;1;1;1;0;Electricity generation;Aggregate fuel;Fossil;TWh;158,56;-10,43;-6,17
United Kingdom;GBR;2018;Country or economy;Europe;Europe;0;1;1;1;0;Electricity generation;Aggregate fuel;Gas and Other Fossil;TWh;141,73;-4,73;-3,23
United Kingdom;GBR;2018;Country or economy;Europe;Europe;0;1;1;1;0;Electricity generation;Aggregate fuel;Hydro, Bioenergy and Other Renewables;TWh;40,56;2,78;7,36
United Kingdom;GBR;2018;Country or economy;Europe;Europe;0;1;1;1;0;Electricity generation;Aggregate fuel;Renewables;TWh;110,14;11,25;11,38
United Kingdom;GBR;2018;Country or economy;Europe;Europe;0;1;1;1;0;Electricity generation;Aggregate fuel;Wind and Solar;TWh;69,58;8,47;13,86
United Kingdom;GBR;2018;Country or economy;Europe;Europe;0;1;1;1;0;Electricity generation;Fuel;Bioenergy;%;10,52;;
United Kingdom;GBR;2018;Country or economy;Europe;Europe;0;1;1;1;0;Electricity generation;Fuel;Coal;%;5,04;;
United Kingdom;GBR;2018;Country or economy;Europe;Europe;0;1;1;1;0;Electricity generation;Fuel;Gas;%;39,4;;
United Kingdom;GBR;2018;Country or economy;Europe;Europe;0;1;1;1;0;Electricity generation;Fuel;Hydro;%;1,63;;
United Kingdom;GBR;2018;Country or economy;Europe;Europe;0;1;1;1;0;Electricity generation;Fuel;Nuclear;%;19,49;;
United Kingdom;GBR;2018;Country or economy;Europe;Europe;0;1;1;1;0;Electricity generation;Fuel;Other Fossil;%;3,07;;
United Kingdom;GBR;2018;Country or economy;Europe;Europe;0;1;1;1;0;Electricity generation;Fuel;Other Renewables;%;0;;
United Kingdom;GBR;2018;Country or economy;Europe;Europe;0;1;1;1;0;Electricity generation;Fuel;Solar;%;3,8;;
United Kingdom;GBR;2018;Country or economy;Europe;Europe;0;1;1;1;0;Electricity generation;Fuel;Wind;%;17,05;;
United Kingdom;GBR;2018;Country or economy;Europe;Europe;0;1;1;1;0;Electricity generation;Fuel;Bioenergy;TWh;35,11;3,21;10,06
United Kingdom;GBR;2018;Country or economy;Europe;Europe;0;1;1;1;0;Electricity generation;Fuel;Coal;TWh;16,83;-5,7;-25,3
United Kingdom;GBR;2018;Country or economy;Europe;Europe;0;1;1;1;0;Electricity generation;Fuel;Gas;TWh;131,49;-5,26;-3,85
United Kingdom;GBR;2018;Country or economy;Europe;Europe;0;1;1;1;0;Electricity generation;Fuel;Hydro;TWh;5,44;-0,44;-7,48
United Kingdom;GBR;2018;Country or economy;Europe;Europe;0;1;1;1;0;Electricity generation;Fuel;Nuclear;TWh;65,06;-5,28;-7,51
United Kingdom;GBR;2018;Country or economy;Europe;Europe;0;1;1;1;0;Electricity generation;Fuel;Other Fossil;TWh;10,24;0,53;5,46
United Kingdom;GBR;2018;Country or economy;Europe;Europe;0;1;1;1;0;Electricity generation;Fuel;Other Renewables;TWh;0,01;0,01;
United Kingdom;GBR;2018;Country or economy;Europe;Europe;0;1;1;1;0;Electricity generation;Fuel;Solar;TWh;12,67;1,21;10,56
United Kingdom;GBR;2018;Country or economy;Europe;Europe;0;1;1;1;0;Electricity generation;Fuel;Wind;TWh;56,91;7,26;14,62
United Kingdom;GBR;2018;Country or economy;Europe;Europe;0;1;1;1;0;Electricity generation;Total;Total Generation;TWh;333,76;-4,46;-1,32
United Kingdom;GBR;2019;Country or economy;Europe;Europe;0;1;1;1;0;Electricity generation;Aggregate fuel;Clean;%;53,76;;
United Kingdom;GBR;2019;Country or economy;Europe;Europe;0;1;1;1;0;Electricity generation;Aggregate fuel;Fossil;%;46,23;;
United Kingdom;GBR;2019;Country or economy;Europe;Europe;0;1;1;1;0;Electricity generation;Aggregate fuel;Gas and Other Fossil;%;44,12;;
United Kingdom;GBR;2019;Country or economy;Europe;Europe;0;1;1;1;0;Electricity generation;Aggregate fuel;Hydro, Bioenergy and Other Renewables;%;13,28;;
United Kingdom;GBR;2019;Country or economy;Europe;Europe;0;1;1;1;0;Electricity generation;Aggregate fuel;Renewables;%;36,59;;
United Kingdom;GBR;2019;Country or economy;Europe;Europe;0;1;1;1;0;Electricity generation;Aggregate fuel;Wind and Solar;%;23,31;;
United Kingdom;GBR;2019;Country or economy;Europe;Europe;0;1;1;1;0;Electricity generation;Aggregate fuel;Clean;TWh;175,92;0,72;0,41
United Kingdom;GBR;2019;Country or economy;Europe;Europe;0;1;1;1;0;Electricity generation;Aggregate fuel;Fossil;TWh;151,27;-7,29;-4,6
United Kingdom;GBR;2019;Country or economy;Europe;Europe;0;1;1;1;0;Electricity generation;Aggregate fuel;Gas and Other Fossil;TWh;144,35;2,62;1,85
United Kingdom;GBR;2019;Country or economy;Europe;Europe;0;1;1;1;0;Electricity generation;Aggregate fuel;Hydro, Bioenergy and Other Renewables;TWh;43,48;2,92;7,2
United Kingdom;GBR;2019;Country or economy;Europe;Europe;0;1;1;1;0;Electricity generation;Aggregate fuel;Renewables;TWh;119,74;9,6;8,72
United Kingdom;GBR;2019;Country or economy;Europe;Europe;0;1;1;1;0;Electricity generation;Aggregate fuel;Wind and Solar;TWh;76,26;6,68;9,6
United Kingdom;GBR;2019;Country or economy;Europe;Europe;0;1;1;1;0;Electricity generation;Fuel;Bioenergy;%;11,47;;
United Kingdom;GBR;2019;Country or economy;Europe;Europe;0;1;1;1;0;Electricity generation;Fuel;Coal;%;2,11;;
United Kingdom;GBR;2019;Country or economy;Europe;Europe;0;1;1;1;0;Electricity generation;Fuel;Gas;%;40,68;;
United Kingdom;GBR;2019;Country or economy;Europe;Europe;0;1;1;1;0;Electricity generation;Fuel;Hydro;%;1,81;;
United Kingdom;GBR;2019;Country or economy;Europe;Europe;0;1;1;1;0;Electricity generation;Fuel;Nuclear;%;17,17;;
United Kingdom;GBR;2019;Country or economy;Europe;Europe;0;1;1;1;0;Electricity generation;Fuel;Other Fossil;%;3,44;;
United Kingdom;GBR;2019;Country or economy;Europe;Europe;0;1;1;1;0;Electricity generation;Fuel;Other Renewables;%;0;;
United Kingdom;GBR;2019;Country or economy;Europe;Europe;0;1;1;1;0;Electricity generation;Fuel;Solar;%;3,8;;
United Kingdom;GBR;2019;Country or economy;Europe;Europe;0;1;1;1;0;Electricity generation;Fuel;Wind;%;19,51;;
United Kingdom;GBR;2019;Country or economy;Europe;Europe;0;1;1;1;0;Electricity generation;Fuel;Bioenergy;TWh;37,54;2,43;6,92
United Kingdom;GBR;2019;Country or economy;Europe;Europe;0;1;1;1;0;Electricity generation;Fuel;Coal;TWh;6,92;-9,91;-58,88
United Kingdom;GBR;2019;Country or economy;Europe;Europe;0;1;1;1;0;Electricity generation;Fuel;Gas;TWh;133,09;1,6;1,22
United Kingdom;GBR;2019;Country or economy;Europe;Europe;0;1;1;1;0;Electricity generation;Fuel;Hydro;TWh;5,93;0,49;9,01
United Kingdom;GBR;2019;Country or economy;Europe;Europe;0;1;1;1;0;Electricity generation;Fuel;Nuclear;TWh;56,18;-8,88;-13,65
United Kingdom;GBR;2019;Country or economy;Europe;Europe;0;1;1;1;0;Electricity generation;Fuel;Other Fossil;TWh;11,26;1,02;9,96
United Kingdom;GBR;2019;Country or economy;Europe;Europe;0;1;1;1;0;Electricity generation;Fuel;Other Renewables;TWh;0,01;0;0
United Kingdom;GBR;2019;Country or economy;Europe;Europe;0;1;1;1;0;Electricity generation;Fuel;Solar;TWh;12,42;-0,25;-1,97
United Kingdom;GBR;2019;Country or economy;Europe;Europe;0;1;1;1;0;Electricity generation;Fuel;Wind;TWh;63,84;6,93;12,18
United Kingdom;GBR;2019;Country or economy;Europe;Europe;0;1;1;1;0;Electricity generation;Total;Total Generation;TWh;327,19;-6,57;-1,97
United Kingdom;GBR;2020;Country or economy;Europe;Europe;0;1;1;1;0;Electricity generation;Aggregate fuel;Clean;%;59,25;;
United Kingdom;GBR;2020;Country or economy;Europe;Europe;0;1;1;1;0;Electricity generation;Aggregate fuel;Fossil;%;40,75;;
United Kingdom;GBR;2020;Country or economy;Europe;Europe;0;1;1;1;0;Electricity generation;Aggregate fuel;Gas and Other Fossil;%;38,91;;
United Kingdom;GBR;2020;Country or economy;Europe;Europe;0;1;1;1;0;Electricity generation;Aggregate fuel;Hydro, Bioenergy and Other Renewables;%;14,65;;
United Kingdom;GBR;2020;Country or economy;Europe;Europe;0;1;1;1;0;Electricity generation;Aggregate fuel;Renewables;%;43,06;;
United Kingdom;GBR;2020;Country or economy;Europe;Europe;0;1;1;1;0;Electricity generation;Aggregate fuel;Wind and Solar;%;28,41;;
United Kingdom;GBR;2020;Country or economy;Europe;Europe;0;1;1;1;0;Electricity generation;Aggregate fuel;Clean;TWh;183,87;7,95;4,52
United Kingdom;GBR;2020;Country or economy;Europe;Europe;0;1;1;1;0;Electricity generation;Aggregate fuel;Fossil;TWh;126,43;-24,84;-16,42
United Kingdom;GBR;2020;Country or economy;Europe;Europe;0;1;1;1;0;Electricity generation;Aggregate fuel;Gas and Other Fossil;TWh;120,73;-23,62;-16,36
United Kingdom;GBR;2020;Country or economy;Europe;Europe;0;1;1;1;0;Electricity generation;Aggregate fuel;Hydro, Bioenergy and Other Renewables;TWh;45,46;1,98;4,55
United Kingdom;GBR;2020;Country or economy;Europe;Europe;0;1;1;1;0;Electricity generation;Aggregate fuel;Renewables;TWh;133,63;13,89;11,6
United Kingdom;GBR;2020;Country or economy;Europe;Europe;0;1;1;1;0;Electricity generation;Aggregate fuel;Wind and Solar;TWh;88,17;11,91;15,62
United Kingdom;GBR;2020;Country or economy;Europe;Europe;0;1;1;1;0;Electricity generation;Fuel;Bioenergy;%;12,43;;
United Kingdom;GBR;2020;Country or economy;Europe;Europe;0;1;1;1;0;Electricity generation;Fuel;Coal;%;1,84;;
United Kingdom;GBR;2020;Country or economy;Europe;Europe;0;1;1;1;0;Electricity generation;Fuel;Gas;%;36,06;;
United Kingdom;GBR;2020;Country or economy;Europe;Europe;0;1;1;1;0;Electricity generation;Fuel;Hydro;%;2,22;;
United Kingdom;GBR;2020;Country or economy;Europe;Europe;0;1;1;1;0;Electricity generation;Fuel;Nuclear;%;16,19;;
United Kingdom;GBR;2020;Country or economy;Europe;Europe;0;1;1;1;0;Electricity generation;Fuel;Other Fossil;%;2,85;;
United Kingdom;GBR;2020;Country or economy;Europe;Europe;0;1;1;1;0;Electricity generation;Fuel;Solar;%;4,04;;
United Kingdom;GBR;2020;Country or economy;Europe;Europe;0;1;1;1;0;Electricity generation;Fuel;Wind;%;24,37;;
United Kingdom;GBR;2020;Country or economy;Europe;Europe;0;1;1;1;0;Electricity generation;Fuel;Bioenergy;TWh;38,58;1,04;2,77
United Kingdom;GBR;2020;Country or economy;Europe;Europe;0;1;1;1;0;Electricity generation;Fuel;Coal;TWh;5,7;-1,22;-17,63
United Kingdom;GBR;2020;Country or economy;Europe;Europe;0;1;1;1;0;Electricity generation;Fuel;Gas;TWh;111,89;-21,2;-15,93
United Kingdom;GBR;2020;Country or economy;Europe;Europe;0;1;1;1;0;Electricity generation;Fuel;Hydro;TWh;6,88;0,95;16,02
United Kingdom;GBR;2020;Country or economy;Europe;Europe;0;1;1;1;0;Electricity generation;Fuel;Nuclear;TWh;50,24;-5,94;-10,57
United Kingdom;GBR;2020;Country or economy;Europe;Europe;0;1;1;1;0;Electricity generation;Fuel;Other Fossil;TWh;8,84;-2,42;-21,49
United Kingdom;GBR;2020;Country or economy;Europe;Europe;0;1;1;1;0;Electricity generation;Fuel;Solar;TWh;12,55;0,13;1,05
United Kingdom;GBR;2020;Country or economy;Europe;Europe;0;1;1;1;0;Electricity generation;Fuel;Wind;TWh;75,62;11,78;18,45
United Kingdom;GBR;2020;Country or economy;Europe;Europe;0;1;1;1;0;Electricity generation;Total;Total Generation;TWh;310,3;-16,89;-5,16
United Kingdom;GBR;2021;Country or economy;Europe;Europe;0;1;1;1;0;Electricity generation;Aggregate fuel;Clean;%;54,75;;
United Kingdom;GBR;2021;Country or economy;Europe;Europe;0;1;1;1;0;Electricity generation;Aggregate fuel;Fossil;%;45,24;;
United Kingdom;GBR;2021;Country or economy;Europe;Europe;0;1;1;1;0;Electricity generation;Aggregate fuel;Gas and Other Fossil;%;43,03;;
United Kingdom;GBR;2021;Country or economy;Europe;Europe;0;1;1;1;0;Electricity generation;Aggregate fuel;Hydro, Bioenergy and Other Renewables;%;14,75;;
United Kingdom;GBR;2021;Country or economy;Europe;Europe;0;1;1;1;0;Electricity generation;Aggregate fuel;Renewables;%;39,78;;
United Kingdom;GBR;2021;Country or economy;Europe;Europe;0;1;1;1;0;Electricity generation;Aggregate fuel;Wind and Solar;%;25,03;;
United Kingdom;GBR;2021;Country or economy;Europe;Europe;0;1;1;1;0;Electricity generation;Aggregate fuel;Clean;TWh;168,59;-15,28;-8,31
United Kingdom;GBR;2021;Country or economy;Europe;Europe;0;1;1;1;0;Electricity generation;Aggregate fuel;Fossil;TWh;139,31;12,88;10,19
United Kingdom;GBR;2021;Country or economy;Europe;Europe;0;1;1;1;0;Electricity generation;Aggregate fuel;Gas and Other Fossil;TWh;132,52;11,79;9,77
United Kingdom;GBR;2021;Country or economy;Europe;Europe;0;1;1;1;0;Electricity generation;Aggregate fuel;Hydro, Bioenergy and Other Renewables;TWh;45,43;-0,03;-0,07
United Kingdom;GBR;2021;Country or economy;Europe;Europe;0;1;1;1;0;Electricity generation;Aggregate fuel;Renewables;TWh;122,49;-11,14;-8,34
United Kingdom;GBR;2021;Country or economy;Europe;Europe;0;1;1;1;0;Electricity generation;Aggregate fuel;Wind and Solar;TWh;77,06;-11,11;-12,6
United Kingdom;GBR;2021;Country or economy;Europe;Europe;0;1;1;1;0;Electricity generation;Fuel;Bioenergy;%;12,99;;
United Kingdom;GBR;2021;Country or economy;Europe;Europe;0;1;1;1;0;Electricity generation;Fuel;Coal;%;2,21;;
United Kingdom;GBR;2021;Country or economy;Europe;Europe;0;1;1;1;0;Electricity generation;Fuel;Gas;%;39,89;;
United Kingdom;GBR;2021;Country or economy;Europe;Europe;0;1;1;1;0;Electricity generation;Fuel;Hydro;%;1,76;;
United Kingdom;GBR;2021;Country or economy;Europe;Europe;0;1;1;1;0;Electricity generation;Fuel;Nuclear;%;14,97;;
United Kingdom;GBR;2021;Country or economy;Europe;Europe;0;1;1;1;0;Electricity generation;Fuel;Other Fossil;%;3,14;;
United Kingdom;GBR;2021;Country or economy;Europe;Europe;0;1;1;1;0;Electricity generation;Fuel;Solar;%;3,94;;
United Kingdom;GBR;2021;Country or economy;Europe;Europe;0;1;1;1;0;Electricity generation;Fuel;Wind;%;21,09;;
United Kingdom;GBR;2021;Country or economy;Europe;Europe;0;1;1;1;0;Electricity generation;Fuel;Bioenergy;TWh;40,01;1,43;3,71
United Kingdom;GBR;2021;Country or economy;Europe;Europe;0;1;1;1;0;Electricity generation;Fuel;Coal;TWh;6,79;1,09;19,12
United Kingdom;GBR;2021;Country or economy;Europe;Europe;0;1;1;1;0;Electricity generation;Fuel;Gas;TWh;122,84;10,95;9,79
United Kingdom;GBR;2021;Country or economy;Europe;Europe;0;1;1;1;0;Electricity generation;Fuel;Hydro;TWh;5,42;-1,46;-21,22
United Kingdom;GBR;2021;Country or economy;Europe;Europe;0;1;1;1;0;Electricity generation;Fuel;Nuclear;TWh;46,1;-4,14;-8,24
United Kingdom;GBR;2021;Country or economy;Europe;Europe;0;1;1;1;0;Electricity generation;Fuel;Other Fossil;TWh;9,68;0,84;9,5
United Kingdom;GBR;2021;Country or economy;Europe;Europe;0;1;1;1;0;Electricity generation;Fuel;Solar;TWh;12,13;-0,42;-3,35
United Kingdom;GBR;2021;Country or economy;Europe;Europe;0;1;1;1;0;Electricity generation;Fuel;Wind;TWh;64,93;-10,69;-14,14
United Kingdom;GBR;2021;Country or economy;Europe;Europe;0;1;1;1;0;Electricity generation;Total;Total Generation;TWh;307,9;-2,4;-0,77
United Kingdom;GBR;2022;Country or economy;Europe;Europe;0;1;1;1;0;Electricity generation;Aggregate fuel;Clean;%;56,2;;
United Kingdom;GBR;2022;Country or economy;Europe;Europe;0;1;1;1;0;Electricity generation;Aggregate fuel;Fossil;%;43,78;;
United Kingdom;GBR;2022;Country or economy;Europe;Europe;0;1;1;1;0;Electricity generation;Aggregate fuel;Gas and Other Fossil;%;41,95;;
United Kingdom;GBR;2022;Country or economy;Europe;Europe;0;1;1;1;0;Electricity generation;Aggregate fuel;Hydro, Bioenergy and Other Renewables;%;12,78;;
United Kingdom;GBR;2022;Country or economy;Europe;Europe;0;1;1;1;0;Electricity generation;Aggregate fuel;Renewables;%;41,6;;
United Kingdom;GBR;2022;Country or economy;Europe;Europe;0;1;1;1;0;Electricity generation;Aggregate fuel;Wind and Solar;%;28,82;;
United Kingdom;GBR;2022;Country or economy;Europe;Europe;0;1;1;1;0;Electricity generation;Aggregate fuel;Clean;TWh;182,46;13,87;8,23
United Kingdom;GBR;2022;Country or economy;Europe;Europe;0;1;1;1;0;Electricity generation;Aggregate fuel;Fossil;TWh;142,12;2,81;2,02
United Kingdom;GBR;2022;Country or economy;Europe;Europe;0;1;1;1;0;Electricity generation;Aggregate fuel;Gas and Other Fossil;TWh;136,18;3,66;2,76
United Kingdom;GBR;2022;Country or economy;Europe;Europe;0;1;1;1;0;Electricity generation;Aggregate fuel;Hydro, Bioenergy and Other Renewables;TWh;41,51;-3,92;-8,63
United Kingdom;GBR;2022;Country or economy;Europe;Europe;0;1;1;1;0;Electricity generation;Aggregate fuel;Renewables;TWh;135,06;12,57;10,26
United Kingdom;GBR;2022;Country or economy;Europe;Europe;0;1;1;1;0;Electricity generation;Aggregate fuel;Wind and Solar;TWh;93,55;16,49;21,4
United Kingdom;GBR;2022;Country or economy;Europe;Europe;0;1;1;1;0;Electricity generation;Fuel;Bioenergy;%;11,04;;
United Kingdom;GBR;2022;Country or economy;Europe;Europe;0;1;1;1;0;Electricity generation;Fuel;Coal;%;1,83;;
United Kingdom;GBR;2022;Country or economy;Europe;Europe;0;1;1;1;0;Electricity generation;Fuel;Gas;%;38,54;;
United Kingdom;GBR;2022;Country or economy;Europe;Europe;0;1;1;1;0;Electricity generation;Fuel;Hydro;%;1,74;;
United Kingdom;GBR;2022;Country or economy;Europe;Europe;0;1;1;1;0;Electricity generation;Fuel;Nuclear;%;14,6;;
United Kingdom;GBR;2022;Country or economy;Europe;Europe;0;1;1;1;0;Electricity generation;Fuel;Other Fossil;%;3,41;;
United Kingdom;GBR;2022;Country or economy;Europe;Europe;0;1;1;1;0;Electricity generation;Fuel;Solar;%;4,11;;
United Kingdom;GBR;2022;Country or economy;Europe;Europe;0;1;1;1;0;Electricity generation;Fuel;Wind;%;24,71;;
United Kingdom;GBR;2022;Country or economy;Europe;Europe;0;1;1;1;0;Electricity generation;Fuel;Bioenergy;TWh;35,85;-4,16;-10,4
United Kingdom;GBR;2022;Country or economy;Europe;Europe;0;1;1;1;0;Electricity generation;Fuel;Coal;TWh;5,94;-0,85;-12,52
United Kingdom;GBR;2022;Country or economy;Europe;Europe;0;1;1;1;0;Electricity generation;Fuel;Gas;TWh;125,11;2,27;1,85
United Kingdom;GBR;2022;Country or economy;Europe;Europe;0;1;1;1;0;Electricity generation;Fuel;Hydro;TWh;5,66;0,24;4,43
United Kingdom;GBR;2022;Country or economy;Europe;Europe;0;1;1;1;0;Electricity generation;Fuel;Nuclear;TWh;47,4;1,3;2,82
United Kingdom;GBR;2022;Country or economy;Europe;Europe;0;1;1;1;0;Electricity generation;Fuel;Other Fossil;TWh;11,07;1,39;14,36
United Kingdom;GBR;2022;Country or economy;Europe;Europe;0;1;1;1;0;Electricity generation;Fuel;Solar;TWh;13,34;1,21;9,98
United Kingdom;GBR;2022;Country or economy;Europe;Europe;0;1;1;1;0;Electricity generation;Fuel;Wind;TWh;80,21;15,28;23,53
United Kingdom;GBR;2022;Country or economy;Europe;Europe;0;1;1;1;0;Electricity generation;Total;Total Generation;TWh;324,58;16,68;5,42
United Kingdom;GBR;2023;Country or economy;Europe;Europe;0;1;1;1;0;Electricity generation;Aggregate fuel;Clean;%;60,25;;
United Kingdom;GBR;2023;Country or economy;Europe;Europe;0;1;1;1;0;Electricity generation;Aggregate fuel;Fossil;%;39,74;;
United Kingdom;GBR;2023;Country or economy;Europe;Europe;0;1;1;1;0;Electricity generation;Aggregate fuel;Gas and Other Fossil;%;38,45;;
United Kingdom;GBR;2023;Country or economy;Europe;Europe;0;1;1;1;0;Electricity generation;Aggregate fuel;Hydro, Bioenergy and Other Renewables;%;13,55;;
United Kingdom;GBR;2023;Country or economy;Europe;Europe;0;1;1;1;0;Electricity generation;Aggregate fuel;Renewables;%;46,37;;
United Kingdom;GBR;2023;Country or economy;Europe;Europe;0;1;1;1;0;Electricity generation;Aggregate fuel;Wind and Solar;%;32,82;;
United Kingdom;GBR;2023;Country or economy;Europe;Europe;0;1;1;1;0;Electricity generation;Aggregate fuel;Clean;TWh;176,27;-6,19;-3,39
United Kingdom;GBR;2023;Country or economy;Europe;Europe;0;1;1;1;0;Electricity generation;Aggregate fuel;Fossil;TWh;116,26;-25,86;-18,2
United Kingdom;GBR;2023;Country or economy;Europe;Europe;0;1;1;1;0;Electricity generation;Aggregate fuel;Gas and Other Fossil;TWh;112,48;-23,7;-17,4
United Kingdom;GBR;2023;Country or economy;Europe;Europe;0;1;1;1;0;Electricity generation;Aggregate fuel;Hydro, Bioenergy and Other Renewables;TWh;39,64;-1,87;-4,5
United Kingdom;GBR;2023;Country or economy;Europe;Europe;0;1;1;1;0;Electricity generation;Aggregate fuel;Renewables;TWh;135,67;0,61;0,45
United Kingdom;GBR;2023;Country or economy;Europe;Europe;0;1;1;1;0;Electricity generation;Aggregate fuel;Wind and Solar;TWh;96,03;2,48;2,65
United Kingdom;GBR;2023;Country or economy;Europe;Europe;0;1;1;1;0;Electricity generation;Fuel;Bioenergy;%;11,66;;
United Kingdom;GBR;2023;Country or economy;Europe;Europe;0;1;1;1;0;Electricity generation;Fuel;Coal;%;1,29;;
United Kingdom;GBR;2023;Country or economy;Europe;Europe;0;1;1;1;0;Electricity generation;Fuel;Gas;%;34,75;;
United Kingdom;GBR;2023;Country or economy;Europe;Europe;0;1;1;1;0;Electricity generation;Fuel;Hydro;%;1,89;;
United Kingdom;GBR;2023;Country or economy;Europe;Europe;0;1;1;1;0;Electricity generation;Fuel;Nuclear;%;13,88;;
United Kingdom;GBR;2023;Country or economy;Europe;Europe;0;1;1;1;0;Electricity generation;Fuel;Other Fossil;%;3,7;;
United Kingdom;GBR;2023;Country or economy;Europe;Europe;0;1;1;1;0;Electricity generation;Fuel;Solar;%;4,74;;
United Kingdom;GBR;2023;Country or economy;Europe;Europe;0;1;1;1;0;Electricity generation;Fuel;Wind;%;28,08;;
United Kingdom;GBR;2023;Country or economy;Europe;Europe;0;1;1;1;0;Electricity generation;Fuel;Bioenergy;TWh;34,1;-1,75;-4,88
United Kingdom;GBR;2023;Country or economy;Europe;Europe;0;1;1;1;0;Electricity generation;Fuel;Coal;TWh;3,78;-2,16;-36,36
United Kingdom;GBR;2023;Country or economy;Europe;Europe;0;1;1;1;0;Electricity generation;Fuel;Gas;TWh;101,66;-23,45;-18,74
United Kingdom;GBR;2023;Country or economy;Europe;Europe;0;1;1;1;0;Electricity generation;Fuel;Hydro;TWh;5,54;-0,12;-2,12
United Kingdom;GBR;2023;Country or economy;Europe;Europe;0;1;1;1;0;Electricity generation;Fuel;Nuclear;TWh;40,6;-6,8;-14,35
United Kingdom;GBR;2023;Country or economy;Europe;Europe;0;1;1;1;0;Electricity generation;Fuel;Other Fossil;TWh;10,82;-0,25;-2,26
United Kingdom;GBR;2023;Country or economy;Europe;Europe;0;1;1;1;0;Electricity generation;Fuel;Solar;TWh;13,88;0,54;4,05
United Kingdom;GBR;2023;Country or economy;Europe;Europe;0;1;1;1;0;Electricity generation;Fuel;Wind;TWh;82,15;1,94;2,42
United Kingdom;GBR;2023;Country or economy;Europe;Europe;0;1;1;1;0;Electricity generation;Total;Total Generation;TWh;292,53;-32,05;-9,87
United Kingdom;GBR;2024;Country or economy;Europe;Europe;0;1;1;1;0;Electricity generation;Aggregate fuel;Clean;%;64,93;;
United Kingdom;GBR;2024;Country or economy;Europe;Europe;0;1;1;1;0;Electricity generation;Aggregate fuel;Fossil;%;35,07;;
United Kingdom;GBR;2024;Country or economy;Europe;Europe;0;1;1;1;0;Electricity generation;Aggregate fuel;Gas and Other Fossil;%;34,4;;
United Kingdom;GBR;2024;Country or economy;Europe;Europe;0;1;1;1;0;Electricity generation;Aggregate fuel;Hydro, Bioenergy and Other Renewables;%;16,14;;
United Kingdom;GBR;2024;Country or economy;Europe;Europe;0;1;1;1;0;Electricity generation;Aggregate fuel;Renewables;%;50,65;;
United Kingdom;GBR;2024;Country or economy;Europe;Europe;0;1;1;1;0;Electricity generation;Aggregate fuel;Wind and Solar;%;34,51;;
United Kingdom;GBR;2024;Country or economy;Europe;Europe;0;1;1;1;0;Electricity generation;Aggregate fuel;Clean;TWh;184,51;8,24;4,67
United Kingdom;GBR;2024;Country or economy;Europe;Europe;0;1;1;1;0;Electricity generation;Aggregate fuel;Fossil;TWh;99,65;-16,61;-14,29
United Kingdom;GBR;2024;Country or economy;Europe;Europe;0;1;1;1;0;Electricity generation;Aggregate fuel;Gas and Other Fossil;TWh;97,75;-14,73;-13,1
United Kingdom;GBR;2024;Country or economy;Europe;Europe;0;1;1;1;0;Electricity generation;Aggregate fuel;Hydro, Bioenergy and Other Renewables;TWh;45,85;6,21;15,67
United Kingdom;GBR;2024;Country or economy;Europe;Europe;0;1;1;1;0;Electricity generation;Aggregate fuel;Renewables;TWh;143,92;8,25;6,08
United Kingdom;GBR;2024;Country or economy;Europe;Europe;0;1;1;1;0;Electricity generation;Aggregate fuel;Wind and Solar;TWh;98,07;2,04;2,12
United Kingdom;GBR;2024;Country or economy;Europe;Europe;0;1;1;1;0;Electricity generation;Fuel;Bioenergy;%;14,11;;
United Kingdom;GBR;2024;Country or economy;Europe;Europe;0;1;1;1;0;Electricity generation;Fuel;Coal;%;0,67;;
United Kingdom;GBR;2024;Country or economy;Europe;Europe;0;1;1;1;0;Electricity generation;Fuel;Gas;%;30,37;;
United Kingdom;GBR;2024;Country or economy;Europe;Europe;0;1;1;1;0;Electricity generation;Fuel;Hydro;%;2,03;;
United Kingdom;GBR;2024;Country or economy;Europe;Europe;0;1;1;1;0;Electricity generation;Fuel;Nuclear;%;14,28;;
United Kingdom;GBR;2024;Country or economy;Europe;Europe;0;1;1;1;0;Electricity generation;Fuel;Other Fossil;%;4,03;;
United Kingdom;GBR;2024;Country or economy;Europe;Europe;0;1;1;1;0;Electricity generation;Fuel;Solar;%;5,2;;
United Kingdom;GBR;2024;Country or economy;Europe;Europe;0;1;1;1;0;Electricity generation;Fuel;Wind;%;29,31;;
United Kingdom;GBR;2024;Country or economy;Europe;Europe;0;1;1;1;0;Electricity generation;Fuel;Bioenergy;TWh;40,09;5,99;17,57
United Kingdom;GBR;2024;Country or economy;Europe;Europe;0;1;1;1;0;Electricity generation;Fuel;Coal;TWh;1,9;-1,88;-49,74
United Kingdom;GBR;2024;Country or economy;Europe;Europe;0;1;1;1;0;Electricity generation;Fuel;Gas;TWh;86,3;-15,36;-15,11
United Kingdom;GBR;2024;Country or economy;Europe;Europe;0;1;1;1;0;Electricity generation;Fuel;Hydro;TWh;5,76;0,22;3,97
United Kingdom;GBR;2024;Country or economy;Europe;Europe;0;1;1;1;0;Electricity generation;Fuel;Nuclear;TWh;40,59;-0,01;-0,02
United Kingdom;GBR;2024;Country or economy;Europe;Europe;0;1;1;1;0;Electricity generation;Fuel;Other Fossil;TWh;11,45;0,63;5,82
United Kingdom;GBR;2024;Country or economy;Europe;Europe;0;1;1;1;0;Electricity generation;Fuel;Solar;TWh;14,79;0,91;6,56
United Kingdom;GBR;2024;Country or economy;Europe;Europe;0;1;1;1;0;Electricity generation;Fuel;Wind;TWh;83,28;1,13;1,38
United Kingdom;GBR;2024;Country or economy;Europe;Europe;0;1;1;1;0;Electricity generation;Total;Total Generation;TWh;284,16;-8,37;-2,86
United Kingdom;GBR;2025;Country or economy;Europe;Europe;0;1;1;1;0;Electricity generation;Aggregate fuel;Clean;%;64,43;;
United Kingdom;GBR;2025;Country or economy;Europe;Europe;0;1;1;1;0;Electricity generation;Aggregate fuel;Fossil;%;35,58;;
United Kingdom;GBR;2025;Country or economy;Europe;Europe;0;1;1;1;0;Electricity generation;Aggregate fuel;Gas and Other Fossil;%;35,47;;
United Kingdom;GBR;2025;Country or economy;Europe;Europe;0;1;1;1;0;Electricity generation;Aggregate fuel;Hydro, Bioenergy and Other Renewables;%;16;;
United Kingdom;GBR;2025;Country or economy;Europe;Europe;0;1;1;1;0;Electricity generation;Aggregate fuel;Renewables;%;51,98;;
United Kingdom;GBR;2025;Country or economy;Europe;Europe;0;1;1;1;0;Electricity generation;Aggregate fuel;Wind and Solar;%;35,98;;
United Kingdom;GBR;2025;Country or economy;Europe;Europe;0;1;1;1;0;Electricity generation;Aggregate fuel;Clean;TWh;188,3;3,79;2,05
United Kingdom;GBR;2025;Country or economy;Europe;Europe;0;1;1;1;0;Electricity generation;Aggregate fuel;Fossil;TWh;104,01;4,36;4,38
United Kingdom;GBR;2025;Country or economy;Europe;Europe;0;1;1;1;0;Electricity generation;Aggregate fuel;Gas and Other Fossil;TWh;103,68;5,93;6,07
United Kingdom;GBR;2025;Country or economy;Europe;Europe;0;1;1;1;0;Electricity generation;Aggregate fuel;Hydro, Bioenergy and Other Renewables;TWh;46,76;0,91;1,98
United Kingdom;GBR;2025;Country or economy;Europe;Europe;0;1;1;1;0;Electricity generation;Aggregate fuel;Renewables;TWh;151,92;8;5,56
United Kingdom;GBR;2025;Country or economy;Europe;Europe;0;1;1;1;0;Electricity generation;Aggregate fuel;Wind and Solar;TWh;105,16;7,09;7,23
United Kingdom;GBR;2025;Country or economy;Europe;Europe;0;1;1;1;0;Electricity generation;Fuel;Bioenergy;%;14,1;;
United Kingdom;GBR;2025;Country or economy;Europe;Europe;0;1;1;1;0;Electricity generation;Fuel;Coal;%;0,11;;
United Kingdom;GBR;2025;Country or economy;Europe;Europe;0;1;1;1;0;Electricity generation;Fuel;Gas;%;31,1;;
United Kingdom;GBR;2025;Country or economy;Europe;Europe;0;1;1;1;0;Electricity generation;Fuel;Hydro;%;1,9;;
United Kingdom;GBR;2025;Country or economy;Europe;Europe;0;1;1;1;0;Electricity generation;Fuel;Nuclear;%;12,45;;
United Kingdom;GBR;2025;Country or economy;Europe;Europe;0;1;1;1;0;Electricity generation;Fuel;Other Fossil;%;4,37;;
United Kingdom;GBR;2025;Country or economy;Europe;Europe;0;1;1;1;0;Electricity generation;Fuel;Solar;%;6,61;;
United Kingdom;GBR;2025;Country or economy;Europe;Europe;0;1;1;1;0;Electricity generation;Fuel;Wind;%;29,37;;
United Kingdom;GBR;2025;Country or economy;Europe;Europe;0;1;1;1;0;Electricity generation;Fuel;Bioenergy;TWh;41,21;1,12;2,79
United Kingdom;GBR;2025;Country or economy;Europe;Europe;0;1;1;1;0;Electricity generation;Fuel;Coal;TWh;0,33;-1,57;-82,63
United Kingdom;GBR;2025;Country or economy;Europe;Europe;0;1;1;1;0;Electricity generation;Fuel;Gas;TWh;90,91;4,61;5,34
United Kingdom;GBR;2025;Country or economy;Europe;Europe;0;1;1;1;0;Electricity generation;Fuel;Hydro;TWh;5,55;-0,21;-3,65
United Kingdom;GBR;2025;Country or economy;Europe;Europe;0;1;1;1;0;Electricity generation;Fuel;Nuclear;TWh;36,38;-4,21;-10,37
United Kingdom;GBR;2025;Country or economy;Europe;Europe;0;1;1;1;0;Electricity generation;Fuel;Other Fossil;TWh;12,77;1,32;11,53
United Kingdom;GBR;2025;Country or economy;Europe;Europe;0;1;1;1;0;Electricity generation;Fuel;Solar;TWh;19,32;4,53;30,63
United Kingdom;GBR;2025;Country or economy;Europe;Europe;0;1;1;1;0;Electricity generation;Fuel;Wind;TWh;85,84;2,56;3,07
United Kingdom;GBR;2025;Country or economy;Europe;Europe;0;1;1;1;0;Electricity generation;Total;Total Generation;TWh;292,31;8,15;2,87
