model,member,region,period_id,period,baseline_period,period_mean_jja_warming
ACCESS-ESM1-5,r10i1p1f1,MED,P1,2021-2040,1995-2014,1.5161459163583864
ACCESS-ESM1-5,r10i1p1f1,MED,P2,2041-2060,1995-2014,2.669049669519223
ACCESS-ESM1-5,r10i1p1f1,MED,P3,2081-2100,1995-2014,5.086945362738637
ACCESS-ESM1-5,r10i1p1f1,NEU,P1,2021-2040,1995-2014,0.7409885093504543
ACCESS-ESM1-5,r10i1p1f1,NEU,P2,2041-2060,1995-2014,2.2162987382547943
ACCESS-ESM1-5,r10i1p1f1,NEU,P3,2081-2100,1995-2014,4.243279336748232
ACCESS-ESM1-5,r10i1p1f1,WCE,P1,2021-2040,1995-2014,1.3468661278929717
ACCESS-ESM1-5,r10i1p1f1,WCE,P2,2041-2060,1995-2014,2.774643275088446
ACCESS-ESM1-5,r10i1p1f1,WCE,P3,2081-2100,1995-2014,6.090525807354748
ACCESS-ESM1-5,r11i1p1f1,MED,P1,2021-2040,1995-2014,1.3381503579733283
ACCESS-ESM1-5,r11i1p1f1,MED,P2,2041-2060,1995-2014,2.4714555118213033
ACCESS-ESM1-5,r11i1p1f1,MED,P3,2081-2100,1995-2014,4.440973930629257
ACCESS-ESM1-5,r11i1p1f1,NEU,P1,2021-2040,1995-2014,-0.018134782310709772
ACCESS-ESM1-5,r11i1p1f1,NEU,P2,2041-2060,1995-2014,0.9316804645474951
ACCESS-ESM1-5,r11i1p1f1,NEU,P3,2081-2100,1995-2014,3.50183260776343
ACCESS-ESM1-5,r11i1p1f1,WCE,P1,2021-2040,1995-2014,1.2671987664431936
ACCESS-ESM1-5,r11i1p1f1,WCE,P2,2041-2060,1995-2014,2.695873899267107
ACCESS-ESM1-5,r11i1p1f1,WCE,P3,2081-2100,1995-2014,5.558122832551686
ACCESS-ESM1-5,r12i1p1f1,MED,P1,2021-2040,1995-2014,1.700471169321494
ACCESS-ESM1-5,r12i1p1f1,MED,P2,2041-2060,1995-2014,2.845171996582931
ACCESS-ESM1-5,r12i1p1f1,MED,P3,2081-2100,1995-2014,5.251315391167205
ACCESS-ESM1-5,r12i1p1f1,NEU,P1,2021-2040,1995-2014,1.3029998583376632
ACCESS-ESM1-5,r12i1p1f1,NEU,P2,2041-2060,1995-2014,1.949412834080309
ACCESS-ESM1-5,r12i1p1f1,NEU,P3,2081-2100,1995-2014,4.595530237745893
ACCESS-ESM1-5,r12i1p1f1,WCE,P1,2021-2040,1995-2014,2.1547481967280775
ACCESS-ESM1-5,r12i1p1f1,WCE,P2,2041-2060,1995-2014,3.1167149883044862
ACCESS-ESM1-5,r12i1p1f1,WCE,P3,2081-2100,1995-2014,6.603159221244786
ACCESS-ESM1-5,r13i1p1f1,MED,P1,2021-2040,1995-2014,1.3178142863303783
ACCESS-ESM1-5,r13i1p1f1,MED,P2,2041-2060,1995-2014,2.455157939345277
ACCESS-ESM1-5,r13i1p1f1,MED,P3,2081-2100,1995-2014,4.370088929932598
ACCESS-ESM1-5,r13i1p1f1,NEU,P1,2021-2040,1995-2014,0.8809592535129316
ACCESS-ESM1-5,r13i1p1f1,NEU,P2,2041-2060,1995-2014,2.2967880538201557
ACCESS-ESM1-5,r13i1p1f1,NEU,P3,2081-2100,1995-2014,3.8581361744536444
ACCESS-ESM1-5,r13i1p1f1,WCE,P1,2021-2040,1995-2014,1.4171462189900779
ACCESS-ESM1-5,r13i1p1f1,WCE,P2,2041-2060,1995-2014,3.116691540338268
ACCESS-ESM1-5,r13i1p1f1,WCE,P3,2081-2100,1995-2014,5.091721349953426
ACCESS-ESM1-5,r14i1p1f1,MED,P1,2021-2040,1995-2014,1.3626406563942388
ACCESS-ESM1-5,r14i1p1f1,MED,P2,2041-2060,1995-2014,2.503133470327383
ACCESS-ESM1-5,r14i1p1f1,MED,P3,2081-2100,1995-2014,4.639044688210032
ACCESS-ESM1-5,r14i1p1f1,NEU,P1,2021-2040,1995-2014,0.95176703111662
ACCESS-ESM1-5,r14i1p1f1,NEU,P2,2041-2060,1995-2014,1.9866829608674668
ACCESS-ESM1-5,r14i1p1f1,NEU,P3,2081-2100,1995-2014,3.8289024304213912
ACCESS-ESM1-5,r14i1p1f1,WCE,P1,2021-2040,1995-2014,1.5634050395553472
ACCESS-ESM1-5,r14i1p1f1,WCE,P2,2041-2060,1995-2014,2.90731796444632
ACCESS-ESM1-5,r14i1p1f1,WCE,P3,2081-2100,1995-2014,5.4027070561455774
ACCESS-ESM1-5,r15i1p1f1,MED,P1,2021-2040,1995-2014,1.1223612872643092
ACCESS-ESM1-5,r15i1p1f1,MED,P2,2041-2060,1995-2014,2.098778409650912
ACCESS-ESM1-5,r15i1p1f1,MED,P3,2081-2100,1995-2014,4.42867455884309
ACCESS-ESM1-5,r15i1p1f1,NEU,P1,2021-2040,1995-2014,0.18070971492728488
ACCESS-ESM1-5,r15i1p1f1,NEU,P2,2041-2060,1995-2014,1.0216577101090487
ACCESS-ESM1-5,r15i1p1f1,NEU,P3,2081-2100,1995-2014,3.697632784660417
ACCESS-ESM1-5,r15i1p1f1,WCE,P1,2021-2040,1995-2014,0.5588218359570553
ACCESS-ESM1-5,r15i1p1f1,WCE,P2,2041-2060,1995-2014,2.01088032609253
ACCESS-ESM1-5,r15i1p1f1,WCE,P3,2081-2100,1995-2014,4.9892725192176215
ACCESS-ESM1-5,r16i1p1f1,MED,P1,2021-2040,1995-2014,1.4184270641766976
ACCESS-ESM1-5,r16i1p1f1,MED,P2,2041-2060,1995-2014,2.5207029534103853
ACCESS-ESM1-5,r16i1p1f1,MED,P3,2081-2100,1995-2014,4.510136915270799
ACCESS-ESM1-5,r16i1p1f1,NEU,P1,2021-2040,1995-2014,1.0880760460789474
ACCESS-ESM1-5,r16i1p1f1,NEU,P2,2041-2060,1995-2014,1.4722283519755295
ACCESS-ESM1-5,r16i1p1f1,NEU,P3,2081-2100,1995-2014,3.9132706769159404
ACCESS-ESM1-5,r16i1p1f1,WCE,P1,2021-2040,1995-2014,1.986537176241311
ACCESS-ESM1-5,r16i1p1f1,WCE,P2,2041-2060,1995-2014,2.8209734303816765
ACCESS-ESM1-5,r16i1p1f1,WCE,P3,2081-2100,1995-2014,5.5301973302805125
ACCESS-ESM1-5,r17i1p1f1,MED,P1,2021-2040,1995-2014,1.4864859988147905
ACCESS-ESM1-5,r17i1p1f1,MED,P2,2041-2060,1995-2014,2.445206925731207
ACCESS-ESM1-5,r17i1p1f1,MED,P3,2081-2100,1995-2014,4.646607301976722
ACCESS-ESM1-5,r17i1p1f1,NEU,P1,2021-2040,1995-2014,0.8070837719412637
ACCESS-ESM1-5,r17i1p1f1,NEU,P2,2041-2060,1995-2014,1.3841562381458015
ACCESS-ESM1-5,r17i1p1f1,NEU,P3,2081-2100,1995-2014,3.74981858889283
ACCESS-ESM1-5,r17i1p1f1,WCE,P1,2021-2040,1995-2014,1.5857205615471517
ACCESS-ESM1-5,r17i1p1f1,WCE,P2,2041-2060,1995-2014,2.6977529306153074
ACCESS-ESM1-5,r17i1p1f1,WCE,P3,2081-2100,1995-2014,5.43807697953225
ACCESS-ESM1-5,r18i1p1f1,MED,P1,2021-2040,1995-2014,1.2208255316152783
ACCESS-ESM1-5,r18i1p1f1,MED,P2,2041-2060,1995-2014,2.4087686935059116
ACCESS-ESM1-5,r18i1p1f1,MED,P3,2081-2100,1995-2014,4.606114383897944
ACCESS-ESM1-5,r18i1p1f1,NEU,P1,2021-2040,1995-2014,-0.010538889132301322
ACCESS-ESM1-5,r18i1p1f1,NEU,P2,2041-2060,1995-2014,0.8397186525803046
ACCESS-ESM1-5,r18i1p1f1,NEU,P3,2081-2100,1995-2014,3.446320497574251
ACCESS-ESM1-5,r18i1p1f1,WCE,P1,2021-2040,1995-2014,0.7812254321469585
ACCESS-ESM1-5,r18i1p1f1,WCE,P2,2041-2060,1995-2014,2.215868862559975
ACCESS-ESM1-5,r18i1p1f1,WCE,P3,2081-2100,1995-2014,5.062215060778895
ACCESS-ESM1-5,r19i1p1f1,MED,P1,2021-2040,1995-2014,1.4088652171698313
ACCESS-ESM1-5,r19i1p1f1,MED,P2,2041-2060,1995-2014,2.1070731679525414
ACCESS-ESM1-5,r19i1p1f1,MED,P3,2081-2100,1995-2014,4.319960146491413
ACCESS-ESM1-5,r19i1p1f1,NEU,P1,2021-2040,1995-2014,0.3117699334686791
ACCESS-ESM1-5,r19i1p1f1,NEU,P2,2041-2060,1995-2014,0.7442968751816215
ACCESS-ESM1-5,r19i1p1f1,NEU,P3,2081-2100,1995-2014,3.111383134163799
ACCESS-ESM1-5,r19i1p1f1,WCE,P1,2021-2040,1995-2014,1.6248433006460892
ACCESS-ESM1-5,r19i1p1f1,WCE,P2,2041-2060,1995-2014,1.9903596983043434
ACCESS-ESM1-5,r19i1p1f1,WCE,P3,2081-2100,1995-2014,4.815104218672802
ACCESS-ESM1-5,r1i1p1f1,MED,P1,2021-2040,1995-2014,1.1874750250686217
ACCESS-ESM1-5,r1i1p1f1,MED,P2,2041-2060,1995-2014,1.9516314077269719
ACCESS-ESM1-5,r1i1p1f1,MED,P3,2081-2100,1995-2014,4.57065725257783
ACCESS-ESM1-5,r1i1p1f1,NEU,P1,2021-2040,1995-2014,0.3423337217197071
ACCESS-ESM1-5,r1i1p1f1,NEU,P2,2041-2060,1995-2014,0.7501331706870948
ACCESS-ESM1-5,r1i1p1f1,NEU,P3,2081-2100,1995-2014,3.1915209606379813
ACCESS-ESM1-5,r1i1p1f1,WCE,P1,2021-2040,1995-2014,1.632582407154792
ACCESS-ESM1-5,r1i1p1f1,WCE,P2,2041-2060,1995-2014,2.109733688828498
ACCESS-ESM1-5,r1i1p1f1,WCE,P3,2081-2100,1995-2014,4.9509551099410505
ACCESS-ESM1-5,r20i1p1f1,MED,P1,2021-2040,1995-2014,1.1541963969734623
ACCESS-ESM1-5,r20i1p1f1,MED,P2,2041-2060,1995-2014,2.2097375540932385
ACCESS-ESM1-5,r20i1p1f1,MED,P3,2081-2100,1995-2014,4.507501640880621
ACCESS-ESM1-5,r20i1p1f1,NEU,P1,2021-2040,1995-2014,0.013513434917862365
ACCESS-ESM1-5,r20i1p1f1,NEU,P2,2041-2060,1995-2014,1.2187485667981415
ACCESS-ESM1-5,r20i1p1f1,NEU,P3,2081-2100,1995-2014,3.4581348493523585
ACCESS-ESM1-5,r20i1p1f1,WCE,P1,2021-2040,1995-2014,0.7434304492286701
ACCESS-ESM1-5,r20i1p1f1,WCE,P2,2041-2060,1995-2014,2.3901381158227992
ACCESS-ESM1-5,r20i1p1f1,WCE,P3,2081-2100,1995-2014,4.735833093835327
ACCESS-ESM1-5,r21i1p1f1,MED,P1,2021-2040,1995-2014,1.2899753979658537
ACCESS-ESM1-5,r21i1p1f1,MED,P2,2041-2060,1995-2014,2.21412937637936
ACCESS-ESM1-5,r21i1p1f1,MED,P3,2081-2100,1995-2014,4.506052755585342
ACCESS-ESM1-5,r21i1p1f1,NEU,P1,2021-2040,1995-2014,0.12760334083384803
ACCESS-ESM1-5,r21i1p1f1,NEU,P2,2041-2060,1995-2014,1.3565145092432271
ACCESS-ESM1-5,r21i1p1f1,NEU,P3,2081-2100,1995-2014,2.963095191938707
ACCESS-ESM1-5,r21i1p1f1,WCE,P1,2021-2040,1995-2014,1.0382313351207766
ACCESS-ESM1-5,r21i1p1f1,WCE,P2,2041-2060,1995-2014,2.4510875863907855
ACCESS-ESM1-5,r21i1p1f1,WCE,P3,2081-2100,1995-2014,4.775288218110614
ACCESS-ESM1-5,r22i1p1f1,MED,P1,2021-2040,1995-2014,1.504529938727657
ACCESS-ESM1-5,r22i1p1f1,MED,P2,2041-2060,1995-2014,2.60039261234652
ACCESS-ESM1-5,r22i1p1f1,MED,P3,2081-2100,1995-2014,4.889992421999709
ACCESS-ESM1-5,r22i1p1f1,NEU,P1,2021-2040,1995-2014,0.38092240703892977
ACCESS-ESM1-5,r22i1p1f1,NEU,P2,2041-2060,1995-2014,0.8669281912763388
ACCESS-ESM1-5,r22i1p1f1,NEU,P3,2081-2100,1995-2014,3.6914854528588537
ACCESS-ESM1-5,r22i1p1f1,WCE,P1,2021-2040,1995-2014,1.7458634594001154
ACCESS-ESM1-5,r22i1p1f1,WCE,P2,2041-2060,1995-2014,2.4869757883114554
ACCESS-ESM1-5,r22i1p1f1,WCE,P3,2081-2100,1995-2014,6.2198498269197176
ACCESS-ESM1-5,r23i1p1f1,MED,P1,2021-2040,1995-2014,1.4111889633616566
ACCESS-ESM1-5,r23i1p1f1,MED,P2,2041-2060,1995-2014,2.832052608986199
ACCESS-ESM1-5,r23i1p1f1,MED,P3,2081-2100,1995-2014,4.563037800426247
ACCESS-ESM1-5,r23i1p1f1,NEU,P1,2021-2040,1995-2014,1.034476209312959
ACCESS-ESM1-5,r23i1p1f1,NEU,P2,2041-2060,1995-2014,2.1087469613034333
ACCESS-ESM1-5,r23i1p1f1,NEU,P3,2081-2100,1995-2014,4.507352253056777
ACCESS-ESM1-5,r23i1p1f1,WCE,P1,2021-2040,1995-2014,1.6109700008527041
ACCESS-ESM1-5,r23i1p1f1,WCE,P2,2041-2060,1995-2014,3.3104989422360434
ACCESS-ESM1-5,r23i1p1f1,WCE,P3,2081-2100,1995-2014,5.648760769744011
ACCESS-ESM1-5,r24i1p1f1,MED,P1,2021-2040,1995-2014,1.5241909741289008
ACCESS-ESM1-5,r24i1p1f1,MED,P2,2041-2060,1995-2014,2.377615810808853
ACCESS-ESM1-5,r24i1p1f1,MED,P3,2081-2100,1995-2014,4.558543290508913
ACCESS-ESM1-5,r24i1p1f1,NEU,P1,2021-2040,1995-2014,1.0414244198962337
ACCESS-ESM1-5,r24i1p1f1,NEU,P2,2041-2060,1995-2014,1.5952353478888193
ACCESS-ESM1-5,r24i1p1f1,NEU,P3,2081-2100,1995-2014,3.245753304159969
ACCESS-ESM1-5,r24i1p1f1,WCE,P1,2021-2040,1995-2014,2.250812698284304
ACCESS-ESM1-5,r24i1p1f1,WCE,P2,2041-2060,1995-2014,2.360651827120192
ACCESS-ESM1-5,r24i1p1f1,WCE,P3,2081-2100,1995-2014,5.249758925003055
ACCESS-ESM1-5,r25i1p1f1,MED,P1,2021-2040,1995-2014,1.5949045442432508
ACCESS-ESM1-5,r25i1p1f1,MED,P2,2041-2060,1995-2014,2.7611740298516123
ACCESS-ESM1-5,r25i1p1f1,MED,P3,2081-2100,1995-2014,4.783600145602616
ACCESS-ESM1-5,r25i1p1f1,NEU,P1,2021-2040,1995-2014,0.33431960203583155
ACCESS-ESM1-5,r25i1p1f1,NEU,P2,2041-2060,1995-2014,1.358862867659912
ACCESS-ESM1-5,r25i1p1f1,NEU,P3,2081-2100,1995-2014,3.9713519875625622
ACCESS-ESM1-5,r25i1p1f1,WCE,P1,2021-2040,1995-2014,2.126382057271516
ACCESS-ESM1-5,r25i1p1f1,WCE,P2,2041-2060,1995-2014,2.9124175404009165
ACCESS-ESM1-5,r25i1p1f1,WCE,P3,2081-2100,1995-2014,5.784105188753457
ACCESS-ESM1-5,r26i1p1f1,MED,P1,2021-2040,1995-2014,1.510142726320475
ACCESS-ESM1-5,r26i1p1f1,MED,P2,2041-2060,1995-2014,2.5684985935362183
ACCESS-ESM1-5,r26i1p1f1,MED,P3,2081-2100,1995-2014,4.931552172413378
ACCESS-ESM1-5,r26i1p1f1,NEU,P1,2021-2040,1995-2014,1.2220851598031441
ACCESS-ESM1-5,r26i1p1f1,NEU,P2,2041-2060,1995-2014,1.744387231359108
ACCESS-ESM1-5,r26i1p1f1,NEU,P3,2081-2100,1995-2014,4.146683324882863
ACCESS-ESM1-5,r26i1p1f1,WCE,P1,2021-2040,1995-2014,1.4482686045793227
ACCESS-ESM1-5,r26i1p1f1,WCE,P2,2041-2060,1995-2014,2.586382138366644
ACCESS-ESM1-5,r26i1p1f1,WCE,P3,2081-2100,1995-2014,5.956732673067661
ACCESS-ESM1-5,r27i1p1f1,MED,P1,2021-2040,1995-2014,1.6558762458666643
ACCESS-ESM1-5,r27i1p1f1,MED,P2,2041-2060,1995-2014,2.628329320443
ACCESS-ESM1-5,r27i1p1f1,MED,P3,2081-2100,1995-2014,4.630779905136369
ACCESS-ESM1-5,r27i1p1f1,NEU,P1,2021-2040,1995-2014,1.1176000917482252
ACCESS-ESM1-5,r27i1p1f1,NEU,P2,2041-2060,1995-2014,1.8956301186502338
ACCESS-ESM1-5,r27i1p1f1,NEU,P3,2081-2100,1995-2014,3.9396432749758303
ACCESS-ESM1-5,r27i1p1f1,WCE,P1,2021-2040,1995-2014,1.9589117919556096
ACCESS-ESM1-5,r27i1p1f1,WCE,P2,2041-2060,1995-2014,3.1756388423380377
ACCESS-ESM1-5,r27i1p1f1,WCE,P3,2081-2100,1995-2014,5.641799295592241
ACCESS-ESM1-5,r28i1p1f1,MED,P1,2021-2040,1995-2014,1.3319319487753942
ACCESS-ESM1-5,r28i1p1f1,MED,P2,2041-2060,1995-2014,2.5037300895103227
ACCESS-ESM1-5,r28i1p1f1,MED,P3,2081-2100,1995-2014,4.920220993644541
ACCESS-ESM1-5,r28i1p1f1,NEU,P1,2021-2040,1995-2014,0.26878670846302155
ACCESS-ESM1-5,r28i1p1f1,NEU,P2,2041-2060,1995-2014,1.3996238220614938
ACCESS-ESM1-5,r28i1p1f1,NEU,P3,2081-2100,1995-2014,3.691289240069893
ACCESS-ESM1-5,r28i1p1f1,WCE,P1,2021-2040,1995-2014,1.5694551373776524
ACCESS-ESM1-5,r28i1p1f1,WCE,P2,2041-2060,1995-2014,2.558572192889513
ACCESS-ESM1-5,r28i1p1f1,WCE,P3,2081-2100,1995-2014,5.753134042972673
ACCESS-ESM1-5,r29i1p1f1,MED,P1,2021-2040,1995-2014,1.2537462640754424
ACCESS-ESM1-5,r29i1p1f1,MED,P2,2041-2060,1995-2014,2.5414720745586523
ACCESS-ESM1-5,r29i1p1f1,MED,P3,2081-2100,1995-2014,4.591059832274357
ACCESS-ESM1-5,r29i1p1f1,NEU,P1,2021-2040,1995-2014,0.5375973073225859
ACCESS-ESM1-5,r29i1p1f1,NEU,P2,2041-2060,1995-2014,1.4715049224244416
ACCESS-ESM1-5,r29i1p1f1,NEU,P3,2081-2100,1995-2014,3.461345514400018
ACCESS-ESM1-5,r29i1p1f1,WCE,P1,2021-2040,1995-2014,1.1927458901193997
ACCESS-ESM1-5,r29i1p1f1,WCE,P2,2041-2060,1995-2014,2.4323562299620862
ACCESS-ESM1-5,r29i1p1f1,WCE,P3,2081-2100,1995-2014,5.033517810820287
ACCESS-ESM1-5,r2i1p1f1,MED,P1,2021-2040,1995-2014,1.4493170684258474
ACCESS-ESM1-5,r2i1p1f1,MED,P2,2041-2060,1995-2014,2.437363248445763
ACCESS-ESM1-5,r2i1p1f1,MED,P3,2081-2100,1995-2014,4.664982053776512
ACCESS-ESM1-5,r2i1p1f1,NEU,P1,2021-2040,1995-2014,0.33202770575317614
ACCESS-ESM1-5,r2i1p1f1,NEU,P2,2041-2060,1995-2014,1.8708931259596973
ACCESS-ESM1-5,r2i1p1f1,NEU,P3,2081-2100,1995-2014,3.422504102179519
ACCESS-ESM1-5,r2i1p1f1,WCE,P1,2021-2040,1995-2014,1.3141579483052965
ACCESS-ESM1-5,r2i1p1f1,WCE,P2,2041-2060,1995-2014,2.926640330455172
ACCESS-ESM1-5,r2i1p1f1,WCE,P3,2081-2100,1995-2014,5.392228842791452
ACCESS-ESM1-5,r30i1p1f1,MED,P1,2021-2040,1995-2014,1.4346914813468636
ACCESS-ESM1-5,r30i1p1f1,MED,P2,2041-2060,1995-2014,2.2420394137878787
ACCESS-ESM1-5,r30i1p1f1,MED,P3,2081-2100,1995-2014,4.931150233791332
ACCESS-ESM1-5,r30i1p1f1,NEU,P1,2021-2040,1995-2014,0.48211853290997786
ACCESS-ESM1-5,r30i1p1f1,NEU,P2,2041-2060,1995-2014,1.663083120885198
ACCESS-ESM1-5,r30i1p1f1,NEU,P3,2081-2100,1995-2014,3.4848036345657234
ACCESS-ESM1-5,r30i1p1f1,WCE,P1,2021-2040,1995-2014,1.4612008010700896
ACCESS-ESM1-5,r30i1p1f1,WCE,P2,2041-2060,1995-2014,2.3000803772913736
ACCESS-ESM1-5,r30i1p1f1,WCE,P3,2081-2100,1995-2014,5.808008052508773
ACCESS-ESM1-5,r31i1p1f1,MED,P1,2021-2040,1995-2014,1.0104461181864446
ACCESS-ESM1-5,r31i1p1f1,MED,P2,2041-2060,1995-2014,2.1479412433440492
ACCESS-ESM1-5,r31i1p1f1,MED,P3,2081-2100,1995-2014,4.49404142493803
ACCESS-ESM1-5,r31i1p1f1,NEU,P1,2021-2040,1995-2014,0.3948470670334694
ACCESS-ESM1-5,r31i1p1f1,NEU,P2,2041-2060,1995-2014,0.6922273793486096
ACCESS-ESM1-5,r31i1p1f1,NEU,P3,2081-2100,1995-2014,3.1185385924365474
ACCESS-ESM1-5,r31i1p1f1,WCE,P1,2021-2040,1995-2014,0.4893116446443253
ACCESS-ESM1-5,r31i1p1f1,WCE,P2,2041-2060,1995-2014,1.778608640983385
ACCESS-ESM1-5,r31i1p1f1,WCE,P3,2081-2100,1995-2014,4.860752566059498
ACCESS-ESM1-5,r32i1p1f1,MED,P1,2021-2040,1995-2014,1.7108372318678362
ACCESS-ESM1-5,r32i1p1f1,MED,P2,2041-2060,1995-2014,2.875266960035657
ACCESS-ESM1-5,r32i1p1f1,MED,P3,2081-2100,1995-2014,5.187453851990151
ACCESS-ESM1-5,r32i1p1f1,NEU,P1,2021-2040,1995-2014,1.3836161268463303
ACCESS-ESM1-5,r32i1p1f1,NEU,P2,2041-2060,1995-2014,2.071922111754816
ACCESS-ESM1-5,r32i1p1f1,NEU,P3,2081-2100,1995-2014,4.277726318432721
ACCESS-ESM1-5,r32i1p1f1,WCE,P1,2021-2040,1995-2014,2.5856051847012194
ACCESS-ESM1-5,r32i1p1f1,WCE,P2,2041-2060,1995-2014,3.3877177313650706
ACCESS-ESM1-5,r32i1p1f1,WCE,P3,2081-2100,1995-2014,6.150542682349378
ACCESS-ESM1-5,r33i1p1f1,MED,P1,2021-2040,1995-2014,1.3790994841218474
ACCESS-ESM1-5,r33i1p1f1,MED,P2,2041-2060,1995-2014,2.568674023430168
ACCESS-ESM1-5,r33i1p1f1,MED,P3,2081-2100,1995-2014,4.6200255112325745
ACCESS-ESM1-5,r33i1p1f1,NEU,P1,2021-2040,1995-2014,0.6718600221929159
ACCESS-ESM1-5,r33i1p1f1,NEU,P2,2041-2060,1995-2014,1.4959365275284937
ACCESS-ESM1-5,r33i1p1f1,NEU,P3,2081-2100,1995-2014,3.961387912265672
ACCESS-ESM1-5,r33i1p1f1,WCE,P1,2021-2040,1995-2014,1.8556594760472946
ACCESS-ESM1-5,r33i1p1f1,WCE,P2,2041-2060,1995-2014,2.794068192170065
ACCESS-ESM1-5,r33i1p1f1,WCE,P3,2081-2100,1995-2014,5.809425756660934
ACCESS-ESM1-5,r34i1p1f1,MED,P1,2021-2040,1995-2014,1.3724041974019843
ACCESS-ESM1-5,r34i1p1f1,MED,P2,2041-2060,1995-2014,2.449911951761589
ACCESS-ESM1-5,r34i1p1f1,MED,P3,2081-2100,1995-2014,4.909425768500009
ACCESS-ESM1-5,r34i1p1f1,NEU,P1,2021-2040,1995-2014,1.343381372090502
ACCESS-ESM1-5,r34i1p1f1,NEU,P2,2041-2060,1995-2014,1.9479017291627727
ACCESS-ESM1-5,r34i1p1f1,NEU,P3,2081-2100,1995-2014,3.9994474452201367
ACCESS-ESM1-5,r34i1p1f1,WCE,P1,2021-2040,1995-2014,1.547689119394711
ACCESS-ESM1-5,r34i1p1f1,WCE,P2,2041-2060,1995-2014,2.5365996916859856
ACCESS-ESM1-5,r34i1p1f1,WCE,P3,2081-2100,1995-2014,5.297577887741096
ACCESS-ESM1-5,r35i1p1f1,MED,P1,2021-2040,1995-2014,1.6905562096836722
ACCESS-ESM1-5,r35i1p1f1,MED,P2,2041-2060,1995-2014,2.738506283155146
ACCESS-ESM1-5,r35i1p1f1,MED,P3,2081-2100,1995-2014,4.922255165571788
ACCESS-ESM1-5,r35i1p1f1,NEU,P1,2021-2040,1995-2014,0.6992248371976209
ACCESS-ESM1-5,r35i1p1f1,NEU,P2,2041-2060,1995-2014,1.842780974877202
ACCESS-ESM1-5,r35i1p1f1,NEU,P3,2081-2100,1995-2014,4.0268708251276575
ACCESS-ESM1-5,r35i1p1f1,WCE,P1,2021-2040,1995-2014,1.671869989822784
ACCESS-ESM1-5,r35i1p1f1,WCE,P2,2041-2060,1995-2014,3.1456253497550426
ACCESS-ESM1-5,r35i1p1f1,WCE,P3,2081-2100,1995-2014,6.016499606894362
ACCESS-ESM1-5,r36i1p1f1,MED,P1,2021-2040,1995-2014,1.6555900066667948
ACCESS-ESM1-5,r36i1p1f1,MED,P2,2041-2060,1995-2014,2.449750466202287
ACCESS-ESM1-5,r36i1p1f1,MED,P3,2081-2100,1995-2014,4.613011020616116
ACCESS-ESM1-5,r36i1p1f1,NEU,P1,2021-2040,1995-2014,1.1767362749895705
ACCESS-ESM1-5,r36i1p1f1,NEU,P2,2041-2060,1995-2014,1.9222948655890746
ACCESS-ESM1-5,r36i1p1f1,NEU,P3,2081-2100,1995-2014,3.907240421216089
ACCESS-ESM1-5,r36i1p1f1,WCE,P1,2021-2040,1995-2014,2.0585959213558622
ACCESS-ESM1-5,r36i1p1f1,WCE,P2,2041-2060,1995-2014,2.7767743970086873
ACCESS-ESM1-5,r36i1p1f1,WCE,P3,2081-2100,1995-2014,5.795897111617469
ACCESS-ESM1-5,r37i1p1f1,MED,P1,2021-2040,1995-2014,1.4503820060260542
ACCESS-ESM1-5,r37i1p1f1,MED,P2,2041-2060,1995-2014,2.6999981512727347
ACCESS-ESM1-5,r37i1p1f1,MED,P3,2081-2100,1995-2014,4.721100838087896
ACCESS-ESM1-5,r37i1p1f1,NEU,P1,2021-2040,1995-2014,1.0077900444935506
ACCESS-ESM1-5,r37i1p1f1,NEU,P2,2041-2060,1995-2014,1.7751873482045355
ACCESS-ESM1-5,r37i1p1f1,NEU,P3,2081-2100,1995-2014,3.6019857193537193
ACCESS-ESM1-5,r37i1p1f1,WCE,P1,2021-2040,1995-2014,1.5076347994724577
ACCESS-ESM1-5,r37i1p1f1,WCE,P2,2041-2060,1995-2014,2.7555797883508375
ACCESS-ESM1-5,r37i1p1f1,WCE,P3,2081-2100,1995-2014,5.351923443255159
ACCESS-ESM1-5,r38i1p1f1,MED,P1,2021-2040,1995-2014,1.3735074688985969
ACCESS-ESM1-5,r38i1p1f1,MED,P2,2041-2060,1995-2014,2.274792154942581
ACCESS-ESM1-5,r38i1p1f1,MED,P3,2081-2100,1995-2014,4.569536103986534
ACCESS-ESM1-5,r38i1p1f1,NEU,P1,2021-2040,1995-2014,0.59228440488283
ACCESS-ESM1-5,r38i1p1f1,NEU,P2,2041-2060,1995-2014,1.2442317926826925
ACCESS-ESM1-5,r38i1p1f1,NEU,P3,2081-2100,1995-2014,3.875408015498786
ACCESS-ESM1-5,r38i1p1f1,WCE,P1,2021-2040,1995-2014,1.0467395663854275
ACCESS-ESM1-5,r38i1p1f1,WCE,P2,2041-2060,1995-2014,2.2863262439979004
ACCESS-ESM1-5,r38i1p1f1,WCE,P3,2081-2100,1995-2014,5.627374383351694
ACCESS-ESM1-5,r39i1p1f1,MED,P1,2021-2040,1995-2014,1.3490202363198036
ACCESS-ESM1-5,r39i1p1f1,MED,P2,2041-2060,1995-2014,2.2648483321280963
ACCESS-ESM1-5,r39i1p1f1,MED,P3,2081-2100,1995-2014,4.792770060214349
ACCESS-ESM1-5,r39i1p1f1,NEU,P1,2021-2040,1995-2014,0.4415514381600862
ACCESS-ESM1-5,r39i1p1f1,NEU,P2,2041-2060,1995-2014,2.268759956077256
ACCESS-ESM1-5,r39i1p1f1,NEU,P3,2081-2100,1995-2014,3.99979440842505
ACCESS-ESM1-5,r39i1p1f1,WCE,P1,2021-2040,1995-2014,1.3249917234220028
ACCESS-ESM1-5,r39i1p1f1,WCE,P2,2041-2060,1995-2014,2.808541566536315
ACCESS-ESM1-5,r39i1p1f1,WCE,P3,2081-2100,1995-2014,5.641379030629535
ACCESS-ESM1-5,r3i1p1f1,MED,P1,2021-2040,1995-2014,1.5242524596573308
ACCESS-ESM1-5,r3i1p1f1,MED,P2,2041-2060,1995-2014,2.4219198440126073
ACCESS-ESM1-5,r3i1p1f1,MED,P3,2081-2100,1995-2014,4.712986868088329
ACCESS-ESM1-5,r3i1p1f1,NEU,P1,2021-2040,1995-2014,0.886889950508797
ACCESS-ESM1-5,r3i1p1f1,NEU,P2,2041-2060,1995-2014,1.7280852961482907
ACCESS-ESM1-5,r3i1p1f1,NEU,P3,2081-2100,1995-2014,4.400837901039348
ACCESS-ESM1-5,r3i1p1f1,WCE,P1,2021-2040,1995-2014,2.088840344191192
ACCESS-ESM1-5,r3i1p1f1,WCE,P2,2041-2060,1995-2014,2.5876662027063757
ACCESS-ESM1-5,r3i1p1f1,WCE,P3,2081-2100,1995-2014,6.362766439154702
ACCESS-ESM1-5,r40i1p1f1,MED,P1,2021-2040,1995-2014,1.254018245603446
ACCESS-ESM1-5,r40i1p1f1,MED,P2,2041-2060,1995-2014,2.455821159120584
ACCESS-ESM1-5,r40i1p1f1,MED,P3,2081-2100,1995-2014,4.519118561729103
ACCESS-ESM1-5,r40i1p1f1,NEU,P1,2021-2040,1995-2014,1.0887397274856805
ACCESS-ESM1-5,r40i1p1f1,NEU,P2,2041-2060,1995-2014,1.5743779393493569
ACCESS-ESM1-5,r40i1p1f1,NEU,P3,2081-2100,1995-2014,3.5516100530144117
ACCESS-ESM1-5,r40i1p1f1,WCE,P1,2021-2040,1995-2014,1.1805910904801236
ACCESS-ESM1-5,r40i1p1f1,WCE,P2,2041-2060,1995-2014,2.108551263075954
ACCESS-ESM1-5,r40i1p1f1,WCE,P3,2081-2100,1995-2014,4.482532651391354
ACCESS-ESM1-5,r4i1p1f1,MED,P1,2021-2040,1995-2014,1.1586509470339779
ACCESS-ESM1-5,r4i1p1f1,MED,P2,2041-2060,1995-2014,2.089566020764413
ACCESS-ESM1-5,r4i1p1f1,MED,P3,2081-2100,1995-2014,4.3617413638833895
ACCESS-ESM1-5,r4i1p1f1,NEU,P1,2021-2040,1995-2014,-0.19129654007835734
ACCESS-ESM1-5,r4i1p1f1,NEU,P2,2041-2060,1995-2014,1.1139359797962833
ACCESS-ESM1-5,r4i1p1f1,NEU,P3,2081-2100,1995-2014,3.229099508571531
ACCESS-ESM1-5,r4i1p1f1,WCE,P1,2021-2040,1995-2014,1.0861569418208323
ACCESS-ESM1-5,r4i1p1f1,WCE,P2,2041-2060,1995-2014,2.5535862733260344
ACCESS-ESM1-5,r4i1p1f1,WCE,P3,2081-2100,1995-2014,5.398264878368517
ACCESS-ESM1-5,r5i1p1f1,MED,P1,2021-2040,1995-2014,1.2628765641670006
ACCESS-ESM1-5,r5i1p1f1,MED,P2,2041-2060,1995-2014,2.2991754651372647
ACCESS-ESM1-5,r5i1p1f1,MED,P3,2081-2100,1995-2014,4.69538248990325
ACCESS-ESM1-5,r5i1p1f1,NEU,P1,2021-2040,1995-2014,0.7677138442737346
ACCESS-ESM1-5,r5i1p1f1,NEU,P2,2041-2060,1995-2014,1.9045885474753521
ACCESS-ESM1-5,r5i1p1f1,NEU,P3,2081-2100,1995-2014,4.289083651712618
ACCESS-ESM1-5,r5i1p1f1,WCE,P1,2021-2040,1995-2014,1.3506987970637188
ACCESS-ESM1-5,r5i1p1f1,WCE,P2,2041-2060,1995-2014,3.13461487899161
ACCESS-ESM1-5,r5i1p1f1,WCE,P3,2081-2100,1995-2014,5.938262145636251
ACCESS-ESM1-5,r6i1p1f1,MED,P1,2021-2040,1995-2014,1.8391753752461681
ACCESS-ESM1-5,r6i1p1f1,MED,P2,2041-2060,1995-2014,2.734237411293209
ACCESS-ESM1-5,r6i1p1f1,MED,P3,2081-2100,1995-2014,5.137658270989429
ACCESS-ESM1-5,r6i1p1f1,NEU,P1,2021-2040,1995-2014,0.9408464291747063
ACCESS-ESM1-5,r6i1p1f1,NEU,P2,2041-2060,1995-2014,1.4948027423883747
ACCESS-ESM1-5,r6i1p1f1,NEU,P3,2081-2100,1995-2014,4.266414478319022
ACCESS-ESM1-5,r6i1p1f1,WCE,P1,2021-2040,1995-2014,1.404174997463417
ACCESS-ESM1-5,r6i1p1f1,WCE,P2,2041-2060,1995-2014,3.122413217329542
ACCESS-ESM1-5,r6i1p1f1,WCE,P3,2081-2100,1995-2014,6.175447034378783
ACCESS-ESM1-5,r7i1p1f1,MED,P1,2021-2040,1995-2014,1.2590806611243155
ACCESS-ESM1-5,r7i1p1f1,MED,P2,2041-2060,1995-2014,2.5389897127749372
ACCESS-ESM1-5,r7i1p1f1,MED,P3,2081-2100,1995-2014,4.574183607803756
ACCESS-ESM1-5,r7i1p1f1,NEU,P1,2021-2040,1995-2014,0.6368916183016093
ACCESS-ESM1-5,r7i1p1f1,NEU,P2,2041-2060,1995-2014,1.2724466195921031
ACCESS-ESM1-5,r7i1p1f1,NEU,P3,2081-2100,1995-2014,3.428832691050647
ACCESS-ESM1-5,r7i1p1f1,WCE,P1,2021-2040,1995-2014,1.2079682847752562
ACCESS-ESM1-5,r7i1p1f1,WCE,P2,2041-2060,1995-2014,2.7339409962069703
ACCESS-ESM1-5,r7i1p1f1,WCE,P3,2081-2100,1995-2014,5.694605565489348
ACCESS-ESM1-5,r8i1p1f1,MED,P1,2021-2040,1995-2014,1.151788919284828
ACCESS-ESM1-5,r8i1p1f1,MED,P2,2041-2060,1995-2014,2.3657511340214463
ACCESS-ESM1-5,r8i1p1f1,MED,P3,2081-2100,1995-2014,4.3510435339648295
ACCESS-ESM1-5,r8i1p1f1,NEU,P1,2021-2040,1995-2014,0.11688111529186376
ACCESS-ESM1-5,r8i1p1f1,NEU,P2,2041-2060,1995-2014,1.634597145746047
ACCESS-ESM1-5,r8i1p1f1,NEU,P3,2081-2100,1995-2014,3.6776419844519994
ACCESS-ESM1-5,r8i1p1f1,WCE,P1,2021-2040,1995-2014,1.2555979746625647
ACCESS-ESM1-5,r8i1p1f1,WCE,P2,2041-2060,1995-2014,2.879911240317017
ACCESS-ESM1-5,r8i1p1f1,WCE,P3,2081-2100,1995-2014,5.277671907399224
ACCESS-ESM1-5,r9i1p1f1,MED,P1,2021-2040,1995-2014,1.3897492352829683
ACCESS-ESM1-5,r9i1p1f1,MED,P2,2041-2060,1995-2014,2.524745244516418
ACCESS-ESM1-5,r9i1p1f1,MED,P3,2081-2100,1995-2014,5.05362213229944
ACCESS-ESM1-5,r9i1p1f1,NEU,P1,2021-2040,1995-2014,0.5435588622375993
ACCESS-ESM1-5,r9i1p1f1,NEU,P2,2041-2060,1995-2014,1.9519350068002423
ACCESS-ESM1-5,r9i1p1f1,NEU,P3,2081-2100,1995-2014,4.319081367246955
ACCESS-ESM1-5,r9i1p1f1,WCE,P1,2021-2040,1995-2014,0.8211211362636306
ACCESS-ESM1-5,r9i1p1f1,WCE,P2,2041-2060,1995-2014,2.237547763692952
ACCESS-ESM1-5,r9i1p1f1,WCE,P3,2081-2100,1995-2014,5.612847901860497
CESM2(CMIP6),1001.001i1p1f1,MED,P1,2021-2040,1995-2014,1.2959368976900492
CESM2(CMIP6),1001.001i1p1f1,MED,P2,2041-2060,1995-2014,1.9165223505416578
CESM2(CMIP6),1001.001i1p1f1,MED,P3,2081-2100,1995-2014,4.122422248964466
CESM2(CMIP6),1001.001i1p1f1,NEU,P1,2021-2040,1995-2014,0.4424526125103211
CESM2(CMIP6),1001.001i1p1f1,NEU,P2,2041-2060,1995-2014,0.7434608322519722
CESM2(CMIP6),1001.001i1p1f1,NEU,P3,2081-2100,1995-2014,2.0683364429187328
CESM2(CMIP6),1001.001i1p1f1,WCE,P1,2021-2040,1995-2014,1.4287090555954238
CESM2(CMIP6),1001.001i1p1f1,WCE,P2,2041-2060,1995-2014,1.8711389937976037
CESM2(CMIP6),1001.001i1p1f1,WCE,P3,2081-2100,1995-2014,4.458325737109076
CESM2(CMIP6),1021.002i1p1f1,MED,P1,2021-2040,1995-2014,1.0516246036245396
CESM2(CMIP6),1021.002i1p1f1,MED,P2,2041-2060,1995-2014,2.041562615887558
CESM2(CMIP6),1021.002i1p1f1,MED,P3,2081-2100,1995-2014,4.383979403043126
CESM2(CMIP6),1021.002i1p1f1,NEU,P1,2021-2040,1995-2014,-0.15794698739370902
CESM2(CMIP6),1021.002i1p1f1,NEU,P2,2041-2060,1995-2014,0.5506693220708192
CESM2(CMIP6),1021.002i1p1f1,NEU,P3,2081-2100,1995-2014,1.7175520076286361
CESM2(CMIP6),1021.002i1p1f1,WCE,P1,2021-2040,1995-2014,0.8771044323073969
CESM2(CMIP6),1021.002i1p1f1,WCE,P2,2041-2060,1995-2014,2.152064616347708
CESM2(CMIP6),1021.002i1p1f1,WCE,P3,2081-2100,1995-2014,4.649363857959279
CESM2(CMIP6),1041.003i1p1f1,MED,P1,2021-2040,1995-2014,0.8800273374844052
CESM2(CMIP6),1041.003i1p1f1,MED,P2,2041-2060,1995-2014,1.694513754514528
CESM2(CMIP6),1041.003i1p1f1,MED,P3,2081-2100,1995-2014,4.1123757862274735
CESM2(CMIP6),1041.003i1p1f1,NEU,P1,2021-2040,1995-2014,0.36251648082167504
CESM2(CMIP6),1041.003i1p1f1,NEU,P2,2041-2060,1995-2014,0.956562908225178
CESM2(CMIP6),1041.003i1p1f1,NEU,P3,2081-2100,1995-2014,1.9792065177338247
CESM2(CMIP6),1041.003i1p1f1,WCE,P1,2021-2040,1995-2014,0.6664505508033951
CESM2(CMIP6),1041.003i1p1f1,WCE,P2,2041-2060,1995-2014,1.289784615184218
CESM2(CMIP6),1041.003i1p1f1,WCE,P3,2081-2100,1995-2014,4.260210611342538
CESM2(CMIP6),1061.004i1p1f1,MED,P1,2021-2040,1995-2014,0.8972216697208921
CESM2(CMIP6),1061.004i1p1f1,MED,P2,2041-2060,1995-2014,2.2652930827429083
CESM2(CMIP6),1061.004i1p1f1,MED,P3,2081-2100,1995-2014,4.277364730147139
CESM2(CMIP6),1061.004i1p1f1,NEU,P1,2021-2040,1995-2014,0.18235715368716363
CESM2(CMIP6),1061.004i1p1f1,NEU,P2,2041-2060,1995-2014,1.440718506928184
CESM2(CMIP6),1061.004i1p1f1,NEU,P3,2081-2100,1995-2014,2.463449774901078
CESM2(CMIP6),1061.004i1p1f1,WCE,P1,2021-2040,1995-2014,0.7718381905776506
CESM2(CMIP6),1061.004i1p1f1,WCE,P2,2041-2060,1995-2014,2.7885577886785327
CESM2(CMIP6),1061.004i1p1f1,WCE,P3,2081-2100,1995-2014,4.64959752173982
CESM2(CMIP6),1081.005i1p1f1,MED,P1,2021-2040,1995-2014,1.0483246456625577
CESM2(CMIP6),1081.005i1p1f1,MED,P2,2041-2060,1995-2014,1.9327560438404767
CESM2(CMIP6),1081.005i1p1f1,MED,P3,2081-2100,1995-2014,4.413262786695837
CESM2(CMIP6),1081.005i1p1f1,NEU,P1,2021-2040,1995-2014,0.20256288788127907
CESM2(CMIP6),1081.005i1p1f1,NEU,P2,2041-2060,1995-2014,1.0055795486910508
CESM2(CMIP6),1081.005i1p1f1,NEU,P3,2081-2100,1995-2014,1.7018086504261265
CESM2(CMIP6),1081.005i1p1f1,WCE,P1,2021-2040,1995-2014,1.281263066612519
CESM2(CMIP6),1081.005i1p1f1,WCE,P2,2041-2060,1995-2014,2.0330716599804033
CESM2(CMIP6),1081.005i1p1f1,WCE,P3,2081-2100,1995-2014,4.612035272687258
CESM2(CMIP6),1101.006i1p1f1,MED,P1,2021-2040,1995-2014,0.8944797740427575
CESM2(CMIP6),1101.006i1p1f1,MED,P2,2041-2060,1995-2014,1.840067959042584
CESM2(CMIP6),1101.006i1p1f1,MED,P3,2081-2100,1995-2014,4.130784427210922
CESM2(CMIP6),1101.006i1p1f1,NEU,P1,2021-2040,1995-2014,0.22533778726053538
CESM2(CMIP6),1101.006i1p1f1,NEU,P2,2041-2060,1995-2014,1.0683116033701308
CESM2(CMIP6),1101.006i1p1f1,NEU,P3,2081-2100,1995-2014,2.532261981597734
CESM2(CMIP6),1101.006i1p1f1,WCE,P1,2021-2040,1995-2014,0.8534600244237984
CESM2(CMIP6),1101.006i1p1f1,WCE,P2,2041-2060,1995-2014,1.9280876544676098
CESM2(CMIP6),1101.006i1p1f1,WCE,P3,2081-2100,1995-2014,4.94113030669122
CESM2(CMIP6),1121.007i1p1f1,MED,P1,2021-2040,1995-2014,0.8012508765143762
CESM2(CMIP6),1121.007i1p1f1,MED,P2,2041-2060,1995-2014,2.15266846765367
CESM2(CMIP6),1121.007i1p1f1,MED,P3,2081-2100,1995-2014,4.247979996223685
CESM2(CMIP6),1121.007i1p1f1,NEU,P1,2021-2040,1995-2014,0.2687338681109999
CESM2(CMIP6),1121.007i1p1f1,NEU,P2,2041-2060,1995-2014,1.328853562206826
CESM2(CMIP6),1121.007i1p1f1,NEU,P3,2081-2100,1995-2014,2.5853410398639554
CESM2(CMIP6),1121.007i1p1f1,WCE,P1,2021-2040,1995-2014,0.6549625970342214
CESM2(CMIP6),1121.007i1p1f1,WCE,P2,2041-2060,1995-2014,2.2277227127253454
CESM2(CMIP6),1121.007i1p1f1,WCE,P3,2081-2100,1995-2014,4.603428018193176
CESM2(CMIP6),1141.008i1p1f1,MED,P1,2021-2040,1995-2014,1.0074654390799407
CESM2(CMIP6),1141.008i1p1f1,MED,P2,2041-2060,1995-2014,2.2534819691209904
CESM2(CMIP6),1141.008i1p1f1,MED,P3,2081-2100,1995-2014,4.278889328515527
CESM2(CMIP6),1141.008i1p1f1,NEU,P1,2021-2040,1995-2014,0.7735561198640823
CESM2(CMIP6),1141.008i1p1f1,NEU,P2,2041-2060,1995-2014,1.676181677752591
CESM2(CMIP6),1141.008i1p1f1,NEU,P3,2081-2100,1995-2014,2.498645863592617
CESM2(CMIP6),1141.008i1p1f1,WCE,P1,2021-2040,1995-2014,1.3038992096484352
CESM2(CMIP6),1141.008i1p1f1,WCE,P2,2041-2060,1995-2014,2.6532679659577925
CESM2(CMIP6),1141.008i1p1f1,WCE,P3,2081-2100,1995-2014,4.74119310224891
CESM2(CMIP6),1161.009i1p1f1,MED,P1,2021-2040,1995-2014,0.7362618804554562
CESM2(CMIP6),1161.009i1p1f1,MED,P2,2041-2060,1995-2014,1.9785645728434367
CESM2(CMIP6),1161.009i1p1f1,MED,P3,2081-2100,1995-2014,4.154203682532006
CESM2(CMIP6),1161.009i1p1f1,NEU,P1,2021-2040,1995-2014,0.47823685518908077
CESM2(CMIP6),1161.009i1p1f1,NEU,P2,2041-2060,1995-2014,1.503570710743694
CESM2(CMIP6),1161.009i1p1f1,NEU,P3,2081-2100,1995-2014,2.6918239719058676
CESM2(CMIP6),1161.009i1p1f1,WCE,P1,2021-2040,1995-2014,1.0341483520082
CESM2(CMIP6),1161.009i1p1f1,WCE,P2,2041-2060,1995-2014,2.461638250892153
CESM2(CMIP6),1161.009i1p1f1,WCE,P3,2081-2100,1995-2014,4.893602424404686
CESM2(CMIP6),1181.010i1p1f1,MED,P1,2021-2040,1995-2014,1.0453123398080775
CESM2(CMIP6),1181.010i1p1f1,MED,P2,2041-2060,1995-2014,1.6873301094229476
CESM2(CMIP6),1181.010i1p1f1,MED,P3,2081-2100,1995-2014,4.063231066029594
CESM2(CMIP6),1181.010i1p1f1,NEU,P1,2021-2040,1995-2014,0.4932207172107096
CESM2(CMIP6),1181.010i1p1f1,NEU,P2,2041-2060,1995-2014,1.028815550019451
CESM2(CMIP6),1181.010i1p1f1,NEU,P3,2081-2100,1995-2014,1.934363912027947
CESM2(CMIP6),1181.010i1p1f1,WCE,P1,2021-2040,1995-2014,1.1289643969302552
CESM2(CMIP6),1181.010i1p1f1,WCE,P2,2041-2060,1995-2014,1.7963251194108814
CESM2(CMIP6),1181.010i1p1f1,WCE,P3,2081-2100,1995-2014,4.507691603674414
CESM2(CMIP6),1231.001i1p1f1,MED,P1,2021-2040,1995-2014,0.7837025012790153
CESM2(CMIP6),1231.001i1p1f1,MED,P2,2041-2060,1995-2014,1.7775235026237213
CESM2(CMIP6),1231.001i1p1f1,MED,P3,2081-2100,1995-2014,4.121802237434599
CESM2(CMIP6),1231.001i1p1f1,NEU,P1,2021-2040,1995-2014,-0.021331961552271482
CESM2(CMIP6),1231.001i1p1f1,NEU,P2,2041-2060,1995-2014,1.289368500422501
CESM2(CMIP6),1231.001i1p1f1,NEU,P3,2081-2100,1995-2014,2.0923235254130312
CESM2(CMIP6),1231.001i1p1f1,WCE,P1,2021-2040,1995-2014,0.8029022540019313
CESM2(CMIP6),1231.001i1p1f1,WCE,P2,2041-2060,1995-2014,2.2073163716976234
CESM2(CMIP6),1231.001i1p1f1,WCE,P3,2081-2100,1995-2014,4.735158557221394
CESM2(CMIP6),1231.002i1p1f1,MED,P1,2021-2040,1995-2014,1.3367036641752275
CESM2(CMIP6),1231.002i1p1f1,MED,P2,2041-2060,1995-2014,1.9419179014425367
CESM2(CMIP6),1231.002i1p1f1,MED,P3,2081-2100,1995-2014,4.406488152903864
CESM2(CMIP6),1231.002i1p1f1,NEU,P1,2021-2040,1995-2014,0.1778704366677996
CESM2(CMIP6),1231.002i1p1f1,NEU,P2,2041-2060,1995-2014,0.8162786708227383
CESM2(CMIP6),1231.002i1p1f1,NEU,P3,2081-2100,1995-2014,2.302865318998757
CESM2(CMIP6),1231.002i1p1f1,WCE,P1,2021-2040,1995-2014,1.3364955426789147
CESM2(CMIP6),1231.002i1p1f1,WCE,P2,2041-2060,1995-2014,1.748036630098725
CESM2(CMIP6),1231.002i1p1f1,WCE,P3,2081-2100,1995-2014,4.866245637594661
CESM2(CMIP6),1231.003i1p1f1,MED,P1,2021-2040,1995-2014,1.036658675629864
CESM2(CMIP6),1231.003i1p1f1,MED,P2,2041-2060,1995-2014,2.0988987096802516
CESM2(CMIP6),1231.003i1p1f1,MED,P3,2081-2100,1995-2014,4.446421558029234
CESM2(CMIP6),1231.003i1p1f1,NEU,P1,2021-2040,1995-2014,0.5253115603793062
CESM2(CMIP6),1231.003i1p1f1,NEU,P2,2041-2060,1995-2014,1.417254795485548
CESM2(CMIP6),1231.003i1p1f1,NEU,P3,2081-2100,1995-2014,2.8425675669443846
CESM2(CMIP6),1231.003i1p1f1,WCE,P1,2021-2040,1995-2014,1.1826777597987572
CESM2(CMIP6),1231.003i1p1f1,WCE,P2,2041-2060,1995-2014,2.3986372966606586
CESM2(CMIP6),1231.003i1p1f1,WCE,P3,2081-2100,1995-2014,5.279991590725367
CESM2(CMIP6),1231.004i1p1f1,MED,P1,2021-2040,1995-2014,0.950519510858307
CESM2(CMIP6),1231.004i1p1f1,MED,P2,2041-2060,1995-2014,1.7784627535034723
CESM2(CMIP6),1231.004i1p1f1,MED,P3,2081-2100,1995-2014,3.9558706657518945
CESM2(CMIP6),1231.004i1p1f1,NEU,P1,2021-2040,1995-2014,0.13304189616028098
CESM2(CMIP6),1231.004i1p1f1,NEU,P2,2041-2060,1995-2014,0.8641798611472604
CESM2(CMIP6),1231.004i1p1f1,NEU,P3,2081-2100,1995-2014,1.9555917047217357
CESM2(CMIP6),1231.004i1p1f1,WCE,P1,2021-2040,1995-2014,0.7671161119937604
CESM2(CMIP6),1231.004i1p1f1,WCE,P2,2041-2060,1995-2014,1.750128724711218
CESM2(CMIP6),1231.004i1p1f1,WCE,P3,2081-2100,1995-2014,4.38126521797183
CESM2(CMIP6),1231.005i1p1f1,MED,P1,2021-2040,1995-2014,1.129084769590388
CESM2(CMIP6),1231.005i1p1f1,MED,P2,2041-2060,1995-2014,2.177378376980881
CESM2(CMIP6),1231.005i1p1f1,MED,P3,2081-2100,1995-2014,4.437800268832817
CESM2(CMIP6),1231.005i1p1f1,NEU,P1,2021-2040,1995-2014,0.37334115899019205
CESM2(CMIP6),1231.005i1p1f1,NEU,P2,2041-2060,1995-2014,1.2841766780346675
CESM2(CMIP6),1231.005i1p1f1,NEU,P3,2081-2100,1995-2014,2.557953984985047
CESM2(CMIP6),1231.005i1p1f1,WCE,P1,2021-2040,1995-2014,1.261948469785589
CESM2(CMIP6),1231.005i1p1f1,WCE,P2,2041-2060,1995-2014,2.7220852348058022
CESM2(CMIP6),1231.005i1p1f1,WCE,P3,2081-2100,1995-2014,5.257011508392655
CESM2(CMIP6),1231.006i1p1f1,MED,P1,2021-2040,1995-2014,0.9924133311027024
CESM2(CMIP6),1231.006i1p1f1,MED,P2,2041-2060,1995-2014,2.0383764771078825
CESM2(CMIP6),1231.006i1p1f1,MED,P3,2081-2100,1995-2014,4.2260449701658
CESM2(CMIP6),1231.006i1p1f1,NEU,P1,2021-2040,1995-2014,0.1988106706417633
CESM2(CMIP6),1231.006i1p1f1,NEU,P2,2041-2060,1995-2014,1.311690874999902
CESM2(CMIP6),1231.006i1p1f1,NEU,P3,2081-2100,1995-2014,2.147779966138093
CESM2(CMIP6),1231.006i1p1f1,WCE,P1,2021-2040,1995-2014,0.9100928267653158
CESM2(CMIP6),1231.006i1p1f1,WCE,P2,2041-2060,1995-2014,2.2680096085803076
CESM2(CMIP6),1231.006i1p1f1,WCE,P3,2081-2100,1995-2014,4.7834094225634685
CESM2(CMIP6),1231.007i1p1f1,MED,P1,2021-2040,1995-2014,0.7978774641079944
CESM2(CMIP6),1231.007i1p1f1,MED,P2,2041-2060,1995-2014,2.253369895816695
CESM2(CMIP6),1231.007i1p1f1,MED,P3,2081-2100,1995-2014,4.222528915627282
CESM2(CMIP6),1231.007i1p1f1,NEU,P1,2021-2040,1995-2014,0.5970413526256245
CESM2(CMIP6),1231.007i1p1f1,NEU,P2,2041-2060,1995-2014,1.641532386587595
CESM2(CMIP6),1231.007i1p1f1,NEU,P3,2081-2100,1995-2014,2.3957967799229727
CESM2(CMIP6),1231.007i1p1f1,WCE,P1,2021-2040,1995-2014,1.1555552101658115
CESM2(CMIP6),1231.007i1p1f1,WCE,P2,2041-2060,1995-2014,3.064066637119198
CESM2(CMIP6),1231.007i1p1f1,WCE,P3,2081-2100,1995-2014,5.095623369455469
CESM2(CMIP6),1231.008i1p1f1,MED,P1,2021-2040,1995-2014,0.8331872279692597
CESM2(CMIP6),1231.008i1p1f1,MED,P2,2041-2060,1995-2014,1.5724898661838842
CESM2(CMIP6),1231.008i1p1f1,MED,P3,2081-2100,1995-2014,3.8830818496011155
CESM2(CMIP6),1231.008i1p1f1,NEU,P1,2021-2040,1995-2014,0.32958556977672515
CESM2(CMIP6),1231.008i1p1f1,NEU,P2,2041-2060,1995-2014,0.4503528260834752
CESM2(CMIP6),1231.008i1p1f1,NEU,P3,2081-2100,1995-2014,1.8089048814563005
CESM2(CMIP6),1231.008i1p1f1,WCE,P1,2021-2040,1995-2014,0.8480631638468866
CESM2(CMIP6),1231.008i1p1f1,WCE,P2,2041-2060,1995-2014,1.7202842799277343
CESM2(CMIP6),1231.008i1p1f1,WCE,P3,2081-2100,1995-2014,4.3866724399851105
CESM2(CMIP6),1231.009i1p1f1,MED,P1,2021-2040,1995-2014,0.794141122395755
CESM2(CMIP6),1231.009i1p1f1,MED,P2,2041-2060,1995-2014,1.8905871148002298
CESM2(CMIP6),1231.009i1p1f1,MED,P3,2081-2100,1995-2014,4.043559482126503
CESM2(CMIP6),1231.009i1p1f1,NEU,P1,2021-2040,1995-2014,0.3097306578825708
CESM2(CMIP6),1231.009i1p1f1,NEU,P2,2041-2060,1995-2014,1.0649479103342454
CESM2(CMIP6),1231.009i1p1f1,NEU,P3,2081-2100,1995-2014,1.938719058505945
CESM2(CMIP6),1231.009i1p1f1,WCE,P1,2021-2040,1995-2014,0.909297954088364
CESM2(CMIP6),1231.009i1p1f1,WCE,P2,2041-2060,1995-2014,2.2232198232463807
CESM2(CMIP6),1231.009i1p1f1,WCE,P3,2081-2100,1995-2014,4.149331751654616
CESM2(CMIP6),1231.010i1p1f1,MED,P1,2021-2040,1995-2014,0.8470081271197862
CESM2(CMIP6),1231.010i1p1f1,MED,P2,2041-2060,1995-2014,1.6912949131927086
CESM2(CMIP6),1231.010i1p1f1,MED,P3,2081-2100,1995-2014,3.90337382057415
CESM2(CMIP6),1231.010i1p1f1,NEU,P1,2021-2040,1995-2014,0.2800787063000314
CESM2(CMIP6),1231.010i1p1f1,NEU,P2,2041-2060,1995-2014,0.9587568171129164
CESM2(CMIP6),1231.010i1p1f1,NEU,P3,2081-2100,1995-2014,2.347796269813604
CESM2(CMIP6),1231.010i1p1f1,WCE,P1,2021-2040,1995-2014,0.7696973864636659
CESM2(CMIP6),1231.010i1p1f1,WCE,P2,2041-2060,1995-2014,2.2426089876574253
CESM2(CMIP6),1231.010i1p1f1,WCE,P3,2081-2100,1995-2014,4.760389772144434
CESM2(CMIP6),1251.001i1p1f1,MED,P1,2021-2040,1995-2014,0.846058109551285
CESM2(CMIP6),1251.001i1p1f1,MED,P2,2041-2060,1995-2014,2.2244019679007523
CESM2(CMIP6),1251.001i1p1f1,MED,P3,2081-2100,1995-2014,4.440263213906479
CESM2(CMIP6),1251.001i1p1f1,NEU,P1,2021-2040,1995-2014,0.847305067541205
CESM2(CMIP6),1251.001i1p1f1,NEU,P2,2041-2060,1995-2014,1.4653875176014721
CESM2(CMIP6),1251.001i1p1f1,NEU,P3,2081-2100,1995-2014,3.155717248493528
CESM2(CMIP6),1251.001i1p1f1,WCE,P1,2021-2040,1995-2014,1.0313852309895275
CESM2(CMIP6),1251.001i1p1f1,WCE,P2,2041-2060,1995-2014,2.5355418980285114
CESM2(CMIP6),1251.001i1p1f1,WCE,P3,2081-2100,1995-2014,5.531933575465402
CESM2(CMIP6),1251.002i1p1f1,MED,P1,2021-2040,1995-2014,1.032314602147573
CESM2(CMIP6),1251.002i1p1f1,MED,P2,2041-2060,1995-2014,2.271224286078912
CESM2(CMIP6),1251.002i1p1f1,MED,P3,2081-2100,1995-2014,4.377348048904496
CESM2(CMIP6),1251.002i1p1f1,NEU,P1,2021-2040,1995-2014,0.25689385166964096
CESM2(CMIP6),1251.002i1p1f1,NEU,P2,2041-2060,1995-2014,1.2159872579208084
CESM2(CMIP6),1251.002i1p1f1,NEU,P3,2081-2100,1995-2014,2.221233540364316
CESM2(CMIP6),1251.002i1p1f1,WCE,P1,2021-2040,1995-2014,1.2051568309265663
CESM2(CMIP6),1251.002i1p1f1,WCE,P2,2041-2060,1995-2014,2.457640631156468
CESM2(CMIP6),1251.002i1p1f1,WCE,P3,2081-2100,1995-2014,5.2452693059215125
CESM2(CMIP6),1251.003i1p1f1,MED,P1,2021-2040,1995-2014,1.3353809980657643
CESM2(CMIP6),1251.003i1p1f1,MED,P2,2041-2060,1995-2014,2.1156479788879485
CESM2(CMIP6),1251.003i1p1f1,MED,P3,2081-2100,1995-2014,4.189417164437223
CESM2(CMIP6),1251.003i1p1f1,NEU,P1,2021-2040,1995-2014,0.4120137672314595
CESM2(CMIP6),1251.003i1p1f1,NEU,P2,2041-2060,1995-2014,1.3627597256160635
CESM2(CMIP6),1251.003i1p1f1,NEU,P3,2081-2100,1995-2014,2.3458123532585247
CESM2(CMIP6),1251.003i1p1f1,WCE,P1,2021-2040,1995-2014,1.1473049936264794
CESM2(CMIP6),1251.003i1p1f1,WCE,P2,2041-2060,1995-2014,2.3050935743191037
CESM2(CMIP6),1251.003i1p1f1,WCE,P3,2081-2100,1995-2014,4.296838498300291
CESM2(CMIP6),1251.004i1p1f1,MED,P1,2021-2040,1995-2014,0.6206187860587905
CESM2(CMIP6),1251.004i1p1f1,MED,P2,2041-2060,1995-2014,1.5964917016278242
CESM2(CMIP6),1251.004i1p1f1,MED,P3,2081-2100,1995-2014,3.8616228384855935
CESM2(CMIP6),1251.004i1p1f1,NEU,P1,2021-2040,1995-2014,0.06478457044415613
CESM2(CMIP6),1251.004i1p1f1,NEU,P2,2041-2060,1995-2014,0.5544904518043249
CESM2(CMIP6),1251.004i1p1f1,NEU,P3,2081-2100,1995-2014,1.5631858947391928
CESM2(CMIP6),1251.004i1p1f1,WCE,P1,2021-2040,1995-2014,0.7729218898427913
CESM2(CMIP6),1251.004i1p1f1,WCE,P2,2041-2060,1995-2014,2.0971080916121636
CESM2(CMIP6),1251.004i1p1f1,WCE,P3,2081-2100,1995-2014,4.650667896525145
CESM2(CMIP6),1251.005i1p1f1,MED,P1,2021-2040,1995-2014,1.0025185779323766
CESM2(CMIP6),1251.005i1p1f1,MED,P2,2041-2060,1995-2014,1.787473064005706
CESM2(CMIP6),1251.005i1p1f1,MED,P3,2081-2100,1995-2014,4.1084796740846965
CESM2(CMIP6),1251.005i1p1f1,NEU,P1,2021-2040,1995-2014,0.7086578830612067
CESM2(CMIP6),1251.005i1p1f1,NEU,P2,2041-2060,1995-2014,1.1829677598468984
CESM2(CMIP6),1251.005i1p1f1,NEU,P3,2081-2100,1995-2014,2.110383162201457
CESM2(CMIP6),1251.005i1p1f1,WCE,P1,2021-2040,1995-2014,1.1341570308612716
CESM2(CMIP6),1251.005i1p1f1,WCE,P2,2041-2060,1995-2014,2.028805083146236
CESM2(CMIP6),1251.005i1p1f1,WCE,P3,2081-2100,1995-2014,5.032070436432929
CESM2(CMIP6),1251.006i1p1f1,MED,P1,2021-2040,1995-2014,0.9819569370509662
CESM2(CMIP6),1251.006i1p1f1,MED,P2,2041-2060,1995-2014,1.6253806080690807
CESM2(CMIP6),1251.006i1p1f1,MED,P3,2081-2100,1995-2014,3.8507774169375386
CESM2(CMIP6),1251.006i1p1f1,NEU,P1,2021-2040,1995-2014,0.7015858766179228
CESM2(CMIP6),1251.006i1p1f1,NEU,P2,2041-2060,1995-2014,0.21074857881900683
CESM2(CMIP6),1251.006i1p1f1,NEU,P3,2081-2100,1995-2014,1.555045203868002
CESM2(CMIP6),1251.006i1p1f1,WCE,P1,2021-2040,1995-2014,1.1137084339858976
CESM2(CMIP6),1251.006i1p1f1,WCE,P2,2041-2060,1995-2014,1.791129644730398
CESM2(CMIP6),1251.006i1p1f1,WCE,P3,2081-2100,1995-2014,4.37140743080135
CESM2(CMIP6),1251.007i1p1f1,MED,P1,2021-2040,1995-2014,1.0986248459954402
CESM2(CMIP6),1251.007i1p1f1,MED,P2,2041-2060,1995-2014,2.11411507306908
CESM2(CMIP6),1251.007i1p1f1,MED,P3,2081-2100,1995-2014,4.440531504633254
CESM2(CMIP6),1251.007i1p1f1,NEU,P1,2021-2040,1995-2014,0.1495071816992028
CESM2(CMIP6),1251.007i1p1f1,NEU,P2,2041-2060,1995-2014,1.3830876213102208
CESM2(CMIP6),1251.007i1p1f1,NEU,P3,2081-2100,1995-2014,2.67703047378366
CESM2(CMIP6),1251.007i1p1f1,WCE,P1,2021-2040,1995-2014,0.4097823285957107
CESM2(CMIP6),1251.007i1p1f1,WCE,P2,2041-2060,1995-2014,2.167802044597996
CESM2(CMIP6),1251.007i1p1f1,WCE,P3,2081-2100,1995-2014,4.958985737083153
CESM2(CMIP6),1251.008i1p1f1,MED,P1,2021-2040,1995-2014,0.9680126284362778
CESM2(CMIP6),1251.008i1p1f1,MED,P2,2041-2060,1995-2014,1.8042734903415734
CESM2(CMIP6),1251.008i1p1f1,MED,P3,2081-2100,1995-2014,4.075749590569315
CESM2(CMIP6),1251.008i1p1f1,NEU,P1,2021-2040,1995-2014,0.4225343870252436
CESM2(CMIP6),1251.008i1p1f1,NEU,P2,2041-2060,1995-2014,0.9524673071014446
CESM2(CMIP6),1251.008i1p1f1,NEU,P3,2081-2100,1995-2014,2.3917469492453654
CESM2(CMIP6),1251.008i1p1f1,WCE,P1,2021-2040,1995-2014,1.0501309150085196
CESM2(CMIP6),1251.008i1p1f1,WCE,P2,2041-2060,1995-2014,1.7276472065587214
CESM2(CMIP6),1251.008i1p1f1,WCE,P3,2081-2100,1995-2014,4.75174416815413
CESM2(CMIP6),1251.009i1p1f1,MED,P1,2021-2040,1995-2014,1.0824506773071927
CESM2(CMIP6),1251.009i1p1f1,MED,P2,2041-2060,1995-2014,1.9948558144380684
CESM2(CMIP6),1251.009i1p1f1,MED,P3,2081-2100,1995-2014,4.203900269953836
CESM2(CMIP6),1251.009i1p1f1,NEU,P1,2021-2040,1995-2014,0.5058190158109681
CESM2(CMIP6),1251.009i1p1f1,NEU,P2,2041-2060,1995-2014,1.6643877748064668
CESM2(CMIP6),1251.009i1p1f1,NEU,P3,2081-2100,1995-2014,2.2747535048623
CESM2(CMIP6),1251.009i1p1f1,WCE,P1,2021-2040,1995-2014,1.082370901821355
CESM2(CMIP6),1251.009i1p1f1,WCE,P2,2041-2060,1995-2014,2.412505648785836
CESM2(CMIP6),1251.009i1p1f1,WCE,P3,2081-2100,1995-2014,4.959516397162392
CESM2(CMIP6),1251.010i1p1f1,MED,P1,2021-2040,1995-2014,1.102224866784496
CESM2(CMIP6),1251.010i1p1f1,MED,P2,2041-2060,1995-2014,1.9891386229653958
CESM2(CMIP6),1251.010i1p1f1,MED,P3,2081-2100,1995-2014,4.321850424051502
CESM2(CMIP6),1251.010i1p1f1,NEU,P1,2021-2040,1995-2014,0.7741184452650272
CESM2(CMIP6),1251.010i1p1f1,NEU,P2,2041-2060,1995-2014,0.8644546772291057
CESM2(CMIP6),1251.010i1p1f1,NEU,P3,2081-2100,1995-2014,2.2610702836111805
CESM2(CMIP6),1251.010i1p1f1,WCE,P1,2021-2040,1995-2014,1.3993720924636586
CESM2(CMIP6),1251.010i1p1f1,WCE,P2,2041-2060,1995-2014,2.3517945175735853
CESM2(CMIP6),1251.010i1p1f1,WCE,P3,2081-2100,1995-2014,5.238235962222563
CESM2(CMIP6),1281.001i1p1f1,MED,P1,2021-2040,1995-2014,1.107559378360286
CESM2(CMIP6),1281.001i1p1f1,MED,P2,2041-2060,1995-2014,2.0265368182483945
CESM2(CMIP6),1281.001i1p1f1,MED,P3,2081-2100,1995-2014,4.560461807992153
CESM2(CMIP6),1281.001i1p1f1,NEU,P1,2021-2040,1995-2014,0.8029394694767433
CESM2(CMIP6),1281.001i1p1f1,NEU,P2,2041-2060,1995-2014,1.5436958701842607
CESM2(CMIP6),1281.001i1p1f1,NEU,P3,2081-2100,1995-2014,2.4841643731194307
CESM2(CMIP6),1281.001i1p1f1,WCE,P1,2021-2040,1995-2014,1.410725021185772
CESM2(CMIP6),1281.001i1p1f1,WCE,P2,2041-2060,1995-2014,2.282337006600663
CESM2(CMIP6),1281.001i1p1f1,WCE,P3,2081-2100,1995-2014,5.325816351854852
CESM2(CMIP6),1281.002i1p1f1,MED,P1,2021-2040,1995-2014,0.880298642005641
CESM2(CMIP6),1281.002i1p1f1,MED,P2,2041-2060,1995-2014,1.9534666394249343
CESM2(CMIP6),1281.002i1p1f1,MED,P3,2081-2100,1995-2014,4.259777612455264
CESM2(CMIP6),1281.002i1p1f1,NEU,P1,2021-2040,1995-2014,0.38199007156533626
CESM2(CMIP6),1281.002i1p1f1,NEU,P2,2041-2060,1995-2014,1.236519260927211
CESM2(CMIP6),1281.002i1p1f1,NEU,P3,2081-2100,1995-2014,2.432272267107401
CESM2(CMIP6),1281.002i1p1f1,WCE,P1,2021-2040,1995-2014,0.6766594939529968
CESM2(CMIP6),1281.002i1p1f1,WCE,P2,2041-2060,1995-2014,2.2018796854142253
CESM2(CMIP6),1281.002i1p1f1,WCE,P3,2081-2100,1995-2014,4.661567091493559
CESM2(CMIP6),1281.003i1p1f1,MED,P1,2021-2040,1995-2014,1.1275575580361614
CESM2(CMIP6),1281.003i1p1f1,MED,P2,2041-2060,1995-2014,2.2646181072641736
CESM2(CMIP6),1281.003i1p1f1,MED,P3,2081-2100,1995-2014,4.470377211226425
CESM2(CMIP6),1281.003i1p1f1,NEU,P1,2021-2040,1995-2014,0.3169708867243036
CESM2(CMIP6),1281.003i1p1f1,NEU,P2,2041-2060,1995-2014,1.491255743954767
CESM2(CMIP6),1281.003i1p1f1,NEU,P3,2081-2100,1995-2014,2.482219594442418
CESM2(CMIP6),1281.003i1p1f1,WCE,P1,2021-2040,1995-2014,0.9362561749926719
CESM2(CMIP6),1281.003i1p1f1,WCE,P2,2041-2060,1995-2014,2.61719063928516
CESM2(CMIP6),1281.003i1p1f1,WCE,P3,2081-2100,1995-2014,4.90333785840222
CESM2(CMIP6),1281.004i1p1f1,MED,P1,2021-2040,1995-2014,0.8239295116702203
CESM2(CMIP6),1281.004i1p1f1,MED,P2,2041-2060,1995-2014,1.5546045032946592
CESM2(CMIP6),1281.004i1p1f1,MED,P3,2081-2100,1995-2014,3.9944916003691247
CESM2(CMIP6),1281.004i1p1f1,NEU,P1,2021-2040,1995-2014,-0.0050378428178975195
CESM2(CMIP6),1281.004i1p1f1,NEU,P2,2041-2060,1995-2014,0.29692913444757096
CESM2(CMIP6),1281.004i1p1f1,NEU,P3,2081-2100,1995-2014,1.6324879449463243
CESM2(CMIP6),1281.004i1p1f1,WCE,P1,2021-2040,1995-2014,0.7204194622393185
CESM2(CMIP6),1281.004i1p1f1,WCE,P2,2041-2060,1995-2014,1.5332166633431838
CESM2(CMIP6),1281.004i1p1f1,WCE,P3,2081-2100,1995-2014,4.579699025166269
CESM2(CMIP6),1281.005i1p1f1,MED,P1,2021-2040,1995-2014,0.5549828137686955
CESM2(CMIP6),1281.005i1p1f1,MED,P2,2041-2060,1995-2014,1.7463435875919415
CESM2(CMIP6),1281.005i1p1f1,MED,P3,2081-2100,1995-2014,4.13925007943331
CESM2(CMIP6),1281.005i1p1f1,NEU,P1,2021-2040,1995-2014,0.17965886729038152
CESM2(CMIP6),1281.005i1p1f1,NEU,P2,2041-2060,1995-2014,1.3371434763908434
CESM2(CMIP6),1281.005i1p1f1,NEU,P3,2081-2100,1995-2014,2.158913814724195
CESM2(CMIP6),1281.005i1p1f1,WCE,P1,2021-2040,1995-2014,0.5047232373781805
CESM2(CMIP6),1281.005i1p1f1,WCE,P2,2041-2060,1995-2014,1.9595926490578335
CESM2(CMIP6),1281.005i1p1f1,WCE,P3,2081-2100,1995-2014,4.421285492476544
CESM2(CMIP6),1281.006i1p1f1,MED,P1,2021-2040,1995-2014,1.1030603221090198
CESM2(CMIP6),1281.006i1p1f1,MED,P2,2041-2060,1995-2014,2.0621943490431476
CESM2(CMIP6),1281.006i1p1f1,MED,P3,2081-2100,1995-2014,4.171769043616586
CESM2(CMIP6),1281.006i1p1f1,NEU,P1,2021-2040,1995-2014,0.10631266451148909
CESM2(CMIP6),1281.006i1p1f1,NEU,P2,2041-2060,1995-2014,1.2312152790157758
CESM2(CMIP6),1281.006i1p1f1,NEU,P3,2081-2100,1995-2014,2.418242200915304
CESM2(CMIP6),1281.006i1p1f1,WCE,P1,2021-2040,1995-2014,0.9203446916743447
CESM2(CMIP6),1281.006i1p1f1,WCE,P2,2041-2060,1995-2014,1.9910923086130239
CESM2(CMIP6),1281.006i1p1f1,WCE,P3,2081-2100,1995-2014,4.8276765472309275
CESM2(CMIP6),1281.007i1p1f1,MED,P1,2021-2040,1995-2014,0.7851408680737725
CESM2(CMIP6),1281.007i1p1f1,MED,P2,2041-2060,1995-2014,2.116311771825653
CESM2(CMIP6),1281.007i1p1f1,MED,P3,2081-2100,1995-2014,4.159104551417385
CESM2(CMIP6),1281.007i1p1f1,NEU,P1,2021-2040,1995-2014,0.9155030248440703
CESM2(CMIP6),1281.007i1p1f1,NEU,P2,2041-2060,1995-2014,1.5614554119500923
CESM2(CMIP6),1281.007i1p1f1,NEU,P3,2081-2100,1995-2014,2.6468823430931647
CESM2(CMIP6),1281.007i1p1f1,WCE,P1,2021-2040,1995-2014,1.2689252080878832
CESM2(CMIP6),1281.007i1p1f1,WCE,P2,2041-2060,1995-2014,2.5434007704055146
CESM2(CMIP6),1281.007i1p1f1,WCE,P3,2081-2100,1995-2014,4.827158895327505
CESM2(CMIP6),1281.008i1p1f1,MED,P1,2021-2040,1995-2014,1.036459659698627
CESM2(CMIP6),1281.008i1p1f1,MED,P2,2041-2060,1995-2014,1.9053846568379285
CESM2(CMIP6),1281.008i1p1f1,MED,P3,2081-2100,1995-2014,4.429114884512076
CESM2(CMIP6),1281.008i1p1f1,NEU,P1,2021-2040,1995-2014,0.10282023145308497
CESM2(CMIP6),1281.008i1p1f1,NEU,P2,2041-2060,1995-2014,0.3207982707304022
CESM2(CMIP6),1281.008i1p1f1,NEU,P3,2081-2100,1995-2014,1.7877229507127954
CESM2(CMIP6),1281.008i1p1f1,WCE,P1,2021-2040,1995-2014,1.0197718414344394
CESM2(CMIP6),1281.008i1p1f1,WCE,P2,2041-2060,1995-2014,1.9028214793711995
CESM2(CMIP6),1281.008i1p1f1,WCE,P3,2081-2100,1995-2014,4.802780038762043
CESM2(CMIP6),1281.009i1p1f1,MED,P1,2021-2040,1995-2014,0.8479380506625243
CESM2(CMIP6),1281.009i1p1f1,MED,P2,2041-2060,1995-2014,1.743004729550833
CESM2(CMIP6),1281.009i1p1f1,MED,P3,2081-2100,1995-2014,4.1100198781710535
CESM2(CMIP6),1281.009i1p1f1,NEU,P1,2021-2040,1995-2014,0.20212128614157213
CESM2(CMIP6),1281.009i1p1f1,NEU,P2,2041-2060,1995-2014,0.9046691897323704
CESM2(CMIP6),1281.009i1p1f1,NEU,P3,2081-2100,1995-2014,2.1005598959263154
CESM2(CMIP6),1281.009i1p1f1,WCE,P1,2021-2040,1995-2014,0.8573942993211408
CESM2(CMIP6),1281.009i1p1f1,WCE,P2,2041-2060,1995-2014,1.9517755541344695
CESM2(CMIP6),1281.009i1p1f1,WCE,P3,2081-2100,1995-2014,4.5368837371089485
CESM2(CMIP6),1281.010i1p1f1,MED,P1,2021-2040,1995-2014,0.9861817635665313
CESM2(CMIP6),1281.010i1p1f1,MED,P2,2041-2060,1995-2014,1.9668468167928368
CESM2(CMIP6),1281.010i1p1f1,MED,P3,2081-2100,1995-2014,4.200963067297481
CESM2(CMIP6),1281.010i1p1f1,NEU,P1,2021-2040,1995-2014,0.5548408438039305
CESM2(CMIP6),1281.010i1p1f1,NEU,P2,2041-2060,1995-2014,1.2911931888915362
CESM2(CMIP6),1281.010i1p1f1,NEU,P3,2081-2100,1995-2014,2.317970167957419
CESM2(CMIP6),1281.010i1p1f1,WCE,P1,2021-2040,1995-2014,1.2341051623053296
CESM2(CMIP6),1281.010i1p1f1,WCE,P2,2041-2060,1995-2014,2.335794919428021
CESM2(CMIP6),1281.010i1p1f1,WCE,P3,2081-2100,1995-2014,4.995909421464828
CESM2(CMIP6),1301.001i1p1f1,MED,P1,2021-2040,1995-2014,1.3666831239204158
CESM2(CMIP6),1301.001i1p1f1,MED,P2,2041-2060,1995-2014,2.018262805413788
CESM2(CMIP6),1301.001i1p1f1,MED,P3,2081-2100,1995-2014,4.382836484399645
CESM2(CMIP6),1301.001i1p1f1,NEU,P1,2021-2040,1995-2014,0.6739321582744824
CESM2(CMIP6),1301.001i1p1f1,NEU,P2,2041-2060,1995-2014,1.1569575598214894
CESM2(CMIP6),1301.001i1p1f1,NEU,P3,2081-2100,1995-2014,2.2913801266046283
CESM2(CMIP6),1301.001i1p1f1,WCE,P1,2021-2040,1995-2014,1.4861959582985833
CESM2(CMIP6),1301.001i1p1f1,WCE,P2,2041-2060,1995-2014,2.056548846239715
CESM2(CMIP6),1301.001i1p1f1,WCE,P3,2081-2100,1995-2014,4.6194550303411095
CESM2(CMIP6),1301.002i1p1f1,MED,P1,2021-2040,1995-2014,1.1590649482089026
CESM2(CMIP6),1301.002i1p1f1,MED,P2,2041-2060,1995-2014,1.907619147090461
CESM2(CMIP6),1301.002i1p1f1,MED,P3,2081-2100,1995-2014,4.065133277481391
CESM2(CMIP6),1301.002i1p1f1,NEU,P1,2021-2040,1995-2014,0.4092803540439361
CESM2(CMIP6),1301.002i1p1f1,NEU,P2,2041-2060,1995-2014,0.9658531303161701
CESM2(CMIP6),1301.002i1p1f1,NEU,P3,2081-2100,1995-2014,2.2501925800442675
CESM2(CMIP6),1301.002i1p1f1,WCE,P1,2021-2040,1995-2014,1.05883936579249
CESM2(CMIP6),1301.002i1p1f1,WCE,P2,2041-2060,1995-2014,2.0441771530135204
CESM2(CMIP6),1301.002i1p1f1,WCE,P3,2081-2100,1995-2014,4.584687662650639
CESM2(CMIP6),1301.003i1p1f1,MED,P1,2021-2040,1995-2014,0.7309778987086313
CESM2(CMIP6),1301.003i1p1f1,MED,P2,2041-2060,1995-2014,1.7033666343500165
CESM2(CMIP6),1301.003i1p1f1,MED,P3,2081-2100,1995-2014,4.011710947235203
CESM2(CMIP6),1301.003i1p1f1,NEU,P1,2021-2040,1995-2014,0.515140871540015
CESM2(CMIP6),1301.003i1p1f1,NEU,P2,2041-2060,1995-2014,0.8498009693683262
CESM2(CMIP6),1301.003i1p1f1,NEU,P3,2081-2100,1995-2014,1.825817022454706
CESM2(CMIP6),1301.003i1p1f1,WCE,P1,2021-2040,1995-2014,1.1816657182565034
CESM2(CMIP6),1301.003i1p1f1,WCE,P2,2041-2060,1995-2014,2.190257275508384
CESM2(CMIP6),1301.003i1p1f1,WCE,P3,2081-2100,1995-2014,4.559489140337563
CESM2(CMIP6),1301.004i1p1f1,MED,P1,2021-2040,1995-2014,1.0537385251268792
CESM2(CMIP6),1301.004i1p1f1,MED,P2,2041-2060,1995-2014,1.9686837416134508
CESM2(CMIP6),1301.004i1p1f1,MED,P3,2081-2100,1995-2014,4.363509014438021
CESM2(CMIP6),1301.004i1p1f1,NEU,P1,2021-2040,1995-2014,0.8426897955891075
CESM2(CMIP6),1301.004i1p1f1,NEU,P2,2041-2060,1995-2014,1.4679322337829592
CESM2(CMIP6),1301.004i1p1f1,NEU,P3,2081-2100,1995-2014,2.869295074242264
CESM2(CMIP6),1301.004i1p1f1,WCE,P1,2021-2040,1995-2014,1.4180794209615732
CESM2(CMIP6),1301.004i1p1f1,WCE,P2,2041-2060,1995-2014,2.8285793003378252
CESM2(CMIP6),1301.004i1p1f1,WCE,P3,2081-2100,1995-2014,5.431246905479759
CESM2(CMIP6),1301.005i1p1f1,MED,P1,2021-2040,1995-2014,0.7771744669403635
CESM2(CMIP6),1301.005i1p1f1,MED,P2,2041-2060,1995-2014,1.954724426399888
CESM2(CMIP6),1301.005i1p1f1,MED,P3,2081-2100,1995-2014,4.209924893719209
CESM2(CMIP6),1301.005i1p1f1,NEU,P1,2021-2040,1995-2014,0.08632993270148415
CESM2(CMIP6),1301.005i1p1f1,NEU,P2,2041-2060,1995-2014,1.2310773527207275
CESM2(CMIP6),1301.005i1p1f1,NEU,P3,2081-2100,1995-2014,2.1118499507722146
CESM2(CMIP6),1301.005i1p1f1,WCE,P1,2021-2040,1995-2014,0.9019475488475003
CESM2(CMIP6),1301.005i1p1f1,WCE,P2,2041-2060,1995-2014,2.4959593049272635
CESM2(CMIP6),1301.005i1p1f1,WCE,P3,2081-2100,1995-2014,4.5260087704506855
CESM2(CMIP6),1301.006i1p1f1,MED,P1,2021-2040,1995-2014,0.9965498531583595
CESM2(CMIP6),1301.006i1p1f1,MED,P2,2041-2060,1995-2014,2.057355929187247
CESM2(CMIP6),1301.006i1p1f1,MED,P3,2081-2100,1995-2014,4.154324805777302
CESM2(CMIP6),1301.006i1p1f1,NEU,P1,2021-2040,1995-2014,0.5227912479073388
CESM2(CMIP6),1301.006i1p1f1,NEU,P2,2041-2060,1995-2014,0.92611439066279
CESM2(CMIP6),1301.006i1p1f1,NEU,P3,2081-2100,1995-2014,2.5048810427056076
CESM2(CMIP6),1301.006i1p1f1,WCE,P1,2021-2040,1995-2014,1.1316621283746389
CESM2(CMIP6),1301.006i1p1f1,WCE,P2,2041-2060,1995-2014,2.1193755999433783
CESM2(CMIP6),1301.006i1p1f1,WCE,P3,2081-2100,1995-2014,4.574802390437808
CESM2(CMIP6),1301.007i1p1f1,MED,P1,2021-2040,1995-2014,1.024203637397659
CESM2(CMIP6),1301.007i1p1f1,MED,P2,2041-2060,1995-2014,2.225116111966353
CESM2(CMIP6),1301.007i1p1f1,MED,P3,2081-2100,1995-2014,4.576311253067588
CESM2(CMIP6),1301.007i1p1f1,NEU,P1,2021-2040,1995-2014,0.3300610245664529
CESM2(CMIP6),1301.007i1p1f1,NEU,P2,2041-2060,1995-2014,1.1764836687861169
CESM2(CMIP6),1301.007i1p1f1,NEU,P3,2081-2100,1995-2014,2.115820975007568
CESM2(CMIP6),1301.007i1p1f1,WCE,P1,2021-2040,1995-2014,0.8177501966204908
CESM2(CMIP6),1301.007i1p1f1,WCE,P2,2041-2060,1995-2014,2.106932465414917
CESM2(CMIP6),1301.007i1p1f1,WCE,P3,2081-2100,1995-2014,4.600301007695671
CESM2(CMIP6),1301.008i1p1f1,MED,P1,2021-2040,1995-2014,0.7305890383030528
CESM2(CMIP6),1301.008i1p1f1,MED,P2,2041-2060,1995-2014,1.6996415925756299
CESM2(CMIP6),1301.008i1p1f1,MED,P3,2081-2100,1995-2014,3.963903725478395
CESM2(CMIP6),1301.008i1p1f1,NEU,P1,2021-2040,1995-2014,0.254090097393496
CESM2(CMIP6),1301.008i1p1f1,NEU,P2,2041-2060,1995-2014,0.8374257548309496
CESM2(CMIP6),1301.008i1p1f1,NEU,P3,2081-2100,1995-2014,2.321658152177796
CESM2(CMIP6),1301.008i1p1f1,WCE,P1,2021-2040,1995-2014,1.0021417079813597
CESM2(CMIP6),1301.008i1p1f1,WCE,P2,2041-2060,1995-2014,2.3193506923515868
CESM2(CMIP6),1301.008i1p1f1,WCE,P3,2081-2100,1995-2014,4.746127576801001
CESM2(CMIP6),1301.009i1p1f1,MED,P1,2021-2040,1995-2014,0.7056804141506454
CESM2(CMIP6),1301.009i1p1f1,MED,P2,2041-2060,1995-2014,1.637238995265434
CESM2(CMIP6),1301.009i1p1f1,MED,P3,2081-2100,1995-2014,3.804155679692807
CESM2(CMIP6),1301.009i1p1f1,NEU,P1,2021-2040,1995-2014,-0.014116724510560808
CESM2(CMIP6),1301.009i1p1f1,NEU,P2,2041-2060,1995-2014,0.561426304856285
CESM2(CMIP6),1301.009i1p1f1,NEU,P3,2081-2100,1995-2014,1.8300426390457811
CESM2(CMIP6),1301.009i1p1f1,WCE,P1,2021-2040,1995-2014,0.5850384312115438
CESM2(CMIP6),1301.009i1p1f1,WCE,P2,2041-2060,1995-2014,1.9031502917896592
CESM2(CMIP6),1301.009i1p1f1,WCE,P3,2081-2100,1995-2014,4.453875674534977
CESM2(CMIP6),1301.010i1p1f1,MED,P1,2021-2040,1995-2014,0.7202913932771506
CESM2(CMIP6),1301.010i1p1f1,MED,P2,2041-2060,1995-2014,1.9866133764594818
CESM2(CMIP6),1301.010i1p1f1,MED,P3,2081-2100,1995-2014,4.005561209253078
CESM2(CMIP6),1301.010i1p1f1,NEU,P1,2021-2040,1995-2014,0.3863251649546691
CESM2(CMIP6),1301.010i1p1f1,NEU,P2,2041-2060,1995-2014,1.0838599406559992
CESM2(CMIP6),1301.010i1p1f1,NEU,P3,2081-2100,1995-2014,2.1560584379178787
CESM2(CMIP6),1301.010i1p1f1,WCE,P1,2021-2040,1995-2014,0.700896354191413
CESM2(CMIP6),1301.010i1p1f1,WCE,P2,2041-2060,1995-2014,2.237636766578693
CESM2(CMIP6),1301.010i1p1f1,WCE,P3,2081-2100,1995-2014,4.414797678596183
CanESM5,r10i1p1f1,MED,P1,2021-2040,1995-2014,1.8806968350943023
CanESM5,r10i1p1f1,MED,P2,2041-2060,1995-2014,3.2107482828183826
CanESM5,r10i1p1f1,MED,P3,2081-2100,1995-2014,6.432054830732777
CanESM5,r10i1p1f1,NEU,P1,2021-2040,1995-2014,1.8649357901368213
CanESM5,r10i1p1f1,NEU,P2,2041-2060,1995-2014,2.9532722858804537
CanESM5,r10i1p1f1,NEU,P3,2081-2100,1995-2014,5.5721844054342435
CanESM5,r10i1p1f1,WCE,P1,2021-2040,1995-2014,1.8392494578185599
CanESM5,r10i1p1f1,WCE,P2,2041-2060,1995-2014,3.2215072742249844
CanESM5,r10i1p1f1,WCE,P3,2081-2100,1995-2014,6.598542981613941
CanESM5,r11i1p1f1,MED,P1,2021-2040,1995-2014,1.9029006448356605
CanESM5,r11i1p1f1,MED,P2,2041-2060,1995-2014,3.4021147502255458
CanESM5,r11i1p1f1,MED,P3,2081-2100,1995-2014,6.490843820595453
CanESM5,r11i1p1f1,NEU,P1,2021-2040,1995-2014,1.485765440418612
CanESM5,r11i1p1f1,NEU,P2,2041-2060,1995-2014,2.651025615255348
CanESM5,r11i1p1f1,NEU,P3,2081-2100,1995-2014,5.404209408576669
CanESM5,r11i1p1f1,WCE,P1,2021-2040,1995-2014,1.9408567089982385
CanESM5,r11i1p1f1,WCE,P2,2041-2060,1995-2014,3.545004706108789
CanESM5,r11i1p1f1,WCE,P3,2081-2100,1995-2014,6.786822695797009
CanESM5,r12i1p1f1,MED,P1,2021-2040,1995-2014,1.6199738469032348
CanESM5,r12i1p1f1,MED,P2,2041-2060,1995-2014,3.2385328272445255
CanESM5,r12i1p1f1,MED,P3,2081-2100,1995-2014,6.043506934034739
CanESM5,r12i1p1f1,NEU,P1,2021-2040,1995-2014,1.1863156366833856
CanESM5,r12i1p1f1,NEU,P2,2041-2060,1995-2014,2.700516413010761
CanESM5,r12i1p1f1,NEU,P3,2081-2100,1995-2014,5.170625393922337
CanESM5,r12i1p1f1,WCE,P1,2021-2040,1995-2014,1.737675346238434
CanESM5,r12i1p1f1,WCE,P2,2041-2060,1995-2014,3.5671892500189117
CanESM5,r12i1p1f1,WCE,P3,2081-2100,1995-2014,6.273164062690153
CanESM5,r13i1p1f1,MED,P1,2021-2040,1995-2014,1.607106596642295
CanESM5,r13i1p1f1,MED,P2,2041-2060,1995-2014,2.909911097844813
CanESM5,r13i1p1f1,MED,P3,2081-2100,1995-2014,6.019455282953819
CanESM5,r13i1p1f1,NEU,P1,2021-2040,1995-2014,1.3625840398417108
CanESM5,r13i1p1f1,NEU,P2,2041-2060,1995-2014,2.600589321459046
CanESM5,r13i1p1f1,NEU,P3,2081-2100,1995-2014,5.3532241346468155
CanESM5,r13i1p1f1,WCE,P1,2021-2040,1995-2014,1.9481186245387991
CanESM5,r13i1p1f1,WCE,P2,2041-2060,1995-2014,3.457158121676108
CanESM5,r13i1p1f1,WCE,P3,2081-2100,1995-2014,6.499578862617264
CanESM5,r14i1p1f1,MED,P1,2021-2040,1995-2014,1.7039214824432078
CanESM5,r14i1p1f1,MED,P2,2041-2060,1995-2014,3.255701923692891
CanESM5,r14i1p1f1,MED,P3,2081-2100,1995-2014,6.220189542379969
CanESM5,r14i1p1f1,NEU,P1,2021-2040,1995-2014,1.7252598657025466
CanESM5,r14i1p1f1,NEU,P2,2041-2060,1995-2014,2.9202843057908296
CanESM5,r14i1p1f1,NEU,P3,2081-2100,1995-2014,5.350208232778693
CanESM5,r14i1p1f1,WCE,P1,2021-2040,1995-2014,2.3104686047774683
CanESM5,r14i1p1f1,WCE,P2,2041-2060,1995-2014,3.7414852563370316
CanESM5,r14i1p1f1,WCE,P3,2081-2100,1995-2014,6.580436619957956
CanESM5,r15i1p1f1,MED,P1,2021-2040,1995-2014,1.6143761360333955
CanESM5,r15i1p1f1,MED,P2,2041-2060,1995-2014,3.013499703364275
CanESM5,r15i1p1f1,MED,P3,2081-2100,1995-2014,6.283151170452568
CanESM5,r15i1p1f1,NEU,P1,2021-2040,1995-2014,1.622848225069966
CanESM5,r15i1p1f1,NEU,P2,2041-2060,1995-2014,2.898991186540741
CanESM5,r15i1p1f1,NEU,P3,2081-2100,1995-2014,5.6097728345769955
CanESM5,r15i1p1f1,WCE,P1,2021-2040,1995-2014,1.624602664137727
CanESM5,r15i1p1f1,WCE,P2,2041-2060,1995-2014,3.1780279762602213
CanESM5,r15i1p1f1,WCE,P3,2081-2100,1995-2014,6.59850923344131
CanESM5,r16i1p1f1,MED,P1,2021-2040,1995-2014,1.775460320668835
CanESM5,r16i1p1f1,MED,P2,2041-2060,1995-2014,3.0208005533528963
CanESM5,r16i1p1f1,MED,P3,2081-2100,1995-2014,6.275951551777828
CanESM5,r16i1p1f1,NEU,P1,2021-2040,1995-2014,1.8742925424511234
CanESM5,r16i1p1f1,NEU,P2,2041-2060,1995-2014,2.945458837847025
CanESM5,r16i1p1f1,NEU,P3,2081-2100,1995-2014,5.995920921037794
CanESM5,r16i1p1f1,WCE,P1,2021-2040,1995-2014,1.9930720206080352
CanESM5,r16i1p1f1,WCE,P2,2041-2060,1995-2014,3.058220388532097
CanESM5,r16i1p1f1,WCE,P3,2081-2100,1995-2014,6.833222031266065
CanESM5,r17i1p1f1,MED,P1,2021-2040,1995-2014,1.6426713597708353
CanESM5,r17i1p1f1,MED,P2,2041-2060,1995-2014,3.11882922450219
CanESM5,r17i1p1f1,MED,P3,2081-2100,1995-2014,6.098908875138322
CanESM5,r17i1p1f1,NEU,P1,2021-2040,1995-2014,1.477870543046293
CanESM5,r17i1p1f1,NEU,P2,2041-2060,1995-2014,2.5305180418548288
CanESM5,r17i1p1f1,NEU,P3,2081-2100,1995-2014,5.468948988550985
CanESM5,r17i1p1f1,WCE,P1,2021-2040,1995-2014,1.870030126729168
CanESM5,r17i1p1f1,WCE,P2,2041-2060,1995-2014,3.3791236600530064
CanESM5,r17i1p1f1,WCE,P3,2081-2100,1995-2014,6.721355041719365
CanESM5,r18i1p1f1,MED,P1,2021-2040,1995-2014,1.835025646314655
CanESM5,r18i1p1f1,MED,P2,2041-2060,1995-2014,2.984717049769974
CanESM5,r18i1p1f1,MED,P3,2081-2100,1995-2014,6.373153710067561
CanESM5,r18i1p1f1,NEU,P1,2021-2040,1995-2014,1.0515715915927548
CanESM5,r18i1p1f1,NEU,P2,2041-2060,1995-2014,2.3930745263643334
CanESM5,r18i1p1f1,NEU,P3,2081-2100,1995-2014,4.94182274567861
CanESM5,r18i1p1f1,WCE,P1,2021-2040,1995-2014,1.7340117214164725
CanESM5,r18i1p1f1,WCE,P2,2041-2060,1995-2014,2.911869550174162
CanESM5,r18i1p1f1,WCE,P3,2081-2100,1995-2014,6.4121249030086265
CanESM5,r19i1p1f1,MED,P1,2021-2040,1995-2014,1.9304370371641297
CanESM5,r19i1p1f1,MED,P2,2041-2060,1995-2014,3.3844792276067523
CanESM5,r19i1p1f1,MED,P3,2081-2100,1995-2014,6.379541090698753
CanESM5,r19i1p1f1,NEU,P1,2021-2040,1995-2014,1.3128095061060994
CanESM5,r19i1p1f1,NEU,P2,2041-2060,1995-2014,2.4667799714966705
CanESM5,r19i1p1f1,NEU,P3,2081-2100,1995-2014,5.0382002076053265
CanESM5,r19i1p1f1,WCE,P1,2021-2040,1995-2014,1.874720868743443
CanESM5,r19i1p1f1,WCE,P2,2041-2060,1995-2014,3.2741074129173953
CanESM5,r19i1p1f1,WCE,P3,2081-2100,1995-2014,6.575020155697537
CanESM5,r1i1p1f1,MED,P1,2021-2040,1995-2014,1.5971665351483653
CanESM5,r1i1p1f1,MED,P2,2041-2060,1995-2014,3.094625824436659
CanESM5,r1i1p1f1,MED,P3,2081-2100,1995-2014,6.048439845978744
CanESM5,r1i1p1f1,NEU,P1,2021-2040,1995-2014,1.632406359107732
CanESM5,r1i1p1f1,NEU,P2,2041-2060,1995-2014,3.141476273202249
CanESM5,r1i1p1f1,NEU,P3,2081-2100,1995-2014,5.455108994732523
CanESM5,r1i1p1f1,WCE,P1,2021-2040,1995-2014,1.632146574544782
CanESM5,r1i1p1f1,WCE,P2,2041-2060,1995-2014,3.2802152588114644
CanESM5,r1i1p1f1,WCE,P3,2081-2100,1995-2014,6.306947402539558
CanESM5,r20i1p1f1,MED,P1,2021-2040,1995-2014,2.061361497930171
CanESM5,r20i1p1f1,MED,P2,2041-2060,1995-2014,3.310305102359164
CanESM5,r20i1p1f1,MED,P3,2081-2100,1995-2014,6.376274172704525
CanESM5,r20i1p1f1,NEU,P1,2021-2040,1995-2014,1.6579312839093479
CanESM5,r20i1p1f1,NEU,P2,2041-2060,1995-2014,2.7252581058011964
CanESM5,r20i1p1f1,NEU,P3,2081-2100,1995-2014,5.177400902898341
CanESM5,r20i1p1f1,WCE,P1,2021-2040,1995-2014,1.9444443466581454
CanESM5,r20i1p1f1,WCE,P2,2041-2060,1995-2014,3.3994263029702103
CanESM5,r20i1p1f1,WCE,P3,2081-2100,1995-2014,6.511632932065604
CanESM5,r21i1p1f1,MED,P1,2021-2040,1995-2014,1.3806949914942972
CanESM5,r21i1p1f1,MED,P2,2041-2060,1995-2014,2.6128361426301154
CanESM5,r21i1p1f1,MED,P3,2081-2100,1995-2014,6.126830043269197
CanESM5,r21i1p1f1,NEU,P1,2021-2040,1995-2014,1.6511270892455703
CanESM5,r21i1p1f1,NEU,P2,2041-2060,1995-2014,3.0090504034383803
CanESM5,r21i1p1f1,NEU,P3,2081-2100,1995-2014,5.577581060383572
CanESM5,r21i1p1f1,WCE,P1,2021-2040,1995-2014,1.564921690446404
CanESM5,r21i1p1f1,WCE,P2,2041-2060,1995-2014,3.251748634359656
CanESM5,r21i1p1f1,WCE,P3,2081-2100,1995-2014,6.6940513466062725
CanESM5,r22i1p1f1,MED,P1,2021-2040,1995-2014,1.6943464082469482
CanESM5,r22i1p1f1,MED,P2,2041-2060,1995-2014,3.107752105383917
CanESM5,r22i1p1f1,MED,P3,2081-2100,1995-2014,6.250348729019789
CanESM5,r22i1p1f1,NEU,P1,2021-2040,1995-2014,1.2255340976839135
CanESM5,r22i1p1f1,NEU,P2,2041-2060,1995-2014,2.662723938333062
CanESM5,r22i1p1f1,NEU,P3,2081-2100,1995-2014,5.314242402418793
CanESM5,r22i1p1f1,WCE,P1,2021-2040,1995-2014,1.861762834093497
CanESM5,r22i1p1f1,WCE,P2,2041-2060,1995-2014,3.3449126547031454
CanESM5,r22i1p1f1,WCE,P3,2081-2100,1995-2014,6.736762143021028
CanESM5,r23i1p1f1,MED,P1,2021-2040,1995-2014,1.6981016755900182
CanESM5,r23i1p1f1,MED,P2,2041-2060,1995-2014,3.0419978630512405
CanESM5,r23i1p1f1,MED,P3,2081-2100,1995-2014,5.928859184936472
CanESM5,r23i1p1f1,NEU,P1,2021-2040,1995-2014,1.8111796509085298
CanESM5,r23i1p1f1,NEU,P2,2041-2060,1995-2014,3.0465612836500684
CanESM5,r23i1p1f1,NEU,P3,2081-2100,1995-2014,6.189218455307506
CanESM5,r23i1p1f1,WCE,P1,2021-2040,1995-2014,2.028274274029985
CanESM5,r23i1p1f1,WCE,P2,2041-2060,1995-2014,3.3862981170402655
CanESM5,r23i1p1f1,WCE,P3,2081-2100,1995-2014,6.574245439212872
CanESM5,r24i1p1f1,MED,P1,2021-2040,1995-2014,1.6414781719298657
CanESM5,r24i1p1f1,MED,P2,2041-2060,1995-2014,3.0477117306130337
CanESM5,r24i1p1f1,MED,P3,2081-2100,1995-2014,6.295953691845689
CanESM5,r24i1p1f1,NEU,P1,2021-2040,1995-2014,1.5363264471769533
CanESM5,r24i1p1f1,NEU,P2,2041-2060,1995-2014,2.9296263698751717
CanESM5,r24i1p1f1,NEU,P3,2081-2100,1995-2014,5.544226368827761
CanESM5,r24i1p1f1,WCE,P1,2021-2040,1995-2014,1.9203093439511356
CanESM5,r24i1p1f1,WCE,P2,2041-2060,1995-2014,3.238332536349182
CanESM5,r24i1p1f1,WCE,P3,2081-2100,1995-2014,6.7881671944570225
CanESM5,r25i1p1f1,MED,P1,2021-2040,1995-2014,1.5819105019042268
CanESM5,r25i1p1f1,MED,P2,2041-2060,1995-2014,3.0503359140092905
CanESM5,r25i1p1f1,MED,P3,2081-2100,1995-2014,6.093194687287574
CanESM5,r25i1p1f1,NEU,P1,2021-2040,1995-2014,1.7457169918588065
CanESM5,r25i1p1f1,NEU,P2,2041-2060,1995-2014,2.681130515600753
CanESM5,r25i1p1f1,NEU,P3,2081-2100,1995-2014,5.457761127216569
CanESM5,r25i1p1f1,WCE,P1,2021-2040,1995-2014,1.9204490263131517
CanESM5,r25i1p1f1,WCE,P2,2041-2060,1995-2014,3.406330130834518
CanESM5,r25i1p1f1,WCE,P3,2081-2100,1995-2014,6.786740018311361
CanESM5,r2i1p1f1,MED,P1,2021-2040,1995-2014,1.953677994691316
CanESM5,r2i1p1f1,MED,P2,2041-2060,1995-2014,3.0812590504415818
CanESM5,r2i1p1f1,MED,P3,2081-2100,1995-2014,6.319559748469403
CanESM5,r2i1p1f1,NEU,P1,2021-2040,1995-2014,1.7310304014493887
CanESM5,r2i1p1f1,NEU,P2,2041-2060,1995-2014,2.9587595642128286
CanESM5,r2i1p1f1,NEU,P3,2081-2100,1995-2014,5.269978784418996
CanESM5,r2i1p1f1,WCE,P1,2021-2040,1995-2014,1.957116323085512
CanESM5,r2i1p1f1,WCE,P2,2041-2060,1995-2014,3.3441036155302486
CanESM5,r2i1p1f1,WCE,P3,2081-2100,1995-2014,6.406827963678744
CanESM5,r3i1p1f1,MED,P1,2021-2040,1995-2014,1.834690757973889
CanESM5,r3i1p1f1,MED,P2,2041-2060,1995-2014,3.304216582342815
CanESM5,r3i1p1f1,MED,P3,2081-2100,1995-2014,6.420380575413155
CanESM5,r3i1p1f1,NEU,P1,2021-2040,1995-2014,1.6904723776585147
CanESM5,r3i1p1f1,NEU,P2,2041-2060,1995-2014,2.9801275445567827
CanESM5,r3i1p1f1,NEU,P3,2081-2100,1995-2014,5.392042440862305
CanESM5,r3i1p1f1,WCE,P1,2021-2040,1995-2014,1.914278404143385
CanESM5,r3i1p1f1,WCE,P2,2041-2060,1995-2014,3.175231143619877
CanESM5,r3i1p1f1,WCE,P3,2081-2100,1995-2014,6.523757264057582
CanESM5,r4i1p1f1,MED,P1,2021-2040,1995-2014,1.595958371281317
CanESM5,r4i1p1f1,MED,P2,2041-2060,1995-2014,2.92526226293071
CanESM5,r4i1p1f1,MED,P3,2081-2100,1995-2014,5.934371447234104
CanESM5,r4i1p1f1,NEU,P1,2021-2040,1995-2014,1.4385282742440642
CanESM5,r4i1p1f1,NEU,P2,2041-2060,1995-2014,2.4608630728651963
CanESM5,r4i1p1f1,NEU,P3,2081-2100,1995-2014,5.085973747690219
CanESM5,r4i1p1f1,WCE,P1,2021-2040,1995-2014,1.5749840086796583
CanESM5,r4i1p1f1,WCE,P2,2041-2060,1995-2014,3.0675483344111094
CanESM5,r4i1p1f1,WCE,P3,2081-2100,1995-2014,6.263860794838491
CanESM5,r5i1p1f1,MED,P1,2021-2040,1995-2014,1.8703713265263153
CanESM5,r5i1p1f1,MED,P2,2041-2060,1995-2014,3.428368975834961
CanESM5,r5i1p1f1,MED,P3,2081-2100,1995-2014,6.380663755467491
CanESM5,r5i1p1f1,NEU,P1,2021-2040,1995-2014,1.2831243124235436
CanESM5,r5i1p1f1,NEU,P2,2041-2060,1995-2014,2.533946984470347
CanESM5,r5i1p1f1,NEU,P3,2081-2100,1995-2014,5.5021138573522865
CanESM5,r5i1p1f1,WCE,P1,2021-2040,1995-2014,1.7704814060801113
CanESM5,r5i1p1f1,WCE,P2,2041-2060,1995-2014,3.4170373392622735
CanESM5,r5i1p1f1,WCE,P3,2081-2100,1995-2014,6.453054345133742
CanESM5,r6i1p1f1,MED,P1,2021-2040,1995-2014,1.5503429519301535
CanESM5,r6i1p1f1,MED,P2,2041-2060,1995-2014,3.033686284686331
CanESM5,r6i1p1f1,MED,P3,2081-2100,1995-2014,6.00085835094595
CanESM5,r6i1p1f1,NEU,P1,2021-2040,1995-2014,1.4628159974969763
CanESM5,r6i1p1f1,NEU,P2,2041-2060,1995-2014,2.7835547160457965
CanESM5,r6i1p1f1,NEU,P3,2081-2100,1995-2014,5.601423769078053
CanESM5,r6i1p1f1,WCE,P1,2021-2040,1995-2014,1.8145579098629079
CanESM5,r6i1p1f1,WCE,P2,2041-2060,1995-2014,3.4445508665771065
CanESM5,r6i1p1f1,WCE,P3,2081-2100,1995-2014,6.536230504175656
CanESM5,r7i1p1f1,MED,P1,2021-2040,1995-2014,1.7596996182219642
CanESM5,r7i1p1f1,MED,P2,2041-2060,1995-2014,3.1351820916649746
CanESM5,r7i1p1f1,MED,P3,2081-2100,1995-2014,6.368577253923773
CanESM5,r7i1p1f1,NEU,P1,2021-2040,1995-2014,1.5345691285772176
CanESM5,r7i1p1f1,NEU,P2,2041-2060,1995-2014,2.793027888190271
CanESM5,r7i1p1f1,NEU,P3,2081-2100,1995-2014,5.7330678926011505
CanESM5,r7i1p1f1,WCE,P1,2021-2040,1995-2014,1.9204511182438608
CanESM5,r7i1p1f1,WCE,P2,2041-2060,1995-2014,3.512255906468296
CanESM5,r7i1p1f1,WCE,P3,2081-2100,1995-2014,6.79278998811778
CanESM5,r8i1p1f1,MED,P1,2021-2040,1995-2014,1.7266259080025972
CanESM5,r8i1p1f1,MED,P2,2041-2060,1995-2014,3.0764889263565793
CanESM5,r8i1p1f1,MED,P3,2081-2100,1995-2014,6.147125170341793
CanESM5,r8i1p1f1,NEU,P1,2021-2040,1995-2014,1.545869393714823
CanESM5,r8i1p1f1,NEU,P2,2041-2060,1995-2014,2.5257696458962586
CanESM5,r8i1p1f1,NEU,P3,2081-2100,1995-2014,5.1617328456172356
CanESM5,r8i1p1f1,WCE,P1,2021-2040,1995-2014,1.6226605537378256
CanESM5,r8i1p1f1,WCE,P2,2041-2060,1995-2014,3.3300231535971916
CanESM5,r8i1p1f1,WCE,P3,2081-2100,1995-2014,6.63045156092313
CanESM5,r9i1p1f1,MED,P1,2021-2040,1995-2014,1.6225897042276576
CanESM5,r9i1p1f1,MED,P2,2041-2060,1995-2014,3.0463535344535124
CanESM5,r9i1p1f1,MED,P3,2081-2100,1995-2014,6.11656604941335
CanESM5,r9i1p1f1,NEU,P1,2021-2040,1995-2014,1.4751475326792096
CanESM5,r9i1p1f1,NEU,P2,2041-2060,1995-2014,2.962273004196903
CanESM5,r9i1p1f1,NEU,P3,2081-2100,1995-2014,5.356228595953223
CanESM5,r9i1p1f1,WCE,P1,2021-2040,1995-2014,1.3595793193630172
CanESM5,r9i1p1f1,WCE,P2,2041-2060,1995-2014,3.0015097396844643
CanESM5,r9i1p1f1,WCE,P3,2081-2100,1995-2014,6.009270837999433
E3SMv2,r10i1p1f1,MED,P1,2021-2040,1995-2014,1.6119711058229171
E3SMv2,r10i1p1f1,MED,P2,2041-2060,1995-2014,3.036211520820926
E3SMv2,r10i1p1f1,MED,P3,2081-2100,1995-2014,6.000553950763239
E3SMv2,r10i1p1f1,NEU,P1,2021-2040,1995-2014,2.0249209512883235
E3SMv2,r10i1p1f1,NEU,P2,2041-2060,1995-2014,3.0371573747714296
E3SMv2,r10i1p1f1,NEU,P3,2081-2100,1995-2014,6.457080216379185
E3SMv2,r10i1p1f1,WCE,P1,2021-2040,1995-2014,2.048772505449378
E3SMv2,r10i1p1f1,WCE,P2,2041-2060,1995-2014,3.2740502709674466
E3SMv2,r10i1p1f1,WCE,P3,2081-2100,1995-2014,6.816954507568359
E3SMv2,r11i1p1f1,MED,P1,2021-2040,1995-2014,1.436416360574119
E3SMv2,r11i1p1f1,MED,P2,2041-2060,1995-2014,2.8829225078402576
E3SMv2,r11i1p1f1,MED,P3,2081-2100,1995-2014,5.957981163483905
E3SMv2,r11i1p1f1,NEU,P1,2021-2040,1995-2014,1.6340045244786296
E3SMv2,r11i1p1f1,NEU,P2,2041-2060,1995-2014,3.01458090574519
E3SMv2,r11i1p1f1,NEU,P3,2081-2100,1995-2014,6.1087802650581065
E3SMv2,r11i1p1f1,WCE,P1,2021-2040,1995-2014,1.7546227620447818
E3SMv2,r11i1p1f1,WCE,P2,2041-2060,1995-2014,3.2511868646164466
E3SMv2,r11i1p1f1,WCE,P3,2081-2100,1995-2014,6.568935905883679
E3SMv2,r12i1p1f1,MED,P1,2021-2040,1995-2014,1.5684029299903406
E3SMv2,r12i1p1f1,MED,P2,2041-2060,1995-2014,2.5546258509780246
E3SMv2,r12i1p1f1,MED,P3,2081-2100,1995-2014,5.798327147580286
E3SMv2,r12i1p1f1,NEU,P1,2021-2040,1995-2014,1.3045728489387978
E3SMv2,r12i1p1f1,NEU,P2,2041-2060,1995-2014,2.6810276431825644
E3SMv2,r12i1p1f1,NEU,P3,2081-2100,1995-2014,5.765515276862628
E3SMv2,r12i1p1f1,WCE,P1,2021-2040,1995-2014,1.633347043243954
E3SMv2,r12i1p1f1,WCE,P2,2041-2060,1995-2014,2.9270552533099696
E3SMv2,r12i1p1f1,WCE,P3,2081-2100,1995-2014,6.323064357345478
E3SMv2,r13i1p1f1,MED,P1,2021-2040,1995-2014,1.6293585428695743
E3SMv2,r13i1p1f1,MED,P2,2041-2060,1995-2014,2.919022351082762
E3SMv2,r13i1p1f1,MED,P3,2081-2100,1995-2014,5.722258775861171
E3SMv2,r13i1p1f1,NEU,P1,2021-2040,1995-2014,1.4848795181253984
E3SMv2,r13i1p1f1,NEU,P2,2041-2060,1995-2014,3.0644713670727186
E3SMv2,r13i1p1f1,NEU,P3,2081-2100,1995-2014,5.980007754038865
E3SMv2,r13i1p1f1,WCE,P1,2021-2040,1995-2014,1.6664803818970584
E3SMv2,r13i1p1f1,WCE,P2,2041-2060,1995-2014,3.330380552956824
E3SMv2,r13i1p1f1,WCE,P3,2081-2100,1995-2014,6.265393888871366
E3SMv2,r14i1p1f1,MED,P1,2021-2040,1995-2014,1.4731830493932065
E3SMv2,r14i1p1f1,MED,P2,2041-2060,1995-2014,2.797041915266083
E3SMv2,r14i1p1f1,MED,P3,2081-2100,1995-2014,5.898412827224246
E3SMv2,r14i1p1f1,NEU,P1,2021-2040,1995-2014,1.3890993718062714
E3SMv2,r14i1p1f1,NEU,P2,2041-2060,1995-2014,3.1878914809128296
E3SMv2,r14i1p1f1,NEU,P3,2081-2100,1995-2014,5.926454575365405
E3SMv2,r14i1p1f1,WCE,P1,2021-2040,1995-2014,1.544108463084095
E3SMv2,r14i1p1f1,WCE,P2,2041-2060,1995-2014,3.29168223163186
E3SMv2,r14i1p1f1,WCE,P3,2081-2100,1995-2014,6.759290742276491
E3SMv2,r15i1p1f1,MED,P1,2021-2040,1995-2014,1.4746087996158546
E3SMv2,r15i1p1f1,MED,P2,2041-2060,1995-2014,2.681252031493184
E3SMv2,r15i1p1f1,MED,P3,2081-2100,1995-2014,5.87902783072328
E3SMv2,r15i1p1f1,NEU,P1,2021-2040,1995-2014,1.6755436076026702
E3SMv2,r15i1p1f1,NEU,P2,2041-2060,1995-2014,3.005908949683668
E3SMv2,r15i1p1f1,NEU,P3,2081-2100,1995-2014,6.239074463491678
E3SMv2,r15i1p1f1,WCE,P1,2021-2040,1995-2014,1.2123799985441057
E3SMv2,r15i1p1f1,WCE,P2,2041-2060,1995-2014,2.8025233370159013
E3SMv2,r15i1p1f1,WCE,P3,2081-2100,1995-2014,6.494072142957459
E3SMv2,r16i1p1f1,MED,P1,2021-2040,1995-2014,1.837896060237282
E3SMv2,r16i1p1f1,MED,P2,2041-2060,1995-2014,3.0560615407010046
E3SMv2,r16i1p1f1,MED,P3,2081-2100,1995-2014,5.945597011364631
E3SMv2,r16i1p1f1,NEU,P1,2021-2040,1995-2014,1.8962641716506305
E3SMv2,r16i1p1f1,NEU,P2,2041-2060,1995-2014,3.344004295735162
E3SMv2,r16i1p1f1,NEU,P3,2081-2100,1995-2014,6.064041417562104
E3SMv2,r16i1p1f1,WCE,P1,2021-2040,1995-2014,2.1642945268369296
E3SMv2,r16i1p1f1,WCE,P2,2041-2060,1995-2014,3.5786414506573943
E3SMv2,r16i1p1f1,WCE,P3,2081-2100,1995-2014,6.690556822742456
E3SMv2,r17i1p1f1,MED,P1,2021-2040,1995-2014,1.4935679043044752
E3SMv2,r17i1p1f1,MED,P2,2041-2060,1995-2014,2.6028094178869994
E3SMv2,r17i1p1f1,MED,P3,2081-2100,1995-2014,5.808237288756312
E3SMv2,r17i1p1f1,NEU,P1,2021-2040,1995-2014,1.7163136606976614
E3SMv2,r17i1p1f1,NEU,P2,2041-2060,1995-2014,3.172608651614895
E3SMv2,r17i1p1f1,NEU,P3,2081-2100,1995-2014,6.335102556525614
E3SMv2,r17i1p1f1,WCE,P1,2021-2040,1995-2014,1.7696380372252043
E3SMv2,r17i1p1f1,WCE,P2,2041-2060,1995-2014,2.7395479897271033
E3SMv2,r17i1p1f1,WCE,P3,2081-2100,1995-2014,6.629278916961196
E3SMv2,r18i1p1f1,MED,P1,2021-2040,1995-2014,1.4231507514276567
E3SMv2,r18i1p1f1,MED,P2,2041-2060,1995-2014,2.9157791061953344
E3SMv2,r18i1p1f1,MED,P3,2081-2100,1995-2014,5.55420951280391
E3SMv2,r18i1p1f1,NEU,P1,2021-2040,1995-2014,2.0280936495547586
E3SMv2,r18i1p1f1,NEU,P2,2041-2060,1995-2014,3.195919572811881
E3SMv2,r18i1p1f1,NEU,P3,2081-2100,1995-2014,6.267491356789958
E3SMv2,r18i1p1f1,WCE,P1,2021-2040,1995-2014,2.028861120588106
E3SMv2,r18i1p1f1,WCE,P2,2041-2060,1995-2014,3.499045973876611
E3SMv2,r18i1p1f1,WCE,P3,2081-2100,1995-2014,6.22157869331072
E3SMv2,r19i1p1f1,MED,P1,2021-2040,1995-2014,1.690039273468237
E3SMv2,r19i1p1f1,MED,P2,2041-2060,1995-2014,2.7275186766756647
E3SMv2,r19i1p1f1,MED,P3,2081-2100,1995-2014,5.990227692696258
E3SMv2,r19i1p1f1,NEU,P1,2021-2040,1995-2014,1.084184675318631
E3SMv2,r19i1p1f1,NEU,P2,2041-2060,1995-2014,2.330435530953811
E3SMv2,r19i1p1f1,NEU,P3,2081-2100,1995-2014,6.184894015899351
E3SMv2,r19i1p1f1,WCE,P1,2021-2040,1995-2014,1.6999768145125131
E3SMv2,r19i1p1f1,WCE,P2,2041-2060,1995-2014,2.8340966483645187
E3SMv2,r19i1p1f1,WCE,P3,2081-2100,1995-2014,6.991096877312709
E3SMv2,r20i1p1f1,MED,P1,2021-2040,1995-2014,1.471319735053563
E3SMv2,r20i1p1f1,MED,P2,2041-2060,1995-2014,2.4840022736673917
E3SMv2,r20i1p1f1,MED,P3,2081-2100,1995-2014,5.734339325273817
E3SMv2,r20i1p1f1,NEU,P1,2021-2040,1995-2014,1.2694727807039325
E3SMv2,r20i1p1f1,NEU,P2,2041-2060,1995-2014,2.5104884928291447
E3SMv2,r20i1p1f1,NEU,P3,2081-2100,1995-2014,5.663522873135001
E3SMv2,r20i1p1f1,WCE,P1,2021-2040,1995-2014,1.717437588443076
E3SMv2,r20i1p1f1,WCE,P2,2041-2060,1995-2014,2.909127060688519
E3SMv2,r20i1p1f1,WCE,P3,2081-2100,1995-2014,6.634513430800564
E3SMv2,r21i1p1f1,MED,P1,2021-2040,1995-2014,1.3424091359521826
E3SMv2,r21i1p1f1,MED,P2,2041-2060,1995-2014,2.76859807436298
E3SMv2,r21i1p1f1,MED,P3,2081-2100,1995-2014,5.52866921473206
E3SMv2,r21i1p1f1,NEU,P1,2021-2040,1995-2014,1.6942847063689996
E3SMv2,r21i1p1f1,NEU,P2,2041-2060,1995-2014,2.913996135148827
E3SMv2,r21i1p1f1,NEU,P3,2081-2100,1995-2014,6.151537349897195
E3SMv2,r21i1p1f1,WCE,P1,2021-2040,1995-2014,1.5071074967007614
E3SMv2,r21i1p1f1,WCE,P2,2041-2060,1995-2014,2.7846604687651015
E3SMv2,r21i1p1f1,WCE,P3,2081-2100,1995-2014,5.901587852938744
E3SMv2,r22i1p1f1,MED,P1,2021-2040,1995-2014,1.6145147392306327
E3SMv2,r22i1p1f1,MED,P2,2041-2060,1995-2014,3.0000550078122745
E3SMv2,r22i1p1f1,MED,P3,2081-2100,1995-2014,5.816686698611258
E3SMv2,r22i1p1f1,NEU,P1,2021-2040,1995-2014,1.445154497003033
E3SMv2,r22i1p1f1,NEU,P2,2041-2060,1995-2014,2.7633989661788108
E3SMv2,r22i1p1f1,NEU,P3,2081-2100,1995-2014,6.302257026301509
E3SMv2,r22i1p1f1,WCE,P1,2021-2040,1995-2014,1.3198613794830982
E3SMv2,r22i1p1f1,WCE,P2,2041-2060,1995-2014,3.243008893614751
E3SMv2,r22i1p1f1,WCE,P3,2081-2100,1995-2014,6.47655830940325
E3SMv2,r23i1p1f1,MED,P1,2021-2040,1995-2014,1.6648885957806343
E3SMv2,r23i1p1f1,MED,P2,2041-2060,1995-2014,2.6072148870658984
E3SMv2,r23i1p1f1,MED,P3,2081-2100,1995-2014,5.876120405602977
E3SMv2,r23i1p1f1,NEU,P1,2021-2040,1995-2014,1.4826400611050072
E3SMv2,r23i1p1f1,NEU,P2,2041-2060,1995-2014,2.584672230969634
E3SMv2,r23i1p1f1,NEU,P3,2081-2100,1995-2014,5.601525132388332
E3SMv2,r23i1p1f1,WCE,P1,2021-2040,1995-2014,1.6125547341756963
E3SMv2,r23i1p1f1,WCE,P2,2041-2060,1995-2014,2.2994678887883726
E3SMv2,r23i1p1f1,WCE,P3,2081-2100,1995-2014,6.0643354194257855
E3SMv2,r24i1p1f1,MED,P1,2021-2040,1995-2014,1.791799949072741
E3SMv2,r24i1p1f1,MED,P2,2041-2060,1995-2014,2.826349775431763
E3SMv2,r24i1p1f1,MED,P3,2081-2100,1995-2014,5.888024393064984
E3SMv2,r24i1p1f1,NEU,P1,2021-2040,1995-2014,1.4733984170899224
E3SMv2,r24i1p1f1,NEU,P2,2041-2060,1995-2014,2.688516214999571
E3SMv2,r24i1p1f1,NEU,P3,2081-2100,1995-2014,5.796377210276331
E3SMv2,r24i1p1f1,WCE,P1,2021-2040,1995-2014,1.9075197395173422
E3SMv2,r24i1p1f1,WCE,P2,2041-2060,1995-2014,2.9236451426191823
E3SMv2,r24i1p1f1,WCE,P3,2081-2100,1995-2014,6.450040198034166
E3SMv2,r25i1p1f1,MED,P1,2021-2040,1995-2014,1.5459007531474922
E3SMv2,r25i1p1f1,MED,P2,2041-2060,1995-2014,3.0059666930944298
E3SMv2,r25i1p1f1,MED,P3,2081-2100,1995-2014,5.9650118991302525
E3SMv2,r25i1p1f1,NEU,P1,2021-2040,1995-2014,1.7564523616473586
E3SMv2,r25i1p1f1,NEU,P2,2041-2060,1995-2014,3.085087719340329
E3SMv2,r25i1p1f1,NEU,P3,2081-2100,1995-2014,6.21985980627899
E3SMv2,r25i1p1f1,WCE,P1,2021-2040,1995-2014,1.7552757612436978
E3SMv2,r25i1p1f1,WCE,P2,2041-2060,1995-2014,3.0978168090748306
E3SMv2,r25i1p1f1,WCE,P3,2081-2100,1995-2014,6.1348655088055635
E3SMv2,r26i1p1f1,MED,P1,2021-2040,1995-2014,1.4575170895494804
E3SMv2,r26i1p1f1,MED,P2,2041-2060,1995-2014,2.6835712648444114
E3SMv2,r26i1p1f1,MED,P3,2081-2100,1995-2014,5.609173620252195
E3SMv2,r26i1p1f1,NEU,P1,2021-2040,1995-2014,1.7275734193144205
E3SMv2,r26i1p1f1,NEU,P2,2041-2060,1995-2014,3.4635125912479197
E3SMv2,r26i1p1f1,NEU,P3,2081-2100,1995-2014,5.985579165612425
E3SMv2,r26i1p1f1,WCE,P1,2021-2040,1995-2014,1.791293834186043
E3SMv2,r26i1p1f1,WCE,P2,2041-2060,1995-2014,3.272047548490538
E3SMv2,r26i1p1f1,WCE,P3,2081-2100,1995-2014,6.299836769686478
E3SMv2,r27i1p1f1,MED,P1,2021-2040,1995-2014,1.3207589375032616
E3SMv2,r27i1p1f1,MED,P2,2041-2060,1995-2014,2.546115492878525
E3SMv2,r27i1p1f1,MED,P3,2081-2100,1995-2014,5.532108786604215
E3SMv2,r27i1p1f1,NEU,P1,2021-2040,1995-2014,1.803633901345286
E3SMv2,r27i1p1f1,NEU,P2,2041-2060,1995-2014,3.2893067220429315
E3SMv2,r27i1p1f1,NEU,P3,2081-2100,1995-2014,6.02770910423303
E3SMv2,r27i1p1f1,WCE,P1,2021-2040,1995-2014,1.5424266956787915
E3SMv2,r27i1p1f1,WCE,P2,2041-2060,1995-2014,2.7725632657508443
E3SMv2,r27i1p1f1,WCE,P3,2081-2100,1995-2014,5.999431492009461
E3SMv2,r28i1p1f1,MED,P1,2021-2040,1995-2014,1.3988844014998236
E3SMv2,r28i1p1f1,MED,P2,2041-2060,1995-2014,2.523282481388874
E3SMv2,r28i1p1f1,MED,P3,2081-2100,1995-2014,5.992441746669898
E3SMv2,r28i1p1f1,NEU,P1,2021-2040,1995-2014,1.7778008628315547
E3SMv2,r28i1p1f1,NEU,P2,2041-2060,1995-2014,2.9278784455658347
E3SMv2,r28i1p1f1,NEU,P3,2081-2100,1995-2014,6.018861586834679
E3SMv2,r28i1p1f1,WCE,P1,2021-2040,1995-2014,1.7729139587418168
E3SMv2,r28i1p1f1,WCE,P2,2041-2060,1995-2014,2.967654696221936
E3SMv2,r28i1p1f1,WCE,P3,2081-2100,1995-2014,6.565431164498887
E3SMv2,r29i1p1f1,MED,P1,2021-2040,1995-2014,1.6039382504577055
E3SMv2,r29i1p1f1,MED,P2,2041-2060,1995-2014,3.04209771135531
E3SMv2,r29i1p1f1,MED,P3,2081-2100,1995-2014,5.6807996070936095
E3SMv2,r29i1p1f1,NEU,P1,2021-2040,1995-2014,2.1758983828705225
E3SMv2,r29i1p1f1,NEU,P2,2041-2060,1995-2014,3.3189971913416714
E3SMv2,r29i1p1f1,NEU,P3,2081-2100,1995-2014,6.521533313340885
E3SMv2,r29i1p1f1,WCE,P1,2021-2040,1995-2014,2.1159666235023105
E3SMv2,r29i1p1f1,WCE,P2,2041-2060,1995-2014,3.451798402386153
E3SMv2,r29i1p1f1,WCE,P3,2081-2100,1995-2014,6.729585782736744
E3SMv2,r30i1p1f1,MED,P1,2021-2040,1995-2014,1.6537691043175264
E3SMv2,r30i1p1f1,MED,P2,2041-2060,1995-2014,2.8863360726144505
E3SMv2,r30i1p1f1,MED,P3,2081-2100,1995-2014,5.755544174593794
E3SMv2,r30i1p1f1,NEU,P1,2021-2040,1995-2014,1.6585439438139975
E3SMv2,r30i1p1f1,NEU,P2,2041-2060,1995-2014,2.9673471853148867
E3SMv2,r30i1p1f1,NEU,P3,2081-2100,1995-2014,6.1553884914424115
E3SMv2,r30i1p1f1,WCE,P1,2021-2040,1995-2014,1.5613366147023142
E3SMv2,r30i1p1f1,WCE,P2,2041-2060,1995-2014,3.09442249484725
E3SMv2,r30i1p1f1,WCE,P3,2081-2100,1995-2014,6.48631402989364
MPI-ESM1-2-LR,r10i1p1f1,MED,P1,2021-2040,1995-2014,0.8389932455308962
MPI-ESM1-2-LR,r10i1p1f1,MED,P2,2041-2060,1995-2014,1.7519430346816331
MPI-ESM1-2-LR,r10i1p1f1,MED,P3,2081-2100,1995-2014,3.6398368557617955
MPI-ESM1-2-LR,r10i1p1f1,NEU,P1,2021-2040,1995-2014,0.2952206097672406
MPI-ESM1-2-LR,r10i1p1f1,NEU,P2,2041-2060,1995-2014,1.0252639711471616
MPI-ESM1-2-LR,r10i1p1f1,NEU,P3,2081-2100,1995-2014,2.106421760876096
MPI-ESM1-2-LR,r10i1p1f1,WCE,P1,2021-2040,1995-2014,0.7424499285192245
MPI-ESM1-2-LR,r10i1p1f1,WCE,P2,2041-2060,1995-2014,1.6755566851701822
MPI-ESM1-2-LR,r10i1p1f1,WCE,P3,2081-2100,1995-2014,3.378410915480552
MPI-ESM1-2-LR,r11i1p1f1,MED,P1,2021-2040,1995-2014,0.8038190600966997
MPI-ESM1-2-LR,r11i1p1f1,MED,P2,2041-2060,1995-2014,1.9529185985784778
MPI-ESM1-2-LR,r11i1p1f1,MED,P3,2081-2100,1995-2014,4.007158142985917
MPI-ESM1-2-LR,r11i1p1f1,NEU,P1,2021-2040,1995-2014,0.8852506252503577
MPI-ESM1-2-LR,r11i1p1f1,NEU,P2,2041-2060,1995-2014,1.3618475007804698
MPI-ESM1-2-LR,r11i1p1f1,NEU,P3,2081-2100,1995-2014,2.750083231184278
MPI-ESM1-2-LR,r11i1p1f1,WCE,P1,2021-2040,1995-2014,1.2441246498408147
MPI-ESM1-2-LR,r11i1p1f1,WCE,P2,2041-2060,1995-2014,2.085380971550521
MPI-ESM1-2-LR,r11i1p1f1,WCE,P3,2081-2100,1995-2014,4.351259636983131
MPI-ESM1-2-LR,r12i1p1f1,MED,P1,2021-2040,1995-2014,0.8354758497999217
MPI-ESM1-2-LR,r12i1p1f1,MED,P2,2041-2060,1995-2014,1.7299905455981297
MPI-ESM1-2-LR,r12i1p1f1,MED,P3,2081-2100,1995-2014,4.1752079400962625
MPI-ESM1-2-LR,r12i1p1f1,NEU,P1,2021-2040,1995-2014,0.728977445718255
MPI-ESM1-2-LR,r12i1p1f1,NEU,P2,2041-2060,1995-2014,1.4064006599089858
MPI-ESM1-2-LR,r12i1p1f1,NEU,P3,2081-2100,1995-2014,2.3674522275177106
MPI-ESM1-2-LR,r12i1p1f1,WCE,P1,2021-2040,1995-2014,0.7753059711257368
MPI-ESM1-2-LR,r12i1p1f1,WCE,P2,2041-2060,1995-2014,1.325787769569044
MPI-ESM1-2-LR,r12i1p1f1,WCE,P3,2081-2100,1995-2014,4.173024558783931
MPI-ESM1-2-LR,r13i1p1f1,MED,P1,2021-2040,1995-2014,0.9174424366175066
MPI-ESM1-2-LR,r13i1p1f1,MED,P2,2041-2060,1995-2014,1.9170746066352755
MPI-ESM1-2-LR,r13i1p1f1,MED,P3,2081-2100,1995-2014,3.846969358021897
MPI-ESM1-2-LR,r13i1p1f1,NEU,P1,2021-2040,1995-2014,0.8502679981773292
MPI-ESM1-2-LR,r13i1p1f1,NEU,P2,2041-2060,1995-2014,1.4591508188582463
MPI-ESM1-2-LR,r13i1p1f1,NEU,P3,2081-2100,1995-2014,2.7216303859894206
MPI-ESM1-2-LR,r13i1p1f1,WCE,P1,2021-2040,1995-2014,0.9336216387787051
MPI-ESM1-2-LR,r13i1p1f1,WCE,P2,2041-2060,1995-2014,2.1196891768135835
MPI-ESM1-2-LR,r13i1p1f1,WCE,P3,2081-2100,1995-2014,3.8946310419098347
MPI-ESM1-2-LR,r14i1p1f1,MED,P1,2021-2040,1995-2014,0.9723538638733288
MPI-ESM1-2-LR,r14i1p1f1,MED,P2,2041-2060,1995-2014,2.0237686131553554
MPI-ESM1-2-LR,r14i1p1f1,MED,P3,2081-2100,1995-2014,4.03707913698834
MPI-ESM1-2-LR,r14i1p1f1,NEU,P1,2021-2040,1995-2014,0.7113160432395423
MPI-ESM1-2-LR,r14i1p1f1,NEU,P2,2041-2060,1995-2014,1.3339988026917666
MPI-ESM1-2-LR,r14i1p1f1,NEU,P3,2081-2100,1995-2014,2.627356291518951
MPI-ESM1-2-LR,r14i1p1f1,WCE,P1,2021-2040,1995-2014,0.7580460036220501
MPI-ESM1-2-LR,r14i1p1f1,WCE,P2,2041-2060,1995-2014,1.86715140795949
MPI-ESM1-2-LR,r14i1p1f1,WCE,P3,2081-2100,1995-2014,3.694571296993607
MPI-ESM1-2-LR,r15i1p1f1,MED,P1,2021-2040,1995-2014,0.7983185822976498
MPI-ESM1-2-LR,r15i1p1f1,MED,P2,2041-2060,1995-2014,1.7800769588578504
MPI-ESM1-2-LR,r15i1p1f1,MED,P3,2081-2100,1995-2014,3.804939300668322
MPI-ESM1-2-LR,r15i1p1f1,NEU,P1,2021-2040,1995-2014,0.5302020434798702
MPI-ESM1-2-LR,r15i1p1f1,NEU,P2,2041-2060,1995-2014,1.6075847592814096
MPI-ESM1-2-LR,r15i1p1f1,NEU,P3,2081-2100,1995-2014,2.6747847238253817
MPI-ESM1-2-LR,r15i1p1f1,WCE,P1,2021-2040,1995-2014,0.7984790939540758
MPI-ESM1-2-LR,r15i1p1f1,WCE,P2,2041-2060,1995-2014,2.431187685294175
MPI-ESM1-2-LR,r15i1p1f1,WCE,P3,2081-2100,1995-2014,4.011815488427613
MPI-ESM1-2-LR,r16i1p1f1,MED,P1,2021-2040,1995-2014,0.9464712523251183
MPI-ESM1-2-LR,r16i1p1f1,MED,P2,2041-2060,1995-2014,1.8233195115892307
MPI-ESM1-2-LR,r16i1p1f1,MED,P3,2081-2100,1995-2014,3.777894011309189
MPI-ESM1-2-LR,r16i1p1f1,NEU,P1,2021-2040,1995-2014,0.42019288545713585
MPI-ESM1-2-LR,r16i1p1f1,NEU,P2,2041-2060,1995-2014,1.1271418633997112
MPI-ESM1-2-LR,r16i1p1f1,NEU,P3,2081-2100,1995-2014,2.5305549231250213
MPI-ESM1-2-LR,r16i1p1f1,WCE,P1,2021-2040,1995-2014,0.7605366209068926
MPI-ESM1-2-LR,r16i1p1f1,WCE,P2,2041-2060,1995-2014,1.8521681209451148
MPI-ESM1-2-LR,r16i1p1f1,WCE,P3,2081-2100,1995-2014,3.833290987062683
MPI-ESM1-2-LR,r17i1p1f1,MED,P1,2021-2040,1995-2014,0.643247898345747
MPI-ESM1-2-LR,r17i1p1f1,MED,P2,2041-2060,1995-2014,1.4470129516583194
MPI-ESM1-2-LR,r17i1p1f1,MED,P3,2081-2100,1995-2014,3.8370125929680023
MPI-ESM1-2-LR,r17i1p1f1,NEU,P1,2021-2040,1995-2014,0.6791117030587625
MPI-ESM1-2-LR,r17i1p1f1,NEU,P2,2041-2060,1995-2014,1.3976246932025653
MPI-ESM1-2-LR,r17i1p1f1,NEU,P3,2081-2100,1995-2014,2.6060446135339523
MPI-ESM1-2-LR,r17i1p1f1,WCE,P1,2021-2040,1995-2014,0.7756363483587798
MPI-ESM1-2-LR,r17i1p1f1,WCE,P2,2041-2060,1995-2014,1.4404832723364662
MPI-ESM1-2-LR,r17i1p1f1,WCE,P3,2081-2100,1995-2014,4.121291639135438
MPI-ESM1-2-LR,r18i1p1f1,MED,P1,2021-2040,1995-2014,0.9150065902607952
MPI-ESM1-2-LR,r18i1p1f1,MED,P2,2041-2060,1995-2014,1.9629462436359326
MPI-ESM1-2-LR,r18i1p1f1,MED,P3,2081-2100,1995-2014,4.056269990202082
MPI-ESM1-2-LR,r18i1p1f1,NEU,P1,2021-2040,1995-2014,0.5957305343463151
MPI-ESM1-2-LR,r18i1p1f1,NEU,P2,2041-2060,1995-2014,1.163430094192855
MPI-ESM1-2-LR,r18i1p1f1,NEU,P3,2081-2100,1995-2014,2.5858628247128665
MPI-ESM1-2-LR,r18i1p1f1,WCE,P1,2021-2040,1995-2014,0.8316388274966895
MPI-ESM1-2-LR,r18i1p1f1,WCE,P2,2041-2060,1995-2014,1.7567851464499782
MPI-ESM1-2-LR,r18i1p1f1,WCE,P3,2081-2100,1995-2014,4.284082196204138
MPI-ESM1-2-LR,r19i1p1f1,MED,P1,2021-2040,1995-2014,0.9104108671517558
MPI-ESM1-2-LR,r19i1p1f1,MED,P2,2041-2060,1995-2014,2.1206601189501453
MPI-ESM1-2-LR,r19i1p1f1,MED,P3,2081-2100,1995-2014,3.974571545179031
MPI-ESM1-2-LR,r19i1p1f1,NEU,P1,2021-2040,1995-2014,1.0536543004965084
MPI-ESM1-2-LR,r19i1p1f1,NEU,P2,2041-2060,1995-2014,1.5999725238714286
MPI-ESM1-2-LR,r19i1p1f1,NEU,P3,2081-2100,1995-2014,2.67089594383699
MPI-ESM1-2-LR,r19i1p1f1,WCE,P1,2021-2040,1995-2014,0.6786141507838497
MPI-ESM1-2-LR,r19i1p1f1,WCE,P2,2041-2060,1995-2014,2.2665853108485807
MPI-ESM1-2-LR,r19i1p1f1,WCE,P3,2081-2100,1995-2014,3.7899268695496113
MPI-ESM1-2-LR,r1i1p1f1,MED,P1,2021-2040,1995-2014,0.9325591629873691
MPI-ESM1-2-LR,r1i1p1f1,MED,P2,2041-2060,1995-2014,1.8383122983428908
MPI-ESM1-2-LR,r1i1p1f1,MED,P3,2081-2100,1995-2014,3.854152741423564
MPI-ESM1-2-LR,r1i1p1f1,NEU,P1,2021-2040,1995-2014,0.7219325613309933
MPI-ESM1-2-LR,r1i1p1f1,NEU,P2,2041-2060,1995-2014,1.3924456893715882
MPI-ESM1-2-LR,r1i1p1f1,NEU,P3,2081-2100,1995-2014,2.609289850722573
MPI-ESM1-2-LR,r1i1p1f1,WCE,P1,2021-2040,1995-2014,1.089789816093086
MPI-ESM1-2-LR,r1i1p1f1,WCE,P2,2041-2060,1995-2014,1.7808259930344428
MPI-ESM1-2-LR,r1i1p1f1,WCE,P3,2081-2100,1995-2014,3.9161340728237777
MPI-ESM1-2-LR,r20i1p1f1,MED,P1,2021-2040,1995-2014,0.6121011316480901
MPI-ESM1-2-LR,r20i1p1f1,MED,P2,2041-2060,1995-2014,1.8332585503494379
MPI-ESM1-2-LR,r20i1p1f1,MED,P3,2081-2100,1995-2014,3.7293499539075077
MPI-ESM1-2-LR,r20i1p1f1,NEU,P1,2021-2040,1995-2014,0.5706746348688376
MPI-ESM1-2-LR,r20i1p1f1,NEU,P2,2041-2060,1995-2014,1.3877104580734234
MPI-ESM1-2-LR,r20i1p1f1,NEU,P3,2081-2100,1995-2014,2.4108441249141133
MPI-ESM1-2-LR,r20i1p1f1,WCE,P1,2021-2040,1995-2014,1.0344516106789712
MPI-ESM1-2-LR,r20i1p1f1,WCE,P2,2041-2060,1995-2014,1.8547139493048548
MPI-ESM1-2-LR,r20i1p1f1,WCE,P3,2081-2100,1995-2014,3.8737053014083003
MPI-ESM1-2-LR,r21i1p1f1,MED,P1,2021-2040,1995-2014,0.7057660278270023
MPI-ESM1-2-LR,r21i1p1f1,MED,P2,2041-2060,1995-2014,1.6536216782336517
MPI-ESM1-2-LR,r21i1p1f1,MED,P3,2081-2100,1995-2014,3.746170410357448
MPI-ESM1-2-LR,r21i1p1f1,NEU,P1,2021-2040,1995-2014,0.49265553048266836
MPI-ESM1-2-LR,r21i1p1f1,NEU,P2,2041-2060,1995-2014,1.5764608966782145
MPI-ESM1-2-LR,r21i1p1f1,NEU,P3,2081-2100,1995-2014,2.605001843245039
MPI-ESM1-2-LR,r21i1p1f1,WCE,P1,2021-2040,1995-2014,0.4695736438969755
MPI-ESM1-2-LR,r21i1p1f1,WCE,P2,2041-2060,1995-2014,1.7943151543541767
MPI-ESM1-2-LR,r21i1p1f1,WCE,P3,2081-2100,1995-2014,3.922503846025817
MPI-ESM1-2-LR,r22i1p1f1,MED,P1,2021-2040,1995-2014,0.8561157554897486
MPI-ESM1-2-LR,r22i1p1f1,MED,P2,2041-2060,1995-2014,1.7036215404800021
MPI-ESM1-2-LR,r22i1p1f1,MED,P3,2081-2100,1995-2014,3.6614116480292993
MPI-ESM1-2-LR,r22i1p1f1,NEU,P1,2021-2040,1995-2014,0.3601498921849965
MPI-ESM1-2-LR,r22i1p1f1,NEU,P2,2041-2060,1995-2014,1.3682579902775973
MPI-ESM1-2-LR,r22i1p1f1,NEU,P3,2081-2100,1995-2014,2.465582690018584
MPI-ESM1-2-LR,r22i1p1f1,WCE,P1,2021-2040,1995-2014,0.6850691620952647
MPI-ESM1-2-LR,r22i1p1f1,WCE,P2,2041-2060,1995-2014,1.8820865682064927
MPI-ESM1-2-LR,r22i1p1f1,WCE,P3,2081-2100,1995-2014,3.7675459671377887
MPI-ESM1-2-LR,r23i1p1f1,MED,P1,2021-2040,1995-2014,0.995194971685214
MPI-ESM1-2-LR,r23i1p1f1,MED,P2,2041-2060,1995-2014,1.5147548300112024
MPI-ESM1-2-LR,r23i1p1f1,MED,P3,2081-2100,1995-2014,3.5898394293311044
MPI-ESM1-2-LR,r23i1p1f1,NEU,P1,2021-2040,1995-2014,0.8237522581088255
MPI-ESM1-2-LR,r23i1p1f1,NEU,P2,2041-2060,1995-2014,1.4381525762168088
MPI-ESM1-2-LR,r23i1p1f1,NEU,P3,2081-2100,1995-2014,2.892241307443814
MPI-ESM1-2-LR,r23i1p1f1,WCE,P1,2021-2040,1995-2014,1.2159582436083327
MPI-ESM1-2-LR,r23i1p1f1,WCE,P2,2041-2060,1995-2014,1.8604929096220304
MPI-ESM1-2-LR,r23i1p1f1,WCE,P3,2081-2100,1995-2014,3.718833723734084
MPI-ESM1-2-LR,r24i1p1f1,MED,P1,2021-2040,1995-2014,1.1031754815165222
MPI-ESM1-2-LR,r24i1p1f1,MED,P2,2041-2060,1995-2014,1.633571060592804
MPI-ESM1-2-LR,r24i1p1f1,MED,P3,2081-2100,1995-2014,3.562907041923583
MPI-ESM1-2-LR,r24i1p1f1,NEU,P1,2021-2040,1995-2014,0.5408280608270456
MPI-ESM1-2-LR,r24i1p1f1,NEU,P2,2041-2060,1995-2014,1.1851476810031019
MPI-ESM1-2-LR,r24i1p1f1,NEU,P3,2081-2100,1995-2014,2.3583190373578615
MPI-ESM1-2-LR,r24i1p1f1,WCE,P1,2021-2040,1995-2014,1.0171290503428465
MPI-ESM1-2-LR,r24i1p1f1,WCE,P2,2041-2060,1995-2014,1.635984072443886
MPI-ESM1-2-LR,r24i1p1f1,WCE,P3,2081-2100,1995-2014,3.7443293560933846
MPI-ESM1-2-LR,r25i1p1f1,MED,P1,2021-2040,1995-2014,0.8441275070495153
MPI-ESM1-2-LR,r25i1p1f1,MED,P2,2041-2060,1995-2014,1.6127416968935187
MPI-ESM1-2-LR,r25i1p1f1,MED,P3,2081-2100,1995-2014,3.67805210805529
MPI-ESM1-2-LR,r25i1p1f1,NEU,P1,2021-2040,1995-2014,0.7414297156806329
MPI-ESM1-2-LR,r25i1p1f1,NEU,P2,2041-2060,1995-2014,1.0851025088947128
MPI-ESM1-2-LR,r25i1p1f1,NEU,P3,2081-2100,1995-2014,2.264204292278968
MPI-ESM1-2-LR,r25i1p1f1,WCE,P1,2021-2040,1995-2014,0.7295282120239259
MPI-ESM1-2-LR,r25i1p1f1,WCE,P2,2041-2060,1995-2014,1.4769993065277593
MPI-ESM1-2-LR,r25i1p1f1,WCE,P3,2081-2100,1995-2014,3.6864477510430738
MPI-ESM1-2-LR,r26i1p1f1,MED,P1,2021-2040,1995-2014,0.6587296153164122
MPI-ESM1-2-LR,r26i1p1f1,MED,P2,2041-2060,1995-2014,1.6323816372850672
MPI-ESM1-2-LR,r26i1p1f1,MED,P3,2081-2100,1995-2014,3.7278062343186478
MPI-ESM1-2-LR,r26i1p1f1,NEU,P1,2021-2040,1995-2014,0.5548479825594347
MPI-ESM1-2-LR,r26i1p1f1,NEU,P2,2041-2060,1995-2014,1.4837945452098702
MPI-ESM1-2-LR,r26i1p1f1,NEU,P3,2081-2100,1995-2014,2.246247013986685
MPI-ESM1-2-LR,r26i1p1f1,WCE,P1,2021-2040,1995-2014,0.7087822105566601
MPI-ESM1-2-LR,r26i1p1f1,WCE,P2,2041-2060,1995-2014,1.9148258893683863
MPI-ESM1-2-LR,r26i1p1f1,WCE,P3,2081-2100,1995-2014,3.8255758072160235
MPI-ESM1-2-LR,r27i1p1f1,MED,P1,2021-2040,1995-2014,1.0044622792465194
MPI-ESM1-2-LR,r27i1p1f1,MED,P2,2041-2060,1995-2014,1.818786054357134
MPI-ESM1-2-LR,r27i1p1f1,MED,P3,2081-2100,1995-2014,3.880231849976736
MPI-ESM1-2-LR,r27i1p1f1,NEU,P1,2021-2040,1995-2014,0.508827415574528
MPI-ESM1-2-LR,r27i1p1f1,NEU,P2,2041-2060,1995-2014,1.3443378850306682
MPI-ESM1-2-LR,r27i1p1f1,NEU,P3,2081-2100,1995-2014,2.4605645332242494
MPI-ESM1-2-LR,r27i1p1f1,WCE,P1,2021-2040,1995-2014,1.201871398560682
MPI-ESM1-2-LR,r27i1p1f1,WCE,P2,2041-2060,1995-2014,1.894213471475912
MPI-ESM1-2-LR,r27i1p1f1,WCE,P3,2081-2100,1995-2014,4.044524762553989
MPI-ESM1-2-LR,r28i1p1f1,MED,P1,2021-2040,1995-2014,0.6647717566319378
MPI-ESM1-2-LR,r28i1p1f1,MED,P2,2041-2060,1995-2014,1.6314825506203623
MPI-ESM1-2-LR,r28i1p1f1,MED,P3,2081-2100,1995-2014,3.471920169437945
MPI-ESM1-2-LR,r28i1p1f1,NEU,P1,2021-2040,1995-2014,0.7049068656869667
MPI-ESM1-2-LR,r28i1p1f1,NEU,P2,2041-2060,1995-2014,1.5636462215757643
MPI-ESM1-2-LR,r28i1p1f1,NEU,P3,2081-2100,1995-2014,2.620775078208034
MPI-ESM1-2-LR,r28i1p1f1,WCE,P1,2021-2040,1995-2014,0.6094663081601676
MPI-ESM1-2-LR,r28i1p1f1,WCE,P2,2041-2060,1995-2014,1.4328310601024836
MPI-ESM1-2-LR,r28i1p1f1,WCE,P3,2081-2100,1995-2014,3.4652168947966353
MPI-ESM1-2-LR,r29i1p1f1,MED,P1,2021-2040,1995-2014,0.9203961425237344
MPI-ESM1-2-LR,r29i1p1f1,MED,P2,2041-2060,1995-2014,1.940778932473694
MPI-ESM1-2-LR,r29i1p1f1,MED,P3,2081-2100,1995-2014,4.208435320440509
MPI-ESM1-2-LR,r29i1p1f1,NEU,P1,2021-2040,1995-2014,1.0609188865864734
MPI-ESM1-2-LR,r29i1p1f1,NEU,P2,2041-2060,1995-2014,1.2049806822199027
MPI-ESM1-2-LR,r29i1p1f1,NEU,P3,2081-2100,1995-2014,2.6334299243843207
MPI-ESM1-2-LR,r29i1p1f1,WCE,P1,2021-2040,1995-2014,1.1464557703349634
MPI-ESM1-2-LR,r29i1p1f1,WCE,P2,2041-2060,1995-2014,2.1563537526510927
MPI-ESM1-2-LR,r29i1p1f1,WCE,P3,2081-2100,1995-2014,4.672012891761899
MPI-ESM1-2-LR,r2i1p1f1,MED,P1,2021-2040,1995-2014,0.9707977389848406
MPI-ESM1-2-LR,r2i1p1f1,MED,P2,2041-2060,1995-2014,2.0787395020964645
MPI-ESM1-2-LR,r2i1p1f1,MED,P3,2081-2100,1995-2014,4.118643278497941
MPI-ESM1-2-LR,r2i1p1f1,NEU,P1,2021-2040,1995-2014,0.9279385921260485
MPI-ESM1-2-LR,r2i1p1f1,NEU,P2,2041-2060,1995-2014,1.4145053164598138
MPI-ESM1-2-LR,r2i1p1f1,NEU,P3,2081-2100,1995-2014,2.737492727739383
MPI-ESM1-2-LR,r2i1p1f1,WCE,P1,2021-2040,1995-2014,1.5802066565766992
MPI-ESM1-2-LR,r2i1p1f1,WCE,P2,2041-2060,1995-2014,2.0325591124172413
MPI-ESM1-2-LR,r2i1p1f1,WCE,P3,2081-2100,1995-2014,4.865213996052221
MPI-ESM1-2-LR,r30i1p1f1,MED,P1,2021-2040,1995-2014,0.5763781725916903
MPI-ESM1-2-LR,r30i1p1f1,MED,P2,2041-2060,1995-2014,1.6183071738707384
MPI-ESM1-2-LR,r30i1p1f1,MED,P3,2081-2100,1995-2014,3.7193661240810925
MPI-ESM1-2-LR,r30i1p1f1,NEU,P1,2021-2040,1995-2014,1.0544764783998635
MPI-ESM1-2-LR,r30i1p1f1,NEU,P2,2041-2060,1995-2014,2.100009039045734
MPI-ESM1-2-LR,r30i1p1f1,NEU,P3,2081-2100,1995-2014,3.1348155943347598
MPI-ESM1-2-LR,r30i1p1f1,WCE,P1,2021-2040,1995-2014,0.8874135295504237
MPI-ESM1-2-LR,r30i1p1f1,WCE,P2,2041-2060,1995-2014,1.856788635054577
MPI-ESM1-2-LR,r30i1p1f1,WCE,P3,2081-2100,1995-2014,4.037888124908962
MPI-ESM1-2-LR,r3i1p1f1,MED,P1,2021-2040,1995-2014,0.779714129658144
MPI-ESM1-2-LR,r3i1p1f1,MED,P2,2041-2060,1995-2014,1.5857139875770176
MPI-ESM1-2-LR,r3i1p1f1,MED,P3,2081-2100,1995-2014,3.638118301109633
MPI-ESM1-2-LR,r3i1p1f1,NEU,P1,2021-2040,1995-2014,0.9662829536949058
MPI-ESM1-2-LR,r3i1p1f1,NEU,P2,2041-2060,1995-2014,1.7175219002877242
MPI-ESM1-2-LR,r3i1p1f1,NEU,P3,2081-2100,1995-2014,2.892843080952191
MPI-ESM1-2-LR,r3i1p1f1,WCE,P1,2021-2040,1995-2014,1.1779042033637195
MPI-ESM1-2-LR,r3i1p1f1,WCE,P2,2041-2060,1995-2014,1.9026594815784628
MPI-ESM1-2-LR,r3i1p1f1,WCE,P3,2081-2100,1995-2014,3.919557198331634
MPI-ESM1-2-LR,r4i1p1f1,MED,P1,2021-2040,1995-2014,0.4112553627032556
MPI-ESM1-2-LR,r4i1p1f1,MED,P2,2041-2060,1995-2014,1.4709077940849744
MPI-ESM1-2-LR,r4i1p1f1,MED,P3,2081-2100,1995-2014,3.7457367756499047
MPI-ESM1-2-LR,r4i1p1f1,NEU,P1,2021-2040,1995-2014,0.8646148528489135
MPI-ESM1-2-LR,r4i1p1f1,NEU,P2,2041-2060,1995-2014,1.3500945488539355
MPI-ESM1-2-LR,r4i1p1f1,NEU,P3,2081-2100,1995-2014,2.500000836879649
MPI-ESM1-2-LR,r4i1p1f1,WCE,P1,2021-2040,1995-2014,0.6926051285623792
MPI-ESM1-2-LR,r4i1p1f1,WCE,P2,2041-2060,1995-2014,1.86169107055562
MPI-ESM1-2-LR,r4i1p1f1,WCE,P3,2081-2100,1995-2014,4.1349180984281855
MPI-ESM1-2-LR,r5i1p1f1,MED,P1,2021-2040,1995-2014,0.8610445587883142
MPI-ESM1-2-LR,r5i1p1f1,MED,P2,2041-2060,1995-2014,1.7838044696374618
MPI-ESM1-2-LR,r5i1p1f1,MED,P3,2081-2100,1995-2014,4.011373002625544
MPI-ESM1-2-LR,r5i1p1f1,NEU,P1,2021-2040,1995-2014,0.8266728490038664
MPI-ESM1-2-LR,r5i1p1f1,NEU,P2,2041-2060,1995-2014,1.2574020766951683
MPI-ESM1-2-LR,r5i1p1f1,NEU,P3,2081-2100,1995-2014,2.5338304322025373
MPI-ESM1-2-LR,r5i1p1f1,WCE,P1,2021-2040,1995-2014,0.8283229791682907
MPI-ESM1-2-LR,r5i1p1f1,WCE,P2,2041-2060,1995-2014,1.807114877458813
MPI-ESM1-2-LR,r5i1p1f1,WCE,P3,2081-2100,1995-2014,3.7965067624876445
MPI-ESM1-2-LR,r6i1p1f1,MED,P1,2021-2040,1995-2014,0.4214785044337585
MPI-ESM1-2-LR,r6i1p1f1,MED,P2,2041-2060,1995-2014,1.5278168235856442
MPI-ESM1-2-LR,r6i1p1f1,MED,P3,2081-2100,1995-2014,3.63324822712926
MPI-ESM1-2-LR,r6i1p1f1,NEU,P1,2021-2040,1995-2014,0.8512761140470506
MPI-ESM1-2-LR,r6i1p1f1,NEU,P2,2041-2060,1995-2014,1.5186423221991554
MPI-ESM1-2-LR,r6i1p1f1,NEU,P3,2081-2100,1995-2014,2.7170361484184067
MPI-ESM1-2-LR,r6i1p1f1,WCE,P1,2021-2040,1995-2014,0.39777829052178715
MPI-ESM1-2-LR,r6i1p1f1,WCE,P2,2041-2060,1995-2014,1.715995066380529
MPI-ESM1-2-LR,r6i1p1f1,WCE,P3,2081-2100,1995-2014,3.898121769428909
MPI-ESM1-2-LR,r7i1p1f1,MED,P1,2021-2040,1995-2014,0.8450140157387797
MPI-ESM1-2-LR,r7i1p1f1,MED,P2,2041-2060,1995-2014,1.675851701351694
MPI-ESM1-2-LR,r7i1p1f1,MED,P3,2081-2100,1995-2014,3.8413291198899793
MPI-ESM1-2-LR,r7i1p1f1,NEU,P1,2021-2040,1995-2014,0.5164887449533928
MPI-ESM1-2-LR,r7i1p1f1,NEU,P2,2041-2060,1995-2014,1.2819007225992132
MPI-ESM1-2-LR,r7i1p1f1,NEU,P3,2081-2100,1995-2014,2.4254051166723016
MPI-ESM1-2-LR,r7i1p1f1,WCE,P1,2021-2040,1995-2014,0.6483567163629568
MPI-ESM1-2-LR,r7i1p1f1,WCE,P2,2041-2060,1995-2014,1.73369097943853
MPI-ESM1-2-LR,r7i1p1f1,WCE,P3,2081-2100,1995-2014,3.913813182946774
MPI-ESM1-2-LR,r8i1p1f1,MED,P1,2021-2040,1995-2014,1.1089613927540287
MPI-ESM1-2-LR,r8i1p1f1,MED,P2,2041-2060,1995-2014,1.6791348419346153
MPI-ESM1-2-LR,r8i1p1f1,MED,P3,2081-2100,1995-2014,3.7436673365935462
MPI-ESM1-2-LR,r8i1p1f1,NEU,P1,2021-2040,1995-2014,1.07568304852709
MPI-ESM1-2-LR,r8i1p1f1,NEU,P2,2041-2060,1995-2014,1.6221153472395424
MPI-ESM1-2-LR,r8i1p1f1,NEU,P3,2081-2100,1995-2014,2.921430407473461
MPI-ESM1-2-LR,r8i1p1f1,WCE,P1,2021-2040,1995-2014,1.031501449865373
MPI-ESM1-2-LR,r8i1p1f1,WCE,P2,2041-2060,1995-2014,1.5964553684044147
MPI-ESM1-2-LR,r8i1p1f1,WCE,P3,2081-2100,1995-2014,3.927124115696114
MPI-ESM1-2-LR,r9i1p1f1,MED,P1,2021-2040,1995-2014,0.720807870041545
MPI-ESM1-2-LR,r9i1p1f1,MED,P2,2041-2060,1995-2014,1.7007545076846307
MPI-ESM1-2-LR,r9i1p1f1,MED,P3,2081-2100,1995-2014,3.4598419003282253
MPI-ESM1-2-LR,r9i1p1f1,NEU,P1,2021-2040,1995-2014,0.5983180733267244
MPI-ESM1-2-LR,r9i1p1f1,NEU,P2,2041-2060,1995-2014,1.1852085139860216
MPI-ESM1-2-LR,r9i1p1f1,NEU,P3,2081-2100,1995-2014,2.4657109059211315
MPI-ESM1-2-LR,r9i1p1f1,WCE,P1,2021-2040,1995-2014,0.8044829796490223
MPI-ESM1-2-LR,r9i1p1f1,WCE,P2,2041-2060,1995-2014,1.4707272001719929
MPI-ESM1-2-LR,r9i1p1f1,WCE,P3,2081-2100,1995-2014,3.4237328220617824
