gauge_id,region,season,n_valid,noise_sd,trend_per_decade,mk_pvalue,direction,emerge_year,emerge_type,insufficient
2009,Alps West,DJF,39,0.1652249517552242,0.02993866264454493,0.4679538135260932,increase,2047,forecast,False
2009,Alps West,MAM,40,0.46267706048643065,-0.03817523748629914,0.6495478982562364,decrease,,none,False
2009,Alps West,JJA,40,0.7216220868501766,-0.12659161490683235,0.18798383813865382,decrease,2048,forecast,False
2009,Alps West,SON,40,0.40576787211832155,-0.1377696617108382,0.01002752644631788,decrease,2020,observed,False
2011,Alps West,DJF,39,0.1216000311212619,-0.013761904761904198,0.4829170444568125,decrease,2080,forecast,False
2011,Alps West,MAM,40,0.3865798948746802,-0.012956521739130384,0.7887194899032053,decrease,,none,False
2011,Alps West,JJA,40,0.7590296014162129,-0.1277716342118519,0.16560248483061546,decrease,2050,forecast,False
2011,Alps West,SON,40,0.40556195539478934,-0.1395086996336995,0.006633762413644773,decrease,2020,observed,False
2016,Plateau,DJF,39,0.5209036188340084,-0.010486111111110974,0.9037158067879054,decrease,,none,False
2016,Plateau,MAM,40,0.7452346205169812,-0.11673669175027879,0.23011737495822127,decrease,2055,forecast,False
2016,Plateau,JJA,40,0.5164024019268135,-0.10959571119417674,0.15860607706086882,decrease,2038,forecast,False
2016,Plateau,SON,40,0.43545312513431017,-0.14890396062271052,0.03299539466933643,decrease,2020,observed,False
2018,Alps North,DJF,39,0.3954423743339741,0.03821759259259261,0.5452829029299784,increase,2095,forecast,False
2018,Alps North,MAM,40,0.8777103803328073,-0.018099838969404054,0.8980212621322816,decrease,,none,False
2018,Alps North,JJA,40,0.9286649625677624,-0.11478165522501987,0.2211942719822526,decrease,2072,forecast,False
2018,Alps North,SON,40,0.724647931117055,0.02845671871987662,0.8067106222830902,increase,,none,False
2019,Alps North,DJF,39,0.24391723248943556,-0.042946438746438886,0.4981364283916774,decrease,2048,forecast,False
2019,Alps North,MAM,40,0.8840330849184274,0.09010311529503118,0.43502642785483836,increase,2089,forecast,False
2019,Alps North,JJA,40,1.1494452473646903,-0.10825543478260938,0.4488598208640493,decrease,2097,forecast,False
2019,Alps North,SON,40,0.7720208062455289,0.01263736263736312,0.7530821359358961,increase,,none,False
2020,Alps South,DJF,39,0.35207805085141763,0.07639682539682555,0.29818612881587514,increase,2038,forecast,False
2020,Alps South,MAM,40,1.1949755585541308,-0.05310420513681358,0.770840345264592,decrease,,none,False
2020,Alps South,JJA,40,1.3112229117229846,-0.22803170656574562,0.33352610308834585,decrease,2049,forecast,False
2020,Alps South,SON,40,2.176947197638033,-0.10201515517449612,0.7887194899032053,decrease,,none,False
2024,Alps West,DJF,39,0.15538867034733492,0.019572390572390547,0.5452829029299784,increase,2071,forecast,False
2024,Alps West,MAM,40,0.4336823188162411,0.005622529644268318,0.9349988039705048,increase,,none,False
2024,Alps West,JJA,40,0.7639538728961872,-0.0727866438854151,0.43502642785483836,decrease,2096,forecast,False
2024,Alps West,SON,40,0.48461916969468066,-0.15252676810369112,0.031127310111324746,decrease,2023,forecast,False
2029,Alps North,DJF,39,0.5074706342148726,0.011953357753358596,0.8276288084144703,increase,,none,False
2029,Alps North,MAM,40,0.8135346178692916,-0.11707717391304362,0.28903354254194413,decrease,2060,forecast,False
2029,Alps North,JJA,40,0.5909666708194077,-0.1447801932367138,0.07093234307299712,decrease,2032,forecast,False
2029,Alps North,SON,40,0.47006483314668834,-0.1563802019481531,0.026057912231692626,decrease,2021,forecast,False
2030,Alps North,DJF,39,0.30930013176570254,-0.03134139934139916,0.6114052024347298,decrease,2090,forecast,False
2030,Alps North,MAM,40,0.9636406763406397,-0.029418060200669012,0.7530821359358961,decrease,,none,False
2030,Alps North,JJA,40,0.8496637285909361,-0.15137010869565187,0.18798383813865382,decrease,2047,forecast,False
2030,Alps North,SON,40,0.5030125279028249,-0.06405716902145467,0.2997628531295813,decrease,2070,forecast,False
2033,Alps East,DJF,39,0.2905161187299511,0.05207168458781352,0.3706969845683532,increase,2047,forecast,False
2033,Alps East,MAM,40,0.6583081741009507,0.039707729468598726,0.7354536181171747,increase,,none,False
2033,Alps East,JJA,40,1.3039784903736031,-0.2529184782608709,0.05754887969139322,decrease,2043,forecast,False
2033,Alps East,SON,40,1.2068019933843144,-0.004407378335949899,0.9907040297231748,decrease,,none,False
2034,Plateau,DJF,39,0.8258833726009805,-0.11219191919191901,0.43881262153485934,decrease,2065,forecast,False
2034,Plateau,MAM,40,0.7763838414577385,-0.21748301630434758,0.05168804975531471,decrease,2027,forecast,False
2034,Plateau,JJA,40,0.4731929455489315,-0.09416614906832305,0.10042517436963738,decrease,2041,forecast,False
2034,Plateau,SON,40,0.629731589190368,-0.23063656429041046,0.02171858311421837,decrease,2018,observed,False
2044,Plateau,DJF,39,0.733285886509491,0.013072446072446085,0.7901381702817245,increase,,none,False
2044,Plateau,MAM,40,1.1042593185873748,-0.1500259661835745,0.24872473553918217,decrease,2065,forecast,False
2044,Plateau,JJA,40,0.6454053101679101,-0.015454292084726762,0.842992183820956,decrease,,none,False
2044,Plateau,SON,40,0.7761115759805052,-0.04994982684808999,0.600072292463655,decrease,,none,False
2053,Alps West,DJF,29,,,,none,,none,True
2053,Alps West,MAM,30,0.4224107104251092,0.051489769820971795,0.568058623631595,increase,2078,forecast,False
2053,Alps West,JJA,30,0.4779815219407999,-0.04661030595813218,0.568058623631595,decrease,2099,forecast,False
2053,Alps West,SON,30,0.2177088975216102,-0.061062271062271266,0.08676057117588454,decrease,2032,forecast,False
2056,Alps North,DJF,39,0.18219890621233206,0.014700336700336786,0.8276288084144703,increase,,none,False
2056,Alps North,MAM,40,0.8910984442549019,0.08398273351362591,0.4488598208640493,increase,2097,forecast,False
2056,Alps North,JJA,40,1.2568476775063404,-0.4527857142857136,0.007628452120383988,decrease,2019,observed,False
2056,Alps North,SON,40,0.8681585818119087,0.0037461394814334234,0.9907040297231748,increase,,none,False
2063,Alps North,DJF,39,0.5335480175833915,-0.008222222222222353,0.9421393594576422,decrease,,none,False
2063,Alps North,MAM,40,0.795673885304969,-0.13583197463768082,0.19591947802979215,decrease,2050,forecast,False
2063,Alps North,JJA,40,0.5701121755415705,-0.14029741847826113,0.10534105856467724,decrease,2032,forecast,False
2063,Alps North,SON,40,0.4658534644680272,-0.15781070120355822,0.041456909675791964,decrease,2021,forecast,False
2067,Alps East,DJF,39,0.13723372299945336,0.049635296327604085,0.09034851458293014,increase,2019,observed,False
2067,Alps East,MAM,40,0.43815487807082987,0.05345708639186869,0.4081104204610595,increase,2073,forecast,False
2067,Alps East,JJA,40,0.7636468108730697,-0.2636321101667216,0.04633520099984567,decrease,2020,observed,False
2067,Alps East,SON,40,0.5665895392860867,-0.005732600732600642,0.9535453737590693,decrease,,none,False
2068,Alps South,DJF,26,,,,none,,none,True
2068,Alps South,MAM,29,,,,none,,none,True
2068,Alps South,JJA,29,,,,none,,none,True
2068,Alps South,SON,29,,,,none,,none,True
2070,Alps North,DJF,39,0.7345492250404378,0.06422629222629224,0.4981364283916774,increase,,none,False
2070,Alps North,MAM,40,1.2792207683016679,-0.16961755729278216,0.23011737495822127,decrease,2066,forecast,False
2070,Alps North,JJA,40,0.5662205741396688,0.035104166666666645,0.770840345264592,increase,,none,False
2070,Alps North,SON,40,0.6408288229183939,-0.07416012558869693,0.43502642785483836,decrease,2077,forecast,False
2078,Alps South,DJF,39,0.23805361127638597,0.05589830804116537,0.19139541400462035,increase,2034,forecast,False
2078,Alps South,MAM,40,0.7347409219572203,0.12476534878165303,0.23929351176558455,increase,2050,forecast,False
2078,Alps South,JJA,40,0.987830176783091,-0.25716787439613586,0.10042517436963738,decrease,2029,forecast,False
2078,Alps South,SON,40,1.2435995571926721,0.013271411128553854,0.8980212621322816,increase,,none,False
2079,Alps South,DJF,39,13.254761602101384,0.0,0.9229050934914809,flat,,none,False
2079,Alps South,MAM,40,8.620944374167781,-2.787841614906832,0.03702074766590524,decrease,2022,forecast,False
2079,Alps South,JJA,40,8.947847857567819,-1.2940383941093971,0.2211942719822526,decrease,2060,forecast,False
2079,Alps South,SON,40,13.0016936914157,0.0,0.9442683124568536,flat,,none,False
2084,Alps North,DJF,39,0.4425596465004152,0.09864646464646465,0.29818612881587514,increase,2036,forecast,False
2084,Alps North,MAM,40,1.732114762907359,0.06519440548542924,0.8248046168337546,increase,,none,False
2084,Alps North,JJA,40,1.9116976488647475,-0.39565476190476034,0.1328433096626911,decrease,2039,forecast,False
2084,Alps North,SON,40,1.3370312776443558,0.16683767161220747,0.34530569744810213,increase,2071,forecast,False
2085,Alps North,DJF,36,0.3444711962592626,0.07113409961685814,0.3472987680371582,increase,2041,forecast,False
2085,Alps North,MAM,37,0.8786611989359975,-0.032312252964426795,0.8240484528174716,decrease,,none,False
2085,Alps North,JJA,37,0.5851413056352727,-0.13421271135265714,0.2045653965108014,decrease,2036,forecast,False
2085,Alps North,SON,37,0.4596154423408976,-0.09757242757242768,0.2776793977764225,decrease,2040,forecast,False
2086,Alps South,DJF,39,0.1677789065217064,0.023971028971028915,0.383767900437737,increase,2061,forecast,False
2086,Alps South,MAM,40,0.541044727864796,-0.052314208662714086,0.3696497329509345,decrease,2094,forecast,False
2086,Alps South,JJA,40,0.7400570233891984,-0.060231884057970975,0.33352610308834585,decrease,,none,False
2086,Alps South,SON,40,1.1870619691786237,-0.04438356881214016,0.5680669608513922,decrease,,none,False
2087,Alps East,DJF,39,0.1629625477925592,0.09207070707070719,0.011864484832549982,increase,2009,observed,False
2087,Alps East,MAM,40,0.6048121456159005,0.13381223702664824,0.15860607706086882,increase,2036,forecast,False
2087,Alps East,JJA,40,1.2358135754442459,-0.43553929765886373,0.041456909675791964,decrease,2019,observed,False
2087,Alps East,SON,40,1.2516533084249215,-0.010428284758719479,0.8980212621322816,decrease,,none,False
2091,Plateau,DJF,39,0.4731852625374325,0.024515398182064864,0.6808572133380828,increase,,none,False
2091,Plateau,MAM,40,0.7080964712024131,-0.07894836041575173,0.4488598208640493,decrease,2081,forecast,False
2091,Plateau,JJA,40,0.6494850174931099,-0.11373979786422594,0.18798383813865382,decrease,2048,forecast,False
2091,Plateau,SON,40,0.4948454156990782,-0.0535508241758242,0.5216481488445233,decrease,2083,forecast,False
2099,Alps North,DJF,39,0.5492433123492197,0.01966503866503988,0.8655164609304618,increase,,none,False
2099,Alps North,MAM,40,1.159095749312115,-0.050778932225064265,0.5523765052635039,decrease,,none,False
2099,Alps North,JJA,40,1.173297878300333,-0.07088289900080963,0.6163750034803586,decrease,,none,False
2099,Alps North,SON,40,0.9023260090551397,-0.004716117216116977,0.9907040297231748,decrease,,none,False
2102,Alps North,DJF,39,0.5112400555240624,-0.07817338217338225,0.29818612881587514,decrease,2057,forecast,False
2102,Alps North,MAM,40,1.1401529624150883,-0.04799489459815706,0.6834306388633604,decrease,,none,False
2102,Alps North,JJA,40,0.8743695244008503,-0.14853539576365682,0.26835952882925307,decrease,2050,forecast,False
2102,Alps North,SON,40,0.8125885235776922,-0.02224383724383725,0.8612638836213089,decrease,,none,False
2104,Alps North,DJF,39,0.3827253479996288,0.07235316407730187,0.4679538135260932,increase,2044,forecast,False
2104,Alps North,MAM,40,1.2556701402564465,-0.03345760869565146,0.770840345264592,decrease,,none,False
2104,Alps North,JJA,40,1.3670043287216191,-0.2664479813664593,0.14528778909526707,decrease,2042,forecast,False
2104,Alps North,SON,40,0.8908949685183446,0.023489926739926448,0.8980212621322816,increase,,none,False
2105,Alps East,DJF,39,0.13009051255235834,0.018911111111111323,0.3971171572571701,increase,2060,forecast,False
2105,Alps East,MAM,40,0.6980755104598527,0.19557039978462787,0.07093234307299712,increase,2027,forecast,False
2105,Alps East,JJA,40,1.103597373865724,-0.2769312547673538,0.15860607706086882,decrease,2031,forecast,False
2105,Alps East,SON,40,1.1543012607734218,0.018253777472527627,0.8612638836213089,increase,,none,False
2106,Jura,DJF,39,0.7219948127969094,0.0595010603431656,0.4829170444568125,increase,,none,False
2106,Jura,MAM,40,0.7006957777684744,-0.21904198635976196,0.05754887969139322,decrease,2023,forecast,False
2106,Jura,JJA,40,0.43708164779721886,-0.04160854468599033,0.42144237894257297,decrease,2096,forecast,False
2106,Jura,SON,40,0.480600212918529,-0.104689349112426,0.2211942719822526,decrease,2037,forecast,False
2109,Alps North,DJF,39,0.17998043836396385,-0.0074869081535746925,0.8276288084144703,decrease,,none,False
2109,Alps North,MAM,40,0.8920503967332346,0.02199074074074065,0.8612638836213089,increase,,none,False
2109,Alps North,JJA,40,0.859884487404921,-0.19567368659420248,0.14528778909526707,decrease,2035,forecast,False
2109,Alps North,SON,40,0.5074954433920835,-0.04140834440284992,0.6495478982562364,decrease,,none,False
2110,Alps North,DJF,39,0.3725905187292359,0.04457777777777775,0.5452829029299784,increase,2075,forecast,False
2110,Alps North,MAM,40,0.9214425062204171,-0.010777625892936056,0.9535453737590693,decrease,,none,False
2110,Alps North,JJA,40,1.008691182165053,-0.11356222682309475,0.35734719361075706,decrease,2080,forecast,False
2110,Alps North,SON,40,0.7330788141899903,0.04962383770076087,0.632869142286627,increase,,none,False
2112,Alps North,DJF,39,0.7884161755586904,0.05744047619047597,0.6632086746173176,increase,,none,False
2112,Alps North,MAM,40,1.6462228490388053,-0.23923404525807254,0.20409789310190107,decrease,2060,forecast,False
2112,Alps North,JJA,40,1.085128534628773,-0.2973417874396136,0.0785255109265468,decrease,2027,forecast,False
2112,Alps North,SON,40,1.2324662532487862,-0.02149464950372209,0.9164874459935288,decrease,,none,False
2117,Alps West,DJF,39,0.05179044524444427,0.017483622657535676,0.05146326548699576,increase,2021,forecast,False
2117,Alps West,MAM,40,0.1908747470645417,-0.013606937340153445,0.5369017953048782,decrease,,none,False
2117,Alps West,JJA,40,0.26754869222780603,-0.13640160183066363,0.00024247847224345698,decrease,2011,observed,False
2117,Alps West,SON,40,0.08717681442695373,-0.030212880437534808,0.015875547141379176,decrease,2020,observed,False
2119,Alps North,DJF,39,0.5329598886795861,0.10056043956043968,0.2657461083422321,increase,2044,forecast,False
2119,Alps North,MAM,40,1.083983107501706,-0.228051630434783,0.15183576182655356,decrease,2039,forecast,False
2119,Alps North,JJA,40,0.7447056461202403,-0.30569783834586467,0.01002752644631788,decrease,2015,observed,False
2119,Alps North,SON,40,0.6065797490940003,-0.27882478632478624,0.006633762413644773,decrease,2013,observed,False
2122,Jura,DJF,39,0.6375082057394265,0.04244989198835322,0.4981364283916774,increase,,none,False
2122,Jura,MAM,40,0.6885510133961287,-0.17406649616368292,0.06395197805243646,decrease,2031,forecast,False
2122,Jura,JJA,40,0.3730220236327037,-0.08126567725752518,0.14528778909526707,decrease,2037,forecast,False
2122,Jura,SON,40,0.41963544620054805,-0.11116444270015693,0.0867673622125098,decrease,2029,forecast,False
2125,Plateau,DJF,39,0.6574924801610129,-0.01563541666666668,0.9037158067879054,decrease,,none,False
2125,Plateau,MAM,40,0.8859923662925058,-0.06776249779968323,0.5369017953048782,decrease,,none,False
2125,Plateau,JJA,40,0.8717435216458154,-0.04189200561009802,0.6664041829849279,decrease,,none,False
2125,Plateau,SON,40,0.6794082779195518,-0.0063236122851505535,0.9349988039705048,decrease,,none,False
2126,Plateau,DJF,39,0.8558385566755617,-0.053944444444449235,0.5778990721352786,decrease,,none,False
2126,Plateau,MAM,40,0.8945454440129137,-0.1156741718426501,0.33352610308834585,decrease,2068,forecast,False
2126,Plateau,JJA,40,0.5602655708644716,-0.02185869565217391,0.842992183820956,decrease,,none,False
2126,Plateau,SON,40,0.7136290627021574,-0.0914652014652016,0.3950329766408669,decrease,2069,forecast,False
2130,Alps North,DJF,4,,,,none,,none,True
2130,Alps North,MAM,5,,,,none,,none,True
2130,Alps North,JJA,5,,,,none,,none,True
2130,Alps North,SON,5,,,,none,,none,True
2132,Plateau,DJF,39,0.8088956321706008,-0.00769342251950935,0.9421393594576422,decrease,,none,False
2132,Plateau,MAM,40,0.962655306813974,-0.11116847826086948,0.42144237894257297,decrease,2078,forecast,False
2132,Plateau,JJA,40,0.5837971895931938,-0.02561927917620131,0.8248046168337546,decrease,,none,False
2132,Plateau,SON,40,0.6920335339362977,-0.07831083202511788,0.47726203508105103,decrease,2079,forecast,False
2135,Alps North,DJF,39,0.30247972502701015,0.0030370370370369493,0.9806980673807666,increase,,none,False
2135,Alps North,MAM,40,0.8745747012310621,-0.0038593350383634576,0.9907040297231748,decrease,,none,False
2135,Alps North,JJA,40,0.7536871248869732,-0.11627100470035262,0.23011737495822127,decrease,2056,forecast,False
2135,Alps North,SON,40,0.463216023577006,-0.042085137085137114,0.5680669608513922,decrease,,none,False
2139,Plateau,DJF,39,1.257654357195718,0.08405612083389902,0.6457450970456375,increase,,none,False
2139,Plateau,MAM,40,1.6103984869474963,-0.35613265810276684,0.04633520099984567,decrease,2036,forecast,False
2139,Plateau,JJA,40,1.1126205600550787,-0.4465925343249427,0.01002752644631788,decrease,2016,observed,False
2139,Plateau,SON,40,1.345553178635293,-0.09049827623357096,0.6834306388633604,decrease,,none,False
2141,Alps East,DJF,39,0.10610598014817747,0.0696888888888888,0.001291922272390611,increase,2007,observed,False
2141,Alps East,MAM,40,0.5505905276980111,0.08034255599472973,0.2125219354050587,increase,2060,forecast,False
2141,Alps East,JJA,40,0.9377559167510992,-0.1271314538043468,0.4081104204610595,decrease,2065,forecast,False
2141,Alps East,SON,40,0.49695972828104357,0.07889907460960097,0.24872473553918217,increase,2054,forecast,False
2143,Alps East,DJF,39,0.4396264623871785,0.04168269230769239,0.43881262153485934,increase,2097,forecast,False
2143,Alps East,MAM,40,0.6387967522927116,-0.038172798216276484,0.5839675342063331,decrease,,none,False
2143,Alps East,JJA,40,0.7470409477885398,-0.1279474592728449,0.23011737495822127,decrease,2049,forecast,False
2143,Alps East,SON,40,0.5435050476190638,-0.018610675039246422,0.8248046168337546,decrease,,none,False
2150,Alps East,DJF,39,0.21801948130362084,0.005831043956043974,0.8845825962766167,increase,,none,False
2150,Alps East,MAM,40,1.247832064318085,-0.07660628019323736,0.6163750034803586,decrease,,none,False
2150,Alps East,JJA,40,1.6204047630055727,-0.44688078363689737,0.02041912985816552,decrease,2027,forecast,False
2150,Alps East,SON,40,0.6706338339817751,0.0012927786499216797,1.0,increase,,none,False
2151,Alps North,DJF,39,0.41805912539549706,0.011282832722832837,0.9037158067879054,increase,,none,False
2151,Alps North,MAM,40,1.1464609144863855,-0.13550376254180593,0.35734719361075706,decrease,2076,forecast,False
2151,Alps North,JJA,40,0.7152742739620034,-0.15456702898550767,0.10534105856467724,decrease,2037,forecast,False
2151,Alps North,SON,40,0.7582444123964704,-0.12770953826874862,0.08256310085481289,decrease,2050,forecast,False
2152,Alps North,DJF,39,0.3345195189093736,0.04130904897571557,0.5614764462408652,increase,2072,forecast,False
2152,Alps North,MAM,40,0.9482919958263691,0.015691504576659767,0.8796101413969479,increase,,none,False
2152,Alps North,JJA,40,1.105446667141955,-0.19822935537439668,0.23929351176558455,decrease,2047,forecast,False
2152,Alps North,SON,40,0.7962021851507574,0.05408424908424894,0.600072292463655,increase,,none,False
2155,Alps North,DJF,39,0.46620890239147383,-0.053758620689655166,0.2657461083422321,decrease,2078,forecast,False
2155,Alps North,MAM,40,0.7730637728792839,-0.07990558774666734,0.25841287570987026,decrease,2088,forecast,False
2155,Alps North,JJA,40,0.384331162928872,-0.01377538222646918,0.8612638836213089,decrease,,none,False
2155,Alps North,SON,40,0.3038425957171875,-0.07288049450549457,0.11044599236405395,decrease,2033,forecast,False
2157,Plateau,DJF,39,0.5560411031167624,0.06979853479853489,0.4107427047210992,increase,2071,forecast,False
2157,Plateau,MAM,40,0.5320561396717228,0.22675911125319614,0.011462469375363327,increase,2014,observed,False
2157,Plateau,JJA,40,0.5700543359495119,0.2900868741765478,0.004637351100469811,increase,2011,observed,False
2157,Plateau,SON,40,0.42353885143468545,0.1772090909090905,0.026057912231692626,increase,2015,observed,False
2159,Plateau,DJF,39,0.5204566869828524,-0.00964218849933146,0.7715676600867172,decrease,,none,False
2159,Plateau,MAM,40,0.7821942656810718,-0.06392853392144494,0.5066205695044608,decrease,,none,False
2159,Plateau,JJA,40,0.5574433649262132,-0.08426781400966163,0.35734719361075706,decrease,2057,forecast,False
2159,Plateau,SON,40,0.5180069849262977,-0.12385287267080743,0.13895829457075304,decrease,2033,forecast,False
2160,Alps North,DJF,39,0.6459381085808348,0.0038927203065133387,0.961407429045934,increase,,none,False
2160,Alps North,MAM,40,1.318840071273127,-0.21024587706146944,0.2997628531295813,decrease,2054,forecast,False
2160,Alps North,JJA,40,0.7616877443573902,-0.2672397891963108,0.026057912231692626,decrease,2020,observed,False
2160,Alps North,SON,40,0.7698207090710788,-0.21523156843156852,0.03918554717058398,decrease,2027,forecast,False
2161,Alps West,DJF,39,0.03571045753331345,0.019910052910052906,0.010331357016337916,increase,2009,observed,False
2161,Alps West,MAM,40,0.44365518103547485,0.3891930208538266,0.0001390295902681249,increase,2002,observed,False
2161,Alps West,JJA,40,1.994809760944882,1.2527388586956503,0.0003800464851071439,increase,2007,observed,False
2161,Alps West,SON,40,1.3746285102086004,0.043055203343664826,0.8067106222830902,increase,,none,False
2167,Alps South,DJF,39,0.7980264959313534,0.2226631944444446,0.13361124376778633,increase,2027,forecast,False
2167,Alps South,MAM,40,1.9407020382080866,-0.3202559457450762,0.23929351176558455,decrease,2052,forecast,False
2167,Alps South,JJA,40,1.0812664636721518,0.00404462242562856,0.9535453737590693,increase,,none,False
2167,Alps South,SON,40,2.2779366077387055,0.06342273917986062,0.8980212621322816,increase,,none,False
2170,Alps North,DJF,39,0.6415301485392519,-0.04485185185185166,0.6632086746173176,decrease,,none,False
2170,Alps North,MAM,40,1.0614089134323954,-0.1276990165631467,0.3950329766408669,decrease,2074,forecast,False
2170,Alps North,JJA,40,0.8056316123967715,-0.31681989734299504,0.004004519102657644,decrease,2016,observed,False
2170,Alps North,SON,40,0.7889395876784485,-0.351632071632074,0.007115517607196864,decrease,2013,observed,False
2174,Alps West,DJF,39,0.4235814221132176,-0.02949848981427916,0.7348263750767032,decrease,,none,False
2174,Alps West,MAM,40,0.6974369235033762,-0.14494894598155425,0.14528778909526707,decrease,2039,forecast,False
2174,Alps West,JJA,40,0.641994805666369,-0.20106222129319967,0.027662092362924717,decrease,2023,forecast,False
2174,Alps West,SON,40,0.5453193333390034,-0.22309120879120853,0.002750610106765361,decrease,2015,observed,False
2176,Alps North,DJF,39,0.3378696695098079,-0.012222222222222356,0.8276288084144703,decrease,,none,False
2176,Alps North,MAM,40,0.7236714681586739,-0.08972698957538813,0.20409789310190107,decrease,2072,forecast,False
2176,Alps North,JJA,40,0.4658309692476983,0.05255084151472661,0.5523765052635039,increase,2080,forecast,False
2176,Alps North,SON,40,0.42423497053875087,-0.009469780219780233,0.8796101413969479,decrease,,none,False
2179,Alps North,DJF,39,0.4950165965900274,-0.002086419753086519,0.9806980673807666,decrease,,none,False
2179,Alps North,MAM,40,0.8830629853151172,-0.15714414162404086,0.12124053189066752,decrease,2047,forecast,False
2179,Alps North,JJA,40,0.6244669661560891,-0.17730774456521742,0.19591947802979215,decrease,2026,forecast,False
2179,Alps North,SON,40,0.5475488598842818,-0.12962859720924252,0.07093234307299712,decrease,2033,forecast,False
2181,Alps North,DJF,39,0.8358743351971275,0.044004884004883824,0.8465282828044682,increase,,none,False
2181,Alps North,MAM,40,1.3110876477514546,-0.164084733201581,0.27856604965694465,decrease,2071,forecast,False
2181,Alps North,JJA,40,0.8328376557559117,-0.01814130434782631,0.8796101413969479,decrease,,none,False
2181,Alps North,SON,40,0.9857483241127498,-0.043164456233421855,0.7530821359358961,decrease,,none,False
2185,Alps East,DJF,39,0.11532667479266188,0.0963866666666667,0.0001456226035256858,increase,2003,observed,False
2185,Alps East,MAM,40,0.8396804544317286,-0.030012884182908442,0.8248046168337546,decrease,,none,False
2185,Alps East,JJA,40,1.0011765755950608,-0.2290346790890272,0.0867673622125098,decrease,2035,forecast,False
2185,Alps East,SON,40,0.5523950495294033,0.09128424207371591,0.28903354254194413,increase,2052,forecast,False
2187,Alps North,DJF,39,0.6556274259075505,0.03706481481481524,0.7901381702817245,increase,,none,False
2187,Alps North,MAM,40,1.13903438576623,-0.10967779503105583,0.26835952882925307,decrease,2095,forecast,False
2187,Alps North,JJA,40,1.067717561369442,-0.14353361513687635,0.34530569744810213,decrease,2065,forecast,False
2187,Alps North,SON,40,0.7773291133041867,0.022471042471042653,0.842992183820956,increase,,none,False
2199,Plateau,DJF,39,1.1006340444771938,-0.014468864468864345,0.961407429045934,decrease,,none,False
2199,Plateau,MAM,40,1.1466869680765883,-0.23298007246376734,0.12124053189066752,decrease,2040,forecast,False
2199,Plateau,JJA,40,0.5586903161747233,-0.1063634910485933,0.1269387713465171,decrease,2044,forecast,False
2199,Plateau,SON,40,0.7493267440976685,-0.14275035115260676,0.17282861084833234,decrease,2043,forecast,False
2200,Alps North,DJF,39,0.15856098594589008,-0.006810549450549441,0.7348263750767032,decrease,,none,False
2200,Alps North,MAM,40,0.8942526547544485,-0.017688296003513373,0.8067106222830902,decrease,,none,False
2200,Alps North,JJA,40,0.8842832954492704,-0.5089956521739145,0.00045325488725067586,decrease,2008,observed,False
2200,Alps North,SON,40,0.5316093849679351,-0.18525077486615946,0.005757261374496947,decrease,2020,observed,False
2202,Jura,DJF,39,0.7075375662515621,0.04484253968253968,0.5452829029299784,increase,,none,False
2202,Jura,MAM,40,0.6940271863314571,-0.1391629023150764,0.10042517436963738,decrease,2041,forecast,False
2202,Jura,JJA,40,0.37834632308609656,-0.06009685990338165,0.23929351176558455,decrease,2054,forecast,False
2202,Jura,SON,40,0.44937683528196626,-0.10833302551789945,0.17282861084833234,decrease,2032,forecast,False
2203,Alps North,DJF,39,0.4603077020828001,-0.03353497942386843,0.6457450970456375,decrease,,none,False
2203,Alps North,MAM,40,1.3248174343589798,-0.22634178743961347,0.15183576182655356,decrease,2050,forecast,False
2203,Alps North,JJA,40,0.872858763830963,-0.4098233695652177,0.004986581259740941,decrease,2012,observed,False
2203,Alps North,SON,40,0.6523914455118094,-0.23482651742598684,0.012246093844698658,decrease,2019,observed,False
2205,Alps North,DJF,39,0.48422038376732196,-0.0089040404040404,0.9037158067879054,decrease,,none,False
2205,Alps North,MAM,40,0.7997787819726435,-0.11119184782608688,0.34530569744810213,decrease,2063,forecast,False
2205,Alps North,JJA,40,0.6493645533863543,-0.11228623188405729,0.24872473553918217,decrease,2049,forecast,False
2205,Alps North,SON,40,0.510000101390593,-0.07584615384615434,0.26835952882925307,decrease,2058,forecast,False
2206,Alps South,DJF,34,0.6667443195057597,0.2844682539682538,0.14628055684434438,increase,2016,observed,False
2206,Alps South,MAM,36,2.763129173717236,-0.4347147723692501,0.1689113395241173,decrease,2055,forecast,False
2206,Alps South,JJA,36,1.4099708315275679,-0.4806406505393917,0.03033242408326875,decrease,2021,forecast,False
2206,Alps South,SON,35,3.4052788426123666,-0.32546813186813245,0.495448439184329,decrease,2097,forecast,False
2210,Jura,DJF,39,1.0863645336530063,0.030183006535947177,0.9037158067879054,increase,,none,False
2210,Jura,MAM,40,1.1574976568768476,-0.2587234233158143,0.13895829457075304,decrease,2036,forecast,False
2210,Jura,JJA,40,0.5407027224432582,-0.08177442528735607,0.28903354254194413,decrease,2057,forecast,False
2210,Jura,SON,40,0.7660864848253155,-0.2056563317634745,0.034958631617794333,decrease,2028,forecast,False
2215,Alps North,DJF,39,0.4878089669860494,0.089377777777778,0.2358223797536274,increase,2046,forecast,False
2215,Alps North,MAM,40,0.9588904367780423,-0.16143780193236715,0.23929351176558455,decrease,2050,forecast,False
2215,Alps North,JJA,40,0.6456039617780849,-0.2700475543478265,0.007628452120383988,decrease,2015,observed,False
2215,Alps North,SON,40,0.5359132090296053,-0.23554845606881827,0.008174287438533767,decrease,2014,observed,False
2219,Alps North,DJF,39,0.10705053344017353,0.03462075702075751,0.2263989227367953,increase,2022,forecast,False
2219,Alps North,MAM,40,0.6988967044352175,0.3278321256038644,0.0023585647255830455,increase,2012,observed,False
2219,Alps North,JJA,40,1.684934905242891,0.6232720302795045,0.026057912231692626,increase,2018,observed,False
2219,Alps North,SON,40,0.7750305679504853,0.1271592442645073,0.25841287570987026,increase,2052,forecast,False
2232,Alps North,DJF,39,0.3643055327116365,0.2366208791208796,0.0007711975852116026,increase,2007,observed,False
2232,Alps North,MAM,40,1.4709078768242247,0.06761645962732993,0.7887194899032053,increase,,none,False
2232,Alps North,JJA,40,1.4207557532675117,-0.2784156427221187,0.11574436842983582,decrease,2042,forecast,False
2232,Alps North,SON,40,0.8378686467391776,0.000976733888821617,0.9907040297231748,increase,,none,False
2239,Alps East,DJF,39,0.018696068596296415,0.009725681725681744,0.0008416025845414676,increase,2011,observed,False
2239,Alps East,MAM,40,0.02056872805156074,-0.004257246376811656,0.13895829457075304,decrease,2039,forecast,False
2239,Alps East,JJA,40,0.045946304365804484,-0.05938072082379865,1.0121840965382489e-07,decrease,1999,observed,False
2239,Alps East,SON,40,0.032756782174793296,-0.01594405594405595,0.0008984192256535906,decrease,2012,observed,False
2243,Alps North,DJF,39,0.5781120321596588,0.0175593542260202,0.8845825962766167,increase,,none,False
2243,Alps North,MAM,40,1.1211348639697865,-0.059057879519835974,0.6664041829849279,decrease,,none,False
2243,Alps North,JJA,40,1.0744048875699552,-0.10781538208168667,0.47726203508105103,decrease,2091,forecast,False
2243,Alps North,SON,40,0.8647088785073049,-0.005197498354180094,0.9721171358417333,decrease,,none,False
2244,Alps South,DJF,37,0.23098736582942841,0.04099220272904487,0.42497974024989427,increase,2047,forecast,False
2244,Alps South,MAM,39,1.016710285427555,0.4293628185907045,0.011074372816169742,increase,2014,observed,False
2244,Alps South,JJA,39,2.101890535806666,-0.4087302371541504,0.2657461083422321,decrease,2042,forecast,False
2244,Alps South,SON,38,1.1481409219204115,-0.09516816516816516,0.5296140782563044,decrease,,none,False
2247,Jura,DJF,39,1.0172522415283063,-0.04115740740740763,0.8276288084144703,decrease,,none,False
2247,Jura,MAM,40,1.1261371241588658,-0.21860016606280197,0.11574436842983582,decrease,2043,forecast,False
2247,Jura,JJA,40,0.4546900536370542,-0.06651453213610588,0.27856604965694465,decrease,2059,forecast,False
2247,Jura,SON,40,0.7025902518630854,-0.22916583416583403,0.013076818428179315,decrease,2022,forecast,False
2251,Alps North,DJF,38,0.9038784928321187,0.15476072898295165,0.3788412517838009,increase,2050,forecast,False
2251,Alps North,MAM,39,2.350666238278858,-0.26233695652173983,0.3453965562420982,decrease,2081,forecast,False
2251,Alps North,JJA,38,1.2978747251365415,-0.12403010033444853,0.6690554101034223,decrease,2096,forecast,False
2251,Alps North,SON,38,1.3423955825724008,-0.34701923076923047,0.13139372811216532,decrease,2030,forecast,False
2252,Alps North,DJF,38,0.6662324297471417,-0.024750997150997083,0.8405809140670599,decrease,,none,False
2252,Alps North,MAM,39,1.448324861114753,-0.24860586011342156,0.2657461083422321,decrease,2049,forecast,False
2252,Alps North,JJA,38,0.7483657705070267,-0.13911835748792278,0.33934271674572325,decrease,2045,forecast,False
2252,Alps North,SON,38,0.8045078447618953,-0.31282755705832643,0.01032743991277063,decrease,2017,observed,False
2256,Alps East,DJF,39,0.10000790265354399,0.04588888888888885,0.016612173242996686,increase,2013,observed,False
2256,Alps East,MAM,40,0.4687485386597932,0.147549919484702,0.041456909675791964,increase,2023,forecast,False
2256,Alps East,JJA,40,1.418698779282525,-0.242067842890147,0.15860607706086882,decrease,2050,forecast,False
2256,Alps East,SON,40,1.024060329902599,-0.16634340659340668,0.20409789310190107,decrease,2053,forecast,False
2262,Alps East,DJF,39,0.07504961784673723,0.049006944444444506,0.0010006307371452916,increase,2007,observed,False
2262,Alps East,MAM,40,0.7008313061816942,0.2918680006587617,0.00535942451005833,increase,2015,observed,False
2262,Alps East,JJA,40,1.2849114889232622,-0.13358152173913052,0.49182374314403665,decrease,2087,forecast,False
2262,Alps East,SON,40,1.074860876949455,0.09380402930402938,0.4629394880460813,increase,,none,False
2263,Alps East,DJF,39,0.1721024673448857,0.04418502238502242,0.027691398345963902,increase,2030,forecast,False
2263,Alps East,MAM,40,0.4404467071780986,0.14016173510466984,0.06736779165897167,increase,2022,forecast,False
2263,Alps East,JJA,40,0.9876779359717727,-0.11905189340813493,0.4629394880460813,decrease,2074,forecast,False
2263,Alps East,SON,40,0.6950960783156935,0.029835164835164806,0.770840345264592,increase,,none,False
2265,Alps East,DJF,39,0.036099608190626756,0.006840659340659264,0.2554939683022921,increase,2044,forecast,False
2265,Alps East,MAM,40,0.26130733173956494,0.025247949514253805,0.5369017953048782,increase,2094,forecast,False
2265,Alps East,JJA,40,0.6338499868643169,-0.20618885869565207,0.03918554717058398,decrease,2022,forecast,False
2265,Alps East,SON,40,0.2299252641840292,-0.011802394034536886,0.632869142286627,decrease,,none,False
2268,Alps West,DJF,39,0.16381329786177085,-0.06567361111111121,0.04726842777123719,decrease,2016,observed,False
2268,Alps West,MAM,40,0.559188839064224,0.14691304347826112,0.12124053189066752,increase,2029,forecast,False
2268,Alps West,JJA,40,2.194337182102926,0.119620111819091,0.7179633437775998,increase,,none,False
2268,Alps West,SON,40,1.4961339365542243,-0.4300102838338131,0.03702074766590524,decrease,2026,forecast,False
2269,Alps West,DJF,39,0.08444103980098518,-0.005865384615384578,0.7166749729859458,decrease,,none,False
2269,Alps West,MAM,40,0.6142015743153761,0.1922394598155467,0.11574436842983582,increase,2023,forecast,False
2269,Alps West,JJA,40,1.4711070920379474,-0.4212382060436049,0.041456909675791964,decrease,2026,forecast,False
2269,Alps West,SON,40,0.8932652782315895,-0.2819963369963367,0.013076818428179315,decrease,2023,forecast,False
2270,Jura,DJF,35,1.0901582972656443,-0.0959944182801323,0.5699960728963258,decrease,,none,False
2270,Jura,MAM,36,1.2432805038329606,-0.33812165551839457,0.1449961562134987,decrease,2028,forecast,False
2270,Jura,JJA,36,0.5805140377684697,0.0464878701953372,0.6142802922561135,increase,,none,False
2270,Jura,SON,36,0.7930431973106681,-0.14269520365674215,0.294266104304963,decrease,2047,forecast,False
2276,Alps North,DJF,39,0.2644642212714531,0.011507936507936467,0.7901381702817245,increase,,none,False
2276,Alps North,MAM,40,0.981942290761806,-0.050827294685990135,0.770840345264592,decrease,,none,False
2276,Alps North,JJA,40,0.8834043726678552,-0.02907994389901806,0.842992183820956,decrease,,none,False
2276,Alps North,SON,40,0.6776574818673182,0.0852688383045526,0.3220089692456942,increase,2070,forecast,False
2282,Alps North,DJF,39,0.9446479887072112,-0.050460905349794305,0.5614764462408652,decrease,,none,False
2282,Alps North,MAM,40,1.3766746829420302,-0.2955604100538864,0.11044599236405395,decrease,2038,forecast,False
2282,Alps North,JJA,40,0.7104811214027797,-0.06853617698726373,0.47726203508105103,decrease,2095,forecast,False
2282,Alps North,SON,40,0.6835662183376703,-0.0770024420024418,0.4488598208640493,decrease,2080,forecast,False
2283,Alps North,DJF,39,1.1658732749544045,-0.0483068783068782,0.7715676600867172,decrease,,none,False
2283,Alps North,MAM,40,1.7767344823211189,-0.4244338768115945,0.07465008977427945,decrease,2033,forecast,False
2283,Alps North,JJA,40,0.9621431656538812,-0.18591231884057954,0.26835952882925307,decrease,2043,forecast,False
2283,Alps North,SON,40,0.8959822750052031,-0.1748967032967032,0.23929351176558455,decrease,2042,forecast,False
2288,Alps East,DJF,39,0.3941940907031004,0.016912698412698584,0.7166749729859458,increase,,none,False
2288,Alps East,MAM,40,0.5898248405734359,-0.03752588672768886,0.632869142286627,decrease,,none,False
2288,Alps East,JJA,40,0.8198792640829722,-0.18394050343249435,0.12124053189066752,decrease,2036,forecast,False
2288,Alps East,SON,40,0.55338002712186,-0.03380304311073556,0.6495478982562364,decrease,,none,False
2289,Plateau,DJF,39,0.4827023735007255,0.02062499999999995,0.7348263750767032,increase,,none,False
2289,Plateau,MAM,40,0.7169581781884379,-0.08607563405797103,0.3822121517615815,decrease,2074,forecast,False
2289,Plateau,JJA,40,0.6465852861067868,-0.1315018978605934,0.17282861084833234,decrease,2040,forecast,False
2289,Plateau,SON,40,0.48803398313796614,-0.05396895839203545,0.47726203508105103,decrease,2081,forecast,False
2290,Jura,DJF,39,1.5345431912168934,0.04174999999999984,0.7715676600867172,increase,,none,False
2290,Jura,MAM,40,1.895313389280174,-0.4601366243961353,0.1328433096626911,decrease,2032,forecast,False
2290,Jura,JJA,40,0.9536530346136551,-0.04132065217391319,0.632869142286627,decrease,,none,False
2290,Jura,SON,40,1.3292851532205447,-0.3575281769512537,0.027662092362924717,decrease,2028,forecast,False
2299,Alps North,DJF,39,0.2508106884931145,0.03269135802469125,0.43881262153485934,increase,2068,forecast,False
2299,Alps North,MAM,40,1.2406206004004745,0.15886191626409052,0.2125219354050587,increase,2069,forecast,False
2299,Alps North,JJA,40,1.5728829736320253,-0.979605978260877,2.5990324690416955e-05,decrease,2007,observed,False
2299,Alps North,SON,40,1.0529578846996883,-0.25402181152181136,0.03918554717058398,decrease,2032,forecast,False
2300,Alps North,DJF,39,0.5987613121216926,0.16149629629629647,0.2455200156805981,increase,2029,forecast,False
2300,Alps North,MAM,40,2.1351482412888267,-0.1511771380793116,0.632869142286627,decrease,,none,False
2300,Alps North,JJA,40,1.3590969771485388,-0.20595690993788823,0.3822121517615815,decrease,2057,forecast,False
2300,Alps North,SON,40,1.4524004666339683,0.192096075353218,0.28903354254194413,increase,2067,forecast,False
2303,Alps North,DJF,39,0.9561815909348954,-0.04208187134502912,0.8465282828044682,decrease,,none,False
2303,Alps North,MAM,40,1.757417063469694,-0.19307608695652165,0.23011737495822127,decrease,2082,forecast,False
2303,Alps North,JJA,40,1.0562496921329838,-0.11508152173913197,0.3822121517615815,decrease,2083,forecast,False
2303,Alps North,SON,40,1.2608114591871962,-0.08587246087246087,0.5680669608513922,decrease,,none,False
2304,Alps East,DJF,39,0.17619993320478003,0.05887032967032968,0.0260259359532502,increase,2021,forecast,False
2304,Alps East,MAM,40,0.46609307662380617,0.09545094487070191,0.16560248483061546,increase,2040,forecast,False
2304,Alps East,JJA,40,0.6279133990934694,-0.22337962962962982,0.014889064489253423,decrease,2019,observed,False
2304,Alps East,SON,40,0.4590312686993899,0.027601364153088205,0.5680669608513922,increase,,none,False
2305,Alps North,DJF,38,1.0319622184302872,0.03993055555555569,0.7437665722846407,increase,,none,False
2305,Alps North,MAM,39,1.1662362871739622,-0.09695652173913052,0.5614764462408652,decrease,,none,False
2305,Alps North,JJA,40,0.7911800300810957,0.13911911231884067,0.33352610308834585,increase,2048,forecast,False
2305,Alps North,SON,40,0.8349789307884824,0.0014516642777511596,0.9721171358417333,increase,,none,False
2307,Jura,DJF,39,1.0166712987792392,0.06852910052910052,0.7166749729859458,increase,,none,False
2307,Jura,MAM,40,1.287914352505342,-0.38097437888198776,0.07093234307299712,decrease,2025,forecast,False
2307,Jura,JJA,40,0.7281387624256561,-0.11653978346794991,0.15183576182655356,decrease,2053,forecast,False
2307,Jura,SON,40,0.8043156251641002,-0.24766849816849845,0.05168804975531471,decrease,2023,forecast,False
2308,Plateau,DJF,39,0.7228385487162043,0.05085982905982913,0.6284746536839203,increase,,none,False
2308,Plateau,MAM,40,0.9127794936086561,-0.08114604899930986,0.4629394880460813,decrease,,none,False
2308,Plateau,JJA,40,0.7133092578176301,-0.030918629227053393,0.842992183820956,decrease,,none,False
2308,Plateau,SON,40,0.7298577878261602,-0.016590659340659248,0.9349988039705048,decrease,,none,False
2309,Plateau,DJF,39,3.334219341114796,3.1480694444444444,0.00020421871491760335,increase,2002,observed,False
2309,Plateau,MAM,40,4.215283172995323,3.1001125776397522,0.0006407460687658517,increase,2005,observed,False
2309,Plateau,JJA,40,4.581753115154141,1.0009823369565216,0.3696497329509345,increase,2037,forecast,False
2309,Plateau,SON,40,3.2522438369449564,1.4652768284347224,0.11574436842983582,increase,2013,observed,False
2312,Plateau,DJF,39,0.599878805712319,-0.0006300366300382443,1.0,decrease,,none,False
2312,Plateau,MAM,40,0.652741937624288,-0.08805978260869357,0.23011737495822127,decrease,2065,forecast,False
2312,Plateau,JJA,40,0.4767911093009115,0.03392860460795237,0.6834306388633604,increase,,none,False
2312,Plateau,SON,40,0.5925868566482521,-0.048415455512229574,0.5066205695044608,decrease,,none,False
2319,Alps East,DJF,39,0.11015909532375061,0.07442857142857137,0.0023005437365022363,increase,2006,observed,False
2319,Alps East,MAM,40,0.6179785865502107,0.04689311594202894,0.5839675342063331,increase,,none,False
2319,Alps East,JJA,40,0.8895122731017738,-0.39701186860613846,0.01002752644631788,decrease,2013,observed,False
2319,Alps East,SON,40,0.6277141689237372,0.0007551892551892233,0.9907040297231748,increase,,none,False
2321,Alps South,DJF,39,0.6749464457050508,0.16216888888888903,0.12152609711609252,increase,2033,forecast,False
2321,Alps South,MAM,40,1.639395304791126,-0.36867730095990925,0.07465008977427945,decrease,2035,forecast,False
2321,Alps South,JJA,40,1.0879876020717953,-0.08912789855072462,0.5839675342063331,decrease,,none,False
2321,Alps South,SON,40,1.854562648876937,0.05289056776556762,0.8248046168337546,increase,,none,False
2327,Alps East,DJF,39,0.11982275044109289,0.04050148264433982,0.03530386033195576,increase,2021,forecast,False
2327,Alps East,MAM,40,0.6820938278352286,0.12724331827592691,0.2125219354050587,increase,2045,forecast,False
2327,Alps East,JJA,40,1.409248322453889,-0.25794642857142847,0.2125219354050587,decrease,2046,forecast,False
2327,Alps East,SON,40,0.6204387279227769,0.04444763569763557,0.6495478982562364,increase,,none,False
2342,Alps West,DJF,39,0.33193333263786895,0.056999999999999995,0.1274572747761462,increase,2050,forecast,False
2342,Alps West,MAM,40,0.7215511281681398,0.07103975972540058,0.42144237894257297,increase,2093,forecast,False
2342,Alps West,JJA,40,1.4758850048127161,-0.3815934924694514,0.15860607706086882,decrease,2030,forecast,False
2342,Alps West,SON,40,1.157398076406068,-0.15355285190999474,0.0785255109265468,decrease,2066,forecast,False
2343,Plateau,DJF,39,0.5214123409706433,-0.07700549450549456,0.19139541400462035,decrease,2059,forecast,False
2343,Plateau,MAM,40,0.6717261468490376,-0.19278522392938854,0.02041912985816552,decrease,2026,forecast,False
2343,Plateau,JJA,40,0.44122751753302464,-0.13766796066252573,0.0785255109265468,decrease,2023,forecast,False
2343,Plateau,SON,40,0.32675679106412675,-0.08671336996337008,0.2125219354050587,decrease,2029,forecast,False
2346,Alps West,DJF,39,0.14302445668116134,-0.005888888888888902,0.7715676600867172,decrease,,none,False
2346,Alps West,MAM,40,0.5297559835744627,0.09575747282608696,0.27856604965694465,increase,2046,forecast,False
2346,Alps West,JJA,40,1.1865808953815338,-0.1577320831342579,0.49182374314403665,decrease,2066,forecast,False
2346,Alps West,SON,40,0.7720106427601173,-0.15352687376725874,0.09569390835163927,decrease,2041,forecast,False
2347,Alps South,DJF,39,0.7786431453002689,0.027427350427350252,0.7166749729859458,increase,,none,False
2347,Alps South,MAM,40,3.2624343889107554,-0.0861484359630145,0.8248046168337546,decrease,,none,False
2347,Alps South,JJA,40,2.5601411046906493,-0.4226102053140099,0.20409789310190107,decrease,2052,forecast,False
2347,Alps South,SON,40,3.5967808820122738,-0.09157654845154856,0.8980212621322816,decrease,,none,False
2349,Alps South,DJF,39,0.7699141900733295,0.11488233036804463,0.3706969845683532,increase,2059,forecast,False
2349,Alps South,MAM,40,1.7040193046999041,-0.40452269260106777,0.091142798844293,decrease,2033,forecast,False
2349,Alps South,JJA,40,0.9864663899775911,-0.12382763975155286,0.20409789310190107,decrease,2071,forecast,False
2349,Alps South,SON,40,1.9725258323607635,0.13615282865282868,0.5369017953048782,increase,,none,False
2351,Alps West,DJF,39,0.10553464576071095,0.023228021978022317,0.383767900437737,increase,2037,forecast,False
2351,Alps West,MAM,40,0.19444952260290066,-0.05042248964803312,0.15183576182655356,decrease,2030,forecast,False
2351,Alps West,JJA,40,0.5870305989710168,-0.10169195022054187,0.13895829457075304,decrease,2049,forecast,False
2351,Alps West,SON,40,0.35059324745051085,-0.16663408020550863,0.0006977771260721077,decrease,2012,observed,False
2352,Alps North,DJF,39,0.21294825994984082,0.12496187762854419,0.0010901833379530768,increase,2009,observed,False
2352,Alps North,MAM,40,0.6290462995217353,0.114727536231884,0.091142798844293,increase,2046,forecast,False
2352,Alps North,JJA,40,1.3065649092490585,0.15433514492753705,0.18028794638930257,increase,2076,forecast,False
2352,Alps North,SON,40,0.6743676031895838,0.23620339338081253,0.005757261374496947,increase,2020,observed,False
2355,Alps East,DJF,39,0.10328297323860372,0.063869258946182,0.0018024224861932225,increase,2008,observed,False
2355,Alps East,MAM,40,0.5605891659211492,0.05610855629877372,0.4081104204610595,increase,2091,forecast,False
2355,Alps East,JJA,40,1.0434164500952139,-0.32970014992503527,0.043838787162109094,decrease,2023,forecast,False
2355,Alps East,SON,40,0.48782095663688135,0.07725563909774437,0.27856604965694465,increase,2054,forecast,False
2356,Alps South,DJF,39,0.27146998814472567,0.08395424836601317,0.11031315574785938,increase,2024,forecast,False
2356,Alps South,MAM,40,1.6986378171993533,0.44646368577075146,0.054552842674162605,increase,2029,forecast,False
2356,Alps South,JJA,40,1.9535592773029757,-0.13666095317725796,0.770840345264592,decrease,,none,False
2356,Alps South,SON,40,3.411264905456536,0.1791798826173828,0.600072292463655,increase,,none,False
2364,Alps South,DJF,39,0.2175263153653733,0.016722973607589037,0.4981364283916774,increase,,none,False
2364,Alps South,MAM,40,0.2866101090089163,0.027076619033140667,0.5523765052635039,increase,2097,forecast,False
2364,Alps South,JJA,40,0.7925467763579928,-0.10138879598662223,0.25841287570987026,decrease,2069,forecast,False
2364,Alps South,SON,40,1.3016828505585591,0.004612768184196771,0.9535453737590693,increase,,none,False
2366,Alps South,DJF,39,0.1781164683858202,0.03778305681246864,0.32122506421997343,increase,2039,forecast,False
2366,Alps South,MAM,40,0.9504166557152143,0.26446312111801296,0.05754887969139322,increase,2027,forecast,False
2366,Alps South,JJA,40,1.54379351958659,-0.43089096533604493,0.1269387713465171,decrease,2027,forecast,False
2366,Alps South,SON,40,1.352041160197637,0.010341658341658462,0.9535453737590693,increase,,none,False
2368,Alps South,DJF,35,0.21187181724310408,0.10088609802895514,0.028741024894388456,increase,2015,observed,False
2368,Alps South,MAM,36,1.8650889731146891,0.013164516642777783,0.9891324349096959,increase,,none,False
2368,Alps South,JJA,36,1.3394953297882897,-0.08401427376970849,0.6142802922561135,decrease,,none,False
2368,Alps South,SON,36,3.466290506858897,0.13857020757020774,0.5045014597713458,increase,,none,False
2369,Plateau,DJF,39,0.6249596304257904,-0.06993333333333329,0.4829170444568125,decrease,2081,forecast,False
2369,Plateau,MAM,40,0.6066709394565379,-0.12547254376058722,0.11044599236405395,decrease,2039,forecast,False
2369,Plateau,JJA,40,0.3968077147407466,-0.0567890189520624,0.2211942719822526,decrease,2061,forecast,False
2369,Plateau,SON,40,0.5018203995993286,-0.15922905219780215,0.07465008977427945,decrease,2023,forecast,False
2370,Jura,DJF,39,1.1523351973048561,-0.005963884069147303,0.9806980673807666,decrease,,none,False
2370,Jura,MAM,40,1.1862751559318692,-0.2735677300238768,0.11044599236405395,decrease,2034,forecast,False
2370,Jura,JJA,40,0.5505444773566497,-0.08973319397993312,0.2997628531295813,decrease,2052,forecast,False
2370,Jura,SON,40,0.8663297995724342,-0.24296626984126976,0.016919053992785038,decrease,2027,forecast,False
2371,Jura,DJF,39,0.7371723993027807,0.008616082330368258,0.9806980673807666,increase,,none,False
2371,Jura,MAM,40,0.9381642297089426,-0.244235098176718,0.0867673622125098,decrease,2029,forecast,False
2371,Jura,JJA,40,0.42888899211352144,-0.07099592391304366,0.27856604965694465,decrease,2051,forecast,False
2371,Jura,SON,40,0.7270965795712104,-0.22087862363880467,0.02453479362632094,decrease,2024,forecast,False
2372,Alps North,DJF,39,0.37253742094964015,0.042416666666666714,0.6114052024347298,increase,2079,forecast,False
2372,Alps North,MAM,40,1.2498091151737185,-0.038845849802371824,0.7354536181171747,decrease,,none,False
2372,Alps North,JJA,40,1.4614123522111293,-0.1718235125858128,0.24872473553918217,decrease,2076,forecast,False
2372,Alps North,SON,40,0.9430584498315385,0.06353968253968263,0.6495478982562364,increase,,none,False
2374,Alps North,DJF,39,0.8504933533159456,0.055153679653679705,0.6808572133380828,increase,,none,False
2374,Alps North,MAM,40,1.6489968782137419,-0.22473484848484826,0.25841287570987026,decrease,2064,forecast,False
2374,Alps North,JJA,40,0.8607044261252733,0.010881340579710222,0.8612638836213089,increase,,none,False
2374,Alps North,SON,40,1.0940319631192688,0.021338304552590507,0.8612638836213089,increase,,none,False
2378,Jura,DJF,39,1.1271752240385673,0.06598121014787751,0.7166749729859458,increase,,none,False
2378,Jura,MAM,40,1.416069687075134,-0.34044384057971144,0.10042517436963738,decrease,2033,forecast,False
2378,Jura,JJA,40,0.5872984228226013,-0.07578568840579705,0.3107545604252415,decrease,2068,forecast,False
2378,Jura,SON,40,0.9938463033666686,-0.3112219169719169,0.015875547141379176,decrease,2023,forecast,False
2386,Plateau,DJF,39,0.7264530396046922,-0.06256868131868126,0.4981364283916774,decrease,,none,False
2386,Plateau,MAM,40,0.8414282434789697,-0.10229117584065112,0.34530569744810213,decrease,2073,forecast,False
2386,Plateau,JJA,40,0.5343986363151534,-0.004101319875775873,0.9349988039705048,decrease,,none,False
2386,Plateau,SON,40,0.5908006679060519,-0.03834693877551015,0.7179633437775998,decrease,,none,False
2387,Alps East,DJF,39,0.22652721261118597,0.0634126984126984,0.20836472630402936,increase,2027,forecast,False
2387,Alps East,MAM,40,0.47015785972009644,0.01366397094514937,0.842992183820956,increase,,none,False
2387,Alps East,JJA,40,0.9235500168412666,-0.12111929347826053,0.42144237894257297,decrease,2067,forecast,False
2387,Alps East,SON,40,0.7713708382627558,0.0917628731421834,0.43502642785483836,increase,2075,forecast,False
2403,Alps East,DJF,39,0.020220896132066554,-0.004824786324786334,0.13999263656729632,decrease,2033,forecast,False
2403,Alps East,MAM,40,0.20961522685479791,0.005766153381642499,0.7179633437775998,increase,,none,False
2403,Alps East,JJA,40,0.558458085555971,-0.17687541645843774,0.05754887969139322,decrease,2023,forecast,False
2403,Alps East,SON,40,0.2093511380442772,-0.00969067969067968,0.3822121517615815,decrease,,none,False
2409,Alps North,DJF,39,0.646523427374792,0.023938601081457796,0.7901381702817245,increase,,none,False
2409,Alps North,MAM,40,1.6356626197600708,-0.2987524154589378,0.17282861084833234,decrease,2046,forecast,False
2409,Alps North,JJA,40,0.821121403427986,-0.012525612193903177,0.8796101413969479,decrease,,none,False
2409,Alps North,SON,40,0.938888191965853,-0.0021268731268730464,1.0,decrease,,none,False
2410,Alps North,DJF,39,0.47083994532953477,0.024604938271604943,0.7715676600867172,increase,,none,False
2410,Alps North,MAM,40,0.7503447820487517,0.005428841753212718,0.9907040297231748,increase,,none,False
2410,Alps North,JJA,40,0.922279017207413,-0.05743473408385118,0.8067106222830902,decrease,,none,False
2410,Alps North,SON,40,0.7963949825379013,0.06999368131868175,0.6834306388633604,increase,,none,False
2412,Alps North,DJF,39,0.9904546565078948,-0.11356227106227115,0.4246421234065476,decrease,2079,forecast,False
2412,Alps North,MAM,40,0.9869769928400973,-0.2530378709454796,0.1269387713465171,decrease,2030,forecast,False
2412,Alps North,JJA,40,0.7933816627491511,-0.11314363354037255,0.20409789310190107,decrease,2061,forecast,False
2412,Alps North,SON,40,0.8389326000588362,-0.25940197483675753,0.07093234307299712,decrease,2023,forecast,False
2414,Alps North,DJF,39,1.2651111990559805,-0.045648148148148174,0.7901381702817245,decrease,,none,False
2414,Alps North,MAM,40,1.445652062433715,-0.14400720762613323,0.47726203508105103,decrease,2091,forecast,False
2414,Alps North,JJA,40,0.7770023327724512,-0.12612017680418106,0.3950329766408669,decrease,2053,forecast,False
2414,Alps North,SON,40,1.1791209690127962,-0.08008928571428542,0.4081104204610595,decrease,,none,False
2415,Plateau,DJF,39,0.5690053561086111,-0.04652077446363163,0.19974847790467765,decrease,,none,False
2415,Plateau,MAM,40,0.6504081787630263,-0.11402691511387172,0.18028794638930257,decrease,2048,forecast,False
2415,Plateau,JJA,40,0.5004370360501783,-0.05942363512845843,0.4081104204610595,decrease,2075,forecast,False
2415,Plateau,SON,40,0.4571614309398355,-0.07757718472004174,0.20409789310190107,decrease,2050,forecast,False
2416,Plateau,DJF,39,0.5788471259557134,-0.03776328502415455,0.5945442759036266,decrease,,none,False
2416,Plateau,MAM,40,0.6189435993302634,-0.08708286882199931,0.27856604965694465,decrease,2062,forecast,False
2416,Plateau,JJA,40,0.5283875868182935,-0.03860733695652176,0.5680669608513922,decrease,,none,False
2416,Plateau,SON,40,0.48661733272791696,-0.04105940934065935,0.6664041829849279,decrease,,none,False
2417,Plateau,DJF,39,0.5327486630852601,-0.060505168905168806,0.4679538135260932,decrease,2080,forecast,False
2417,Plateau,MAM,40,0.5144386221814848,-0.09161072972285787,0.15183576182655356,decrease,2047,forecast,False
2417,Plateau,JJA,40,0.5807344948502058,-0.08563716896295681,0.4081104204610595,decrease,2059,forecast,False
2417,Plateau,SON,40,0.437130964036558,-0.0031990428925912475,0.9535453737590693,decrease,,none,False
2418,Alps East,DJF,39,0.03700568864792419,-0.0030194420963651656,0.35790609486477876,decrease,,none,False
2418,Alps East,MAM,40,0.2043815914305595,-0.006267382503080433,0.5680669608513922,decrease,,none,False
2418,Alps East,JJA,40,0.5173362606093053,-0.0071711394302848615,0.842992183820956,decrease,,none,False
2418,Alps East,SON,40,0.26137807007315383,-0.012494302932090948,0.2211942719822526,decrease,,none,False
2419,Alps West,DJF,39,0.13655737725693567,-0.024560606060606033,0.2762780286051476,decrease,2047,forecast,False
2419,Alps West,MAM,40,0.7050498673843609,0.04956994328922494,0.6664041829849279,increase,,none,False
2419,Alps West,JJA,40,1.290907956322265,-0.43125988142292415,0.043838787162109094,decrease,2021,forecast,False
2419,Alps West,SON,40,0.8772845327365618,-0.17263517732267725,0.041456909675791964,decrease,2042,forecast,False
2420,Alps South,DJF,39,0.2898127233498408,0.06266996336996344,0.45325103254848376,increase,2038,forecast,False
2420,Alps South,MAM,40,1.4814269515360703,0.07231835095965547,0.6834306388633604,increase,,none,False
2420,Alps South,JJA,40,1.2922930093664562,-0.26606060606060605,0.16560248483061546,decrease,2040,forecast,False
2420,Alps South,SON,40,2.1708465560851007,-0.10588036963036968,0.6834306388633604,decrease,,none,False
2426,Alps North,DJF,39,0.17341421410742236,0.04010134310134317,0.20836472630402936,increase,2035,forecast,False
2426,Alps North,MAM,40,0.6786511076324491,-0.09146031151091104,0.2125219354050587,decrease,2065,forecast,False
2426,Alps North,JJA,40,0.6880232165180039,-0.18608152173913053,0.0785255109265468,decrease,2028,forecast,False
2426,Alps North,SON,40,0.5192396120194168,0.04424780219780218,0.5680669608513922,increase,,none,False
2430,Alps East,DJF,39,0.24365291423648033,0.10861481481481479,0.0046450884249520374,increase,2014,observed,False
2430,Alps East,MAM,40,1.1725235241164471,0.46637862318840584,0.00535942451005833,increase,2016,observed,False
2430,Alps East,JJA,40,2.39715852544006,-0.36797414482097257,0.34530569744810213,decrease,2056,forecast,False
2430,Alps East,SON,40,1.8754090436759066,0.152027516134659,0.5523765052635039,increase,,none,False
2432,Plateau,DJF,39,0.8808907916992889,-0.008166666666667988,0.9806980673807666,decrease,,none,False
2432,Plateau,MAM,40,0.90828384933991,-0.24734683794466394,0.04895023859965297,decrease,2028,forecast,False
2432,Plateau,JJA,40,0.35323253918862285,-0.043003952569169515,0.34530569744810213,decrease,2073,forecast,False
2432,Plateau,SON,40,0.7120673458432131,-0.12827249777249783,0.2125219354050587,decrease,2047,forecast,False
2433,Jura,DJF,39,1.677035869179811,0.10803362703362646,0.6986822359824363,increase,,none,False
2433,Jura,MAM,40,2.391002376278879,-0.5626556221889054,0.091142798844293,decrease,2033,forecast,False
2433,Jura,JJA,40,0.9812702053429021,-0.21092013888888914,0.07093234307299712,decrease,2038,forecast,False
2433,Jura,SON,40,1.7843837844867525,-0.44542002442002415,0.07465008977427945,decrease,2031,forecast,False
2434,Jura,DJF,39,0.6372772690139595,-0.04416552197802216,0.5452829029299784,decrease,,none,False
2434,Jura,MAM,40,0.680732351438963,-0.2692666527313269,0.010723675801034949,decrease,2016,observed,False
2434,Jura,JJA,40,0.33795684613575144,-0.08255247376311836,0.14528778909526707,decrease,2032,forecast,False
2434,Jura,SON,40,0.45725370134028986,-0.1309560439560439,0.03918554717058398,decrease,2026,forecast,False
2436,Alps North,DJF,39,0.41708529226837765,0.08451410751410744,0.32122506421997343,increase,2041,forecast,False
2436,Alps North,MAM,40,1.3771059766720797,-0.19392080745341614,0.3822121517615815,decrease,2062,forecast,False
2436,Alps North,JJA,40,0.7782085771786369,-0.09859763198757773,0.5369017953048782,decrease,2070,forecast,False
2436,Alps North,SON,40,0.7927827608556648,0.00667582417582429,0.9349988039705048,increase,,none,False
2437,Plateau,DJF,39,1.2969875222094316,0.046833333333333727,0.7348263750767032,increase,,none,False
2437,Plateau,MAM,40,0.8792000698657334,-0.1746215906022145,0.18798383813865382,decrease,2041,forecast,False
2437,Plateau,JJA,40,0.6265627259534906,-0.05582601376079636,0.3696497329509345,decrease,,none,False
2437,Plateau,SON,40,1.0116121334229216,-0.2420589464882943,0.11044599236405395,decrease,2033,forecast,False
2446,Plateau,DJF,37,0.847910890088287,0.1466975661375662,0.2776793977764225,increase,2050,forecast,False
2446,Plateau,MAM,38,0.8561143721657106,-0.16140217391304335,0.30258950281847774,decrease,2045,forecast,False
2446,Plateau,JJA,37,0.6475182884806215,-0.06385046113306979,0.4719324011649344,decrease,2094,forecast,False
2446,Plateau,SON,38,0.7634175217254512,-0.13296263736263744,0.19972540519351423,decrease,2049,forecast,False
2447,Plateau,DJF,37,0.6828308772027311,0.01008539156093511,0.9062974979468705,increase,,none,False
2447,Plateau,MAM,38,0.6618018074196701,-0.1115023291925467,0.32678580538480606,decrease,2051,forecast,False
2447,Plateau,JJA,37,0.3989970593173293,-0.08336050724637684,0.16966453316566255,decrease,2040,forecast,False
2447,Plateau,SON,38,0.5864555458102,-0.09036437246963556,0.22746955681557246,decrease,2057,forecast,False
2450,Plateau,DJF,39,0.4938539845320669,-0.07663492063492086,0.13361124376778633,decrease,2056,forecast,False
2450,Plateau,MAM,40,0.5197273531616489,-0.12578341156126488,0.023089425384412054,decrease,2032,forecast,False
2450,Plateau,JJA,40,0.39743570289683516,-0.06083961352657004,0.3696497329509345,decrease,2056,forecast,False
2450,Plateau,SON,40,0.29023494849762604,-0.062326007326007335,0.23011737495822127,decrease,2038,forecast,False
2457,Alps North,DJF,38,0.2627169001483125,-0.05624444444444454,0.3145346985861923,decrease,2038,forecast,False
2457,Alps North,MAM,40,0.8503496177599743,0.05971304347826055,0.4081104204610595,increase,,none,False
2457,Alps North,JJA,40,1.018914884370284,-0.056516474668647815,0.5216481488445233,decrease,,none,False
2457,Alps North,SON,39,0.4696173704783971,0.009340659340659307,0.9421393594576422,increase,,none,False
2458,Jura,DJF,39,0.34708625202288274,-0.02442090625423949,0.6284746536839203,decrease,,none,False
2458,Jura,MAM,40,0.3606199286791507,-0.11277044513457554,0.05168804975531471,decrease,2023,forecast,False
2458,Jura,JJA,40,0.22821348077602324,-0.02325497871693525,0.12124053189066752,decrease,2089,forecast,False
2458,Jura,SON,40,0.2716536297679556,-0.0999308301939881,0.011462469375363327,decrease,2018,observed,False
2461,Alps South,DJF,39,0.7432415104613426,0.1848888888888889,0.2455200156805981,increase,2032,forecast,False
2461,Alps South,MAM,40,1.7917020013959084,-0.3158366271409748,0.23929351176558455,decrease,2048,forecast,False
2461,Alps South,JJA,40,1.4091992925249663,-0.04445772946859907,0.842992183820956,decrease,,none,False
2461,Alps South,SON,40,2.528738041001521,0.08473818807920197,0.8067106222830902,increase,,none,False
2462,Alps East,DJF,21,,,,none,,none,True
2462,Alps East,MAM,22,,,,none,,none,True
2462,Alps East,JJA,22,,,,none,,none,True
2462,Alps East,SON,22,,,,none,,none,True
2463,Alps South,DJF,39,0.6946129362561722,0.4389248560962847,0.000646496316480949,increase,2007,observed,False
2463,Alps South,MAM,40,0.8899955510459588,0.3143854515050201,0.02041912985816552,increase,2019,observed,False
2463,Alps South,JJA,40,0.6925817800407631,0.2027620137299774,0.06068047266543353,increase,2025,forecast,False
2463,Alps South,SON,40,1.1675667570217598,0.2237967587967589,0.19591947802979215,increase,2043,forecast,False
2468,Alps North,DJF,39,0.8003134092290021,0.03268599033816425,0.7715676600867172,increase,,none,False
2468,Alps North,MAM,40,1.4301867333711662,-0.1728788594833035,0.34530569744810213,decrease,2074,forecast,False
2468,Alps North,JJA,40,0.9140641379979403,0.0012831807780317537,0.9907040297231748,increase,,none,False
2468,Alps North,SON,40,1.048513768539187,-0.04907925407925408,0.7179633437775998,decrease,,none,False
2469,Alps North,DJF,39,0.23867230238407863,0.02487016687016705,0.6114052024347298,increase,2087,forecast,False
2469,Alps North,MAM,40,0.954844665670524,-0.002990605941373307,0.9907040297231748,decrease,,none,False
2469,Alps North,JJA,40,0.830082490122968,-0.2516576930866859,0.05754887969139322,decrease,2024,forecast,False
2469,Alps North,SON,40,0.5037947105900754,0.002826816041101788,0.9721171358417333,increase,,none,False
2471,Plateau,DJF,39,0.5768771096949024,-0.06951178451178457,0.2762780286051476,decrease,2074,forecast,False
2471,Plateau,MAM,40,0.5527605953058391,-0.13556654183412511,0.05168804975531471,decrease,2032,forecast,False
2471,Plateau,JJA,40,0.41153722915916474,-0.11002501725327817,0.06395197805243646,decrease,2028,forecast,False
2471,Plateau,SON,40,0.33884702366733815,-0.14609802895517177,0.02171858311421837,decrease,2014,observed,False
2473,Alps East,DJF,39,0.21017276814208816,0.029435693935693723,0.4981364283916774,increase,2063,forecast,False
2473,Alps East,MAM,40,0.8043117374019616,-0.013676655990186772,0.8796101413969479,decrease,,none,False
2473,Alps East,JJA,40,1.1000570194991033,-0.2620035815425618,0.06736779165897167,decrease,2033,forecast,False
2473,Alps East,SON,40,0.7412285082765303,0.009818821225071394,0.9721171358417333,increase,,none,False
2474,Alps South,DJF,37,0.15980035177166227,0.06164642857142821,0.16966453316566255,increase,2018,observed,False
2474,Alps South,MAM,39,1.2347953807064669,0.17219979296066273,0.3331693388353718,increase,2063,forecast,False
2474,Alps South,JJA,39,1.8329858596220538,-0.34038043478260904,0.19974847790467765,decrease,2045,forecast,False
2474,Alps South,SON,39,2.182223757936459,-0.06849409849409767,0.7715676600867172,decrease,,none,False
2475,Alps South,DJF,38,0.02531180515846859,0.014173382173382107,0.0003922004752345831,increase,2010,observed,False
2475,Alps South,MAM,39,0.9915223108377733,0.08392391304347824,0.1534557123832827,increase,,none,False
2475,Alps South,JJA,39,0.7708520950761615,0.06608695652173939,0.4107427047210992,increase,,none,False
2475,Alps South,SON,39,1.862525628123582,0.03086956521739138,0.7166749729859458,increase,,none,False
2477,Plateau,DJF,38,0.5967255271074923,0.016337922613784743,0.9198876540782883,increase,,none,False
2477,Plateau,MAM,38,1.176794417415086,-0.18702898550724514,0.19972540519351423,decrease,2055,forecast,False
2477,Plateau,JJA,39,0.8815367839970555,-6.916996047449815e-05,1.0,decrease,,none,False
2477,Plateau,SON,39,0.7358489041539646,-0.008342490842490427,1.0,decrease,,none,False
2478,Jura,DJF,38,0.5379913786373556,0.06619444444444433,0.3145346985861923,increase,2073,forecast,False
2478,Jura,MAM,38,0.8355375309318316,-0.22414917541229387,0.092058968036413,decrease,2029,forecast,False
2478,Jura,JJA,38,0.41865928676350306,-0.03356605351170571,0.5132799413524292,decrease,,none,False
2478,Jura,SON,39,0.506167540211569,-0.08730425824175826,0.2657461083422321,decrease,2049,forecast,False
2480,Jura,DJF,39,1.0526240086968999,-0.037531135531135656,0.8088286305084,decrease,,none,False
2480,Jura,MAM,40,1.3828683353453874,-0.427744918125353,0.041456909675791964,decrease,2023,forecast,False
2480,Jura,JJA,40,0.765696884447306,-0.058996829710145,0.5839675342063331,decrease,,none,False
2480,Jura,SON,40,0.9442781251738994,-0.31944868479936356,0.011462469375363327,decrease,2021,forecast,False
2481,Alps North,DJF,39,0.33204012651967363,-0.03419791666666658,0.4829170444568125,decrease,2089,forecast,False
2481,Alps North,MAM,40,1.1339986423418948,0.022859500805153157,0.8796101413969479,increase,,none,False
2481,Alps North,JJA,40,1.1925550274272736,-0.10139708117969042,0.700619648328836,decrease,,none,False
2481,Alps North,SON,40,0.8785440215299799,0.05192261904761894,0.5839675342063331,increase,,none,False
2485,Jura,DJF,36,0.5835455112555052,0.13915350246461355,0.1956706219250084,increase,2035,forecast,False
2485,Jura,MAM,37,0.7627789423972804,-0.2074386395511922,0.1076814338591705,decrease,2029,forecast,False
2485,Jura,JJA,37,0.3600874971566351,-0.04504702825355,0.40995687995177965,decrease,2072,forecast,False
2485,Jura,SON,37,0.4773388502357198,-0.07571792178409822,0.2776793977764225,decrease,2056,forecast,False
2486,Alps North,DJF,36,0.8533617452039313,0.13994316424316422,0.30698585474987405,increase,2054,forecast,False
2486,Alps North,MAM,37,1.557284120258132,-0.23156180124223602,0.42497974024989427,decrease,2060,forecast,False
2486,Alps North,JJA,37,0.9053008866868634,-0.2009895484949831,0.1076814338591705,decrease,2038,forecast,False
2486,Alps North,SON,37,1.0445888153193377,-0.1948068842921783,0.2339763643043411,decrease,2046,forecast,False
2487,Alps North,DJF,36,0.6578904856353036,0.06888797313797304,0.6335534753768335,increase,2089,forecast,False
2487,Alps North,MAM,36,1.3893519758494055,-0.21980163043478274,0.24695545939811314,decrease,2056,forecast,False
2487,Alps North,JJA,37,0.6852425532115113,-0.10701646419437297,0.4881961566987405,decrease,2057,forecast,False
2487,Alps North,SON,37,0.9059582734851115,-0.030655416012558792,0.8856049474550873,decrease,,none,False
2488,Alps North,DJF,36,0.5163676202970748,-0.02975984714873605,0.4060445067036338,decrease,,none,False
2488,Alps North,MAM,36,1.1493209246375977,-0.09851862791430369,0.33350230153390603,decrease,,none,False
2488,Alps North,JJA,37,0.7605124946165481,-0.11239130434782599,0.15398439966393096,decrease,2060,forecast,False
2488,Alps North,SON,37,0.2500036639321286,-0.023674123495552063,0.38087509602077274,decrease,2098,forecast,False
2490,Plateau,DJF,35,1.2829443704466525,0.048468599033815944,0.7547126102355206,increase,,none,False
2490,Plateau,MAM,35,1.1628319181376179,-0.09979933110367806,0.5320609713589797,decrease,,none,False
2490,Plateau,JJA,36,0.6354349040262087,-0.0944525255754475,0.24695545939811314,decrease,2060,forecast,False
2490,Plateau,SON,36,1.2543210384065264,-0.24160406260406272,0.10504200372059169,decrease,2045,forecast,False
2491,Alps North,DJF,35,0.22973340884081056,0.04529070929070925,0.495448439184329,increase,2044,forecast,False
2491,Alps North,MAM,35,1.3926918824181453,-0.087750472589792,0.6495079756621349,decrease,,none,False
2491,Alps North,JJA,36,1.6225133684813462,-0.43241185604676596,0.04525554618596206,decrease,2031,forecast,False
2491,Alps North,SON,36,0.9758966521208172,0.18526556776556768,0.2819046108192158,increase,2046,forecast,False
2493,Jura,DJF,35,0.6466174126606493,0.06241758241758322,0.47765973512758664,increase,2097,forecast,False
2493,Jura,MAM,35,0.7135136514858963,-0.1069130434782608,0.3634073211862605,decrease,2060,forecast,False
2493,Jura,JJA,35,0.2937872746072826,-0.04968750000000001,0.22196368922508958,decrease,2053,forecast,False
2493,Jura,SON,35,0.6446419936292975,-0.13587545787545774,0.08834898734056584,decrease,2041,forecast,False
2494,Alps South,DJF,34,0.3157158218031854,0.1262635142635148,0.1305101496825105,increase,2019,observed,False
2494,Alps South,MAM,34,0.5544454161548875,0.13711697722567276,0.45855874552468423,increase,2034,forecast,False
2494,Alps South,JJA,35,1.5569321886083336,-0.17117056856187415,0.5508678704577776,decrease,2084,forecast,False
2494,Alps South,SON,35,2.5110240162653117,-0.03662480376766134,0.9320955597597091,decrease,,none,False
2497,Plateau,DJF,32,0.3976402827679777,-0.07602813697318009,0.2918511202475407,decrease,2047,forecast,False
2497,Plateau,MAM,33,0.6023167324266503,-0.10586956521739121,0.10375550597046113,decrease,2051,forecast,False
2497,Plateau,JJA,33,0.2544933533069905,-0.09903079710144932,0.20946154334050293,decrease,2020,observed,False
2497,Plateau,SON,33,0.2989851686536859,-0.13326057641991715,0.07477247932442421,decrease,2017,observed,False
2498,Alps East,DJF,32,0.24300207507225413,-0.008491253061428486,0.8330324989520455,decrease,,none,False
2498,Alps East,MAM,32,0.7481543176855076,-0.01940368357487935,0.9353765292166933,decrease,,none,False
2498,Alps East,JJA,32,0.5616150684299122,-0.019870923913045124,0.8330324989520455,decrease,,none,False
2498,Alps East,SON,33,0.9496171106353362,-0.05028159340659338,0.6309950399173054,decrease,,none,False
2500,Plateau,DJF,32,0.3036573044019497,0.057741319109740175,0.37244389624576013,increase,2048,forecast,False
2500,Plateau,MAM,32,0.42682682882761325,0.047578886142213214,0.5270983110287553,increase,2085,forecast,False
2500,Plateau,JJA,32,0.3502364124683393,-0.021841831841432364,0.8584237820523384,decrease,,none,False
2500,Plateau,SON,33,0.24420198638317214,-0.0130295857988166,0.7922384250904912,decrease,,none,False
2602,Alps East,DJF,39,0.18550482727847878,0.02796296296296304,0.5293245899568817,increase,2058,forecast,False
2602,Alps East,MAM,40,0.5572390658445884,0.009551387190036894,0.8612638836213089,increase,,none,False
2602,Alps East,JJA,40,1.021510816448178,-0.14011303109129125,0.33352610308834585,decrease,2064,forecast,False
2602,Alps East,SON,40,0.9522266526582823,0.03370020604395511,0.770840345264592,increase,,none,False
2603,Alps North,DJF,31,0.7693554445165107,0.025671957671957523,0.8650383150743488,increase,,none,False
2603,Alps North,MAM,31,1.2064263146172514,0.1017443064182197,0.6341458536966633,increase,,none,False
2603,Alps North,JJA,32,0.6019170668517687,-0.08190087991718473,0.6851751854528196,decrease,2068,forecast,False
2603,Alps North,SON,32,0.6273479721925919,-0.106023606023606,0.4655488870531288,decrease,2054,forecast,False
2604,Alps North,DJF,31,0.9095522926457126,0.14571111111111124,0.4145985082462331,increase,2058,forecast,False
2604,Alps North,MAM,31,1.4328226852528148,-0.04724999999999979,0.9187737391879132,decrease,,none,False
2604,Alps North,JJA,31,0.9916892451593388,0.11675120772946782,0.7596537518193331,increase,2080,forecast,False
2604,Alps North,SON,32,0.8844932666617075,-0.10388278388278407,0.6381570271128183,decrease,2080,forecast,False
2605,Alps South,DJF,31,0.4155083014259463,0.1411127843350065,0.2766963536434415,increase,2025,forecast,False
2605,Alps South,MAM,31,1.880945542254448,0.6184148550724652,0.19645146482180031,increase,2026,forecast,False
2605,Alps South,JJA,31,1.6080278783278312,0.09773752012882385,0.8119200006410021,increase,,none,False
2605,Alps South,SON,32,4.283061362866609,0.18910378510378545,0.6851751854528196,increase,,none,False
2606,Alps West,DJF,39,0.37748261107397324,-0.030413437439753204,0.5778990721352786,decrease,,none,False
2606,Alps West,MAM,40,0.6218878755296906,-0.15732074481225292,0.10534105856467724,decrease,2031,forecast,False
2606,Alps West,JJA,40,0.6530811735780271,-0.1512771739130429,0.08256310085481289,decrease,2034,forecast,False
2606,Alps West,SON,40,0.49933289470001985,-0.21218681318681307,0.004004519102657644,decrease,2015,observed,False
2607,Alps West,DJF,30,0.15636266711700544,0.014468457468458002,0.6685166224807093,increase,,none,False
2607,Alps West,MAM,30,0.707616762048245,0.3492282608695656,0.09353135296636017,increase,2016,observed,False
2607,Alps West,JJA,30,2.9975683523043117,-0.48204782608695496,0.4754490495282657,decrease,2058,forecast,False
2607,Alps West,SON,31,1.5720641155818096,-0.2795604395604401,0.2619630008374654,decrease,2052,forecast,False
2608,Plateau,DJF,30,0.4729494513178206,-0.0004343434343432519,1.0,decrease,,none,False
2608,Plateau,MAM,30,0.6475374063480752,-0.12524959742351038,0.3353389634847317,decrease,2048,forecast,False
2608,Plateau,JJA,30,0.6717339904992682,-0.07721014492753679,0.6427431760684212,decrease,2083,forecast,False
2608,Plateau,SON,30,0.6103568585520022,-0.1845984784446322,0.3353389634847317,decrease,2029,forecast,False
2609,Alps North,DJF,29,,,,none,,none,True
2609,Alps North,MAM,30,2.255683843447598,-0.13102254428341403,0.8304750241244809,decrease,,none,False
2609,Alps North,JJA,30,1.2306318447357354,0.04307692307692312,0.9431079616717606,increase,,none,False
2609,Alps North,SON,30,1.1083052020639697,-0.001098901098900984,1.0,decrease,,none,False
2610,Jura,DJF,28,,,,none,,none,True
2610,Jura,MAM,29,,,,none,,none,True
2610,Jura,JJA,29,,,,none,,none,True
2610,Jura,SON,29,,,,none,,none,True
2612,Alps South,DJF,28,,,,none,,none,True
2612,Alps South,MAM,28,,,,none,,none,True
2612,Alps South,JJA,28,,,,none,,none,True
2612,Alps South,SON,29,,,,none,,none,True
2613,Plateau,DJF,25,,,,none,,none,True
2613,Plateau,MAM,26,,,,none,,none,True
2613,Plateau,JJA,26,,,,none,,none,True
2613,Plateau,SON,26,,,,none,,none,True
2617,Alps East,DJF,26,,,,none,,none,True
2617,Alps East,MAM,26,,,,none,,none,True
2617,Alps East,JJA,27,,,,none,,none,True
2617,Alps East,SON,27,,,,none,,none,True
2620,Alps South,DJF,14,,,,none,,none,True
2620,Alps South,MAM,15,,,,none,,none,True
2620,Alps South,JJA,15,,,,none,,none,True
2620,Alps South,SON,15,,,,none,,none,True
2629,Alps South,DJF,16,,,,none,,none,True
2629,Alps South,MAM,17,,,,none,,none,True
2629,Alps South,JJA,17,,,,none,,none,True
2629,Alps South,SON,17,,,,none,,none,True
2630,Alps West,DJF,14,,,,none,,none,True
2630,Alps West,MAM,14,,,,none,,none,True
2630,Alps West,JJA,14,,,,none,,none,True
2630,Alps West,SON,14,,,,none,,none,True
2631,Alps East,DJF,11,,,,none,,none,True
2631,Alps East,MAM,11,,,,none,,none,True
2631,Alps East,JJA,11,,,,none,,none,True
2631,Alps East,SON,11,,,,none,,none,True
2634,Alps North,DJF,39,0.6910809148528311,0.01229629629629636,0.8655164609304618,increase,,none,False
2634,Alps North,MAM,40,1.2064317658401713,-0.14440259197324398,0.23929351176558455,decrease,2075,forecast,False
2634,Alps North,JJA,40,0.7036670496680061,-0.04024275362318832,0.8067106222830902,decrease,,none,False
2634,Alps North,SON,40,0.7448348930708938,-0.07035117056856185,0.49182374314403665,decrease,2097,forecast,False
2635,Alps North,DJF,39,0.6350065917839638,0.1261515669515667,0.35790609486477876,increase,2042,forecast,False
2635,Alps North,MAM,40,1.7832611295963763,-0.18985806743805442,0.3696497329509345,decrease,2085,forecast,False
2635,Alps North,JJA,40,1.26841936428228,-0.03235485933503783,0.9164874459935288,decrease,,none,False
2635,Alps North,SON,40,1.190813556060971,0.05316468253968278,0.6834306388633604,increase,,none,False
2640,Jura,DJF,1,,,,none,,none,True
2640,Jura,MAM,1,,,,none,,none,True
2640,Jura,JJA,2,,,,none,,none,True
2640,Jura,SON,2,,,,none,,none,True
2644,Alps East,DJF,1,,,,none,,none,True
2644,Alps East,MAM,2,,,,none,,none,True
2644,Alps East,JJA,2,,,,none,,none,True
2644,Alps East,SON,2,,,,none,,none,True
3001,Alps East,DJF,21,,,,none,,none,True
3001,Alps East,MAM,22,,,,none,,none,True
3001,Alps East,JJA,22,,,,none,,none,True
3001,Alps East,SON,22,,,,none,,none,True
3002,Alps North,DJF,20,,,,none,,none,True
3002,Alps North,MAM,21,,,,none,,none,True
3002,Alps North,JJA,21,,,,none,,none,True
3002,Alps North,SON,21,,,,none,,none,True
3003,Alps East,DJF,20,,,,none,,none,True
3003,Alps East,MAM,21,,,,none,,none,True
3003,Alps East,JJA,21,,,,none,,none,True
3003,Alps East,SON,21,,,,none,,none,True
3004,Alps North,DJF,26,,,,none,,none,True
3004,Alps North,MAM,27,0.9481093659893747,0.3775724637681174,0.0301527040254832,increase,2021,forecast,False
3004,Alps North,JJA,27,0.6511794651947597,-0.021185770750988212,0.9667427806663149,decrease,,none,False
3004,Alps North,SON,27,0.6842844179926854,0.15919937205651485,0.40435063820524464,increase,2039,forecast,False
3005,Alps North,DJF,20,,,,none,,none,True
3005,Alps North,MAM,21,,,,none,,none,True
3005,Alps North,JJA,21,,,,none,,none,True
3005,Alps North,SON,21,,,,none,,none,True
3006,Alps East,DJF,27,0.1710404240287471,0.024450375021803437,0.7387187313672434,increase,2066,forecast,False
3006,Alps East,MAM,28,0.9110959216555067,0.09050120772946854,0.48926508700643856,increase,2096,forecast,False
3006,Alps East,JJA,28,0.8917117766350913,0.1491429765886285,0.48926508700643856,increase,2055,forecast,False
3006,Alps East,SON,28,0.7482424263869729,0.14007795932138029,0.4179302333168975,increase,2049,forecast,False
3007,Plateau,DJF,33,0.6260731573689717,0.19950979575979547,0.12504272739262112,increase,2024,forecast,False
3007,Plateau,MAM,34,1.3723592981503423,0.09513285024154557,0.6352273936721518,increase,,none,False
3007,Plateau,JJA,34,1.4274095142602474,-0.07994565217390726,0.6565125016248674,decrease,,none,False
3007,Plateau,SON,34,0.9168671700788245,0.212281835811248,0.3134246287449334,increase,2036,forecast,False
3008,Plateau,DJF,19,,,,none,,none,True
3008,Plateau,MAM,20,,,,none,,none,True
3008,Plateau,JJA,20,,,,none,,none,True
3008,Plateau,SON,20,,,,none,,none,True
3009,Alps East,DJF,32,0.18524937845409697,-0.02569239248405912,0.4856103851418121,decrease,2066,forecast,False
3009,Alps East,MAM,33,0.9259144584483278,-0.023574414715719,0.8646652653123481,decrease,,none,False
3009,Alps East,JJA,33,1.1087632544700132,-0.04435643115942044,0.744891472543834,decrease,,none,False
3009,Alps East,SON,33,0.32374904990190556,0.06580316742081448,0.44771724277486147,increase,2042,forecast,False
3010,Plateau,DJF,20,,,,none,,none,True
3010,Plateau,MAM,21,,,,none,,none,True
3010,Plateau,JJA,21,,,,none,,none,True
3010,Plateau,SON,21,,,,none,,none,True
3011,Plateau,DJF,20,,,,none,,none,True
3011,Plateau,MAM,21,,,,none,,none,True
3011,Plateau,JJA,21,,,,none,,none,True
3011,Plateau,SON,21,,,,none,,none,True
3012,Plateau,DJF,20,,,,none,,none,True
3012,Plateau,MAM,21,,,,none,,none,True
3012,Plateau,JJA,21,,,,none,,none,True
3012,Plateau,SON,21,,,,none,,none,True
3013,Plateau,DJF,20,,,,none,,none,True
3013,Plateau,MAM,21,,,,none,,none,True
3013,Plateau,JJA,21,,,,none,,none,True
3013,Plateau,SON,21,,,,none,,none,True
3014,Plateau,DJF,36,0.9676238300314453,0.007153479236812615,0.967405367717791,increase,,none,False
3014,Plateau,MAM,37,1.4442463481087633,-0.014229192546583802,0.9270538559329629,decrease,,none,False
3014,Plateau,JJA,37,1.2769194432607565,0.08647418478260845,0.6660299201417486,increase,,none,False
3014,Plateau,SON,37,1.5512873532042617,-0.02029367184539599,0.8649901175825423,decrease,,none,False
3015,Plateau,DJF,35,1.1999916522207779,-0.19260573476702517,0.32017406683149163,decrease,2054,forecast,False
3015,Plateau,MAM,36,1.8271232667361124,-0.3317004655566952,0.1956706219250084,decrease,2047,forecast,False
3015,Plateau,JJA,36,1.5307305006707281,-0.07829347826087019,0.8594521306883358,decrease,,none,False
3015,Plateau,SON,36,1.2742164875517883,-0.1282363714716656,0.5952698888863501,decrease,2091,forecast,False
3016,Plateau,DJF,20,,,,none,,none,True
3016,Plateau,MAM,21,,,,none,,none,True
3016,Plateau,JJA,21,,,,none,,none,True
3016,Plateau,SON,21,,,,none,,none,True
3017,Plateau,DJF,20,,,,none,,none,True
3017,Plateau,MAM,21,,,,none,,none,True
3017,Plateau,JJA,21,,,,none,,none,True
3017,Plateau,SON,21,,,,none,,none,True
3018,Alps East,DJF,20,,,,none,,none,True
3018,Alps East,MAM,21,,,,none,,none,True
3018,Alps East,JJA,21,,,,none,,none,True
3018,Alps East,SON,21,,,,none,,none,True
3019,Alps East,DJF,32,0.05589415435267177,0.02689450672784005,0.04265662043840912,increase,2014,observed,False
3019,Alps East,MAM,33,0.5853542577279875,0.018665256057741927,0.6309950399173054,increase,,none,False
3019,Alps East,JJA,33,0.9474142577433379,0.09003915830546265,0.44771724277486147,increase,2098,forecast,False
3019,Alps East,SON,33,0.29075473821164277,0.025335775335775246,0.245202584024502,increase,,none,False
3020,Plateau,DJF,20,,,,none,,none,True
3020,Plateau,MAM,21,,,,none,,none,True
3020,Plateau,JJA,21,,,,none,,none,True
3020,Plateau,SON,21,,,,none,,none,True
3021,Plateau,DJF,20,,,,none,,none,True
3021,Plateau,MAM,21,,,,none,,none,True
3021,Plateau,JJA,21,,,,none,,none,True
3021,Plateau,SON,21,,,,none,,none,True
3022,Alps East,DJF,20,,,,none,,none,True
3022,Alps East,MAM,21,,,,none,,none,True
3022,Alps East,JJA,21,,,,none,,none,True
3022,Alps East,SON,21,,,,none,,none,True
3023,Plateau,DJF,26,,,,none,,none,True
3023,Plateau,MAM,27,2.4698255572849357,-0.2655046583850921,0.587804963067637,decrease,2089,forecast,False
3023,Plateau,JJA,27,1.314469923511462,-0.1556103678929763,0.7074787276069774,decrease,2080,forecast,False
3023,Plateau,SON,27,1.5612369374870434,-0.18959478021978032,0.5047075455861032,decrease,2078,forecast,False
3024,Plateau,DJF,20,,,,none,,none,True
3024,Plateau,MAM,21,,,,none,,none,True
3024,Plateau,JJA,21,,,,none,,none,True
3024,Plateau,SON,21,,,,none,,none,True
3025,Alps East,DJF,20,,,,none,,none,True
3025,Alps East,MAM,21,,,,none,,none,True
3025,Alps East,JJA,21,,,,none,,none,True
3025,Alps East,SON,21,,,,none,,none,True
3026,Plateau,DJF,18,,,,none,,none,True
3026,Plateau,MAM,19,,,,none,,none,True
3026,Plateau,JJA,19,,,,none,,none,True
3026,Plateau,SON,19,,,,none,,none,True
3027,Plateau,DJF,20,,,,none,,none,True
3027,Plateau,MAM,21,,,,none,,none,True
3027,Plateau,JJA,21,,,,none,,none,True
3027,Plateau,SON,21,,,,none,,none,True
3028,Plateau,DJF,21,,,,none,,none,True
3028,Plateau,MAM,22,,,,none,,none,True
3028,Plateau,JJA,22,,,,none,,none,True
3028,Plateau,SON,22,,,,none,,none,True
3029,Plateau,DJF,20,,,,none,,none,True
3029,Plateau,MAM,21,,,,none,,none,True
3029,Plateau,JJA,21,,,,none,,none,True
3029,Plateau,SON,21,,,,none,,none,True
3030,Alps East,DJF,20,,,,none,,none,True
3030,Alps East,MAM,21,,,,none,,none,True
3030,Alps East,JJA,21,,,,none,,none,True
3030,Alps East,SON,21,,,,none,,none,True
3031,Alps East,DJF,19,,,,none,,none,True
3031,Alps East,MAM,20,,,,none,,none,True
3031,Alps East,JJA,20,,,,none,,none,True
3031,Alps East,SON,20,,,,none,,none,True
3032,Alps East,DJF,36,0.0930384085142041,0.010185185185185231,0.5220542678768723,increase,2083,forecast,False
3032,Alps East,MAM,37,0.7046743268872019,0.05585015527950306,0.6660299201417486,increase,,none,False
3032,Alps East,JJA,37,1.0037674796744553,-0.28174639618693326,0.08665121458761949,decrease,2027,forecast,False
3032,Alps East,SON,37,0.4535700182215503,0.08899201988487697,0.2776793977764225,increase,2042,forecast,False
3033,Alps East,DJF,36,0.13213447054936242,0.048542600256886025,0.1110156560699953,increase,2019,observed,False
3033,Alps East,MAM,37,0.4821171957787211,0.020037302371541717,0.7436890405792607,increase,,none,False
3033,Alps East,JJA,37,0.7445183908096245,-0.3217406494734003,0.0270822041875316,decrease,2014,observed,False
3033,Alps East,SON,37,0.5501776560055002,-0.03156893713573876,0.6660299201417486,decrease,,none,False
4001,Black Forest,DJF,34,1.2712234681676768,0.09249042145593836,0.7668567682388832,increase,,none,False
4001,Black Forest,MAM,33,1.3181995059735512,-0.08779644268774707,0.7215623759883523,decrease,,none,False
4001,Black Forest,JJA,33,0.7065639260737852,-0.04737342066146419,0.7215623759883523,decrease,,none,False
4001,Black Forest,SON,33,0.6970860240650237,-0.1863730769230768,0.22093012126147427,decrease,2031,forecast,False
4002,Black Forest,DJF,36,1.3713888032941328,0.2147960131655779,0.3200645361580008,increase,2056,forecast,False
4002,Black Forest,MAM,36,1.739032514179458,-0.1468008951406652,0.6142802922561135,decrease,,none,False
4002,Black Forest,JJA,36,0.7084688947699133,-0.05002046866177293,0.5580781774416292,decrease,,none,False
4002,Black Forest,SON,36,1.016818252623664,-0.1230474788369525,0.4060445067036338,decrease,2075,forecast,False
4003,Black Forest,DJF,38,1.2038870501508798,-0.13396434676434676,0.5132799413524292,decrease,2081,forecast,False
4003,Black Forest,MAM,38,1.568936596493403,-0.42796195652173896,0.08730673860921656,decrease,2028,forecast,False
4003,Black Forest,JJA,38,0.6767290869825949,-0.0924107142857143,0.30258950281847774,decrease,2064,forecast,False
4003,Black Forest,SON,38,0.777288364742194,-0.18921193092621666,0.13794566169862832,decrease,2032,forecast,False
4004,Black Forest,DJF,38,0.7124342898870974,-0.020078144078144643,0.8602887048423336,decrease,,none,False
4004,Black Forest,MAM,38,0.7131396923857731,-0.12794836956521727,0.15911527765643219,decrease,2047,forecast,False
4004,Black Forest,JJA,38,0.3320315625928475,-0.010036231884057816,0.8800839006711907,decrease,,none,False
4004,Black Forest,SON,38,0.2760231131025645,-0.058341658341658324,0.19105038913843675,decrease,2038,forecast,False
4005,Black Forest,DJF,38,1.160649084524165,-0.034652978600346766,0.8405809140670599,decrease,,none,False
4005,Black Forest,MAM,38,0.8826952174174877,-0.261868206521739,0.07839650345012883,decrease,2025,forecast,False
4005,Black Forest,JJA,38,0.3551755782797119,0.012978260869565217,0.7628611639449314,increase,,none,False
4005,Black Forest,SON,38,0.4305058018260547,-0.10550366300366298,0.13794566169862832,decrease,2032,forecast,False
4006,Black Forest,DJF,35,0.7481620230311544,0.07388461538461544,0.5320609713589797,increase,2094,forecast,False
4006,Black Forest,MAM,34,0.9203476524490849,-0.1013260869565219,0.42340961568627655,decrease,2084,forecast,False
4006,Black Forest,JJA,34,0.41431485606192814,-0.028333333333333422,0.7443201343805719,decrease,,none,False
4006,Black Forest,SON,34,0.3615653599604175,-0.04076923076923074,0.5142234581271419,decrease,2082,forecast,False
4007,Black Forest,DJF,29,0.15170177571444227,0.018439424772758103,0.5864526254323217,increase,2078,forecast,False
4007,Black Forest,MAM,29,0.17334918830284923,0.04054800724637693,0.32013656844448835,increase,2038,forecast,False
4007,Black Forest,JJA,29,0.17570898957147923,0.023932864450127843,0.11948968635469837,increase,2069,forecast,False
4007,Black Forest,SON,29,0.056648648327016396,0.011577204846435658,0.5114817794495523,increase,2044,forecast,False
4008,Black Forest,DJF,33,0.18472601639921687,0.0659737654320989,0.19843040968125814,increase,2022,forecast,False
4008,Black Forest,MAM,32,0.21811246319408262,0.022425163906142163,0.5925510100829448,increase,2091,forecast,False
4008,Black Forest,JJA,32,0.17727618739510773,0.005178720735785949,0.9353765292166933,increase,,none,False
4008,Black Forest,SON,32,0.10643494427360974,0.015090370156159626,0.54850039361213,increase,2065,forecast,False
4009,Black Forest,DJF,33,0.17859351966241435,0.06375617283950617,0.19843040968125814,increase,2022,forecast,False
4009,Black Forest,MAM,32,0.21089981022514923,0.02167788129744648,0.5925510100829448,increase,2091,forecast,False
4009,Black Forest,JJA,32,0.1714173718434291,0.0050224707357859714,0.9353765292166933,increase,,none,False
4009,Black Forest,SON,32,0.10291273263551591,0.01451706188548293,0.5377458862517748,increase,2065,forecast,False
4010,Black Forest,DJF,35,0.2681780941562098,0.09950407000407022,0.13223365483275296,increase,2020,observed,False
4010,Black Forest,MAM,34,0.6284083325160633,0.06839920948616618,0.5142234581271419,increase,2085,forecast,False
4010,Black Forest,JJA,34,0.8850132263667739,-0.09488354037267095,0.4952867602977147,decrease,2086,forecast,False
4010,Black Forest,SON,34,0.4622849783134458,0.15150183150183238,0.11609185700722136,increase,2024,forecast,False
4011,Black Forest,DJF,34,0.22912981998209214,0.010176470588235348,0.9291243012099806,increase,,none,False
4011,Black Forest,MAM,34,0.39147137957910566,-0.09102301790281317,0.2994046070393095,decrease,2036,forecast,False
4011,Black Forest,JJA,34,0.30906850150963133,-0.07226449275362315,0.17261516227968454,decrease,2036,forecast,False
4011,Black Forest,SON,34,0.22855287732268828,-0.038731268731268746,0.42340961568627655,decrease,2052,forecast,False
4012,Black Forest,DJF,38,0.41089724787324866,-0.06327757427757419,0.279615358042137,decrease,2056,forecast,False
4012,Black Forest,MAM,37,0.43892477015758835,-0.08394782608695686,0.30149552170586214,decrease,2044,forecast,False
4012,Black Forest,JJA,36,0.2799102077470147,-0.06913975155279505,0.13055440660892748,decrease,2032,forecast,False
4012,Black Forest,SON,36,0.22331545776510503,-0.062061063936063796,0.2819046108192158,decrease,2027,forecast,False
4013,Black Forest,DJF,33,0.41351561977356843,0.004538644688644881,0.96292509372887,increase,,none,False
4013,Black Forest,MAM,32,0.5838784381480723,-0.07556801026570048,0.4655488870531288,decrease,2071,forecast,False
4013,Black Forest,JJA,32,0.3621955373963128,-0.07119314381270889,0.39008015276214913,decrease,2045,forecast,False
4013,Black Forest,SON,32,0.35130981116839105,-0.08061601859678785,0.3069529533583135,decrease,2038,forecast,False
4014,Black Forest,DJF,37,0.4067901479600838,-0.043602831196581156,0.6660299201417486,decrease,2085,forecast,False
4014,Black Forest,MAM,36,0.6461153208666741,-0.15265851449275367,0.1606311244444698,decrease,2034,forecast,False
4014,Black Forest,JJA,37,0.4300548882573933,0.011121894409937947,0.8649901175825423,increase,,none,False
4014,Black Forest,SON,37,0.4537907833187845,-0.07200845308537625,0.4403193881279295,decrease,2055,forecast,False
4015,Black Forest,DJF,38,0.47815630989309554,-0.02798888888888899,0.632840693851598,decrease,,none,False
4015,Black Forest,MAM,37,0.4548784641098617,-0.10583605072463766,0.2339763643043411,decrease,2034,forecast,False
4015,Black Forest,JJA,38,0.34917579775234137,-0.013782608695652156,0.7437665722846407,decrease,,none,False
4015,Black Forest,SON,38,0.4022778233201113,-0.08964835164835165,0.16669260933339625,decrease,2036,forecast,False
4016,Black Forest,DJF,38,0.8729197527993585,-0.02430180930180931,0.8014754175793353,decrease,,none,False
4016,Black Forest,MAM,38,1.2074352411237865,-0.164497282608696,0.22746955681557246,decrease,2064,forecast,False
4016,Black Forest,JJA,38,0.7198100430879005,0.026389751552795233,0.7821011605739105,increase,,none,False
4016,Black Forest,SON,38,1.0146308655808598,-0.044715719063545045,0.7821011605739105,decrease,,none,False
4017,Black Forest,DJF,38,0.5806472369178649,-0.01964848731515392,0.8209725423085437,decrease,,none,False
4017,Black Forest,MAM,37,0.6591024111695799,-0.09634239130434812,0.326634122741402,decrease,2060,forecast,False
4017,Black Forest,JJA,37,0.4725801099484631,-0.048820747520976336,0.5387479615505166,decrease,2088,forecast,False
4017,Black Forest,SON,38,0.5244564609649499,-0.08591208791208782,0.21793165186589158,decrease,2052,forecast,False
4018,Black Forest,DJF,35,0.3451633519142339,0.002873792873792989,0.9546999508650751,increase,,none,False
4018,Black Forest,MAM,34,0.35936149606419576,-0.08646739130434747,0.22413567532570777,decrease,2035,forecast,False
4018,Black Forest,JJA,34,0.370783703276758,-0.03913043478260862,0.45855874552468423,decrease,2088,forecast,False
4018,Black Forest,SON,34,0.2980584243021442,-0.008424908424908376,0.8355864341125854,decrease,,none,False
4019,Black Forest,DJF,11,,,,none,,none,True
4019,Black Forest,MAM,11,,,,none,,none,True
4019,Black Forest,JJA,11,,,,none,,none,True
4019,Black Forest,SON,10,,,,none,,none,True
4020,Black Forest,DJF,38,0.8732274294365953,-0.09873504273504291,0.36537154850862086,decrease,2080,forecast,False
4020,Black Forest,MAM,38,1.371406675970661,-0.33253623188405823,0.11901621744361224,decrease,2032,forecast,False
4020,Black Forest,JJA,38,0.7881959770496345,-0.060117753623188205,0.7437665722846407,decrease,,none,False
4020,Black Forest,SON,38,1.0385877232361302,-0.09033751962323391,0.5801512457006335,decrease,,none,False
4021,Black Forest,DJF,37,0.8347979977094697,0.09985588056602505,0.4403193881279295,increase,2076,forecast,False
4021,Black Forest,MAM,36,1.374527866155709,-0.11567739414606372,0.4537672973691913,decrease,,none,False
4021,Black Forest,JJA,36,0.8279145089531114,-0.012178442028979074,0.8808988697656468,decrease,,none,False
4021,Black Forest,SON,36,0.963545140694825,0.008954281013104583,0.967405367717791,increase,,none,False
4022,Black Forest,DJF,24,,,,none,,none,True
4022,Black Forest,MAM,23,,,,none,,none,True
4022,Black Forest,JJA,23,,,,none,,none,True
4022,Black Forest,SON,23,,,,none,,none,True
4023,Black Forest,DJF,36,0.9037788368819384,-0.054190352857019786,0.774848422162878,decrease,,none,False
4023,Black Forest,MAM,37,1.6813527895744549,-0.22707665903890184,0.15398439966393096,decrease,2065,forecast,False
4023,Black Forest,JJA,38,0.8021875686449534,-0.021747491638795993,0.899954323586782,decrease,,none,False
4023,Black Forest,SON,37,1.0799117420094453,-0.06808139229191866,0.6660299201417486,decrease,,none,False
4024,Black Forest,DJF,38,0.8627680918753596,-0.09601406256578632,0.5296140782563044,decrease,2081,forecast,False
4024,Black Forest,MAM,38,2.127890972944134,-0.3485947204968947,0.15911527765643219,decrease,2052,forecast,False
4024,Black Forest,JJA,38,1.0534680068493865,-0.1237554347826082,0.5974854542954886,decrease,2076,forecast,False
4024,Black Forest,SON,38,1.690764410094506,-0.060293040293039925,0.8405809140670599,decrease,,none,False
4025,Black Forest,DJF,36,0.8449333028301833,0.04753494697024115,0.5580781774416292,increase,,none,False
4025,Black Forest,MAM,36,1.6826164508430488,-0.21240726363009005,0.26990019525158404,decrease,2071,forecast,False
4025,Black Forest,JJA,36,0.9163858372519242,-0.031393317230273686,0.8808988697656468,decrease,,none,False
4025,Black Forest,SON,36,1.0810723718961657,0.027241554741554798,0.9240398006814219,increase,,none,False
4026,Black Forest,DJF,38,1.010471576747899,-0.10920146520146279,0.5132799413524292,decrease,2084,forecast,False
4026,Black Forest,MAM,38,1.8721391294952474,-0.44605237154150207,0.025234162425912032,decrease,2033,forecast,False
4026,Black Forest,JJA,37,1.100163152344069,-0.1336538461538463,0.40995687995177965,decrease,2073,forecast,False
4026,Black Forest,SON,38,1.381451944637058,-0.06148028442146092,0.7248282628697524,decrease,,none,False
5001,Plateau,DJF,27,,,,none,,none,True
5001,Plateau,MAM,26,,,,none,,none,True
5001,Plateau,JJA,26,,,,none,,none,True
5001,Plateau,SON,24,,,,none,,none,True
5002,Plateau,DJF,26,,,,none,,none,True
5002,Plateau,MAM,25,,,,none,,none,True
5002,Plateau,JJA,25,,,,none,,none,True
5002,Plateau,SON,25,,,,none,,none,True
5003,Plateau,DJF,37,0.9196822567819251,-0.019307981492192535,0.947859977968412,decrease,,none,False
5003,Plateau,MAM,39,0.6984963682917465,-0.058519490254872575,0.5293245899568817,decrease,,none,False
5003,Plateau,JJA,37,0.37155102132449613,2.2378516624053387e-05,1.0,increase,,none,False
5003,Plateau,SON,37,0.8494816078591337,-0.16162207357859532,0.1076814338591705,decrease,2043,forecast,False
5004,Jura,DJF,2,,,,none,,none,True
5004,Jura,MAM,6,,,,none,,none,True
5004,Jura,JJA,5,,,,none,,none,True
5004,Jura,SON,5,,,,none,,none,True
5005,Jura,DJF,20,,,,none,,none,True
5005,Jura,MAM,24,,,,none,,none,True
5005,Jura,JJA,21,,,,none,,none,True
5005,Jura,SON,21,,,,none,,none,True
5006,Jura,DJF,35,19.816239686670436,1.5146868686868746,0.609174923535674,increase,,none,False
5006,Jura,MAM,32,25.70898417057107,1.8180880713489316,0.6381570271128183,increase,,none,False
5006,Jura,JJA,30,14.048479774025871,0.15599184782608688,0.9147523390847367,increase,,none,False
5006,Jura,SON,36,19.34739864603767,-5.22099882260596,0.09932636867264089,decrease,2028,forecast,False
5007,Jura,DJF,3,,,,none,,none,True
5007,Jura,MAM,3,,,,none,,none,True
5007,Jura,JJA,3,,,,none,,none,True
5007,Jura,SON,3,,,,none,,none,True
5008,Plateau,DJF,22,0.794499868988521,-0.26972839506172797,0.14256865901357507,decrease,2021,forecast,False
5008,Plateau,MAM,22,0.8533178540839352,-0.7251755852842799,0.0369200731625019,decrease,2003,observed,False
5008,Plateau,JJA,21,0.6092681654863066,-0.06815838509316699,0.41489093965848545,decrease,2080,forecast,False
5008,Plateau,SON,23,0.7412408656729382,-0.289089481946625,0.20490442371975082,decrease,2017,observed,False
5009,Jura,DJF,37,0.9071634860482858,0.04644179066547512,0.7835801504291398,increase,,none,False
5009,Jura,MAM,39,1.1495342708733394,-0.15453213610586009,0.3453965562420982,decrease,2065,forecast,False
5009,Jura,JJA,38,0.5041906665381801,0.02351258581235702,0.7821011605739105,increase,,none,False
5009,Jura,SON,38,0.836742728514046,-0.23271062271062296,0.04168527148667445,decrease,2027,forecast,False
5010,Jura,DJF,18,,,,none,,none,True
5010,Jura,MAM,19,,,,none,,none,True
5010,Jura,JJA,16,,,,none,,none,True
5010,Jura,SON,15,,,,none,,none,True
5011,Jura,DJF,27,0.8086151402258523,-0.08288888888888865,0.5594130972023401,decrease,2090,forecast,False
5011,Jura,MAM,27,0.7718350971917322,-0.16466485507246403,0.35900429696743297,decrease,2038,forecast,False
5011,Jura,JJA,28,0.4480724619571247,-0.020452898550724703,0.8900067739861677,decrease,,none,False
5011,Jura,SON,28,0.6437233230708669,-0.28847252747252755,0.06615731170562111,decrease,2014,observed,False
5012,Jura,DJF,35,1.0432121125006073,-0.05146405228758161,0.7547126102355206,decrease,,none,False
5012,Jura,MAM,36,1.1157794965793355,-0.279517958412098,0.08365644321423482,decrease,2032,forecast,False
5012,Jura,JJA,34,0.5708705348528867,0.04829192546583856,0.7220003552092338,increase,,none,False
5012,Jura,SON,33,0.9851366952738422,-0.3397500000000002,0.09124032355472544,decrease,2021,forecast,False
5013,Jura,DJF,27,0.9433950032380066,-0.00952913158270333,0.9667427806663149,decrease,,none,False
5013,Jura,MAM,28,0.9262909223159806,-0.22950407608695655,0.29505551931395413,decrease,2034,forecast,False
5013,Jura,JJA,30,0.5202167463406127,0.023858695652173995,0.9147523390847367,increase,,none,False
5013,Jura,SON,29,0.8934857276989654,-0.39961478082357216,0.04089147382776326,decrease,2017,observed,False
5014,Jura,DJF,38,0.8932669021926157,-0.0898231768231769,0.6508450294523307,decrease,2091,forecast,False
5014,Jura,MAM,39,1.0687033471729623,-0.1879808959156784,0.29818612881587514,decrease,2048,forecast,False
5014,Jura,JJA,38,0.4173073500842967,-0.012572463768115839,0.9198876540782883,decrease,,none,False
5014,Jura,SON,38,0.7486469983710902,-0.26328154604016674,0.028705209691544775,decrease,2019,observed,False
5015,Plateau,DJF,37,0.9396288281498422,-0.045489958508057926,0.6284436367082953,decrease,,none,False
5015,Plateau,MAM,39,0.754441148856599,-0.2529503105590062,0.03129956141415091,decrease,2021,forecast,False
5015,Plateau,JJA,36,0.43921606477112995,-0.08358535805626596,0.1110156560699953,decrease,2044,forecast,False
5015,Plateau,SON,38,0.695507133708122,-0.2133447802197802,0.03467958795505921,decrease,2024,forecast,False
5016,Jura,DJF,17,,,,none,,none,True
5016,Jura,MAM,17,,,,none,,none,True
5016,Jura,JJA,16,,,,none,,none,True
5016,Jura,SON,16,,,,none,,none,True
5017,Alps North,DJF,34,1.2770535716305704,-0.4644791666666665,0.010778341787808898,decrease,2019,observed,False
5017,Alps North,MAM,38,2.349239251996042,-1.3977275815217394,0.0005716894846392595,decrease,2008,observed,False
5017,Alps North,JJA,36,1.7735951019060587,-0.9578985507246368,5.8653427908783584e-05,decrease,2009,observed,False
5017,Alps North,SON,37,1.461546834277551,-0.9261350078492936,2.6890144817270922e-05,decrease,2007,observed,False
5018,Plateau,DJF,29,0.7992970986207304,-0.06433399203136043,0.6391042707127212,decrease,,none,False
5018,Plateau,MAM,31,1.092438573478891,-0.2529451345755693,0.029589571342436338,decrease,2031,forecast,False
5018,Plateau,JJA,30,0.44418096589047407,-0.07649209486166006,0.1989481007752456,decrease,2045,forecast,False
5018,Plateau,SON,30,0.630982041114702,-0.15947802197802202,0.08676057117588454,decrease,2027,forecast,False
5019,Plateau,DJF,37,0.7269159133622048,0.0616474358974358,0.685150206155831,increase,,none,False
5019,Plateau,MAM,39,1.2312765310914382,-0.32886956521739164,0.12152609711609252,decrease,2028,forecast,False
5019,Plateau,JJA,36,0.7626176245792351,-0.1689201750934488,0.1606311244444698,decrease,2037,forecast,False
5019,Plateau,SON,37,0.9254230301028077,-0.28523186813186796,0.05132489360068204,decrease,2023,forecast,False
5020,Plateau,DJF,28,1.197502884563513,0.09381935965269272,0.5937387052742729,increase,,none,False
5020,Plateau,MAM,31,1.3662470192169172,-0.3151811594202899,0.1533785068859166,decrease,2035,forecast,False
5020,Plateau,JJA,28,0.7058695922534202,-0.121836956521739,0.22814629250030505,decrease,2049,forecast,False
5020,Plateau,SON,28,1.055829700521404,-0.2203094474969476,0.21325648747295367,decrease,2039,forecast,False
5021,Jura,DJF,30,0.8449276876599056,0.03235714285714286,0.9147523390847367,increase,,none,False
5021,Jura,MAM,30,0.9703770037362305,-0.14864130434782605,0.5206932698330875,decrease,2057,forecast,False
5021,Jura,JJA,27,0.4016378188172114,-0.008641304347826173,0.8675468701977536,decrease,,none,False
5021,Jura,SON,26,0.5676591772430326,-0.12580219780219792,0.3321321174074414,decrease,2036,forecast,False
5022,Alps North,DJF,8,,,,none,,none,True
5022,Alps North,MAM,9,,,,none,,none,True
5022,Alps North,JJA,8,,,,none,,none,True
5022,Alps North,SON,7,,,,none,,none,True
5023,Alps North,DJF,28,0.8018843637465112,0.1613864688552189,0.2601140477282804,increase,2041,forecast,False
5023,Alps North,MAM,30,1.4385023908151418,0.01694664031620481,0.9715358738879936,increase,,none,False
5023,Alps North,JJA,27,0.9449269497811125,-0.12210997442455247,0.4784517390861751,decrease,2068,forecast,False
5023,Alps North,SON,28,1.0116077922299747,-0.17395701357466092,0.3955862561437875,decrease,2049,forecast,False
5024,Jura,DJF,0,,,,none,,none,True
5024,Jura,MAM,1,,,,none,,none,True
5024,Jura,JJA,1,,,,none,,none,True
5024,Jura,SON,0,,,,none,,none,True
5025,Alps West,DJF,8,,,,none,,none,True
5025,Alps West,MAM,9,,,,none,,none,True
5025,Alps West,JJA,8,,,,none,,none,True
5025,Alps West,SON,8,,,,none,,none,True
5026,Alps North,DJF,36,0.8059150213914147,-0.08218392480535353,0.6728442148625922,decrease,2090,forecast,False
5026,Alps North,MAM,36,1.7366882712964327,-0.27361822994752616,0.2819046108192158,decrease,2054,forecast,False
5026,Alps North,JJA,37,0.9822892276025014,-0.454773550724637,0.004179650000413426,decrease,2013,observed,False
5026,Alps North,SON,37,1.0482315366762522,-0.507639652014652,0.0014820878099115475,decrease,2012,observed,False
5027,Alps West,DJF,24,0.4429269902208033,-0.006756292852446657,0.9802109790485438,decrease,,none,False
5027,Alps West,MAM,29,0.8370025666636216,0.021131549609812006,0.8659362154363435,increase,,none,False
5027,Alps West,JJA,28,1.1477808690316795,-0.0822648162525878,0.6782246933005027,decrease,,none,False
5027,Alps West,SON,28,0.727650063805493,-0.248478327228327,0.1856070821521849,decrease,2022,forecast,False
5028,Alps North,DJF,7,,,,none,,none,True
5028,Alps North,MAM,7,,,,none,,none,True
5028,Alps North,JJA,8,,,,none,,none,True
5028,Alps North,SON,8,,,,none,,none,True
5029,Alps North,DJF,20,,,,none,,none,True
5029,Alps North,MAM,18,,,,none,,none,True
5029,Alps North,JJA,15,,,,none,,none,True
5029,Alps North,SON,19,,,,none,,none,True
5030,Jura,DJF,26,,,,none,,none,True
5030,Jura,MAM,24,,,,none,,none,True
5030,Jura,JJA,23,,,,none,,none,True
5030,Jura,SON,24,,,,none,,none,True
5031,Alps West,DJF,34,0.23962998216211276,0.022958333333333372,0.6352273936721518,increase,2096,forecast,False
5031,Alps West,MAM,33,0.570197393531063,0.22225776217793883,0.005039645462999731,increase,2016,observed,False
5031,Alps West,JJA,34,1.161767565666978,0.5302717391304338,0.020743917420146474,increase,2013,observed,False
5031,Alps West,SON,35,0.5480874394863732,-0.04522321428571424,0.609174923535674,decrease,,none,False
5032,Jura,DJF,38,1.025403430778591,0.03700000000000022,0.9198876540782883,increase,,none,False
5032,Jura,MAM,39,1.1810486247814196,-0.21520421607378076,0.2657461083422321,decrease,2046,forecast,False
5032,Jura,JJA,38,0.573382000762478,-0.026688179347826024,0.7821011605739105,decrease,,none,False
5032,Jura,SON,38,0.7528246951408124,-0.243050397877984,0.08730673860921656,decrease,2022,forecast,False
6001,Alps West,DJF,6,,,,none,,none,True
6001,Alps West,MAM,7,,,,none,,none,True
6001,Alps West,JJA,7,,,,none,,none,True
6001,Alps West,SON,7,,,,none,,none,True
6002,Alps West,DJF,6,,,,none,,none,True
6002,Alps West,MAM,6,,,,none,,none,True
6002,Alps West,JJA,5,,,,none,,none,True
6002,Alps West,SON,6,,,,none,,none,True
6003,Alps South,DJF,6,,,,none,,none,True
6003,Alps South,MAM,6,,,,none,,none,True
6003,Alps South,JJA,6,,,,none,,none,True
6003,Alps South,SON,5,,,,none,,none,True
6004,Alps South,DJF,9,,,,none,,none,True
6004,Alps South,MAM,13,,,,none,,none,True
6004,Alps South,JJA,12,,,,none,,none,True
6004,Alps South,SON,13,,,,none,,none,True
6005,Alps West,DJF,14,,,,none,,none,True
6005,Alps West,MAM,16,,,,none,,none,True
6005,Alps West,JJA,16,,,,none,,none,True
6005,Alps West,SON,14,,,,none,,none,True
6006,Alps West,DJF,6,,,,none,,none,True
6006,Alps West,MAM,6,,,,none,,none,True
6006,Alps West,JJA,6,,,,none,,none,True
6006,Alps West,SON,5,,,,none,,none,True
6007,Alps South,DJF,19,,,,none,,none,True
6007,Alps South,MAM,18,,,,none,,none,True
6007,Alps South,JJA,19,,,,none,,none,True
6007,Alps South,SON,19,,,,none,,none,True
6008,Alps West,DJF,17,,,,none,,none,True
6008,Alps West,MAM,17,,,,none,,none,True
6008,Alps West,JJA,17,,,,none,,none,True
6008,Alps West,SON,17,,,,none,,none,True
6009,Alps South,DJF,14,,,,none,,none,True
6009,Alps South,MAM,15,,,,none,,none,True
6009,Alps South,JJA,14,,,,none,,none,True
6009,Alps South,SON,15,,,,none,,none,True
6010,Alps South,DJF,5,,,,none,,none,True
6010,Alps South,MAM,6,,,,none,,none,True
6010,Alps South,JJA,6,,,,none,,none,True
6010,Alps South,SON,6,,,,none,,none,True
6011,Alps South,DJF,5,,,,none,,none,True
6011,Alps South,MAM,5,,,,none,,none,True
6011,Alps South,JJA,2,,,,none,,none,True
6011,Alps South,SON,4,,,,none,,none,True
