run_name,loss_fn,lr,dropout,weight_decay,static_encoder,global_encoder,med_sst_agg,pinball_quantile,drought_weight,weighted_loss_mode,val/drought_f1_pooled,val/clim/rmse_median,val/drought_rocauc_median,test/rmse_pooled,test/mae_pooled,test/corr_pooled,test/persistence/rmse_pooled,test/clim/rmse_pooled,test/trend/rmse_pooled,test/rmse_vs_trend,test/drought_f1_pooled,test/drought_tpr_pooled,test/drought_rocauc_median,test/rmse_median,test/corr_median,test/persistence/rmse_median,test/clim/rmse_median,test/trend/rmse_median,test/trend/corr_median,test/residual_floor,test/drought_f1_median,test/drought_acc_median,test/drought_tpr_median
weighted_mse_w5_threshold_naive_film_lr3e-03_do0.1_wd1e-04,weighted_mse,0.003,0.1,0.0001,naive,film,grouped,0.2,5,threshold,0.4020337462425232,1.0044255256652832,0.8396226167678833,,,,,,,,0.4785080850124359,,0.8848848938941956,1.0510879755020142,0.4496492147445678,1.3305097818374634,1.0773723125457764,1.065096378326416,0.0944061130285263,1.0607430934906006,0.4117647111415863,0.8833333253860474,0.5555555820465088
weighted_mse_w1_hinge_naive_film_lr3e-03_do0.1_wd0e+00,weighted_mse,0.003,0.1,0,naive,film,grouped,0.2,1,hinge,0.32892507314682007,1.0044255256652832,0.8161244988441467,,,,,,,,0.4747941493988037,,0.8949124217033386,1.029352784156799,0.4535104930400848,1.3305097818374634,1.0773723125457764,1.065096378326416,0.0944061130285263,1.0607430934906006,0.4347825944423675,0.875,0.5714285969734192
weighted_mse_w1_hinge_naive_film_lr3e-03_do0.0_wd0e+00,weighted_mse,0.003,0,0,naive,film,grouped,0.2,1,hinge,0.38235488533973694,1.0044255256652832,0.838942289352417,,,,,,,,0.45792996883392334,,0.8818181753158569,1.0211679935455322,0.4758581221103668,1.3305097818374634,1.0773723125457764,1.065096378326416,0.0944061130285263,1.0607430934906006,0.4166666567325592,0.8666666746139526,0.5833333134651184
weighted_mse_w1_hinge_naive_film_lr3e-03_do0.0_wd1e-04,weighted_mse,0.003,0,0.0001,naive,film,grouped,0.2,1,hinge,0.36654025316238403,1.0044255256652832,0.8153594732284546,,,,,,,,0.4515216946601868,,0.8886956572532654,1.0544469356536863,0.4444203078746796,1.3305097818374634,1.0773723125457764,1.065096378326416,0.0944061130285263,1.0607430934906006,0.3636363744735718,0.875,0.4285714328289032
pinball_q0.20_seasonal_naive_lr1e-03_do0.0_wd1e-04,pinball,0.001,0,0.0001,seasonal,naive,grouped,0.2,5,threshold,0.3430144190788269,1.0044255256652832,0.8562091588973999,1.157442927360535,0.8657624125480652,0.45468437671661377,1.348867654800415,1.0758272409439087,1.065900802612305,-0.09154212474822998,0.4492218494415283,0.6362795829772949,0.8780952095985413,1.128731608390808,0.4765388071537018,1.3305097818374634,1.0773723125457764,1.065096378326416,0.0944061130285263,1.0607430934906006,0.4117646813392639,0.8416666388511658,0.6666666865348816
weighted_mse_w1_hinge_naive_film_lr3e-03_do0.1_wd1e-04,weighted_mse,0.003,0.1,0.0001,naive,film,grouped,0.2,1,hinge,0.33336445689201355,1.0044255256652832,0.8088235259056091,,,,,,,,0.4435986876487732,,0.8792235851287842,1.0198601484298706,0.4659309983253479,1.3305097818374634,1.0773723125457764,1.065096378326416,0.0944061130285263,1.0607430934906006,0.3846153616905213,0.875,0.4444444477558136
weighted_mse_w5_threshold_naive_film_lr3e-03_do0.0_wd1e-04,weighted_mse,0.003,0,0.0001,naive,film,grouped,0.2,5,threshold,0.3875790536403656,1.0044255256652832,0.8252426981925964,,,,,,,,0.4421756863594055,,0.8679245114326477,1.104866623878479,0.4230552315711975,1.3305097818374634,1.0773723125457764,1.065096378326416,0.0944061130285263,1.0607430934906006,0.37037038803100586,0.875,0.4444444477558136
weighted_mse_w5_threshold_naive_film_lr3e-03_do0.0_wd0e+00,weighted_mse,0.003,0,0,naive,film,grouped,0.2,5,threshold,0.35611313581466675,1.0044255256652832,0.8252426981925964,,,,,,,,0.4367527961730957,,0.8765217661857605,1.1075034141540527,0.4571622312068939,1.3305097818374634,1.0773723125457764,1.065096378326416,0.0944061130285263,1.0607430934906006,0.4000000059604645,0.8500000238418579,0.625
weighted_mse_w5_absolute_naive_film_lr1e-03_do0.0_wd0e+00,weighted_mse,0.001,0,0,naive,film,grouped,0.2,5,absolute,0.34416481852531433,1.0044255256652832,0.8293269276618958,,,,,,,,0.4302007853984833,,0.8781818151473999,1.151290774345398,0.4288648962974548,1.3305097818374634,1.0773723125457764,1.065096378326416,0.0944061130285263,1.0607430934906006,0.3333333432674408,0.8916666507720947,0.3333333432674408
weighted_mse_w1_threshold_naive_film_lr3e-03_do0.1_wd1e-04,weighted_mse,0.003,0.1,0.0001,naive,film,grouped,0.2,1,threshold,0.26424750685691833,1.0044255256652832,0.844660222530365,,,,,,,,0.4278698265552521,,0.8773978352546692,1.0352160930633545,0.4541820287704468,1.3305097818374634,1.0773723125457764,1.065096378326416,0.0944061130285263,1.0607430934906006,0.3529411554336548,0.875,0.4166666567325592
weighted_mse_w5_absolute_naive_film_lr1e-03_do0.1_wd1e-04,weighted_mse,0.001,0.1,0.0001,naive,film,grouped,0.2,5,absolute,0.26885148882865906,1.0044255256652832,0.8407766819000244,,,,,,,,0.4226007163524628,,0.8996913433074951,1.1395292282104492,0.45634740591049194,1.3305097818374634,1.0773723125457764,1.065096378326416,0.0944061130285263,1.0607430934906006,0.3333333432674408,0.8916666507720947,0.3076923191547394
weighted_mse_w1_absolute_naive_film_lr1e-03_do0.1_wd1e-04,weighted_mse,0.001,0.1,0.0001,naive,film,grouped,0.2,1,absolute,0.26885148882865906,1.0044255256652832,0.8407766819000244,,,,,,,,0.4226007163524628,,0.8996913433074951,1.1395292282104492,0.45634740591049194,1.3305097818374634,1.0773723125457764,1.065096378326416,0.0944061130285263,1.0607430934906006,0.3333333432674408,0.8916666507720947,0.3076923191547394
pinball_q0.20_naive_film_lr1e-03_do0.1_wd1e-04,pinball,0.001,0.1,0.0001,naive,film,grouped,0.2,5,threshold,0.34917113184928894,1.0044255256652832,0.7826797366142273,1.116813898086548,0.8533222675323486,0.37234827876091,1.348867654800415,1.0758272409439087,1.065900802612305,-0.05091309547424317,0.4224102199077606,0.4501323997974396,0.8699460625648499,1.1086831092834473,0.4142006039619446,1.3305097818374634,1.0773723125457764,1.065096378326416,0.0944061130285263,1.0607430934906006,0.20000000298023224,0.8916666507720947,0.1428571492433548
weighted_mse_w1_threshold_naive_film_lr3e-03_do0.1_wd0e+00,weighted_mse,0.003,0.1,0,naive,film,grouped,0.2,1,threshold,0.17675095796585083,1.0044255256652832,0.8594771027565002,,,,,,,,0.4217260181903839,,0.8788580298423767,1.0421658754348757,0.4396500289440155,1.3305097818374634,1.0773723125457764,1.065096378326416,0.0944061130285263,1.0607430934906006,0.3333333432674408,0.8833333253860474,0.3571428656578064
pinball_q0.20_single_film_lr1e-03_do0.1_wd0e+00,pinball,0.001,0.1,0,single,film,grouped,0.2,5,threshold,0.30175647139549255,1.0044255256652832,0.8380952477455139,,,,,,,,0.4208458364009857,,0.852173924446106,1.1896122694015503,0.3946880996227264,1.3305097818374634,1.0773723125457764,1.065096378326416,0.0944061130285263,1.0607430934906006,0.3703703582286834,0.8333333134651184,0.6000000238418579
weighted_mse_w5_hinge_naive_film_lr3e-03_do0.0_wd0e+00,weighted_mse,0.003,0,0,naive,film,grouped,0.2,5,hinge,0.37049630284309387,1.0044255256652832,0.8213592171669006,,,,,,,,0.4179142415523529,,0.859682559967041,1.071422100067139,0.4368608593940735,1.3305097818374634,1.0773723125457764,1.065096378326416,0.0944061130285263,1.0607430934906006,0.3870967626571655,0.8500000238418579,0.5625
weighted_mse_w1_hinge_naive_film_lr1e-03_do0.1_wd1e-04,weighted_mse,0.001,0.1,0.0001,naive,film,grouped,0.2,1,hinge,0.29368793964385986,1.0044255256652832,0.8213592171669006,,,,,,,,0.4173760712146759,,0.8827160596847534,1.0378073453903198,0.4685055613517761,1.3305097818374634,1.0773723125457764,1.065096378326416,0.0944061130285263,1.0607430934906006,0.320000022649765,0.875,0.375
weighted_mse_w5_absolute_naive_film_lr3e-03_do0.1_wd0e+00,weighted_mse,0.003,0.1,0,naive,film,grouped,0.2,5,absolute,0.308993399143219,1.0044255256652832,0.8100961446762085,,,,,,,,0.4141110181808472,,0.854045033454895,1.235998034477234,0.433780312538147,1.3305097818374634,1.0773723125457764,1.065096378326416,0.0944061130285263,1.0607430934906006,0.3913043439388275,0.8083333373069763,0.75
weighted_mse_w1_absolute_naive_film_lr3e-03_do0.1_wd0e+00,weighted_mse,0.003,0.1,0,naive,film,grouped,0.2,1,absolute,0.308993399143219,1.0044255256652832,0.8100961446762085,,,,,,,,0.4141110181808472,,0.854045033454895,1.235998034477234,0.433780312538147,1.3305097818374634,1.0773723125457764,1.065096378326416,0.0944061130285263,1.0607430934906006,0.3913043439388275,0.8083333373069763,0.75
pinball_q0.20_single_naive_lr3e-03_do0.0_wd0e+00,pinball,0.003,0,0,single,naive,grouped,0.2,5,threshold,0.3162350058555603,1.0044255256652832,0.826797366142273,,,,,,,,0.4134356379508972,,0.8425396680831909,1.100452542304993,0.431570827960968,1.3305097818374634,1.0773723125457764,1.065096378326416,0.0944061130285263,1.0607430934906006,0.363636314868927,0.8416666388511658,0.5
weighted_mse_w5_hinge_naive_film_lr1e-03_do0.0_wd0e+00,weighted_mse,0.001,0,0,naive,film,grouped,0.2,5,hinge,0.28648844361305237,1.0044255256652832,0.7746031880378723,,,,,,,,0.40882158279418945,,0.8545751571655273,1.0179880857467651,0.42697829008102417,1.3305097818374634,1.0773723125457764,1.065096378326416,0.0944061130285263,1.0607430934906006,0.25,0.8833333253860474,0.2142857164144516
weighted_mse_w5_threshold_naive_film_lr1e-03_do0.1_wd0e+00,weighted_mse,0.001,0.1,0,naive,film,grouped,0.2,5,threshold,0.22998441755771637,1.0044255256652832,0.7968254089355469,,,,,,,,0.4076187014579773,,0.8677210807800293,1.0488423109054563,0.4713681638240814,1.3305097818374634,1.0773723125457764,1.065096378326416,0.0944061130285263,1.0607430934906006,0.34285715222358704,0.8583333492279053,0.4166666567325592
weighted_mse_w5_threshold_single_film_lr1e-03_do0.1_wd1e-04,weighted_mse,0.001,0.1,0.0001,single,film,grouped,0.2,5,threshold,0.34737467765808105,1.0044255256652832,0.8398692607879639,,,,,,,,0.4059326946735382,,0.8673015832901001,1.0643951892852783,0.4196196496486664,1.3305097818374634,1.0773723125457764,1.065096378326416,0.0944061130285263,1.0607430934906006,0.3478260636329651,0.875,0.3888888955116272
pinball_q0.20_single_film_lr1e-03_do0.1_wd1e-04,pinball,0.001,0.1,0.0001,single,film,grouped,0.2,5,threshold,0.2929205596446991,1.0044255256652832,0.8202614188194275,,,,,,,,0.4059058427810669,,0.8359375,1.1980466842651367,0.3689167499542236,1.3305097818374634,1.0773723125457764,1.065096378326416,0.0944061130285263,1.0607430934906006,0.3333333432674408,0.824999988079071,0.5
cellwise_pinball_single_film_lr3e-03_do0.1_wd1e-04,cellwise_pinball,0.003,0.1,0.0001,single,film,grouped,0.2,5,threshold,0.20491774380207062,1.0044255256652832,0.8037382960319519,,,,,,,,0.4043105542659759,,0.8671182990074158,1.2658275365829468,0.4570933282375336,1.3305097818374634,1.0773723125457764,1.065096378326416,0.0944061130285263,1.0607430934906006,0.3809524178504944,0.7833333611488342,0.8181818127632141
weighted_mse_w5_absolute_naive_film_lr1e-03_do0.1_wd0e+00,weighted_mse,0.001,0.1,0,naive,film,grouped,0.2,5,absolute,0.2454777956008911,1.0044255256652832,0.8077669739723206,,,,,,,,0.4036475419998169,,0.8706199526786804,1.1853691339492798,0.44953852891922,1.3305097818374634,1.0773723125457764,1.065096378326416,0.0944061130285263,1.0607430934906006,0.3225806653499603,0.8500000238418579,0.4444444477558136
weighted_mse_w1_absolute_naive_film_lr1e-03_do0.1_wd0e+00,weighted_mse,0.001,0.1,0,naive,film,grouped,0.2,1,absolute,0.2454777956008911,1.0044255256652832,0.8077669739723206,,,,,,,,0.4036475419998169,,0.8706199526786804,1.1853691339492798,0.44953852891922,1.3305097818374634,1.0773723125457764,1.065096378326416,0.0944061130285263,1.0607430934906006,0.3225806653499603,0.8500000238418579,0.4444444477558136
pinball_q0.20_single_film_lr1e-03_do0.0_wd0e+00,pinball,0.001,0,0,single,film,grouped,0.2,5,threshold,0.2842314541339874,1.0044255256652832,0.8097087144851685,,,,,,,,0.4035472273826599,,0.8248456716537476,1.1821874380111694,0.3727067708969116,1.3305097818374634,1.0773723125457764,1.065096378326416,0.0944061130285263,1.0607430934906006,0.3448276221752167,0.8500000238418579,0.4545454680919647
pinball_q0.20_single_naive_lr3e-03_do0.1_wd1e-04,pinball,0.003,0.1,0.0001,single,naive,grouped,0.2,5,threshold,0.32120198011398315,1.0044255256652832,0.8594771027565002,,,,,,,,0.40192216634750366,,0.8539130687713623,1.0892895460128784,0.458975225687027,1.3305097818374634,1.0773723125457764,1.065096378326416,0.0944061130285263,1.0607430934906006,0.3333333432674408,0.8500000238418579,0.5
weighted_mse_w5_threshold_naive_film_lr3e-03_do0.1_wd0e+00,weighted_mse,0.003,0.1,0,naive,film,grouped,0.2,5,threshold,0.3857846260070801,1.0044255256652832,0.8466019630432129,,,,,,,,0.3990440368652344,,0.8472727537155151,1.135034680366516,0.4223897159099579,1.3305097818374634,1.0773723125457764,1.065096378326416,0.0944061130285263,1.0607430934906006,0.35897430777549744,0.8166666626930237,0.6363636255264282
weighted_mse_w5_absolute_naive_film_lr3e-03_do0.1_wd1e-04,weighted_mse,0.003,0.1,0.0001,naive,film,grouped,0.2,5,absolute,0.36409467458724976,1.0044255256652832,0.8317757248878479,,,,,,,,0.3978983759880066,,0.8695651888847351,1.2232615947723389,0.4406294822692871,1.3305097818374634,1.0773723125457764,1.065096378326416,0.0944061130285263,1.0607430934906006,0.363636314868927,0.8666666746139526,0.4285714328289032
weighted_mse_w1_absolute_naive_film_lr3e-03_do0.1_wd1e-04,weighted_mse,0.003,0.1,0.0001,naive,film,grouped,0.2,1,absolute,0.36409467458724976,1.0044255256652832,0.8317757248878479,,,,,,,,0.3978983759880066,,0.8695651888847351,1.2232615947723389,0.4406294822692871,1.3305097818374634,1.0773723125457764,1.065096378326416,0.0944061130285263,1.0607430934906006,0.363636314868927,0.8666666746139526,0.4285714328289032
pinball_q0.20_single_film_lr1e-03_do0.0_wd1e-04,pinball,0.001,0,0.0001,single,film,grouped,0.2,5,threshold,0.28749915957450867,1.0044255256652832,0.8212500214576721,,,,,,,,0.3961916863918304,,0.8260233998298645,1.2080368995666504,0.36247438192367554,1.3305097818374634,1.0773723125457764,1.065096378326416,0.0944061130285263,1.0607430934906006,0.3225806653499603,0.8416666388511658,0.4545454680919647
cellwise_pinball_single_film_lr3e-03_do0.0_wd1e-04,cellwise_pinball,0.003,0,0.0001,single,film,grouped,0.2,5,threshold,0.20774449408054352,1.0044255256652832,0.7777777910232544,,,,,,,,0.39556941390037537,,0.8518518805503845,1.2729451656341553,0.42660051584243774,1.3305097818374634,1.0773723125457764,1.065096378326416,0.0944061130285263,1.0607430934906006,0.3809524178504944,0.7749999761581421,0.800000011920929
pinball_q0.20_single_film_lr3e-03_do0.1_wd0e+00,pinball,0.003,0.1,0,single,film,grouped,0.2,5,threshold,0.2797936797142029,1.0044255256652832,0.8088235259056091,,,,,,,,0.3944006860256195,,0.8626543283462524,1.0827338695526123,0.45423853397369385,1.3305097818374634,1.0773723125457764,1.065096378326416,0.0944061130285263,1.0607430934906006,0.3571428656578064,0.8500000238418579,0.5
weighted_mse_w5_threshold_naive_film_lr1e-03_do0.0_wd1e-04,weighted_mse,0.001,0,0.0001,naive,film,grouped,0.2,5,threshold,0.329492449760437,1.0044255256652832,0.8253968358039856,,,,,,,,0.39280766248703,,0.8638392686843872,1.0596394538879397,0.4419080317020416,1.3305097818374634,1.0773723125457764,1.065096378326416,0.0944061130285263,1.0607430934906006,0.32258063554763794,0.875,0.3636363744735718
pinball_q0.20_single_naive_lr3e-03_do0.1_wd0e+00,pinball,0.003,0.1,0,single,naive,grouped,0.2,5,threshold,0.3535575568675995,1.0044255256652832,0.8500000238418579,,,,,,,,0.3921443819999695,,0.857272744178772,1.0831242799758911,0.430958479642868,1.3305097818374634,1.0773723125457764,1.065096378326416,0.0944061130285263,1.0607430934906006,0.32258063554763794,0.8500000238418579,0.4615384638309479
cellwise_pinball_single_naive_lr3e-03_do0.1_wd1e-04,cellwise_pinball,0.003,0.1,0.0001,single,naive,grouped,0.2,5,threshold,0.2264440506696701,1.0044255256652832,0.806223452091217,,,,,,,,0.3893449604511261,,0.8529411554336548,1.2525417804718018,0.40060093998909,1.3305097818374634,1.0773723125457764,1.065096378326416,0.0944061130285263,1.0607430934906006,0.3636363446712494,0.8166666626930237,0.6000000238418579
weighted_mse_w5_hinge_naive_film_lr1e-03_do0.1_wd0e+00,weighted_mse,0.001,0.1,0,naive,film,grouped,0.2,5,hinge,0.1843739002943039,1.0044255256652832,0.7696078419685364,,,,,,,,0.3873556852340698,,0.8540618419647217,1.0551031827926636,0.4317130744457245,1.3305097818374634,1.0773723125457764,1.065096378326416,0.0944061130285263,1.0607430934906006,0.31578949093818665,0.8416666388511658,0.4285714328289032
weighted_mse_w5_hinge_naive_film_lr1e-03_do0.0_wd1e-04,weighted_mse,0.001,0,0.0001,naive,film,grouped,0.2,5,hinge,0.2901245057582855,1.0044255256652832,0.7766990065574646,,,,,,,,0.38717254996299744,,0.859649121761322,1.051090121269226,0.4192310273647308,1.3305097818374634,1.0773723125457764,1.065096378326416,0.0944061130285263,1.0607430934906006,0.2500000298023224,0.875,0.2307692319154739
cellwise_pinball_single_naive_lr1e-03_do0.0_wd0e+00,cellwise_pinball,0.001,0,0,single,naive,grouped,0.2,5,threshold,0.20850788056850433,1.0044255256652832,0.8055555820465088,,,,,,,,0.3860947489738464,,0.8225308656692505,1.2934112548828125,0.4021560847759247,1.3305097818374634,1.0773723125457764,1.065096378326416,0.0944061130285263,1.0607430934906006,0.3499999940395355,0.7916666865348816,0.7142857313156128
cellwise_pinball_single_naive_lr3e-03_do0.0_wd1e-04,cellwise_pinball,0.003,0,0.0001,single,naive,grouped,0.2,5,threshold,0.2128102332353592,1.0044255256652832,0.7826797366142273,,,,,,,,0.385709285736084,,0.8649553656578064,1.2961492538452148,0.3978525698184967,1.3305097818374634,1.0773723125457764,1.065096378326416,0.0944061130285263,1.0607430934906006,0.3870967626571655,0.7833333611488342,0.7857142686843872
cellwise_pinball_single_naive_lr3e-03_do0.0_wd0e+00,cellwise_pinball,0.003,0,0,single,naive,grouped,0.2,5,threshold,0.20256370306015015,1.0044255256652832,0.7699999809265137,,,,,,,,0.38565850257873535,,0.857857882976532,1.30078125,0.40423062443733215,1.3305097818374634,1.0773723125457764,1.065096378326416,0.0944061130285263,1.0607430934906006,0.375,0.7666666507720947,0.8181818127632141
weighted_mse_w5_hinge_naive_film_lr1e-03_do0.1_wd1e-04,weighted_mse,0.001,0.1,0.0001,naive,film,grouped,0.2,5,hinge,0.2394481599330902,1.0044255256652832,0.7115384340286255,,,,,,,,0.3844713568687439,,0.868868887424469,1.0306411981582642,0.4388913214206696,1.3305097818374634,1.0773723125457764,1.065096378326416,0.0944061130285263,1.0607430934906006,0.320000022649765,0.8666666746139526,0.3636363744735718
weighted_mse_w5_threshold_seasonal_film_lr1e-03_do0.0_wd1e-04,weighted_mse,0.001,0,0.0001,seasonal,film,grouped,0.2,5,threshold,0.3673369586467743,1.0044255256652832,0.8366013169288635,1.164027214050293,0.9041041731834412,0.2799225151538849,1.348867654800415,1.0758272409439087,1.065900802612305,-0.09812641143798828,0.3827577233314514,0.4336569607257843,0.7706685662269592,1.1402024030685425,0.28181156516075134,1.3305097818374634,1.0773723125457764,1.065096378326416,0.0944061130285263,1.0607430934906006,0.2142857313156128,0.8666666746139526,0.20000000298023224
weighted_mse_w5_threshold_naive_film_lr1e-03_do0.0_wd0e+00,weighted_mse,0.001,0,0,naive,film,grouped,0.2,5,threshold,0.3545694947242737,1.0044255256652832,0.8213592171669006,,,,,,,,0.3817289173603058,,0.8786346316337585,1.038993000984192,0.46379584074020386,1.3305097818374634,1.0773723125457764,1.065096378326416,0.0944061130285263,1.0607430934906006,0.25,0.875,0.25
cellwise_pinball_single_film_lr1e-03_do0.1_wd1e-04,cellwise_pinball,0.001,0.1,0.0001,single,film,grouped,0.2,5,threshold,0.22162894904613495,1.0044255256652832,0.8066037893295288,,,,,,,,0.3812538981437683,,0.8523769974708557,1.3229784965515137,0.4154430329799652,1.3305097818374634,1.0773723125457764,1.065096378326416,0.0944061130285263,1.0607430934906006,0.3529411554336548,0.7749999761581421,0.800000011920929
cellwise_pinball_single_film_lr3e-03_do0.1_wd0e+00,cellwise_pinball,0.003,0.1,0,single,film,grouped,0.2,5,threshold,0.22237738966941833,1.0044255256652832,0.8207547068595886,,,,,,,,0.37989914417266846,,0.8445454835891724,1.2843284606933594,0.3874937295913696,1.3305097818374634,1.0773723125457764,1.065096378326416,0.0944061130285263,1.0607430934906006,0.3684210479259491,0.800000011920929,0.6666666865348816
weighted_mse_w5_hinge_naive_film_lr3e-03_do0.0_wd1e-04,weighted_mse,0.003,0,0.0001,naive,film,grouped,0.2,5,hinge,0.27124693989753723,1.0044255256652832,0.8095238208770752,,,,,,,,0.3791525065898895,,0.835454523563385,1.0653058290481567,0.41230687499046326,1.3305097818374634,1.0773723125457764,1.065096378326416,0.0944061130285263,1.0607430934906006,0.3076923191547394,0.8583333492279053,0.3333333432674408
cellwise_pinball_single_naive_lr1e-03_do0.0_wd1e-04,cellwise_pinball,0.001,0,0.0001,single,naive,grouped,0.2,5,threshold,0.2274976223707199,1.0044255256652832,0.7977369427680969,,,,,,,,0.3775266706943512,,0.8304093480110168,1.284887671470642,0.3972732722759247,1.3305097818374634,1.0773723125457764,1.065096378326416,0.0944061130285263,1.0607430934906006,0.3243243396282196,0.800000011920929,0.625
pinball_q0.20_single_film_lr3e-03_do0.0_wd1e-04,pinball,0.003,0,0.0001,single,film,grouped,0.2,5,threshold,0.3108959197998047,1.0044255256652832,0.804809033870697,,,,,,,,0.3772987425327301,,0.8371913433074951,1.111056208610535,0.4031064808368683,1.3305097818374634,1.0773723125457764,1.065096378326416,0.0944061130285263,1.0607430934906006,0.2857142984867096,0.8583333492279053,0.3333333432674408
cellwise_pinball_single_naive_lr3e-03_do0.1_wd0e+00,cellwise_pinball,0.003,0.1,0,single,naive,grouped,0.2,5,threshold,0.2446814775466919,1.0044255256652832,0.798058271408081,1.4153560400009155,1.0814528465270996,0.3945075273513794,1.348867654800415,1.0758272409439087,1.065900802612305,-0.34945523738861084,0.37639302015304565,0.8566805124282837,0.8486956357955933,1.3997009992599487,0.42449620366096497,1.3305097818374634,1.0773723125457764,1.065096378326416,0.0944061130285263,1.0607430934906006,0.3809524178504944,0.7333333492279053,0.9230769276618958
weighted_mse_w5_threshold_single_film_lr3e-03_do0.0_wd0e+00,weighted_mse,0.003,0,0,single,film,grouped,0.2,5,threshold,0.3699052333831787,1.0044255256652832,0.8217821717262268,,,,,,,,0.3750795423984528,,0.8603395223617554,1.0635476112365725,0.39473429322242737,1.3305097818374634,1.0773723125457764,1.065096378326416,0.0944061130285263,1.0607430934906006,0.2857142984867096,0.8916666507720947,0.25
cellwise_pinball_single_naive_lr1e-03_do0.1_wd0e+00,cellwise_pinball,0.001,0.1,0,single,naive,grouped,0.2,5,threshold,0.19893896579742432,1.0044255256652832,0.8104667663574219,,,,,,,,0.3744147121906281,,0.8433641791343689,1.3099960088729858,0.4258517026901245,1.3305097818374634,1.0773723125457764,1.065096378326416,0.0944061130285263,1.0607430934906006,0.3720930218696594,0.7749999761581421,0.75
weighted_mse_w5_absolute_naive_film_lr3e-03_do0.0_wd0e+00,weighted_mse,0.003,0,0,naive,film,grouped,0.2,5,absolute,0.24570132791996002,1.0044255256652832,0.8288543224334717,,,,,,,,0.37360507249832153,,0.8491586446762085,1.1938492059707642,0.38009771704673767,1.3305097818374634,1.0773723125457764,1.065096378326416,0.0944061130285263,1.0607430934906006,0.363636314868927,0.8416666388511658,0.5
weighted_mse_w1_absolute_naive_film_lr3e-03_do0.0_wd0e+00,weighted_mse,0.003,0,0,naive,film,grouped,0.2,1,absolute,0.24570132791996002,1.0044255256652832,0.8288543224334717,,,,,,,,0.37360507249832153,,0.8491586446762085,1.1938492059707642,0.38009771704673767,1.3305097818374634,1.0773723125457764,1.065096378326416,0.0944061130285263,1.0607430934906006,0.363636314868927,0.8416666388511658,0.5
weighted_mse_w5_hinge_seasonal_film_lr1e-03_do0.0_wd0e+00,weighted_mse,0.001,0,0,seasonal,film,grouped,0.2,5,hinge,0.360739141702652,1.0044255256652832,0.8274399042129517,1.1541606187820437,0.8800471425056458,0.31917455792427063,1.348867654800415,1.0758272409439087,1.065900802612305,-0.08825981616973877,0.3730660080909729,0.3886437118053436,0.8001142144203186,1.0993939638137815,0.34882187843322754,1.3305097818374634,1.0773723125457764,1.065096378326416,0.0944061130285263,1.0607430934906006,0.190476194024086,0.8833333253860474,0.1538461595773697
weighted_mse_w5_hinge_single_film_lr3e-03_do0.1_wd1e-04,weighted_mse,0.003,0.1,0.0001,single,film,grouped,0.2,5,hinge,0.19436673820018768,1.0044255256652832,0.8302687406539917,,,,,,,,0.3724453151226044,,0.869877815246582,1.059567093849182,0.3750656247138977,1.3305097818374634,1.0773723125457764,1.065096378326416,0.0944061130285263,1.0607430934906006,0.31578946113586426,0.8999999761581421,0.23529411852359772
pinball_q0.20_single_naive_lr1e-03_do0.0_wd1e-04,pinball,0.001,0,0.0001,single,naive,grouped,0.2,5,threshold,0.338501513004303,1.0044255256652832,0.8169934749603271,1.181466579437256,0.8838930130004883,0.4204186797142029,1.348867654800415,1.0758272409439087,1.065900802612305,-0.11556577682495116,0.3704205155372619,0.4946412742137909,0.841821014881134,1.1493122577667236,0.4446611702442169,1.3305097818374634,1.0773723125457764,1.065096378326416,0.0944061130285263,1.0607430934906006,0.2857142984867096,0.8333333134651184,0.4375
pinball_q0.20_single_film_lr3e-03_do0.0_wd0e+00,pinball,0.003,0,0,single,film,grouped,0.2,5,threshold,0.2909005284309387,1.0044255256652832,0.8126984238624573,,,,,,,,0.36961397528648376,,0.8292063474655151,1.0905860662460327,0.414563924074173,1.3305097818374634,1.0773723125457764,1.065096378326416,0.0944061130285263,1.0607430934906006,0.29629629850387573,0.8416666388511658,0.3636363744735718
weighted_mse_w5_hinge_seasonal_film_lr1e-03_do0.0_wd1e-04,weighted_mse,0.001,0,0.0001,seasonal,film,grouped,0.2,5,hinge,0.32872098684310913,1.0044255256652832,0.8202614188194275,1.1927075386047363,0.9300985336303712,0.31845641136169434,1.348867654800415,1.0758272409439087,1.065900802612305,-0.12680673599243164,0.369503378868103,0.4451729357242584,0.7631173133850098,1.1580225229263306,0.30516257882118225,1.3305097818374634,1.0773723125457764,1.065096378326416,0.0944061130285263,1.0607430934906006,0.2222222238779068,0.8583333492279053,0.27272728085517883
cellwise_pinball_single_film_lr3e-03_do0.0_wd0e+00,cellwise_pinball,0.003,0,0,single,film,grouped,0.2,5,threshold,0.20009849965572357,1.0044255256652832,0.7174603343009949,,,,,,,,0.3663491904735565,,0.8088088035583496,1.306610107421875,0.3522164821624756,1.3305097818374634,1.0773723125457764,1.065096378326416,0.0944061130285263,1.0607430934906006,0.3243243396282196,0.7833333611488342,0.6666666865348816
weighted_mse_w5_threshold_seasonal_film_lr1e-03_do0.0_wd0e+00,weighted_mse,0.001,0,0,seasonal,film,grouped,0.2,5,threshold,0.3690512478351593,1.0044255256652832,0.8382353186607361,1.1675149202346802,0.9066696763038636,0.26660552620887756,1.348867654800415,1.0758272409439087,1.065900802612305,-0.10161411762237547,0.36525508761405945,0.3896944522857666,0.7602339386940002,1.1447196006774902,0.27408552169799805,1.3305097818374634,1.0773723125457764,1.065096378326416,0.0944061130285263,1.0607430934906006,0.20000000298023224,0.875,0.20000000298023224
weighted_mse_w1_hinge_naive_film_lr1e-03_do0.0_wd0e+00,weighted_mse,0.001,0,0,naive,film,grouped,0.2,1,hinge,0.33067911863327026,1.0044255256652832,0.8293269276618958,,,,,,,,0.3642444908618927,,0.8723936676979065,1.0439990758895874,0.44743552803993225,1.3305097818374634,1.0773723125457764,1.065096378326416,0.0944061130285263,1.0607430934906006,0.2666666805744171,0.8833333253860474,0.2666666805744171
cellwise_pinball_seasonal_naive_lr3e-03_do0.1_wd1e-04,cellwise_pinball,0.003,0.1,0.0001,seasonal,naive,grouped,0.2,5,threshold,0.23140116035938263,1.0044255256652832,0.8137500286102295,1.4688074588775637,1.1442092657089231,0.4123234152793884,1.348867654800415,1.0758272409439087,1.065900802612305,-0.4029066562652588,0.36402755975723267,0.895977795124054,0.8786346316337585,1.4268062114715576,0.46181002259254456,1.3305097818374634,1.0773723125457764,1.065096378326416,0.0944061130285263,1.0607430934906006,0.37735849618911743,0.7166666388511658,1
pinball_q0.20_single_naive_lr3e-03_do0.0_wd1e-04,pinball,0.003,0,0.0001,single,naive,grouped,0.2,5,threshold,0.35977277159690857,1.0044255256652832,0.8537735939025879,,,,,,,,0.3609236180782318,,0.8254545331001282,1.1297439336776731,0.3963971436023712,1.3305097818374634,1.0773723125457764,1.065096378326416,0.0944061130285263,1.0607430934906006,0.3030303120613098,0.824999988079071,0.4615384638309479
pinball_q0.20_naive_naive_lr1e-03_do0.1_wd0e+00,pinball,0.001,0.1,0,naive,naive,grouped,0.2,5,threshold,0.361950546503067,1.0044255256652832,0.8557692170143127,1.1415749788284302,0.8536788821220398,0.4243064820766449,1.348867654800415,1.0758272409439087,1.065900802612305,-0.07567417621612549,0.3601614236831665,0.30572018027305603,0.86086505651474,1.1364638805389404,0.4527161717414856,1.3305097818374634,1.0773723125457764,1.065096378326416,0.0944061130285263,1.0607430934906006,0,0.8916666507720947,0
weighted_mse_w5_threshold_seasonal_film_lr3e-03_do0.1_wd1e-04,weighted_mse,0.003,0.1,0.0001,seasonal,film,grouped,0.2,5,threshold,0.30788734555244446,1.0044255256652832,0.8373408913612366,,,,,,,,0.3599795699119568,,0.8526785969734192,1.01751708984375,0.4433191418647766,1.3305097818374634,1.0773723125457764,1.065096378326416,0.0944061130285263,1.0607430934906006,0.25,0.8916666507720947,0.20000000298023224
weighted_mse_w5_hinge_naive_film_lr3e-03_do0.1_wd1e-04,weighted_mse,0.003,0.1,0.0001,naive,film,grouped,0.2,5,hinge,0.35077083110809326,1.0044255256652832,0.7971698045730591,,,,,,,,0.3578227162361145,,0.8634076118469238,1.0169379711151123,0.45742306113243103,1.3305097818374634,1.0773723125457764,1.065096378326416,0.0944061130285263,1.0607430934906006,0.2857142686843872,0.8833333253860474,0.25
weighted_mse_w5_threshold_naive_naive_lr3e-03_do0.0_wd0e+00,weighted_mse,0.003,0,0,naive,naive,grouped,0.2,5,threshold,0.33654841780662537,1.0044255256652832,0.8316993713378906,,,,,,,,0.35286369919776917,,0.8337675929069519,1.0573557615280151,0.3795258104801178,1.3305097818374634,1.0773723125457764,1.065096378326416,0.0944061130285263,1.0607430934906006,0.10526315867900848,0.875,0.07692307978868484
weighted_mse_w5_threshold_single_naive_lr1e-03_do0.0_wd0e+00,weighted_mse,0.001,0,0,single,naive,grouped,0.2,5,threshold,0.37891915440559387,1.0044255256652832,0.844660222530365,,,,,,,,0.35019412636756897,,0.8192161917686462,1.0986785888671875,0.3388550281524658,1.3305097818374634,1.0773723125457764,1.065096378326416,0.0944061130285263,1.0607430934906006,0.1250000149011612,0.8999999761581421,0.07692307978868484
weighted_mse_w5_absolute_seasonal_naive_lr3e-03_do0.1_wd0e+00,weighted_mse,0.003,0.1,0,seasonal,naive,grouped,0.2,5,absolute,0.1659180074930191,1.0044255256652832,0.8373408913612366,,,,,,,,0.3482905328273773,,0.8569374680519104,1.1218520402908323,0.42156773805618286,1.3305097818374634,1.0773723125457764,1.065096378326416,0.0944061130285263,1.0607430934906006,0.2608695328235626,0.8833333253860474,0.25
weighted_mse_w1_absolute_seasonal_naive_lr3e-03_do0.1_wd0e+00,weighted_mse,0.003,0.1,0,seasonal,naive,grouped,0.2,1,absolute,0.1659180074930191,1.0044255256652832,0.8373408913612366,,,,,,,,0.3482905328273773,,0.8569374680519104,1.1218520402908323,0.42156773805618286,1.3305097818374634,1.0773723125457764,1.065096378326416,0.0944061130285263,1.0607430934906006,0.2608695328235626,0.8833333253860474,0.25
cellwise_pinball_single_film_lr1e-03_do0.0_wd1e-04,cellwise_pinball,0.001,0,0.0001,single,film,grouped,0.2,5,threshold,0.21142363548278809,1.0044255256652832,0.7688679099082947,,,,,,,,0.3475772738456726,,0.7979870438575745,1.3302464485168457,0.3685319721698761,1.3305097818374634,1.0773723125457764,1.065096378326416,0.0944061130285263,1.0607430934906006,0.292682945728302,0.7833333611488342,0.5625
weighted_mse_w5_threshold_naive_naive_lr1e-03_do0.0_wd1e-04,weighted_mse,0.001,0,0.0001,naive,naive,grouped,0.2,5,threshold,0.3916480839252472,1.0044255256652832,0.8545751571655273,,,,,,,,0.34726133942604065,,0.8432363867759705,1.010239601135254,0.4306848347187042,1.3305097818374634,1.0773723125457764,1.065096378326416,0.0944061130285263,1.0607430934906006,0,0.8916666507720947,0
weighted_mse_w5_threshold_single_film_lr1e-03_do0.1_wd0e+00,weighted_mse,0.001,0.1,0,single,film,grouped,0.2,5,threshold,0.33569976687431335,1.0044255256652832,0.8396226167678833,,,,,,,,0.3459871709346771,,0.8561750650405884,1.057086706161499,0.4086945950984955,1.3305097818374634,1.0773723125457764,1.065096378326416,0.0944061130285263,1.0607430934906006,0.27586209774017334,0.8666666746139526,0.2857142984867096
weighted_mse_w5_absolute_seasonal_film_lr3e-03_do0.1_wd1e-04,weighted_mse,0.003,0.1,0.0001,seasonal,film,grouped,0.2,5,absolute,0.38242340087890625,1.0044255256652832,0.8578431606292725,,,,,,,,0.3445397913455963,,0.8472727537155151,1.1198632717132568,0.4193993806838989,1.3305097818374634,1.0773723125457764,1.065096378326416,0.0944061130285263,1.0607430934906006,0.25,0.8833333253860474,0.2142857164144516
weighted_mse_w1_absolute_seasonal_film_lr3e-03_do0.1_wd1e-04,weighted_mse,0.003,0.1,0.0001,seasonal,film,grouped,0.2,1,absolute,0.38242340087890625,1.0044255256652832,0.8578431606292725,,,,,,,,0.3445397913455963,,0.8472727537155151,1.1198632717132568,0.4193993806838989,1.3305097818374634,1.0773723125457764,1.065096378326416,0.0944061130285263,1.0607430934906006,0.25,0.8833333253860474,0.2142857164144516
cellwise_pinball_single_naive_lr1e-03_do0.1_wd1e-04,cellwise_pinball,0.001,0.1,0.0001,single,naive,grouped,0.2,5,threshold,0.2155788689851761,1.0044255256652832,0.8039215803146362,,,,,,,,0.3436768054962158,,0.8131776452064514,1.280993103981018,0.3949045240879059,1.3305097818374634,1.0773723125457764,1.065096378326416,0.0944061130285263,1.0607430934906006,0.307692289352417,0.7916666865348816,0.5384615659713745
weighted_mse_w1_absolute_single_naive_lr1e-03_do0.1_wd0e+00,weighted_mse,0.001,0.1,0,single,naive,grouped,0.2,1,absolute,0.3849223256111145,1.0044255256652832,0.8310679793357849,1.1587077379226685,0.9252858757972716,0.41888073086738586,1.348867654800415,1.0758272409439087,1.065900802612305,-0.09280693531036376,0.34292328357696533,0.3236245810985565,0.851186215877533,1.14349365234375,0.42919671535491943,1.3305097818374634,1.0773723125457764,1.065096378326416,0.0944061130285263,1.0607430934906006,0.20000000298023224,0.875,0.1666666716337204
weighted_mse_w1_hinge_naive_film_lr1e-03_do0.0_wd1e-04,weighted_mse,0.001,0,0.0001,naive,film,grouped,0.2,1,hinge,0.34300321340560913,1.0044255256652832,0.8317307829856873,,,,,,,,0.3391554355621338,,0.8457648754119873,1.0532233715057373,0.4225873053073883,1.3305097818374634,1.0773723125457764,1.065096378326416,0.0944061130285263,1.0607430934906006,0.25,0.8666666746139526,0.27272728085517883
weighted_mse_w1_hinge_naive_naive_lr1e-03_do0.0_wd0e+00,weighted_mse,0.001,0,0,naive,naive,grouped,0.2,1,hinge,0.28091636300086975,1.0044255256652832,0.848557710647583,,,,,,,,0.33818545937538147,,0.8497596383094788,0.9957489967346193,0.4345208406448364,1.3305097818374634,1.0773723125457764,1.065096378326416,0.0944061130285263,1.0607430934906006,0.10526316612958908,0.8833333253860474,0.09090909361839294
weighted_mse_w1_absolute_single_film_lr1e-03_do0.1_wd1e-04,weighted_mse,0.001,0.1,0.0001,single,film,grouped,0.2,1,absolute,0.3602135181427002,1.0044255256652832,0.8476190567016602,,,,,,,,0.3372046649456024,,0.8245192170143127,1.1544703245162964,0.3859412670135498,1.3305097818374634,1.0773723125457764,1.065096378326416,0.0944061130285263,1.0607430934906006,0.29629629850387573,0.8583333492279053,0.3333333432674408
weighted_mse_w5_absolute_single_film_lr1e-03_do0.1_wd1e-04,weighted_mse,0.001,0.1,0.0001,single,film,grouped,0.2,5,absolute,0.3602135181427002,1.0044255256652832,0.8476190567016602,,,,,,,,0.3372046649456024,,0.8245192170143127,1.1544703245162964,0.3859412670135498,1.3305097818374634,1.0773723125457764,1.065096378326416,0.0944061130285263,1.0607430934906006,0.29629629850387573,0.8583333492279053,0.3333333432674408
weighted_mse_w1_threshold_seasonal_film_lr3e-03_do0.1_wd0e+00,weighted_mse,0.003,0.1,0,seasonal,film,grouped,0.2,1,threshold,0.012893439270555973,1.0044255256652832,0.8415841460227966,,,,,,,,0.3362680971622467,,0.8418418169021606,1.0207204818725586,0.42026856541633606,1.3305097818374634,1.0773723125457764,1.065096378326416,0.0944061130285263,1.0607430934906006,0.27272725105285645,0.8916666507720947,0.2142857164144516
cellwise_pinball_naive_film_lr1e-03_do0.1_wd0e+00,cellwise_pinball,0.001,0.1,0,naive,film,grouped,0.2,5,threshold,0.22231590747833252,1.0044255256652832,0.8362500071525574,1.5422333478927612,1.2241957187652588,0.35514646768569946,1.348867654800415,1.0758272409439087,1.065900802612305,-0.47633254528045654,0.3360039293766022,0.8866053223609924,0.8450292348861694,1.5257792472839355,0.3781852126121521,1.3305097818374634,1.0773723125457764,1.065096378326416,0.0944061130285263,1.0607430934906006,0.33898305892944336,0.675000011920929,1
weighted_mse_w5_threshold_seasonal_film_lr3e-03_do0.0_wd1e-04,weighted_mse,0.003,0,0.0001,seasonal,film,grouped,0.2,5,threshold,0.2911817729473114,1.0044255256652832,0.813592255115509,,,,,,,,0.33111491799354553,,0.8416442275047302,1.106023192405701,0.3853100836277008,1.3305097818374634,1.0773723125457764,1.065096378326416,0.0944061130285263,1.0607430934906006,0.27586206793785095,0.875,0.2857142984867096
weighted_mse_w5_threshold_naive_naive_lr1e-03_do0.1_wd0e+00,weighted_mse,0.001,0.1,0,naive,naive,grouped,0.2,5,threshold,0.3583064377307892,1.0044255256652832,0.8466019630432129,,,,,,,,0.33063265681266785,,0.8475157022476196,1.0068230628967283,0.4283051192760467,1.3305097818374634,1.0773723125457764,1.065096378326416,0.0944061130285263,1.0607430934906006,0.10526315867900848,0.8916666507720947,0.07692307978868484
pinball_q0.20_seasonal_film_lr1e-03_do0.0_wd1e-04,pinball,0.001,0,0.0001,seasonal,film,grouped,0.2,5,threshold,0.3133842647075653,1.0044255256652832,0.8126984238624573,1.2866075038909912,1.0033868551254272,0.27265357971191406,1.348867654800415,1.0758272409439087,1.065900802612305,-0.22070670127868652,0.3305380940437317,0.514394998550415,0.7689732313156128,1.263549566268921,0.26918667554855347,1.3305097818374634,1.0773723125457764,1.065096378326416,0.0944061130285263,1.0607430934906006,0.27586206793785095,0.8083333373069763,0.4000000059604645
weighted_mse_w5_threshold_naive_naive_lr3e-03_do0.1_wd0e+00,weighted_mse,0.003,0.1,0,naive,naive,grouped,0.2,5,threshold,0.2263331115245819,1.0044255256652832,0.8300653696060181,,,,,,,,0.32989320158958435,,0.8598598837852478,0.99031400680542,0.4447309970855713,1.3305097818374634,1.0773723125457764,1.065096378326416,0.0944061130285263,1.0607430934906006,0,0.8916666507720947,0
cellwise_pinball_single_film_lr1e-03_do0.0_wd0e+00,cellwise_pinball,0.001,0,0,single,film,grouped,0.2,5,threshold,0.21128764748573303,1.0044255256652832,0.7810457348823547,,,,,,,,0.32951995730400085,,0.7848206758499146,1.413367509841919,0.27074217796325684,1.3305097818374634,1.0773723125457764,1.065096378326416,0.0944061130285263,1.0607430934906006,0.27906978130340576,0.7583333253860474,0.6666666865348816
weighted_mse_w5_absolute_naive_film_lr1e-03_do0.0_wd1e-04,weighted_mse,0.001,0,0.0001,naive,film,grouped,0.2,5,absolute,0.3737528920173645,1.0044255256652832,0.8260254859924316,,,,,,,,0.32734376192092896,,0.8634259104728699,1.1719627380371094,0.42096972465515137,1.3305097818374634,1.0773723125457764,1.065096378326416,0.0944061130285263,1.0607430934906006,0.20000000298023224,0.8833333253860474,0.1538461595773697
weighted_mse_w1_absolute_naive_film_lr1e-03_do0.0_wd1e-04,weighted_mse,0.001,0,0.0001,naive,film,grouped,0.2,1,absolute,0.3737528920173645,1.0044255256652832,0.8260254859924316,,,,,,,,0.32734376192092896,,0.8634259104728699,1.1719627380371094,0.42096972465515137,1.3305097818374634,1.0773723125457764,1.065096378326416,0.0944061130285263,1.0607430934906006,0.20000000298023224,0.8833333253860474,0.1538461595773697
weighted_mse_w5_absolute_seasonal_naive_lr3e-03_do0.1_wd1e-04,weighted_mse,0.003,0.1,0.0001,seasonal,naive,grouped,0.2,5,absolute,0.1304674744606018,1.0044255256652832,0.8299999833106995,,,,,,,,0.3268938660621643,,0.832561731338501,1.207373023033142,0.4040973484516144,1.3305097818374634,1.0773723125457764,1.065096378326416,0.0944061130285263,1.0607430934906006,0.222222238779068,0.8833333253860474,0.1875
weighted_mse_w1_absolute_seasonal_naive_lr3e-03_do0.1_wd1e-04,weighted_mse,0.003,0.1,0.0001,seasonal,naive,grouped,0.2,1,absolute,0.1304674744606018,1.0044255256652832,0.8299999833106995,,,,,,,,0.3268938660621643,,0.832561731338501,1.207373023033142,0.4040973484516144,1.3305097818374634,1.0773723125457764,1.065096378326416,0.0944061130285263,1.0607430934906006,0.222222238779068,0.8833333253860474,0.1875
weighted_mse_w5_threshold_single_film_lr3e-03_do0.0_wd1e-04,weighted_mse,0.003,0,0.0001,single,film,grouped,0.2,5,threshold,0.36044806241989136,1.0044255256652832,0.822429895401001,,,,,,,,0.3260418772697449,,0.8587962985038757,1.023256540298462,0.43620508909225464,1.3305097818374634,1.0773723125457764,1.065096378326416,0.0944061130285263,1.0607430934906006,0.20000000298023224,0.875,0.1538461595773697
weighted_mse_w5_hinge_naive_naive_lr3e-03_do0.0_wd1e-04,weighted_mse,0.003,0,0.0001,naive,naive,grouped,0.2,5,hinge,0.326376348733902,1.0044255256652832,0.8125,,,,,,,,0.3229195177555084,,0.8394437432289124,0.9996938109397888,0.4210263788700104,1.3305097818374634,1.0773723125457764,1.065096378326416,0.0944061130285263,1.0607430934906006,0,0.8833333253860474,0
weighted_mse_w5_hinge_naive_naive_lr1e-03_do0.1_wd0e+00,weighted_mse,0.001,0.1,0,naive,naive,grouped,0.2,5,hinge,0.31860026717185974,1.0044255256652832,0.8496732115745544,,,,,,,,0.32288503646850586,,0.8548790812492371,1.0345898866653442,0.4178031384944916,1.3305097818374634,1.0773723125457764,1.065096378326416,0.0944061130285263,1.0607430934906006,0,0.8999999761581421,0
weighted_mse_w5_absolute_single_naive_lr1e-03_do0.1_wd0e+00,weighted_mse,0.001,0.1,0,single,naive,grouped,0.2,5,absolute,0.3849223256111145,1.0044255256652832,0.8310679793357849,,,,,,,,0.3225105106830597,,0.8538538813591003,1.0743597745895386,0.41560131311416626,1.3305097818374634,1.0773723125457764,1.065096378326416,0.0944061130285263,1.0607430934906006,0.1818181872367859,0.8916666507720947,0.1428571492433548
weighted_mse_w5_hinge_naive_naive_lr1e-03_do0.0_wd0e+00,weighted_mse,0.001,0,0,naive,naive,grouped,0.2,5,hinge,0.2041182667016983,1.0044255256652832,0.8088235259056091,,,,,,,,0.3224382698535919,,0.8253055214881897,1.0092757940292358,0.4089888632297516,1.3305097818374634,1.0773723125457764,1.065096378326416,0.0944061130285263,1.0607430934906006,0.1111111119389534,0.8916666507720947,0.0714285746216774
weighted_mse_w5_hinge_naive_naive_lr1e-03_do0.0_wd1e-04,weighted_mse,0.001,0,0.0001,naive,naive,grouped,0.2,5,hinge,0.3351747691631317,1.0044255256652832,0.8104575276374817,,,,,,,,0.3212011754512787,,0.8356481194496155,1.0035306215286257,0.41926851868629456,1.3305097818374634,1.0773723125457764,1.065096378326416,0.0944061130285263,1.0607430934906006,0,0.8916666507720947,0
weighted_mse_w5_threshold_single_film_lr1e-03_do0.0_wd0e+00,weighted_mse,0.001,0,0,single,film,grouped,0.2,5,threshold,0.3675119876861572,1.0044255256652832,0.8458274602890015,,,,,,,,0.32119622826576233,,0.8546144366264343,1.0769835710525513,0.3869223892688751,1.3305097818374634,1.0773723125457764,1.065096378326416,0.0944061130285263,1.0607430934906006,0.1538461595773697,0.875,0.125
weighted_mse_w5_threshold_naive_naive_lr3e-03_do0.1_wd1e-04,weighted_mse,0.003,0.1,0.0001,naive,naive,grouped,0.2,5,threshold,0.24130448698997498,1.0044255256652832,0.8213592171669006,,,,,,,,0.31980636715888977,,0.8549107313156128,0.9993709325790404,0.43426454067230225,1.3305097818374634,1.0773723125457764,1.065096378326416,0.0944061130285263,1.0607430934906006,0.1428571492433548,0.8833333253860474,0.10000000149011612
weighted_mse_w5_threshold_single_film_lr1e-03_do0.0_wd1e-04,weighted_mse,0.001,0,0.0001,single,film,grouped,0.2,5,threshold,0.36399710178375244,1.0044255256652832,0.8444444537162781,,,,,,,,0.3189716935157776,,0.8399999737739563,1.0771056413650513,0.38897863030433655,1.3305097818374634,1.0773723125457764,1.065096378326416,0.0944061130285263,1.0607430934906006,0.222222238779068,0.8666666746139526,0.2142857164144516
weighted_mse_w1_hinge_single_film_lr1e-03_do0.0_wd0e+00,weighted_mse,0.001,0,0,single,film,grouped,0.2,1,hinge,0.35732683539390564,1.0044255256652832,0.834967315196991,,,,,,,,0.31816554069519043,,0.8558729887008667,1.0529208183288574,0.4135200381278992,1.3305097818374634,1.0773723125457764,1.065096378326416,0.0944061130285263,1.0607430934906006,0.25,0.875,0.25
cellwise_pinball_naive_naive_lr3e-03_do0.1_wd1e-04,cellwise_pinball,0.003,0.1,0.0001,naive,naive,grouped,0.2,5,threshold,0.20250344276428223,1.0044255256652832,0.807692289352417,1.5287494659423828,1.2010501623153689,0.3619896173477173,1.348867654800415,1.0758272409439087,1.065900802612305,-0.4628486633300781,0.3167901933193207,0.9054343700408936,0.8482539653778076,1.5526580810546875,0.3880137801170349,1.3305097818374634,1.0773723125457764,1.065096378326416,0.0944061130285263,1.0607430934906006,0.3050847351551056,0.6333333253860474,1
weighted_mse_w5_threshold_seasonal_film_lr3e-03_do0.1_wd0e+00,weighted_mse,0.003,0.1,0,seasonal,film,grouped,0.2,5,threshold,0.24862901866436005,1.0044255256652832,0.8174757361412048,,,,,,,,0.3151470720767975,,0.8436657786369324,1.023316740989685,0.4299356341361999,1.3305097818374634,1.0773723125457764,1.065096378326416,0.0944061130285263,1.0607430934906006,0.222222238779068,0.8833333253860474,0.1666666716337204
weighted_mse_w1_absolute_single_naive_lr1e-03_do0.0_wd1e-04,weighted_mse,0.001,0,0.0001,single,naive,grouped,0.2,1,absolute,0.25971484184265137,1.0044255256652832,0.8260254859924316,,,,,,,,0.31348854303359985,,0.8440366983413696,1.1467444896697998,0.41014185547828674,1.3305097818374634,1.0773723125457764,1.065096378326416,0.0944061130285263,1.0607430934906006,0.1666666716337204,0.8833333253860474,0.125
weighted_mse_w5_absolute_single_naive_lr1e-03_do0.0_wd1e-04,weighted_mse,0.001,0,0.0001,single,naive,grouped,0.2,5,absolute,0.25971484184265137,1.0044255256652832,0.8260254859924316,,,,,,,,0.31348854303359985,,0.8440366983413696,1.1467444896697998,0.41014185547828674,1.3305097818374634,1.0773723125457764,1.065096378326416,0.0944061130285263,1.0607430934906006,0.1666666716337204,0.8833333253860474,0.125
weighted_mse_w1_absolute_single_film_lr1e-03_do0.1_wd0e+00,weighted_mse,0.001,0.1,0,single,film,grouped,0.2,1,absolute,0.3224915862083435,1.0044255256652832,0.8317757248878479,,,,,,,,0.31320977210998535,,0.8133333325386047,1.146902561187744,0.39350610971450806,1.3305097818374634,1.0773723125457764,1.065096378326416,0.0944061130285263,1.0607430934906006,0.2666666805744171,0.8500000238418579,0.3125
weighted_mse_w5_absolute_single_film_lr1e-03_do0.1_wd0e+00,weighted_mse,0.001,0.1,0,single,film,grouped,0.2,5,absolute,0.3224915862083435,1.0044255256652832,0.8317757248878479,,,,,,,,0.31320977210998535,,0.8133333325386047,1.146902561187744,0.39350610971450806,1.3305097818374634,1.0773723125457764,1.065096378326416,0.0944061130285263,1.0607430934906006,0.2666666805744171,0.8500000238418579,0.3125
weighted_mse_w5_threshold_seasonal_film_lr3e-03_do0.0_wd0e+00,weighted_mse,0.003,0,0,seasonal,film,grouped,0.2,5,threshold,0.2968420088291168,1.0044255256652832,0.8202614188194275,,,,,,,,0.3117312490940094,,0.8203125,1.0375961065292358,0.4354682862758637,1.3305097818374634,1.0773723125457764,1.065096378326416,0.0944061130285263,1.0607430934906006,0.2352941334247589,0.8666666746139526,0.2222222238779068
weighted_mse_w5_threshold_single_naive_lr1e-03_do0.0_wd1e-04,weighted_mse,0.001,0,0.0001,single,naive,grouped,0.2,5,threshold,0.39303386211395264,1.0044255256652832,0.84112149477005,,,,,,,,0.3112509250640869,,0.8040123581886292,1.1083496809005735,0.3367827832698822,1.3305097818374634,1.0773723125457764,1.065096378326416,0.0944061130285263,1.0607430934906006,0,0.8999999761581421,0
weighted_mse_w5_absolute_naive_film_lr3e-03_do0.0_wd1e-04,weighted_mse,0.003,0,0.0001,naive,film,grouped,0.2,5,absolute,0.3753730058670044,1.0044255256652832,0.8611111044883728,,,,,,,,0.31015530228614807,,0.8065054416656494,1.2304461002349854,0.4006766974925995,1.3305097818374634,1.0773723125457764,1.065096378326416,0.0944061130285263,1.0607430934906006,0.27272728085517883,0.8500000238418579,0.3125
weighted_mse_w1_absolute_naive_film_lr3e-03_do0.0_wd1e-04,weighted_mse,0.003,0,0.0001,naive,film,grouped,0.2,1,absolute,0.3753730058670044,1.0044255256652832,0.8611111044883728,,,,,,,,0.31015530228614807,,0.8065054416656494,1.2304461002349854,0.4006766974925995,1.3305097818374634,1.0773723125457764,1.065096378326416,0.0944061130285263,1.0607430934906006,0.27272728085517883,0.8500000238418579,0.3125
weighted_mse_w5_absolute_seasonal_film_lr1e-03_do0.0_wd1e-04,weighted_mse,0.001,0,0.0001,seasonal,film,grouped,0.2,5,absolute,0.38082972168922424,1.0044255256652832,0.8480392098426819,1.1668237447738647,0.9311678409576416,0.3048056960105896,1.348867654800415,1.0758272409439087,1.065900802612305,-0.10092294216156006,0.3084331154823303,0.2826882004737854,0.810317873954773,1.1584171056747437,0.3525691032409668,1.3305097818374634,1.0773723125457764,1.065096378326416,0.0944061130285263,1.0607430934906006,0,0.8916666507720947,0
weighted_mse_w1_absolute_seasonal_film_lr1e-03_do0.0_wd1e-04,weighted_mse,0.001,0,0.0001,seasonal,film,grouped,0.2,1,absolute,0.38082972168922424,1.0044255256652832,0.8480392098426819,1.1668237447738647,0.9311678409576416,0.3048056960105896,1.348867654800415,1.0758272409439087,1.065900802612305,-0.10092294216156006,0.3084331154823303,0.2826882004737854,0.810317873954773,1.1584171056747437,0.3525691032409668,1.3305097818374634,1.0773723125457764,1.065096378326416,0.0944061130285263,1.0607430934906006,0,0.8916666507720947,0
weighted_mse_w5_hinge_single_film_lr1e-03_do0.1_wd1e-04,weighted_mse,0.001,0.1,0.0001,single,film,grouped,0.2,5,hinge,0.3303242623806,1.0044255256652832,0.8095238208770752,,,,,,,,0.30817559361457825,,0.8298298120498657,1.0635898113250732,0.347469687461853,1.3305097818374634,1.0773723125457764,1.065096378326416,0.0944061130285263,1.0607430934906006,0.1818181872367859,0.8916666507720947,0.125
weighted_mse_w1_threshold_naive_film_lr3e-03_do0.0_wd0e+00,weighted_mse,0.003,0,0,naive,film,grouped,0.2,1,threshold,0.307292640209198,1.0044255256652832,0.8458274602890015,,,,,,,,0.3073829412460327,,0.8648454546928406,1.05465567111969,0.4201556146144867,1.3305097818374634,1.0773723125457764,1.065096378326416,0.0944061130285263,1.0607430934906006,0.222222238779068,0.8833333253860474,0.1666666716337204
weighted_mse_w5_absolute_seasonal_film_lr1e-03_do0.0_wd0e+00,weighted_mse,0.001,0,0,seasonal,film,grouped,0.2,5,absolute,0.3782085180282593,1.0044255256652832,0.8496732115745544,1.1576905250549316,0.9242715835571288,0.31589049100875854,1.348867654800415,1.0758272409439087,1.065900802612305,-0.09178972244262695,0.30677297711372375,0.2740301787853241,0.8142701387405396,1.159632921218872,0.3573371469974518,1.3305097818374634,1.0773723125457764,1.065096378326416,0.0944061130285263,1.0607430934906006,0,0.8916666507720947,0
weighted_mse_w1_absolute_seasonal_film_lr1e-03_do0.0_wd0e+00,weighted_mse,0.001,0,0,seasonal,film,grouped,0.2,1,absolute,0.3782085180282593,1.0044255256652832,0.8496732115745544,1.1576905250549316,0.9242715835571288,0.31589049100875854,1.348867654800415,1.0758272409439087,1.065900802612305,-0.09178972244262695,0.30677297711372375,0.2740301787853241,0.8142701387405396,1.159632921218872,0.3573371469974518,1.3305097818374634,1.0773723125457764,1.065096378326416,0.0944061130285263,1.0607430934906006,0,0.8916666507720947,0
weighted_mse_w1_hinge_single_film_lr1e-03_do0.0_wd1e-04,weighted_mse,0.001,0,0.0001,single,film,grouped,0.2,1,hinge,0.31101223826408386,1.0044255256652832,0.8406285047531128,,,,,,,,0.3067590892314911,,0.8533950448036194,1.05404531955719,0.40912461280822754,1.3305097818374634,1.0773723125457764,1.065096378326416,0.0944061130285263,1.0607430934906006,0.20000000298023224,0.875,0.1818181872367859
pinball_q0.20_single_film_lr3e-03_do0.1_wd1e-04,pinball,0.003,0.1,0.0001,single,film,grouped,0.2,5,threshold,0.36126843094825745,1.0044255256652832,0.8380952477455139,1.1595664024353027,0.8882627487182617,0.3379978835582733,1.348867654800415,1.0758272409439087,1.065900802612305,-0.09366559982299805,0.30591005086898804,0.3662421703338623,0.8141592741012573,1.1084662675857544,0.34516966342926025,1.3305097818374634,1.0773723125457764,1.065096378326416,0.0944061130285263,1.0607430934906006,0.2608695924282074,0.8583333492279053,0.3333333432674408
weighted_mse_w1_hinge_single_film_lr1e-03_do0.1_wd0e+00,weighted_mse,0.001,0.1,0,single,film,grouped,0.2,1,hinge,0.31970101594924927,1.0044255256652832,0.8218954205513,,,,,,,,0.30498021841049194,,0.8538538813591003,1.034254550933838,0.4232950806617737,1.3305097818374634,1.0773723125457764,1.065096378326416,0.0944061130285263,1.0607430934906006,0.222222238779068,0.8833333253860474,0.1818181872367859
weighted_mse_w5_threshold_single_naive_lr3e-03_do0.0_wd0e+00,weighted_mse,0.003,0,0,single,naive,grouped,0.2,5,threshold,0.34195590019226074,1.0044255256652832,0.8284313678741455,,,,,,,,0.30294591188430786,,0.8457047343254089,1.075169801712036,0.3525813817977905,1.3305097818374634,1.0773723125457764,1.065096378326416,0.0944061130285263,1.0607430934906006,0.1666666716337204,0.8916666507720947,0.13333334028720856
weighted_mse_w5_hinge_naive_naive_lr3e-03_do0.0_wd0e+00,weighted_mse,0.003,0,0,naive,naive,grouped,0.2,5,hinge,0.26595962047576904,1.0044255256652832,0.8077669739723206,,,,,,,,0.301746129989624,,0.8372727036476135,1.0033698081970217,0.4054701328277588,1.3305097818374634,1.0773723125457764,1.065096378326416,0.0944061130285263,1.0607430934906006,0,0.8916666507720947,0
weighted_mse_w1_hinge_naive_naive_lr1e-03_do0.1_wd0e+00,weighted_mse,0.001,0.1,0,naive,naive,grouped,0.2,1,hinge,0.22857142984867096,1.0044255256652832,0.8496071696281433,,,,,,,,0.30158373713493347,,0.8738839030265808,0.9762574434280396,0.44349250197410583,1.3305097818374634,1.0773723125457764,1.065096378326416,0.0944061130285263,1.0607430934906006,0,0.8999999761581421,0
weighted_mse_w1_threshold_seasonal_film_lr3e-03_do0.0_wd0e+00,weighted_mse,0.003,0,0,seasonal,film,grouped,0.2,1,threshold,0.23336070775985718,1.0044255256652832,0.8443396091461182,1.122361660003662,0.8596699237823486,0.26181432604789734,1.348867654800415,1.0758272409439087,1.065900802612305,-0.05646085739135742,0.30069345235824585,0.2879418432712555,0.8147321343421936,1.0693479776382446,0.28994229435920715,1.3305097818374634,1.0773723125457764,1.065096378326416,0.0944061130285263,1.0607430934906006,0,0.8916666507720947,0
weighted_mse_w5_threshold_single_film_lr3e-03_do0.1_wd1e-04,weighted_mse,0.003,0.1,0.0001,single,film,grouped,0.2,5,threshold,0.34754788875579834,1.0044255256652832,0.8153594732284546,,,,,,,,0.3001768887042999,,0.8347952961921692,1.0864356756210327,0.3708900511264801,1.3305097818374634,1.0773723125457764,1.065096378326416,0.0944061130285263,1.0607430934906006,0.222222238779068,0.8666666746139526,0.20000000298023224
weighted_mse_w5_absolute_seasonal_film_lr3e-03_do0.0_wd1e-04,weighted_mse,0.003,0,0.0001,seasonal,film,grouped,0.2,5,absolute,0.2941124439239502,1.0044255256652832,0.8160377144813538,,,,,,,,0.2983782887458801,,0.8238238096237183,1.0890967845916748,0.4344092607498169,1.3305097818374634,1.0773723125457764,1.065096378326416,0.0944061130285263,1.0607430934906006,0.2222222089767456,0.8833333253860474,0.1818181872367859
weighted_mse_w1_absolute_seasonal_film_lr3e-03_do0.0_wd1e-04,weighted_mse,0.003,0,0.0001,seasonal,film,grouped,0.2,1,absolute,0.2941124439239502,1.0044255256652832,0.8160377144813538,,,,,,,,0.2983782887458801,,0.8238238096237183,1.0890967845916748,0.4344092607498169,1.3305097818374634,1.0773723125457764,1.065096378326416,0.0944061130285263,1.0607430934906006,0.2222222089767456,0.8833333253860474,0.1818181872367859
weighted_mse_w5_absolute_seasonal_naive_lr1e-03_do0.1_wd1e-04,weighted_mse,0.001,0.1,0.0001,seasonal,naive,grouped,0.2,5,absolute,0.1949593722820282,1.0044255256652832,0.8366013169288635,,,,,,,,0.29734674096107483,,0.812636137008667,1.166631102561951,0.38095369935035706,1.3305097818374634,1.0773723125457764,1.065096378326416,0.0944061130285263,1.0607430934906006,0.1538461595773697,0.8833333253860474,0.125
weighted_mse_w1_absolute_single_film_lr3e-03_do0.1_wd1e-04,weighted_mse,0.003,0.1,0.0001,single,film,grouped,0.2,1,absolute,0.29322758316993713,1.0044255256652832,0.8302687406539917,,,,,,,,0.2968684434890747,,0.8278278112411499,1.1302961111068726,0.43085572123527527,1.3305097818374634,1.0773723125457764,1.065096378326416,0.0944061130285263,1.0607430934906006,0.1538461595773697,0.875,0.13333334028720856
weighted_mse_w5_absolute_single_film_lr3e-03_do0.1_wd1e-04,weighted_mse,0.003,0.1,0.0001,single,film,grouped,0.2,5,absolute,0.29322758316993713,1.0044255256652832,0.8302687406539917,,,,,,,,0.2968684434890747,,0.8278278112411499,1.1302961111068726,0.43085572123527527,1.3305097818374634,1.0773723125457764,1.065096378326416,0.0944061130285263,1.0607430934906006,0.1538461595773697,0.875,0.13333334028720856
weighted_mse_w1_hinge_seasonal_film_lr1e-03_do0.0_wd0e+00,weighted_mse,0.001,0,0,seasonal,film,grouped,0.2,1,hinge,0.353141725063324,1.0044255256652832,0.8444444537162781,1.0446219444274902,0.8122335076332092,0.3515390455722809,1.348867654800415,1.0758272409439087,1.065900802612305,0.021278858184814453,0.29618901014328003,0.23208506405353543,0.8227163553237915,1.042736530303955,0.3925314247608185,1.3305097818374634,1.0773723125457764,1.065096378326416,0.0944061130285263,1.0607430934906006,0.0952381044626236,0.8916666507720947,0.06666667014360428
weighted_mse_w5_hinge_naive_film_lr3e-03_do0.1_wd0e+00,weighted_mse,0.003,0.1,0,naive,film,grouped,0.2,5,hinge,0.367268830537796,1.0044255256652832,0.801886796951294,,,,,,,,0.2957669794559479,,0.8479938507080078,1.0363140106201172,0.44275179505348206,1.3305097818374634,1.0773723125457764,1.065096378326416,0.0944061130285263,1.0607430934906006,0.2352941334247589,0.875,0.2222222238779068
weighted_mse_w1_absolute_single_film_lr3e-03_do0.1_wd0e+00,weighted_mse,0.003,0.1,0,single,film,grouped,0.2,1,absolute,0.260305792093277,1.0044255256652832,0.8190476298332214,,,,,,,,0.2941656708717346,,0.8382608890533447,1.0909796953201294,0.4485114514827728,1.3305097818374634,1.0773723125457764,1.065096378326416,0.0944061130285263,1.0607430934906006,0.2222222238779068,0.875,0.1818181872367859
weighted_mse_w5_absolute_single_film_lr3e-03_do0.1_wd0e+00,weighted_mse,0.003,0.1,0,single,film,grouped,0.2,5,absolute,0.260305792093277,1.0044255256652832,0.8190476298332214,,,,,,,,0.2941656708717346,,0.8382608890533447,1.0909796953201294,0.4485114514827728,1.3305097818374634,1.0773723125457764,1.065096378326416,0.0944061130285263,1.0607430934906006,0.2222222238779068,0.875,0.1818181872367859
weighted_mse_w1_hinge_seasonal_naive_lr3e-03_do0.0_wd0e+00,weighted_mse,0.003,0,0,seasonal,naive,grouped,0.2,1,hinge,0.2985249161720276,1.0044255256652832,0.8359264731407166,0.9692698121070862,0.752130925655365,0.4465051293373108,1.348867654800415,1.0758272409439087,1.065900802612305,0.0966309905052185,0.29178890585899353,0.20274870097637177,0.8808808922767639,0.9610674381256104,0.4655463695526123,1.3305097818374634,1.0773723125457764,1.065096378326416,0.0944061130285263,1.0607430934906006,0,0.8999999761581421,0
weighted_mse_w5_threshold_naive_film_lr1e-03_do0.1_wd1e-04,weighted_mse,0.001,0.1,0.0001,naive,film,grouped,0.2,5,threshold,0.3615325391292572,1.0044255256652832,0.8217821717262268,,,,,,,,0.2888491749763489,,0.8508898615837097,1.019635796546936,0.4591388404369354,1.3305097818374634,1.0773723125457764,1.065096378326416,0.0944061130285263,1.0607430934906006,0.2222222089767456,0.8666666746139526,0.20000000298023224
weighted_mse_w5_absolute_seasonal_film_lr1e-03_do0.1_wd1e-04,weighted_mse,0.001,0.1,0.0001,seasonal,film,grouped,0.2,5,absolute,0.37567344307899475,1.0044255256652832,0.8504854440689087,1.1417863368988037,0.9232208132743835,0.3959489166736603,1.348867654800415,1.0758272409439087,1.065900802612305,-0.07588553428649902,0.28879818320274353,0.21703863143920896,0.852527379989624,1.144904851913452,0.40634799003601074,1.3305097818374634,1.0773723125457764,1.065096378326416,0.0944061130285263,1.0607430934906006,0,0.8916666507720947,0
weighted_mse_w1_absolute_seasonal_film_lr1e-03_do0.1_wd1e-04,weighted_mse,0.001,0.1,0.0001,seasonal,film,grouped,0.2,1,absolute,0.37567344307899475,1.0044255256652832,0.8504854440689087,1.1417863368988037,0.9232208132743835,0.3959489166736603,1.348867654800415,1.0758272409439087,1.065900802612305,-0.07588553428649902,0.28879818320274353,0.21703863143920896,0.852527379989624,1.144904851913452,0.40634799003601074,1.3305097818374634,1.0773723125457764,1.065096378326416,0.0944061130285263,1.0607430934906006,0,0.8916666507720947,0
weighted_mse_w5_absolute_seasonal_film_lr3e-03_do0.1_wd0e+00,weighted_mse,0.003,0.1,0,seasonal,film,grouped,0.2,5,absolute,0.3420344591140747,1.0044255256652832,0.8529411554336548,,,,,,,,0.2871365249156952,,0.841821014881134,1.1041443347930908,0.4019964039325714,1.3305097818374634,1.0773723125457764,1.065096378326416,0.0944061130285263,1.0607430934906006,0.21052631735801697,0.8916666507720947,0.1538461595773697
weighted_mse_w1_absolute_seasonal_film_lr3e-03_do0.1_wd0e+00,weighted_mse,0.003,0.1,0,seasonal,film,grouped,0.2,1,absolute,0.3420344591140747,1.0044255256652832,0.8529411554336548,,,,,,,,0.2871365249156952,,0.841821014881134,1.1041443347930908,0.4019964039325714,1.3305097818374634,1.0773723125457764,1.065096378326416,0.0944061130285263,1.0607430934906006,0.21052631735801697,0.8916666507720947,0.1538461595773697
weighted_mse_w5_hinge_single_film_lr3e-03_do0.1_wd0e+00,weighted_mse,0.003,0.1,0,single,film,grouped,0.2,5,hinge,0.2437041699886322,1.0044255256652832,0.8160377144813538,,,,,,,,0.2860105633735657,,0.834782600402832,1.0502721071243286,0.3691861927509308,1.3305097818374634,1.0773723125457764,1.065096378326416,0.0944061130285263,1.0607430934906006,0.1818181872367859,0.9083333611488342,0.1111111119389534
weighted_mse_w5_threshold_seasonal_naive_lr1e-03_do0.1_wd0e+00,weighted_mse,0.001,0.1,0,seasonal,naive,grouped,0.2,5,threshold,0.3837769627571106,1.0044255256652832,0.8253968358039856,,,,,,,,0.28592735528945923,,0.8504043221473694,1.0292813777923584,0.4139480590820313,1.3305097818374634,1.0773723125457764,1.065096378326416,0.0944061130285263,1.0607430934906006,0.20000000298023224,0.875,0.1666666716337204
weighted_mse_w1_hinge_seasonal_naive_lr1e-03_do0.0_wd1e-04,weighted_mse,0.001,0,0.0001,seasonal,naive,grouped,0.2,1,hinge,0.32125312089920044,1.0044255256652832,0.841269850730896,,,,,,,,0.28387269377708435,,0.8294752836227417,1.007296085357666,0.42323970794677734,1.3305097818374634,1.0773723125457764,1.065096378326416,0.0944061130285263,1.0607430934906006,0.23529411852359772,0.8833333253860474,0.1818181872367859
weighted_mse_w5_absolute_naive_naive_lr1e-03_do0.0_wd0e+00,weighted_mse,0.001,0,0,naive,naive,grouped,0.2,5,absolute,0.28905975818634033,1.0044255256652832,0.848557710647583,,,,,,,,0.28217390179634094,,0.8558729887008667,1.2555080652236938,0.4249116778373718,1.3305097818374634,1.0773723125457764,1.065096378326416,0.0944061130285263,1.0607430934906006,0.10526315867900848,0.8916666507720947,0.0714285746216774
weighted_mse_w1_absolute_naive_naive_lr1e-03_do0.0_wd0e+00,weighted_mse,0.001,0,0,naive,naive,grouped,0.2,1,absolute,0.28905975818634033,1.0044255256652832,0.848557710647583,,,,,,,,0.28217390179634094,,0.8558729887008667,1.2555080652236938,0.4249116778373718,1.3305097818374634,1.0773723125457764,1.065096378326416,0.0944061130285263,1.0607430934906006,0.10526315867900848,0.8916666507720947,0.0714285746216774
weighted_mse_w1_hinge_seasonal_film_lr3e-03_do0.0_wd0e+00,weighted_mse,0.003,0,0,seasonal,film,grouped,0.2,1,hinge,0.3492922782897949,1.0044255256652832,0.8366013169288635,,,,,,,,0.28171995282173157,,0.8349056839942932,1.0599278211593628,0.40028250217437744,1.3305097818374634,1.0773723125457764,1.065096378326416,0.0944061130285263,1.0607430934906006,0.24000000953674316,0.8916666507720947,0.1875
weighted_mse_w5_absolute_single_film_lr1e-03_do0.0_wd0e+00,weighted_mse,0.001,0,0,single,film,grouped,0.2,5,absolute,0.356427401304245,1.0044255256652832,0.841269850730896,,,,,,,,0.2807177007198334,,0.828125,1.1213951110839844,0.42535343766212463,1.3305097818374634,1.0773723125457764,1.065096378326416,0.0944061130285263,1.0607430934906006,0.25,0.8666666746139526,0.2307692319154739
weighted_mse_w5_threshold_naive_naive_lr1e-03_do0.1_wd1e-04,weighted_mse,0.001,0.1,0.0001,naive,naive,grouped,0.2,5,threshold,0.3541122376918793,1.0044255256652832,0.8365384340286255,,,,,,,,0.2783835530281067,,0.8567251563072205,0.9972606301307678,0.42968472838401794,1.3305097818374634,1.0773723125457764,1.065096378326416,0.0944061130285263,1.0607430934906006,0,0.8916666507720947,0
weighted_mse_w5_hinge_seasonal_naive_lr3e-03_do0.0_wd0e+00,weighted_mse,0.003,0,0,seasonal,naive,grouped,0.2,5,hinge,0.25632861256599426,1.0044255256652832,0.8252426981925964,,,,,,,,0.27836546301841736,,0.8132715821266174,1.0537389516830444,0.3985341489315033,1.3305097818374634,1.0773723125457764,1.065096378326416,0.0944061130285263,1.0607430934906006,0.20000001788139343,0.8666666746139526,0.1875
weighted_mse_w5_threshold_naive_naive_lr1e-03_do0.0_wd0e+00,weighted_mse,0.001,0,0,naive,naive,grouped,0.2,5,threshold,0.3808753788471222,1.0044255256652832,0.8514851331710815,,,,,,,,0.2749410569667816,,0.8469565510749817,1.0436395406723022,0.3950799107551574,1.3305097818374634,1.0773723125457764,1.065096378326416,0.0944061130285263,1.0607430934906006,0,0.8916666507720947,0
mse_single_film_lr1e-03_do0.0_wd1e-04,mse,0.001,0,0.0001,single,film,grouped,0.2,5,threshold,0.35212376713752747,1.0044255256652832,0.8582524061203003,,,,,,,,0.27467313408851624,,0.8254716992378235,1.0727399587631226,0.37373825907707214,1.3305097818374634,1.0773723125457764,1.065096378326416,0.0944061130285263,1.0607430934906006,0.1600000113248825,0.8999999761581421,0.1111111119389534
weighted_mse_w1_threshold_single_film_lr1e-03_do0.0_wd1e-04,weighted_mse,0.001,0,0.0001,single,film,grouped,0.2,1,threshold,0.35212376713752747,1.0044255256652832,0.8582524061203003,,,,,,,,0.27467313408851624,,0.8254716992378235,1.0727399587631226,0.37373825907707214,1.3305097818374634,1.0773723125457764,1.065096378326416,0.0944061130285263,1.0607430934906006,0.1600000113248825,0.8999999761581421,0.1111111119389534
weighted_mse_w5_hinge_single_film_lr3e-03_do0.0_wd1e-04,weighted_mse,0.003,0,0.0001,single,film,grouped,0.2,5,hinge,0.23654736578464508,1.0044255256652832,0.7883495092391968,,,,,,,,0.2745588719844818,,0.864545464515686,1.044880509376526,0.3995233476161957,1.3305097818374634,1.0773723125457764,1.065096378326416,0.0944061130285263,1.0607430934906006,0.1428571343421936,0.8999999761581421,0.0833333358168602
mse_single_film_lr1e-03_do0.0_wd0e+00,mse,0.001,0,0,single,film,grouped,0.2,5,threshold,0.31597915291786194,1.0044255256652832,0.8598130941390991,,,,,,,,0.27416756749153137,,0.8138030171394348,1.0501097440719604,0.3946438133716583,1.3305097818374634,1.0773723125457764,1.065096378326416,0.0944061130285263,1.0607430934906006,0.1538461446762085,0.8916666507720947,0.10000000149011612
weighted_mse_w1_threshold_single_film_lr1e-03_do0.0_wd0e+00,weighted_mse,0.001,0,0,single,film,grouped,0.2,1,threshold,0.31597915291786194,1.0044255256652832,0.8598130941390991,,,,,,,,0.27416756749153137,,0.8138030171394348,1.0501097440719604,0.3946438133716583,1.3305097818374634,1.0773723125457764,1.065096378326416,0.0944061130285263,1.0607430934906006,0.1538461446762085,0.8916666507720947,0.10000000149011612
weighted_mse_w1_hinge_naive_naive_lr1e-03_do0.0_wd1e-04,weighted_mse,0.001,0,0.0001,naive,naive,grouped,0.2,1,hinge,0.21649672091007233,1.0044255256652832,0.8412500023841858,,,,,,,,0.2730567455291748,,0.8584905862808228,1.0001283884048462,0.4056463837623596,1.3305097818374634,1.0773723125457764,1.065096378326416,0.0944061130285263,1.0607430934906006,0,0.8916666507720947,0
weighted_mse_w5_hinge_naive_naive_lr1e-03_do0.1_wd1e-04,weighted_mse,0.001,0.1,0.0001,naive,naive,grouped,0.2,5,hinge,0.3234062194824219,1.0044255256652832,0.7961165308952332,,,,,,,,0.2726953625679016,,0.828840970993042,1.0437207221984863,0.3811568915843963,1.3305097818374634,1.0773723125457764,1.065096378326416,0.0944061130285263,1.0607430934906006,0,0.8999999761581421,0
weighted_mse_w5_absolute_naive_naive_lr3e-03_do0.1_wd0e+00,weighted_mse,0.003,0.1,0,naive,naive,grouped,0.2,5,absolute,0.30334413051605225,1.0044255256652832,0.8504672646522522,,,,,,,,0.2722945213317871,,0.8683035969734192,1.1511160135269165,0.4421028196811676,1.3305097818374634,1.0773723125457764,1.065096378326416,0.0944061130285263,1.0607430934906006,0,0.8916666507720947,0
weighted_mse_w1_absolute_naive_naive_lr3e-03_do0.1_wd0e+00,weighted_mse,0.003,0.1,0,naive,naive,grouped,0.2,1,absolute,0.30334413051605225,1.0044255256652832,0.8504672646522522,,,,,,,,0.2722945213317871,,0.8683035969734192,1.1511160135269165,0.4421028196811676,1.3305097818374634,1.0773723125457764,1.065096378326416,0.0944061130285263,1.0607430934906006,0,0.8916666507720947,0
weighted_mse_w1_threshold_naive_film_lr3e-03_do0.0_wd1e-04,weighted_mse,0.003,0,0.0001,naive,film,grouped,0.2,1,threshold,0.22299496829509735,1.0044255256652832,0.8504854440689087,,,,,,,,0.2711864411830902,,0.8626887202262878,1.0516457557678225,0.4081159830093384,1.3305097818374634,1.0773723125457764,1.065096378326416,0.0944061130285263,1.0607430934906006,0.1818181872367859,0.8916666507720947,0.1428571492433548
weighted_mse_w1_threshold_naive_film_lr1e-03_do0.0_wd0e+00,weighted_mse,0.001,0,0,naive,film,grouped,0.2,1,threshold,0.31682461500167847,1.0044255256652832,0.8233009576797485,,,,,,,,0.27110597491264343,,0.8690575361251831,1.0313626527786257,0.4100927710533142,1.3305097818374634,1.0773723125457764,1.065096378326416,0.0944061130285263,1.0607430934906006,0.13333334028720856,0.8999999761581421,0.07692307978868484
weighted_mse_w1_hinge_seasonal_film_lr3e-03_do0.0_wd1e-04,weighted_mse,0.003,0,0.0001,seasonal,film,grouped,0.2,1,hinge,0.32903116941452026,1.0044255256652832,0.8274399042129517,,,,,,,,0.2679173946380615,,0.8128950595855713,1.0728055238723757,0.3751308917999267,1.3305097818374634,1.0773723125457764,1.065096378326416,0.0944061130285263,1.0607430934906006,0.20000000298023224,0.8833333253860474,0.1538461595773697
weighted_mse_w1_absolute_single_naive_lr1e-03_do0.0_wd0e+00,weighted_mse,0.001,0,0,single,naive,grouped,0.2,1,absolute,0.3641582131385803,1.0044255256652832,0.8233009576797485,,,,,,,,0.26651832461357117,,0.8432203531265259,1.101565718650818,0.4224641025066376,1.3305097818374634,1.0773723125457764,1.065096378326416,0.0944061130285263,1.0607430934906006,0.1250000149011612,0.8833333253860474,0.09090909361839294
weighted_mse_w5_absolute_single_naive_lr1e-03_do0.0_wd0e+00,weighted_mse,0.001,0,0,single,naive,grouped,0.2,5,absolute,0.3641582131385803,1.0044255256652832,0.8233009576797485,,,,,,,,0.26651832461357117,,0.8432203531265259,1.101565718650818,0.4224641025066376,1.3305097818374634,1.0773723125457764,1.065096378326416,0.0944061130285263,1.0607430934906006,0.1250000149011612,0.8833333253860474,0.09090909361839294
weighted_mse_w5_threshold_naive_naive_lr3e-03_do0.0_wd1e-04,weighted_mse,0.003,0,0.0001,naive,naive,grouped,0.2,5,threshold,0.24279703199863434,1.0044255256652832,0.8387553095817566,,,,,,,,0.2650294899940491,,0.8369153141975403,1.0095454454421997,0.40346816182136536,1.3305097818374634,1.0773723125457764,1.065096378326416,0.0944061130285263,1.0607430934906006,0,0.8916666507720947,0
weighted_mse_w1_hinge_seasonal_film_lr3e-03_do0.1_wd1e-04,weighted_mse,0.003,0.1,0.0001,seasonal,film,grouped,0.2,1,hinge,0.3093068301677704,1.0044255256652832,0.8125,,,,,,,,0.2638108432292938,,0.8432203531265259,0.9950559735298156,0.4591357111930847,1.3305097818374634,1.0773723125457764,1.065096378326416,0.0944061130285263,1.0607430934906006,0.1818181872367859,0.8916666507720947,0.13333334028720856
weighted_mse_w5_hinge_single_naive_lr3e-03_do0.0_wd1e-04,weighted_mse,0.003,0,0.0001,single,naive,grouped,0.2,5,hinge,0.2749113142490387,1.0044255256652832,0.822429895401001,,,,,,,,0.2623116374015808,,0.8366013169288635,1.013901710510254,0.3990574777126312,1.3305097818374634,1.0773723125457764,1.065096378326416,0.0944061130285263,1.0607430934906006,0.13333334028720856,0.8916666507720947,0.0833333358168602
weighted_mse_w1_hinge_naive_naive_lr3e-03_do0.0_wd0e+00,weighted_mse,0.003,0,0,naive,naive,grouped,0.2,1,hinge,0.19854457676410675,1.0044255256652832,0.8480392098426819,,,,,,,,0.26208212971687317,,0.8494007587432861,0.9696236252784728,0.437991738319397,1.3305097818374634,1.0773723125457764,1.065096378326416,0.0944061130285263,1.0607430934906006,0,0.8916666507720947,0
weighted_mse_w1_threshold_naive_naive_lr3e-03_do0.0_wd1e-04,weighted_mse,0.003,0,0.0001,naive,naive,grouped,0.2,1,threshold,0.24475324153900146,1.0044255256652832,0.84375,,,,,,,,0.26013243198394775,,0.8668668866157532,0.9707896113395692,0.43939146399497986,1.3305097818374634,1.0773723125457764,1.065096378326416,0.0944061130285263,1.0607430934906006,0,0.8999999761581421,0
weighted_mse_w5_threshold_single_film_lr3e-03_do0.1_wd0e+00,weighted_mse,0.003,0.1,0,single,film,grouped,0.2,5,threshold,0.34708499908447266,1.0044255256652832,0.813592255115509,,,,,,,,0.2593907415866852,,0.8417391180992126,1.0594786405563354,0.37869158387184143,1.3305097818374634,1.0773723125457764,1.065096378326416,0.0944061130285263,1.0607430934906006,0.1904762089252472,0.875,0.1538461595773697
weighted_mse_w5_threshold_seasonal_naive_lr1e-03_do0.1_wd1e-04,weighted_mse,0.001,0.1,0.0001,seasonal,naive,grouped,0.2,5,threshold,0.3780530095100403,1.0044255256652832,0.831250011920929,,,,,,,,0.25917837023735046,,0.8394437432289124,1.055907130241394,0.38806793093681335,1.3305097818374634,1.0773723125457764,1.065096378326416,0.0944061130285263,1.0607430934906006,0.1666666716337204,0.8666666746139526,0.1538461595773697
weighted_mse_w1_absolute_single_naive_lr1e-03_do0.1_wd1e-04,weighted_mse,0.001,0.1,0.0001,single,naive,grouped,0.2,1,absolute,0.38879263401031494,1.0044255256652832,0.8529411554336548,,,,,,,,0.2571526765823364,,0.8464506268501282,1.129665732383728,0.3866866528987885,1.3305097818374634,1.0773723125457764,1.065096378326416,0.0944061130285263,1.0607430934906006,0,0.8916666507720947,0
weighted_mse_w5_absolute_single_naive_lr1e-03_do0.1_wd1e-04,weighted_mse,0.001,0.1,0.0001,single,naive,grouped,0.2,5,absolute,0.38879263401031494,1.0044255256652832,0.8529411554336548,,,,,,,,0.2571526765823364,,0.8464506268501282,1.129665732383728,0.3866866528987885,1.3305097818374634,1.0773723125457764,1.065096378326416,0.0944061130285263,1.0607430934906006,0,0.8916666507720947,0
weighted_mse_w5_hinge_seasonal_film_lr3e-03_do0.0_wd1e-04,weighted_mse,0.003,0,0.0001,seasonal,film,grouped,0.2,5,hinge,0.338591992855072,1.0044255256652832,0.8039215803146362,,,,,,,,0.25664666295051575,,0.8118181824684143,1.082780122756958,0.36849644780159,1.3305097818374634,1.0773723125457764,1.065096378326416,0.0944061130285263,1.0607430934906006,0.20000000298023224,0.875,0.1818181872367859
weighted_mse_w5_hinge_single_naive_lr1e-03_do0.0_wd0e+00,weighted_mse,0.001,0,0,single,naive,grouped,0.2,5,hinge,0.27299439907073975,1.0044255256652832,0.7747572660446167,,,,,,,,0.2566288113594055,,0.8116462826728821,1.0777815580368042,0.2956523299217224,1.3305097818374634,1.0773723125457764,1.065096378326416,0.0944061130285263,1.0607430934906006,0.111111119389534,0.8916666507720947,0.07692307978868484
weighted_mse_w5_hinge_seasonal_film_lr3e-03_do0.1_wd1e-04,weighted_mse,0.003,0.1,0.0001,seasonal,film,grouped,0.2,5,hinge,0.2909780740737915,1.0044255256652832,0.793490469455719,,,,,,,,0.2555932402610779,,0.8432363867759705,1.091516613960266,0.3409886062145233,1.3305097818374634,1.0773723125457764,1.065096378326416,0.0944061130285263,1.0607430934906006,0.20000000298023224,0.8916666507720947,0.1428571492433548
weighted_mse_w1_absolute_single_film_lr3e-03_do0.0_wd0e+00,weighted_mse,0.003,0,0,single,film,grouped,0.2,1,absolute,0.34569165110588074,1.0044255256652832,0.8246110081672668,,,,,,,,0.2547776997089386,,0.8279321193695068,1.1424719095230105,0.4058966338634491,1.3305097818374634,1.0773723125457764,1.065096378326416,0.0944061130285263,1.0607430934906006,0.17391306161880493,0.8666666746139526,0.1538461595773697
weighted_mse_w5_absolute_single_film_lr3e-03_do0.0_wd0e+00,weighted_mse,0.003,0,0,single,film,grouped,0.2,5,absolute,0.34569165110588074,1.0044255256652832,0.8246110081672668,,,,,,,,0.2547776997089386,,0.8279321193695068,1.1424719095230105,0.4058966338634491,1.3305097818374634,1.0773723125457764,1.065096378326416,0.0944061130285263,1.0607430934906006,0.17391306161880493,0.8666666746139526,0.1538461595773697
weighted_mse_w1_hinge_single_naive_lr1e-03_do0.0_wd0e+00,weighted_mse,0.001,0,0,single,naive,grouped,0.2,1,hinge,0.3114719092845917,1.0044255256652832,0.8429985642433167,,,,,,,,0.2540958523750305,,0.859649121761322,1.034921646118164,0.4148370325565338,1.3305097818374634,1.0773723125457764,1.065096378326416,0.0944061130285263,1.0607430934906006,0.1599999964237213,0.8916666507720947,0.1111111119389534
weighted_mse_w5_threshold_seasonal_naive_lr3e-03_do0.0_wd1e-04,weighted_mse,0.003,0,0.0001,seasonal,naive,grouped,0.2,5,threshold,0.3700784146785736,1.0044255256652832,0.826797366142273,,,,,,,,0.2534589171409607,,0.828125,1.0368061065673828,0.3982994258403778,1.3305097818374634,1.0773723125457764,1.065096378326416,0.0944061130285263,1.0607430934906006,0.190476194024086,0.8833333253860474,0.1428571492433548
weighted_mse_w5_threshold_seasonal_naive_lr1e-03_do0.0_wd0e+00,weighted_mse,0.001,0,0,seasonal,naive,grouped,0.2,5,threshold,0.23008166253566742,1.0044255256652832,0.8557284474372864,,,,,,,,0.2514001727104187,,0.8245614171028137,1.0217595100402832,0.3863653242588043,1.3305097818374634,1.0773723125457764,1.065096378326416,0.0944061130285263,1.0607430934906006,0.1666666716337204,0.8916666507720947,0.1111111119389534
weighted_mse_w1_threshold_naive_film_lr1e-03_do0.0_wd1e-04,weighted_mse,0.001,0,0.0001,naive,film,grouped,0.2,1,threshold,0.20315559208393097,1.0044255256652832,0.8349514603614807,,,,,,,,0.24969933927059176,,0.857272744178772,1.0343008041381836,0.4294756352901459,1.3305097818374634,1.0773723125457764,1.065096378326416,0.0944061130285263,1.0607430934906006,0,0.8916666507720947,0
weighted_mse_w5_hinge_seasonal_naive_lr1e-03_do0.1_wd1e-04,weighted_mse,0.001,0.1,0.0001,seasonal,naive,grouped,0.2,5,hinge,0.246710866689682,1.0044255256652832,0.8077669739723206,,,,,,,,0.24840733408927915,,0.839866578578949,1.0163840055465698,0.4140195846557617,1.3305097818374634,1.0773723125457764,1.065096378326416,0.0944061130285263,1.0607430934906006,0.13333332538604736,0.875,0.1111111119389534
weighted_mse_w5_absolute_seasonal_film_lr3e-03_do0.0_wd0e+00,weighted_mse,0.003,0,0,seasonal,film,grouped,0.2,5,absolute,0.3063358962535858,1.0044255256652832,0.8529411554336548,,,,,,,,0.2470739334821701,,0.8156521916389465,1.1810579299926758,0.3562907874584198,1.3305097818374634,1.0773723125457764,1.065096378326416,0.0944061130285263,1.0607430934906006,0.13333334028720856,0.875,0.125
weighted_mse_w1_absolute_seasonal_film_lr3e-03_do0.0_wd0e+00,weighted_mse,0.003,0,0,seasonal,film,grouped,0.2,1,absolute,0.3063358962535858,1.0044255256652832,0.8529411554336548,,,,,,,,0.2470739334821701,,0.8156521916389465,1.1810579299926758,0.3562907874584198,1.3305097818374634,1.0773723125457764,1.065096378326416,0.0944061130285263,1.0607430934906006,0.13333334028720856,0.875,0.125
weighted_mse_w5_hinge_naive_naive_lr3e-03_do0.1_wd1e-04,weighted_mse,0.003,0.1,0.0001,naive,naive,grouped,0.2,5,hinge,0.3188544809818268,1.0044255256652832,0.8187500238418579,,,,,,,,0.24633926153182983,,0.8447107672691345,1.0135183334350586,0.43130800127983093,1.3305097818374634,1.0773723125457764,1.065096378326416,0.0944061130285263,1.0607430934906006,0,0.8916666507720947,0
weighted_mse_w5_hinge_single_naive_lr3e-03_do0.0_wd0e+00,weighted_mse,0.003,0,0,single,naive,grouped,0.2,5,hinge,0.3561019003391266,1.0044255256652832,0.8300653696060181,,,,,,,,0.24574916064739227,,0.8308308124542236,1.050661563873291,0.3323715925216675,1.3305097818374634,1.0773723125457764,1.065096378326416,0.0944061130285263,1.0607430934906006,0.1428571343421936,0.8916666507720947,0.0833333358168602
weighted_mse_w5_hinge_seasonal_naive_lr1e-03_do0.1_wd0e+00,weighted_mse,0.001,0.1,0,seasonal,naive,grouped,0.2,5,hinge,0.22809603810310364,1.0044255256652832,0.8202614188194275,,,,,,,,0.24361108243465424,,0.8289473652839661,1.0212918519973757,0.3972723186016083,1.3305097818374634,1.0773723125457764,1.065096378326416,0.0944061130285263,1.0607430934906006,0.111111119389534,0.875,0.0833333358168602
weighted_mse_w5_threshold_seasonal_naive_lr3e-03_do0.0_wd0e+00,weighted_mse,0.003,0,0,seasonal,naive,grouped,0.2,5,threshold,0.40382272005081177,1.0044255256652832,0.8366013169288635,,,,,,,,0.24204286932945251,,0.8294752836227417,1.038772463798523,0.401804655790329,1.3305097818374634,1.0773723125457764,1.065096378326416,0.0944061130285263,1.0607430934906006,0.13333334028720856,0.8666666746139526,0.125
weighted_mse_w5_threshold_single_naive_lr3e-03_do0.1_wd0e+00,weighted_mse,0.003,0.1,0,single,naive,grouped,0.2,5,threshold,0.3714647591114044,1.0044255256652832,0.8349206447601318,,,,,,,,0.2419697642326355,,0.8136363625526428,1.0307062864303589,0.3738764822483063,1.3305097818374634,1.0773723125457764,1.065096378326416,0.0944061130285263,1.0607430934906006,0,0.8916666507720947,0
weighted_mse_w1_absolute_single_film_lr1e-03_do0.0_wd1e-04,weighted_mse,0.001,0,0.0001,single,film,grouped,0.2,1,absolute,0.361728310585022,1.0044255256652832,0.841269850730896,,,,,,,,0.24154070019721985,,0.8148148059844971,1.1372758150100708,0.41040968894958496,1.3305097818374634,1.0773723125457764,1.065096378326416,0.0944061130285263,1.0607430934906006,0.21052633225917816,0.8666666746139526,0.20000000298023224
weighted_mse_w5_absolute_single_film_lr1e-03_do0.0_wd1e-04,weighted_mse,0.001,0,0.0001,single,film,grouped,0.2,5,absolute,0.361728310585022,1.0044255256652832,0.841269850730896,,,,,,,,0.24154070019721985,,0.8148148059844971,1.1372758150100708,0.41040968894958496,1.3305097818374634,1.0773723125457764,1.065096378326416,0.0944061130285263,1.0607430934906006,0.21052633225917816,0.8666666746139526,0.20000000298023224
weighted_mse_w5_threshold_single_naive_lr3e-03_do0.1_wd1e-04,weighted_mse,0.003,0.1,0.0001,single,naive,grouped,0.2,5,threshold,0.35586017370224,1.0044255256652832,0.8365384340286255,,,,,,,,0.23693899810314176,,0.8099415302276611,1.0349210500717163,0.3692982494831085,1.3305097818374634,1.0773723125457764,1.065096378326416,0.0944061130285263,1.0607430934906006,0.11764706671237946,0.8833333253860474,0.07692307978868484
weighted_mse_w1_hinge_single_film_lr1e-03_do0.1_wd1e-04,weighted_mse,0.001,0.1,0.0001,single,film,grouped,0.2,1,hinge,0.3205207884311676,1.0044255256652832,0.8222222328186035,1.2950730323791504,0.9925187230110168,0.2382132112979889,1.348867654800415,1.0758272409439087,1.065900802612305,-0.2291722297668457,0.2357090562582016,0.33282896876335144,0.7745535969734192,1.1479995250701904,0.29405176639556885,1.3305097818374634,1.0773723125457764,1.065096378326416,0.0944061130285263,1.0607430934906006,0.2222222238779068,0.8500000238418579,0.2857142984867096
weighted_mse_w1_hinge_seasonal_film_lr1e-03_do0.1_wd1e-04,weighted_mse,0.001,0.1,0.0001,seasonal,film,grouped,0.2,1,hinge,0.3132849335670471,1.0044255256652832,0.8382353186607361,1.0950307846069336,0.8437677025794983,0.29777103662490845,1.348867654800415,1.0758272409439087,1.065900802612305,-0.029129981994628903,0.23522470891475675,0.20106753706932068,0.810317873954773,1.0725902318954468,0.2999579608440399,1.3305097818374634,1.0773723125457764,1.065096378326416,0.0944061130285263,1.0607430934906006,0.111111119389534,0.8666666746139526,0.09090909361839294
weighted_mse_w5_hinge_single_naive_lr1e-03_do0.0_wd1e-04,weighted_mse,0.001,0,0.0001,single,naive,grouped,0.2,5,hinge,0.2674022316932678,1.0044255256652832,0.7761437892913818,,,,,,,,0.23395761847496033,,0.8045454621315002,1.0835551023483276,0.2923542857170105,1.3305097818374634,1.0773723125457764,1.065096378326416,0.0944061130285263,1.0607430934906006,0.08695651590824127,0.8916666507720947,0.0555555559694767
weighted_mse_w5_hinge_single_film_lr1e-03_do0.1_wd0e+00,weighted_mse,0.001,0.1,0,single,film,grouped,0.2,5,hinge,0.2830701470375061,1.0044255256652832,0.800000011920929,,,,,,,,0.2338036149740219,,0.8206838965415955,1.0501075983047483,0.3515802323818207,1.3305097818374634,1.0773723125457764,1.065096378326416,0.0944061130285263,1.0607430934906006,0.125,0.8916666507720947,0.07692307978868484
weighted_mse_w5_absolute_naive_naive_lr1e-03_do0.0_wd1e-04,weighted_mse,0.001,0,0.0001,naive,naive,grouped,0.2,5,absolute,0.34652718901634216,1.0044255256652832,0.8603174686431885,,,,,,,,0.23213036358356476,,0.8482142686843872,1.2212305068969729,0.4278036653995514,1.3305097818374634,1.0773723125457764,1.065096378326416,0.0944061130285263,1.0607430934906006,0,0.8833333253860474,0
weighted_mse_w1_absolute_naive_naive_lr1e-03_do0.0_wd1e-04,weighted_mse,0.001,0,0.0001,naive,naive,grouped,0.2,1,absolute,0.34652718901634216,1.0044255256652832,0.8603174686431885,,,,,,,,0.23213036358356476,,0.8482142686843872,1.2212305068969729,0.4278036653995514,1.3305097818374634,1.0773723125457764,1.065096378326416,0.0944061130285263,1.0607430934906006,0,0.8833333253860474,0
weighted_mse_w1_hinge_single_naive_lr3e-03_do0.1_wd0e+00,weighted_mse,0.003,0.1,0,single,naive,grouped,0.2,1,hinge,0.34445688128471375,1.0044255256652832,0.8444130420684814,,,,,,,,0.2284485548734665,,0.8349206447601318,1.0546048879623413,0.3517758548259735,1.3305097818374634,1.0773723125457764,1.065096378326416,0.0944061130285263,1.0607430934906006,0,0.8916666507720947,0
weighted_mse_w1_hinge_seasonal_film_lr3e-03_do0.1_wd0e+00,weighted_mse,0.003,0.1,0,seasonal,film,grouped,0.2,1,hinge,0.28705838322639465,1.0044255256652832,0.8202614188194275,,,,,,,,0.2276257425546646,,0.8245454430580139,1.0457425117492676,0.3861079812049866,1.3305097818374634,1.0773723125457764,1.065096378326416,0.0944061130285263,1.0607430934906006,0.20000000298023224,0.8833333253860474,0.1428571492433548
weighted_mse_w1_hinge_seasonal_film_lr1e-03_do0.1_wd0e+00,weighted_mse,0.001,0.1,0,seasonal,film,grouped,0.2,1,hinge,0.31426459550857544,1.0044255256652832,0.8383838534355164,1.0851142406463623,0.8392297625541687,0.3026452660560608,1.348867654800415,1.0758272409439087,1.065900802612305,-0.019213438034057617,0.22690027952194217,0.1891312599182129,0.8115096092224121,1.0631048679351809,0.3085874021053314,1.3305097818374634,1.0773723125457764,1.065096378326416,0.0944061130285263,1.0607430934906006,0.10000000149011612,0.875,0.07692307978868484
weighted_mse_w5_hinge_single_naive_lr3e-03_do0.1_wd0e+00,weighted_mse,0.003,0.1,0,single,naive,grouped,0.2,5,hinge,0.3165695071220398,1.0044255256652832,0.807692289352417,,,,,,,,0.22615930438041687,,0.8475916385650635,0.9994936585426332,0.4146630764007568,1.3305097818374634,1.0773723125457764,1.065096378326416,0.0944061130285263,1.0607430934906006,0.095238097012043,0.8916666507720947,0.0555555559694767
weighted_mse_w5_absolute_seasonal_naive_lr1e-03_do0.0_wd0e+00,weighted_mse,0.001,0,0,seasonal,naive,grouped,0.2,5,absolute,0.3595618009567261,1.0044255256652832,0.8387500047683716,,,,,,,,0.22589659690856936,,0.8242730498313904,1.1266971826553345,0.4129568338394165,1.3305097818374634,1.0773723125457764,1.065096378326416,0.0944061130285263,1.0607430934906006,0.1818181872367859,0.875,0.1428571492433548
weighted_mse_w1_absolute_seasonal_naive_lr1e-03_do0.0_wd0e+00,weighted_mse,0.001,0,0,seasonal,naive,grouped,0.2,1,absolute,0.3595618009567261,1.0044255256652832,0.8387500047683716,,,,,,,,0.22589659690856936,,0.8242730498313904,1.1266971826553345,0.4129568338394165,1.3305097818374634,1.0773723125457764,1.065096378326416,0.0944061130285263,1.0607430934906006,0.1818181872367859,0.875,0.1428571492433548
weighted_mse_w5_absolute_seasonal_naive_lr1e-03_do0.1_wd0e+00,weighted_mse,0.001,0.1,0,seasonal,naive,grouped,0.2,5,absolute,0.25233495235443115,1.0044255256652832,0.8464052081108093,,,,,,,,0.22566762566566467,,0.8247767686843872,1.124537467956543,0.38474857807159424,1.3305097818374634,1.0773723125457764,1.065096378326416,0.0944061130285263,1.0607430934906006,0.1111111044883728,0.8916666507720947,0.0714285746216774
weighted_mse_w1_absolute_seasonal_naive_lr1e-03_do0.1_wd0e+00,weighted_mse,0.001,0.1,0,seasonal,naive,grouped,0.2,1,absolute,0.25233495235443115,1.0044255256652832,0.8464052081108093,,,,,,,,0.22566762566566467,,0.8247767686843872,1.124537467956543,0.38474857807159424,1.3305097818374634,1.0773723125457764,1.065096378326416,0.0944061130285263,1.0607430934906006,0.1111111044883728,0.8916666507720947,0.0714285746216774
weighted_mse_w1_absolute_single_naive_lr3e-03_do0.1_wd0e+00,weighted_mse,0.003,0.1,0,single,naive,grouped,0.2,1,absolute,0.28084832429885864,1.0044255256652832,0.8368932008743286,,,,,,,,0.2254268229007721,,0.8590942025184631,1.1415153741836548,0.3839356601238251,1.3305097818374634,1.0773723125457764,1.065096378326416,0.0944061130285263,1.0607430934906006,0.0833333358168602,0.8916666507720947,0.0476190485060215
weighted_mse_w5_absolute_single_naive_lr3e-03_do0.1_wd0e+00,weighted_mse,0.003,0.1,0,single,naive,grouped,0.2,5,absolute,0.28084832429885864,1.0044255256652832,0.8368932008743286,,,,,,,,0.2254268229007721,,0.8590942025184631,1.1415153741836548,0.3839356601238251,1.3305097818374634,1.0773723125457764,1.065096378326416,0.0944061130285263,1.0607430934906006,0.0833333358168602,0.8916666507720947,0.0476190485060215
weighted_mse_w1_absolute_single_film_lr3e-03_do0.0_wd1e-04,weighted_mse,0.003,0,0.0001,single,film,grouped,0.2,1,absolute,0.32487308979034424,1.0044255256652832,0.8097087144851685,,,,,,,,0.22501768171787265,,0.8209876418113708,1.1035882234573364,0.4228718876838684,1.3305097818374634,1.0773723125457764,1.065096378326416,0.0944061130285263,1.0607430934906006,0.1818181872367859,0.8833333253860474,0.1428571492433548
weighted_mse_w5_absolute_single_film_lr3e-03_do0.0_wd1e-04,weighted_mse,0.003,0,0.0001,single,film,grouped,0.2,5,absolute,0.32487308979034424,1.0044255256652832,0.8097087144851685,,,,,,,,0.22501768171787265,,0.8209876418113708,1.1035882234573364,0.4228718876838684,1.3305097818374634,1.0773723125457764,1.065096378326416,0.0944061130285263,1.0607430934906006,0.1818181872367859,0.8833333253860474,0.1428571492433548
mse_seasonal_film_lr3e-03_do0.1_wd1e-04,mse,0.003,0.1,0.0001,seasonal,film,grouped,0.2,5,threshold,0.08427324146032333,1.0044255256652832,0.8387553095817566,1.079894781112671,0.8632454872131348,0.27297887206077576,1.348867654800415,1.0758272409439087,1.065900802612305,-0.013993978500366213,0.22476068139076233,0.16084562242031095,0.7029077410697937,1.088348150253296,0.2227727770805359,1.3305097818374634,1.0773723125457764,1.065096378326416,0.0944061130285263,1.0607430934906006,0.1818181872367859,0.8916666507720947,0.125
weighted_mse_w1_threshold_seasonal_film_lr3e-03_do0.1_wd1e-04,weighted_mse,0.003,0.1,0.0001,seasonal,film,grouped,0.2,1,threshold,0.08427324146032333,1.0044255256652832,0.8387553095817566,1.079894781112671,0.8632454872131348,0.27297887206077576,1.348867654800415,1.0758272409439087,1.065900802612305,-0.013993978500366213,0.22476068139076233,0.16084562242031095,0.7029077410697937,1.088348150253296,0.2227727770805359,1.3305097818374634,1.0773723125457764,1.065096378326416,0.0944061130285263,1.0607430934906006,0.1818181872367859,0.8916666507720947,0.125
mse_single_film_lr1e-03_do0.1_wd0e+00,mse,0.001,0.1,0,single,film,grouped,0.2,5,threshold,0.22993974387645721,1.0044255256652832,0.8458274602890015,,,,,,,,0.22180473804473877,,0.8523769974708557,1.0334726572036743,0.4005104601383209,1.3305097818374634,1.0773723125457764,1.065096378326416,0.0944061130285263,1.0607430934906006,0.111111119389534,0.8916666507720947,0.0714285746216774
weighted_mse_w1_threshold_single_film_lr1e-03_do0.1_wd0e+00,weighted_mse,0.001,0.1,0,single,film,grouped,0.2,1,threshold,0.22993974387645721,1.0044255256652832,0.8458274602890015,,,,,,,,0.22180473804473877,,0.8523769974708557,1.0334726572036743,0.4005104601383209,1.3305097818374634,1.0773723125457764,1.065096378326416,0.0944061130285263,1.0607430934906006,0.111111119389534,0.8916666507720947,0.0714285746216774
weighted_mse_w1_hinge_single_naive_lr3e-03_do0.1_wd1e-04,weighted_mse,0.003,0.1,0.0001,single,naive,grouped,0.2,1,hinge,0.35711660981178284,1.0044255256652832,0.8464052081108093,,,,,,,,0.2216717004776001,,0.8443396091461182,1.042862057685852,0.3683236837387085,1.3305097818374634,1.0773723125457764,1.065096378326416,0.0944061130285263,1.0607430934906006,0,0.8999999761581421,0
weighted_mse_w1_threshold_single_naive_lr1e-03_do0.1_wd1e-04,weighted_mse,0.001,0.1,0.0001,single,naive,grouped,0.2,1,threshold,0.2208290696144104,1.0044255256652832,0.8476190567016602,,,,,,,,0.21580137312412265,,0.8318965435028076,1.0317416191101074,0.3746197521686554,1.3305097818374634,1.0773723125457764,1.065096378326416,0.0944061130285263,1.0607430934906006,0,0.8999999761581421,0
weighted_mse_w1_hinge_single_film_lr3e-03_do0.1_wd0e+00,weighted_mse,0.003,0.1,0,single,film,grouped,0.2,1,hinge,0.317586213350296,1.0044255256652832,0.8269230723381042,,,,,,,,0.2150578051805496,,0.8418418169021606,1.0526238679885864,0.38957709074020386,1.3305097818374634,1.0773723125457764,1.065096378326416,0.0944061130285263,1.0607430934906006,0.1818181872367859,0.8916666507720947,0.11764705926179886
weighted_mse_w5_hinge_single_film_lr1e-03_do0.0_wd1e-04,weighted_mse,0.001,0,0.0001,single,film,grouped,0.2,5,hinge,0.34077826142311096,1.0044255256652832,0.8235294222831726,,,,,,,,0.2144366353750229,,0.8302469253540039,1.058690309524536,0.3431544601917267,1.3305097818374634,1.0773723125457764,1.065096378326416,0.0944061130285263,1.0607430934906006,0,0.8999999761581421,0
weighted_mse_w5_absolute_naive_naive_lr1e-03_do0.1_wd1e-04,weighted_mse,0.001,0.1,0.0001,naive,naive,grouped,0.2,5,absolute,0.2051965445280075,1.0044255256652832,0.848557710647583,,,,,,,,0.21032120287418363,,0.8647618889808655,1.1273988485336304,0.4255234599113464,1.3305097818374634,1.0773723125457764,1.065096378326416,0.0944061130285263,1.0607430934906006,0,0.8999999761581421,0
weighted_mse_w1_absolute_naive_naive_lr1e-03_do0.1_wd1e-04,weighted_mse,0.001,0.1,0.0001,naive,naive,grouped,0.2,1,absolute,0.2051965445280075,1.0044255256652832,0.848557710647583,,,,,,,,0.21032120287418363,,0.8647618889808655,1.1273988485336304,0.4255234599113464,1.3305097818374634,1.0773723125457764,1.065096378326416,0.0944061130285263,1.0607430934906006,0,0.8999999761581421,0
weighted_mse_w1_threshold_naive_film_lr1e-03_do0.1_wd1e-04,weighted_mse,0.001,0.1,0.0001,naive,film,grouped,0.2,1,threshold,0.0317460335791111,1.0044255256652832,0.8480392098426819,,,,,,,,0.20976242423057556,,0.8538538813591003,1.029996633529663,0.4412902593612671,1.3305097818374634,1.0773723125457764,1.065096378326416,0.0944061130285263,1.0607430934906006,0.1538461595773697,0.8833333253860474,0.1111111119389534
weighted_mse_w1_hinge_single_naive_lr1e-03_do0.0_wd1e-04,weighted_mse,0.001,0,0.0001,single,naive,grouped,0.2,1,hinge,0.30548372864723206,1.0044255256652832,0.8387553095817566,,,,,,,,0.20938606560230255,,0.8482933044433594,1.0545270442962646,0.3781427443027496,1.3305097818374634,1.0773723125457764,1.065096378326416,0.0944061130285263,1.0607430934906006,0.11764706671237946,0.8916666507720947,0.09090909361839294
weighted_mse_w5_threshold_single_naive_lr1e-03_do0.1_wd0e+00,weighted_mse,0.001,0.1,0,single,naive,grouped,0.2,5,threshold,0.3884776830673218,1.0044255256652832,0.8359264731407166,,,,,,,,0.2086319476366043,,0.800000011920929,1.012388825416565,0.39851313829422,1.3305097818374634,1.0773723125457764,1.065096378326416,0.0944061130285263,1.0607430934906006,0,0.8916666507720947,0
weighted_mse_w1_threshold_single_naive_lr1e-03_do0.1_wd0e+00,weighted_mse,0.001,0.1,0,single,naive,grouped,0.2,1,threshold,0.23304346203804016,1.0044255256652832,0.8427184224128723,,,,,,,,0.20782214403152463,,0.8289473652839661,1.0271490812301636,0.3820143043994904,1.3305097818374634,1.0773723125457764,1.065096378326416,0.0944061130285263,1.0607430934906006,0,0.8999999761581421,0
weighted_mse_w5_hinge_naive_naive_lr3e-03_do0.1_wd0e+00,weighted_mse,0.003,0.1,0,naive,naive,grouped,0.2,5,hinge,0.31493833661079407,1.0044255256652832,0.8203677535057068,,,,,,,,0.20746397972106936,,0.8425480723381042,1.027323842048645,0.3885316252708435,1.3305097818374634,1.0773723125457764,1.065096378326416,0.0944061130285263,1.0607430934906006,0,0.8999999761581421,0
weighted_mse_w5_absolute_naive_naive_lr3e-03_do0.1_wd1e-04,weighted_mse,0.003,0.1,0.0001,naive,naive,grouped,0.2,5,absolute,0.2253570258617401,1.0044255256652832,0.8605769276618958,,,,,,,,0.20588526129722595,,0.8798999190330505,1.1268916130065918,0.4416315257549286,1.3305097818374634,1.0773723125457764,1.065096378326416,0.0944061130285263,1.0607430934906006,0,0.8999999761581421,0
weighted_mse_w5_threshold_single_naive_lr1e-03_do0.1_wd1e-04,weighted_mse,0.001,0.1,0.0001,single,naive,grouped,0.2,5,threshold,0.3918457627296448,1.0044255256652832,0.8380952477455139,,,,,,,,0.2052671015262604,,0.8116308450698853,1.007863998413086,0.40947073698043823,1.3305097818374634,1.0773723125457764,1.065096378326416,0.0944061130285263,1.0607430934906006,0,0.8916666507720947,0
weighted_mse_w5_hinge_seasonal_naive_lr1e-03_do0.0_wd0e+00,weighted_mse,0.001,0,0,seasonal,naive,grouped,0.2,5,hinge,0.2907891273498535,1.0044255256652832,0.8075000047683716,,,,,,,,0.20490016043186188,,0.8356481194496155,1.041637897491455,0.39449793100357056,1.3305097818374634,1.0773723125457764,1.065096378326416,0.0944061130285263,1.0607430934906006,0.1428571492433548,0.8833333253860474,0.1111111119389534
weighted_mse_w5_threshold_seasonal_naive_lr1e-03_do0.0_wd1e-04,weighted_mse,0.001,0,0.0001,seasonal,naive,grouped,0.2,5,threshold,0.33947640657424927,1.0044255256652832,0.8137500286102295,,,,,,,,0.2017017602920532,,0.8308308124542236,1.0283474922180176,0.4085830152034759,1.3305097818374634,1.0773723125457764,1.065096378326416,0.0944061130285263,1.0607430934906006,0.125,0.8833333253860474,0.09090909361839294
weighted_mse_w5_hinge_single_naive_lr1e-03_do0.1_wd1e-04,weighted_mse,0.001,0.1,0.0001,single,naive,grouped,0.2,5,hinge,0.3134947419166565,1.0044255256652832,0.7975000143051147,,,,,,,,0.2012251913547516,,0.8520845174789429,1.000910997390747,0.4037919044494629,1.3305097818374634,1.0773723125457764,1.065096378326416,0.0944061130285263,1.0607430934906006,0,0.8999999761581421,0
weighted_mse_w1_hinge_single_naive_lr1e-03_do0.1_wd1e-04,weighted_mse,0.001,0.1,0.0001,single,naive,grouped,0.2,1,hinge,0.28166308999061584,1.0044255256652832,0.8464052081108093,0.9822973608970642,0.7662976384162903,0.4289044141769409,1.348867654800415,1.0758272409439087,1.065900802612305,0.08360344171524048,0.20068903267383575,0.1260875016450882,0.8643478155136108,0.9741327166557312,0.4499679207801819,1.3305097818374634,1.0773723125457764,1.065096378326416,0.0944061130285263,1.0607430934906006,0,0.8999999761581421,0
weighted_mse_w1_hinge_single_naive_lr1e-03_do0.1_wd0e+00,weighted_mse,0.001,0.1,0,single,naive,grouped,0.2,1,hinge,0.2312828004360199,1.0044255256652832,0.8504672646522522,,,,,,,,0.20062081515789032,,0.8611111044883728,0.9982588291168212,0.4076760113239288,1.3305097818374634,1.0773723125457764,1.065096378326416,0.0944061130285263,1.0607430934906006,0,0.8999999761581421,0
cellwise_pinball_seasonal_film_lr1e-03_do0.0_wd0e+00,cellwise_pinball,0.001,0,0,seasonal,film,grouped,0.2,5,threshold,0.18388637900352478,1.0044255256652832,0.8022875785827637,2.2641494274139404,1.9301618337631223,0.10320091992616652,1.348867654800415,1.0758272409439087,1.065900802612305,-1.1982486248016355,0.1994617730379105,0.850418210029602,0.6866576671600342,2.1698157787323,0.1626386195421219,1.3305097818374634,1.0773723125457764,1.065096378326416,0.0944061130285263,1.0607430934906006,0.1946902722120285,0.24166665971279144,1
weighted_mse_w1_hinge_seasonal_naive_lr1e-03_do0.0_wd0e+00,weighted_mse,0.001,0,0,seasonal,naive,grouped,0.2,1,hinge,0.13010302186012268,1.0044255256652832,0.8450000286102295,,,,,,,,0.19776685535907745,,0.8112244606018066,1.0123319625854492,0.4143267869949341,1.3305097818374634,1.0773723125457764,1.065096378326416,0.0944061130285263,1.0607430934906006,0.1666666716337204,0.8833333253860474,0.125
weighted_mse_w1_hinge_seasonal_film_lr1e-03_do0.0_wd1e-04,weighted_mse,0.001,0,0.0001,seasonal,film,grouped,0.2,1,hinge,0.3611144423484802,1.0044255256652832,0.8443396091461182,1.0388716459274292,0.8089748620986938,0.33931246399879456,1.348867654800415,1.0758272409439087,1.065900802612305,0.02702915668487549,0.19772246479988095,0.1317194104194641,0.8253055214881897,1.0357881784439087,0.38220176100730896,1.3305097818374634,1.0773723125457764,1.065096378326416,0.0944061130285263,1.0607430934906006,0,0.8916666507720947,0
weighted_mse_w5_hinge_single_naive_lr1e-03_do0.1_wd0e+00,weighted_mse,0.001,0.1,0,single,naive,grouped,0.2,5,hinge,0.3323153555393219,1.0044255256652832,0.8052884340286255,,,,,,,,0.19609606266021729,,0.8470290899276733,1.0172863006591797,0.38928529620170593,1.3305097818374634,1.0773723125457764,1.065096378326416,0.0944061130285263,1.0607430934906006,0,0.8916666507720947,0
cellwise_pinball_single_film_lr1e-03_do0.1_wd0e+00,cellwise_pinball,0.001,0.1,0,single,film,grouped,0.2,5,threshold,0.19950319826602936,1.0044255256652832,0.7902912497520447,2.412151336669922,1.8772153854370115,0.05651956424117088,1.348867654800415,1.0758272409439087,1.065900802612305,-1.3462505340576172,0.19317491352558136,0.6542680859565735,0.5859375,2.1140613555908203,0.08725466579198837,1.3305097818374634,1.0773723125457764,1.065096378326416,0.0944061130285263,1.0607430934906006,0.1919999867677689,0.5249999761581421,0.6666666865348816
weighted_mse_w5_threshold_single_naive_lr3e-03_do0.0_wd1e-04,weighted_mse,0.003,0,0.0001,single,naive,grouped,0.2,5,threshold,0.3650895357131958,1.0044255256652832,0.8387553095817566,,,,,,,,0.1923786997795105,,0.8415346145629883,1.0468815565109253,0.35985755920410156,1.3305097818374634,1.0773723125457764,1.065096378326416,0.0944061130285263,1.0607430934906006,0,0.8916666507720947,0
weighted_mse_w1_hinge_naive_naive_lr3e-03_do0.0_wd1e-04,weighted_mse,0.003,0,0.0001,naive,naive,grouped,0.2,1,hinge,0.23180817067623138,1.0044255256652832,0.8557284474372864,,,,,,,,0.19219884276390076,,0.8540618419647217,0.9874072670936584,0.41996484994888306,1.3305097818374634,1.0773723125457764,1.065096378326416,0.0944061130285263,1.0607430934906006,0,0.8916666507720947,0
mse_single_film_lr1e-03_do0.1_wd1e-04,mse,0.001,0.1,0.0001,single,film,grouped,0.2,5,threshold,0.2359025925397873,1.0044255256652832,0.8496732115745544,,,,,,,,0.1884649395942688,,0.8581818342208862,1.040143609046936,0.40470314025878906,1.3305097818374634,1.0773723125457764,1.065096378326416,0.0944061130285263,1.0607430934906006,0.10526315867900848,0.8916666507720947,0.0625
weighted_mse_w1_threshold_single_film_lr1e-03_do0.1_wd1e-04,weighted_mse,0.001,0.1,0.0001,single,film,grouped,0.2,1,threshold,0.2359025925397873,1.0044255256652832,0.8496732115745544,,,,,,,,0.1884649395942688,,0.8581818342208862,1.040143609046936,0.40470314025878906,1.3305097818374634,1.0773723125457764,1.065096378326416,0.0944061130285263,1.0607430934906006,0.10526315867900848,0.8916666507720947,0.0625
weighted_mse_w1_hinge_single_film_lr3e-03_do0.1_wd1e-04,weighted_mse,0.003,0.1,0.0001,single,film,grouped,0.2,1,hinge,0.1511886715888977,1.0044255256652832,0.8071895241737366,,,,,,,,0.1880931854248047,,0.8494151830673218,1.0205376148223877,0.40967029333114624,1.3305097818374634,1.0773723125457764,1.065096378326416,0.0944061130285263,1.0607430934906006,0.1428571492433548,0.8916666507720947,0.09090909361839294
weighted_mse_w5_absolute_seasonal_naive_lr1e-03_do0.0_wd1e-04,weighted_mse,0.001,0,0.0001,seasonal,naive,grouped,0.2,5,absolute,0.38797521591186523,1.0044255256652832,0.8528995513916016,,,,,,,,0.18788020312786105,,0.7971698045730591,1.1100059747695925,0.3610122501850128,1.3305097818374634,1.0773723125457764,1.065096378326416,0.0944061130285263,1.0607430934906006,0.125,0.8833333253860474,0.09090909361839294
weighted_mse_w1_absolute_seasonal_naive_lr1e-03_do0.0_wd1e-04,weighted_mse,0.001,0,0.0001,seasonal,naive,grouped,0.2,1,absolute,0.38797521591186523,1.0044255256652832,0.8528995513916016,,,,,,,,0.18788020312786105,,0.7971698045730591,1.1100059747695925,0.3610122501850128,1.3305097818374634,1.0773723125457764,1.065096378326416,0.0944061130285263,1.0607430934906006,0.125,0.8833333253860474,0.09090909361839294
weighted_mse_w1_threshold_single_naive_lr1e-03_do0.0_wd1e-04,weighted_mse,0.001,0,0.0001,single,naive,grouped,0.2,1,threshold,0.3627013564109802,1.0044255256652832,0.8600000143051147,,,,,,,,0.18384845554828644,,0.8379629850387573,1.058065414428711,0.3514634072780609,1.3305097818374634,1.0773723125457764,1.065096378326416,0.0944061130285263,1.0607430934906006,0,0.8999999761581421,0
weighted_mse_w5_absolute_seasonal_naive_lr3e-03_do0.0_wd1e-04,weighted_mse,0.003,0,0.0001,seasonal,naive,grouped,0.2,5,absolute,0.3796932101249695,1.0044255256652832,0.8641975522041321,,,,,,,,0.18264584243297577,,0.8202160596847534,1.146859884262085,0.40541237592697144,1.3305097818374634,1.0773723125457764,1.065096378326416,0.0944061130285263,1.0607430934906006,0.13793103396892548,0.875,0.10000000149011612
weighted_mse_w1_absolute_seasonal_naive_lr3e-03_do0.0_wd1e-04,weighted_mse,0.003,0,0.0001,seasonal,naive,grouped,0.2,1,absolute,0.3796932101249695,1.0044255256652832,0.8641975522041321,,,,,,,,0.18264584243297577,,0.8202160596847534,1.146859884262085,0.40541237592697144,1.3305097818374634,1.0773723125457764,1.065096378326416,0.0944061130285263,1.0607430934906006,0.13793103396892548,0.875,0.10000000149011612
mse_single_film_lr3e-03_do0.1_wd1e-04,mse,0.003,0.1,0.0001,single,film,grouped,0.2,5,threshold,0.1454760581254959,1.0044255256652832,0.8012499809265137,,,,,,,,0.18225374817848208,,0.8495370149612427,0.9921698570251464,0.4307651221752167,1.3305097818374634,1.0773723125457764,1.065096378326416,0.0944061130285263,1.0607430934906006,0.1428571492433548,0.8916666507720947,0.09090909361839294
weighted_mse_w1_threshold_single_film_lr3e-03_do0.1_wd1e-04,weighted_mse,0.003,0.1,0.0001,single,film,grouped,0.2,1,threshold,0.1454760581254959,1.0044255256652832,0.8012499809265137,,,,,,,,0.18225374817848208,,0.8495370149612427,0.9921698570251464,0.4307651221752167,1.3305097818374634,1.0773723125457764,1.065096378326416,0.0944061130285263,1.0607430934906006,0.1428571492433548,0.8916666507720947,0.09090909361839294
weighted_mse_w1_hinge_seasonal_naive_lr1e-03_do0.1_wd0e+00,weighted_mse,0.001,0.1,0,seasonal,naive,grouped,0.2,1,hinge,0.2099565863609314,1.0044255256652832,0.8169934749603271,,,,,,,,0.1806628257036209,,0.8341049551963806,0.9808482527732848,0.4326646327972412,1.3305097818374634,1.0773723125457764,1.065096378326416,0.0944061130285263,1.0607430934906006,0,0.8916666507720947,0
weighted_mse_w5_absolute_naive_naive_lr3e-03_do0.0_wd1e-04,weighted_mse,0.003,0,0.0001,naive,naive,grouped,0.2,5,absolute,0.24589037895202637,1.0044255256652832,0.8571428656578064,,,,,,,,0.1789226531982422,,0.8596712946891785,1.1974241733551023,0.4492204189300537,1.3305097818374634,1.0773723125457764,1.065096378326416,0.0944061130285263,1.0607430934906006,0,0.8999999761581421,0
weighted_mse_w1_absolute_naive_naive_lr3e-03_do0.0_wd1e-04,weighted_mse,0.003,0,0.0001,naive,naive,grouped,0.2,1,absolute,0.24589037895202637,1.0044255256652832,0.8571428656578064,,,,,,,,0.1789226531982422,,0.8596712946891785,1.1974241733551023,0.4492204189300537,1.3305097818374634,1.0773723125457764,1.065096378326416,0.0944061130285263,1.0607430934906006,0,0.8999999761581421,0
weighted_mse_w1_hinge_single_film_lr3e-03_do0.0_wd0e+00,weighted_mse,0.003,0,0,single,film,grouped,0.2,1,hinge,0.3370053470134735,1.0044255256652832,0.8233009576797485,,,,,,,,0.17826202511787417,,0.8231859803199768,1.0410374402999878,0.3777879774570465,1.3305097818374634,1.0773723125457764,1.065096378326416,0.0944061130285263,1.0607430934906006,0.11764706671237946,0.8916666507720947,0.0714285746216774
weighted_mse_w5_absolute_seasonal_film_lr1e-03_do0.1_wd0e+00,weighted_mse,0.001,0.1,0,seasonal,film,grouped,0.2,5,absolute,0.3748599886894226,1.0044255256652832,0.8504854440689087,1.129982829093933,0.915365755558014,0.3991031646728515,1.348867654800415,1.0758272409439087,1.065900802612305,-0.06408202648162842,0.17774301767349243,0.11465556919574738,0.8503086566925049,1.130426049232483,0.41391491889953613,1.3305097818374634,1.0773723125457764,1.065096378326416,0.0944061130285263,1.0607430934906006,0,0.8916666507720947,0
weighted_mse_w1_absolute_seasonal_film_lr1e-03_do0.1_wd0e+00,weighted_mse,0.001,0.1,0,seasonal,film,grouped,0.2,1,absolute,0.3748599886894226,1.0044255256652832,0.8504854440689087,1.129982829093933,0.915365755558014,0.3991031646728515,1.348867654800415,1.0758272409439087,1.065900802612305,-0.06408202648162842,0.17774301767349243,0.11465556919574738,0.8503086566925049,1.130426049232483,0.41391491889953613,1.3305097818374634,1.0773723125457764,1.065096378326416,0.0944061130285263,1.0607430934906006,0,0.8916666507720947,0
weighted_mse_w1_threshold_seasonal_film_lr3e-03_do0.0_wd1e-04,weighted_mse,0.003,0,0.0001,seasonal,film,grouped,0.2,1,threshold,0.09901129454374313,1.0044255256652832,0.848557710647583,,,,,,,,0.17600952088832855,,0.8154234886169434,1.07162606716156,0.3462597131729126,1.3305097818374634,1.0773723125457764,1.065096378326416,0.0944061130285263,1.0607430934906006,0.1428571492433548,0.8916666507720947,0.09090909361839294
weighted_mse_w5_hinge_seasonal_naive_lr3e-03_do0.0_wd1e-04,weighted_mse,0.003,0,0.0001,seasonal,naive,grouped,0.2,5,hinge,0.11627483367919922,1.0044255256652832,0.813725471496582,,,,,,,,0.1693693846464157,,0.825120210647583,1.0166828632354736,0.41555237770080566,1.3305097818374634,1.0773723125457764,1.065096378326416,0.0944061130285263,1.0607430934906006,0.11764706671237946,0.8833333253860474,0.0833333358168602
weighted_mse_w5_hinge_single_film_lr1e-03_do0.0_wd0e+00,weighted_mse,0.001,0,0,single,film,grouped,0.2,5,hinge,0.3391914665699005,1.0044255256652832,0.8194174766540527,,,,,,,,0.16851887106895447,,0.8290241956710815,1.0736432075500488,0.32060906291007996,1.3305097818374634,1.0773723125457764,1.065096378326416,0.0944061130285263,1.0607430934906006,0.10526315867900848,0.8916666507720947,0.0625
weighted_mse_w5_hinge_single_naive_lr3e-03_do0.1_wd1e-04,weighted_mse,0.003,0.1,0.0001,single,naive,grouped,0.2,5,hinge,0.3108414113521576,1.0044255256652832,0.8137500286102295,,,,,,,,0.16600379347801208,,0.8295652270317078,1.0183943510055542,0.3922147452831268,1.3305097818374634,1.0773723125457764,1.065096378326416,0.0944061130285263,1.0607430934906006,0,0.8916666507720947,0
weighted_mse_w1_threshold_seasonal_film_lr1e-03_do0.1_wd1e-04,weighted_mse,0.001,0.1,0.0001,seasonal,film,grouped,0.2,1,threshold,0.20369669795036316,1.0044255256652832,0.8380952477455139,1.0744303464889526,0.8561041355133057,0.28116104006767273,1.348867654800415,1.0758272409439087,1.065900802612305,-0.00852954387664795,0.16568270325660706,0.1114613562822342,0.8116462826728821,1.0830415487289429,0.28774362802505493,1.3305097818374634,1.0773723125457764,1.065096378326416,0.0944061130285263,1.0607430934906006,0,0.8916666507720947,0
weighted_mse_w1_hinge_seasonal_naive_lr1e-03_do0.1_wd1e-04,weighted_mse,0.001,0.1,0.0001,seasonal,naive,grouped,0.2,1,hinge,0.18021267652511597,1.0044255256652832,0.8174757361412048,,,,,,,,0.16412189602851868,,0.8315262794494629,0.9837327599525452,0.43414145708084106,1.3305097818374634,1.0773723125457764,1.065096378326416,0.0944061130285263,1.0607430934906006,0,0.8916666507720947,0
weighted_mse_w1_threshold_single_naive_lr3e-03_do0.1_wd0e+00,weighted_mse,0.003,0.1,0,single,naive,grouped,0.2,1,threshold,0.006903958041220903,1.0044255256652832,0.8475000262260437,,,,,,,,0.16363900899887085,,0.8695987462997437,1.0226490497589111,0.3978731632232666,1.3305097818374634,1.0773723125457764,1.065096378326416,0.0944061130285263,1.0607430934906006,0,0.8999999761581421,0
weighted_mse_w1_threshold_single_naive_lr1e-03_do0.0_wd0e+00,weighted_mse,0.001,0,0,single,naive,grouped,0.2,1,threshold,0.10007742047309875,1.0044255256652832,0.8666666746139526,,,,,,,,0.16318748891353607,,0.8147321343421936,1.075321912765503,0.31038910150527954,1.3305097818374634,1.0773723125457764,1.065096378326416,0.0944061130285263,1.0607430934906006,0.10000000149011612,0.8916666507720947,0.06666667014360428
mse_single_film_lr3e-03_do0.0_wd1e-04,mse,0.003,0,0.0001,single,film,grouped,0.2,5,threshold,0.04863943159580231,1.0044255256652832,0.8310679793357849,1.006112813949585,0.7875930666923523,0.38915467262268066,1.348867654800415,1.0758272409439087,1.065900802612305,0.05978798866271973,0.16198061406612396,0.09830622375011444,0.8603395223617554,1.002600908279419,0.41837412118911743,1.3305097818374634,1.0773723125457764,1.065096378326416,0.0944061130285263,1.0607430934906006,0,0.8916666507720947,0
weighted_mse_w1_threshold_single_film_lr3e-03_do0.0_wd1e-04,weighted_mse,0.003,0,0.0001,single,film,grouped,0.2,1,threshold,0.04863943159580231,1.0044255256652832,0.8310679793357849,1.006112813949585,0.7875930666923523,0.38915467262268066,1.348867654800415,1.0758272409439087,1.065900802612305,0.05978798866271973,0.16198061406612396,0.09830622375011444,0.8603395223617554,1.002600908279419,0.41837412118911743,1.3305097818374634,1.0773723125457764,1.065096378326416,0.0944061130285263,1.0607430934906006,0,0.8916666507720947,0
weighted_mse_w1_absolute_single_naive_lr3e-03_do0.1_wd1e-04,weighted_mse,0.003,0.1,0.0001,single,naive,grouped,0.2,1,absolute,0.3885289430618286,1.0044255256652832,0.8504672646522522,,,,,,,,0.16126452386379242,,0.8678678870201111,1.159398317337036,0.3834549188613891,1.3305097818374634,1.0773723125457764,1.065096378326416,0.0944061130285263,1.0607430934906006,0,0.8916666507720947,0
weighted_mse_w5_absolute_single_naive_lr3e-03_do0.1_wd1e-04,weighted_mse,0.003,0.1,0.0001,single,naive,grouped,0.2,5,absolute,0.3885289430618286,1.0044255256652832,0.8504672646522522,,,,,,,,0.16126452386379242,,0.8678678870201111,1.159398317337036,0.3834549188613891,1.3305097818374634,1.0773723125457764,1.065096378326416,0.0944061130285263,1.0607430934906006,0,0.8916666507720947,0
weighted_mse_w1_absolute_naive_naive_lr3e-03_do0.1_wd1e-04,weighted_mse,0.003,0.1,0.0001,naive,naive,grouped,0.2,1,absolute,0.2253570258617401,1.0044255256652832,0.8605769276618958,1.1177088022232056,0.8942255973815918,0.4082649052143097,1.348867654800415,1.0758272409439087,1.065900802612305,-0.05180799961090088,0.15692821145057678,0.09284242987632751,0.8790909051895142,1.093913197517395,0.4483342170715332,1.3305097818374634,1.0773723125457764,1.065096378326416,0.0944061130285263,1.0607430934906006,0,0.8999999761581421,0
mse_single_film_lr3e-03_do0.1_wd0e+00,mse,0.003,0.1,0,single,film,grouped,0.2,5,threshold,0.0416850782930851,1.0044255256652832,0.8359264731407166,,,,,,,,0.15618984401226044,,0.8425593376159668,1.02763569355011,0.39996007084846497,1.3305097818374634,1.0773723125457764,1.065096378326416,0.0944061130285263,1.0607430934906006,0.11764706671237946,0.8916666507720947,0.0714285746216774
weighted_mse_w1_threshold_single_film_lr3e-03_do0.1_wd0e+00,weighted_mse,0.003,0.1,0,single,film,grouped,0.2,1,threshold,0.0416850782930851,1.0044255256652832,0.8359264731407166,,,,,,,,0.15618984401226044,,0.8425593376159668,1.02763569355011,0.39996007084846497,1.3305097818374634,1.0773723125457764,1.065096378326416,0.0944061130285263,1.0607430934906006,0.11764706671237946,0.8916666507720947,0.0714285746216774
weighted_mse_w5_absolute_seasonal_naive_lr3e-03_do0.0_wd0e+00,weighted_mse,0.003,0,0,seasonal,naive,grouped,0.2,5,absolute,0.1504165530204773,1.0044255256652832,0.8285714387893677,,,,,,,,0.15557965636253357,,0.8094895482063293,1.155680775642395,0.3926883339881897,1.3305097818374634,1.0773723125457764,1.065096378326416,0.0944061130285263,1.0607430934906006,0.1250000149011612,0.8833333253860474,0.09090909361839294
weighted_mse_w1_absolute_seasonal_naive_lr3e-03_do0.0_wd0e+00,weighted_mse,0.003,0,0,seasonal,naive,grouped,0.2,1,absolute,0.1504165530204773,1.0044255256652832,0.8285714387893677,,,,,,,,0.15557965636253357,,0.8094895482063293,1.155680775642395,0.3926883339881897,1.3305097818374634,1.0773723125457764,1.065096378326416,0.0944061130285263,1.0607430934906006,0.1250000149011612,0.8833333253860474,0.09090909361839294
weighted_mse_w1_hinge_single_film_lr3e-03_do0.0_wd1e-04,weighted_mse,0.003,0,0.0001,single,film,grouped,0.2,1,hinge,0.3607509732246399,1.0044255256652832,0.8317307829856873,,,,,,,,0.15492908656597135,,0.7881263494491577,1.0596153736114502,0.36472707986831665,1.3305097818374634,1.0773723125457764,1.065096378326416,0.0944061130285263,1.0607430934906006,0.09999999403953552,0.8999999761581421,0.0555555559694767
weighted_mse_w5_absolute_naive_naive_lr1e-03_do0.1_wd0e+00,weighted_mse,0.001,0.1,0,naive,naive,grouped,0.2,5,absolute,0.22191748023033142,1.0044255256652832,0.834967315196991,,,,,,,,0.15340369939804077,,0.8533428907394409,1.1762114763259888,0.4340461194515228,1.3305097818374634,1.0773723125457764,1.065096378326416,0.0944061130285263,1.0607430934906006,0,0.8916666507720947,0
weighted_mse_w1_absolute_naive_naive_lr1e-03_do0.1_wd0e+00,weighted_mse,0.001,0.1,0,naive,naive,grouped,0.2,1,absolute,0.22191748023033142,1.0044255256652832,0.834967315196991,,,,,,,,0.15340369939804077,,0.8533428907394409,1.1762114763259888,0.4340461194515228,1.3305097818374634,1.0773723125457764,1.065096378326416,0.0944061130285263,1.0607430934906006,0,0.8916666507720947,0
weighted_mse_w1_threshold_seasonal_film_lr1e-03_do0.1_wd0e+00,weighted_mse,0.001,0.1,0,seasonal,film,grouped,0.2,1,threshold,0.22283688187599182,1.0044255256652832,0.8373408913612366,1.08481764793396,0.8628619313240051,0.27035847306251526,1.348867654800415,1.0758272409439087,1.065900802612305,-0.018916845321655273,0.15258021652698517,0.10482074320316316,0.7998331785202026,1.0922367572784424,0.2780276834964752,1.3305097818374634,1.0773723125457764,1.065096378326416,0.0944061130285263,1.0607430934906006,0,0.8833333253860474,0
mse_naive_naive_lr3e-03_do0.0_wd0e+00,mse,0.003,0,0,naive,naive,grouped,0.2,5,threshold,0.18147063255310059,1.0044255256652832,0.8585572838783264,0.9651610851287842,0.771685779094696,0.4368213713169098,1.348867654800415,1.0758272409439087,1.065900802612305,0.10073971748352052,0.15221253037452698,0.08826125413179398,0.8768253922462463,0.9617255926132202,0.4551216363906861,1.3305097818374634,1.0773723125457764,1.065096378326416,0.0944061130285263,1.0607430934906006,0,0.8999999761581421,0
weighted_mse_w1_threshold_naive_naive_lr3e-03_do0.0_wd0e+00,weighted_mse,0.003,0,0,naive,naive,grouped,0.2,1,threshold,0.18147063255310059,1.0044255256652832,0.8585572838783264,0.9651610851287842,0.771685779094696,0.4368213713169098,1.348867654800415,1.0758272409439087,1.065900802612305,0.10073971748352052,0.15221253037452698,0.08826125413179398,0.8768253922462463,0.9617255926132202,0.4551216363906861,1.3305097818374634,1.0773723125457764,1.065096378326416,0.0944061130285263,1.0607430934906006,0,0.8999999761581421,0
weighted_mse_w1_threshold_naive_naive_lr1e-03_do0.0_wd1e-04,weighted_mse,0.001,0,0.0001,naive,naive,grouped,0.2,1,threshold,0.11511906236410141,1.0044255256652832,0.8500707149505615,,,,,,,,0.1521894633769989,,0.8501587510108948,0.9914299845695496,0.43006566166877747,1.3305097818374634,1.0773723125457764,1.065096378326416,0.0944061130285263,1.0607430934906006,0,0.8999999761581421,0
weighted_mse_w5_hinge_seasonal_film_lr3e-03_do0.0_wd0e+00,weighted_mse,0.003,0,0,seasonal,film,grouped,0.2,5,hinge,0.3154166042804718,1.0044255256652832,0.8075000047683716,,,,,,,,0.15057003498077393,,0.8491285443305969,0.9963932037353516,0.4309511184692383,1.3305097818374634,1.0773723125457764,1.065096378326416,0.0944061130285263,1.0607430934906006,0.13333334028720856,0.8916666507720947,0.07692307978868484
weighted_mse_w5_hinge_seasonal_film_lr3e-03_do0.1_wd0e+00,weighted_mse,0.003,0.1,0,seasonal,film,grouped,0.2,5,hinge,0.32217082381248474,1.0044255256652832,0.8316993713378906,,,,,,,,0.15002769231796265,,0.8270089030265808,1.042306661605835,0.37633612751960754,1.3305097818374634,1.0773723125457764,1.065096378326416,0.0944061130285263,1.0607430934906006,0.11764706671237946,0.8999999761581421,0.0714285746216774
weighted_mse_w5_threshold_seasonal_film_lr1e-03_do0.1_wd1e-04,weighted_mse,0.001,0.1,0.0001,seasonal,film,grouped,0.2,5,threshold,0.3340930938720703,1.0044255256652832,0.8288543224334717,1.0546574592590332,0.8224770426750183,0.30486443638801575,1.348867654800415,1.0758272409439087,1.065900802612305,0.011243343353271484,0.14769823849201202,0.09351489692926408,0.7748123407363892,1.049498200416565,0.31660571694374084,1.3305097818374634,1.0773723125457764,1.065096378326416,0.0944061130285263,1.0607430934906006,0,0.8916666507720947,0
weighted_mse_w1_threshold_seasonal_naive_lr3e-03_do0.0_wd0e+00,weighted_mse,0.003,0,0,seasonal,naive,grouped,0.2,1,threshold,0.08435039967298508,1.0044255256652832,0.8444130420684814,,,,,,,,0.14679957926273346,,0.8380952477455139,0.993572235107422,0.4272998571395874,1.3305097818374634,1.0773723125457764,1.065096378326416,0.0944061130285263,1.0607430934906006,0.1111111119389534,0.8916666507720947,0.0714285746216774
weighted_mse_w1_absolute_naive_film_lr1e-03_do0.0_wd0e+00,weighted_mse,0.001,0,0,naive,film,grouped,0.2,1,absolute,0.34416481852531433,1.0044255256652832,0.8293269276618958,1.2546699047088623,1.0123800039291382,0.20690761506557465,1.348867654800415,1.0758272409439087,1.065900802612305,-0.1887691020965576,0.14511966705322266,0.11225990951061247,0.7472894191741943,1.2384802103042605,0.26812344789505005,1.3305097818374634,1.0773723125457764,1.065096378326416,0.0944061130285263,1.0607430934906006,0,0.8833333253860474,0
weighted_mse_w1_threshold_seasonal_film_lr1e-03_do0.0_wd1e-04,weighted_mse,0.001,0,0.0001,seasonal,film,grouped,0.2,1,threshold,0.20465408265590668,1.0044255256652832,0.8251634240150452,1.1735727787017822,0.9342511296272278,0.20190827548503876,1.348867654800415,1.0758272409439087,1.065900802612305,-0.10767197608947754,0.14208237826824188,0.12222082167863846,0.7109375,1.166854739189148,0.20195889472961423,1.3305097818374634,1.0773723125457764,1.065096378326416,0.0944061130285263,1.0607430934906006,0.10526315867900848,0.8583333492279053,0.0833333358168602
weighted_mse_w1_absolute_seasonal_naive_lr1e-03_do0.1_wd1e-04,weighted_mse,0.001,0.1,0.0001,seasonal,naive,grouped,0.2,1,absolute,0.1949593722820282,1.0044255256652832,0.8366013169288635,1.1497316360473633,0.9155469536781312,0.3994439840316773,1.348867654800415,1.0758272409439087,1.065900802612305,-0.0838308334350586,0.14077216386795044,0.08573950082063675,0.8299999833106995,1.1335042715072632,0.4020842015743256,1.3305097818374634,1.0773723125457764,1.065096378326416,0.0944061130285263,1.0607430934906006,0,0.8916666507720947,0
weighted_mse_w5_hinge_seasonal_naive_lr1e-03_do0.0_wd1e-04,weighted_mse,0.001,0,0.0001,seasonal,naive,grouped,0.2,5,hinge,0.30238401889801025,1.0044255256652832,0.8132956027984619,,,,,,,,0.1395319253206253,,0.8271604776382446,1.0374201536178589,0.3926861584186554,1.3305097818374634,1.0773723125457764,1.065096378326416,0.0944061130285263,1.0607430934906006,0.10526315867900848,0.8833333253860474,0.06666667014360428
weighted_mse_w1_absolute_single_film_lr1e-03_do0.0_wd0e+00,weighted_mse,0.001,0,0,single,film,grouped,0.2,1,absolute,0.356427401304245,1.0044255256652832,0.841269850730896,1.438064694404602,1.158179759979248,0.13099747896194458,1.348867654800415,1.0758272409439087,1.065900802612305,-0.37216389179229736,0.13659581542015076,0.10452654212713242,0.6380000114440918,1.4504971504211426,0.14073076844215393,1.3305097818374634,1.0773723125457764,1.065096378326416,0.0944061130285263,1.0607430934906006,0,0.8916666507720947,0
weighted_mse_w5_hinge_single_film_lr3e-03_do0.0_wd0e+00,weighted_mse,0.003,0,0,single,film,grouped,0.2,5,hinge,0.26148107647895813,1.0044255256652832,0.7924528121948242,,,,,,,,0.13642148673534393,,0.8427272439002991,1.0084598064422607,0.40036293864250183,1.3305097818374634,1.0773723125457764,1.065096378326416,0.0944061130285263,1.0607430934906006,0,0.8999999761581421,0
weighted_mse_w1_hinge_seasonal_naive_lr3e-03_do0.0_wd1e-04,weighted_mse,0.003,0,0.0001,seasonal,naive,grouped,0.2,1,hinge,0.3006289303302765,1.0044255256652832,0.8350168466567993,,,,,,,,0.13363268971443176,,0.8065054416656494,1.0353264808654783,0.36614635586738586,1.3305097818374634,1.0773723125457764,1.065096378326416,0.0944061130285263,1.0607430934906006,0.111111119389534,0.8833333253860474,0.0833333358168602
weighted_mse_w5_absolute_naive_naive_lr3e-03_do0.0_wd0e+00,weighted_mse,0.003,0,0,naive,naive,grouped,0.2,5,absolute,0.06989705562591553,1.0044255256652832,0.822429895401001,,,,,,,,0.12979412078857422,,0.8463611602783203,1.165136218070984,0.42511940002441406,1.3305097818374634,1.0773723125457764,1.065096378326416,0.0944061130285263,1.0607430934906006,0,0.8916666507720947,0
weighted_mse_w1_absolute_naive_naive_lr3e-03_do0.0_wd0e+00,weighted_mse,0.003,0,0,naive,naive,grouped,0.2,1,absolute,0.06989705562591553,1.0044255256652832,0.822429895401001,,,,,,,,0.12979412078857422,,0.8463611602783203,1.165136218070984,0.42511940002441406,1.3305097818374634,1.0773723125457764,1.065096378326416,0.0944061130285263,1.0607430934906006,0,0.8916666507720947,0
weighted_mse_w1_absolute_single_naive_lr3e-03_do0.0_wd0e+00,weighted_mse,0.003,0,0,single,naive,grouped,0.2,1,absolute,0.22176294028759003,1.0044255256652832,0.8174757361412048,,,,,,,,0.12737049162387848,,0.7954545617103577,1.205970048904419,0.3238773047924042,1.3305097818374634,1.0773723125457764,1.065096378326416,0.0944061130285263,1.0607430934906006,0,0.8916666507720947,0
weighted_mse_w5_absolute_single_naive_lr3e-03_do0.0_wd0e+00,weighted_mse,0.003,0,0,single,naive,grouped,0.2,5,absolute,0.22176294028759003,1.0044255256652832,0.8174757361412048,,,,,,,,0.12737049162387848,,0.7954545617103577,1.205970048904419,0.3238773047924042,1.3305097818374634,1.0773723125457764,1.065096378326416,0.0944061130285263,1.0607430934906006,0,0.8916666507720947,0
weighted_mse_w1_threshold_seasonal_naive_lr1e-03_do0.1_wd1e-04,weighted_mse,0.001,0.1,0.0001,seasonal,naive,grouped,0.2,1,threshold,0.24104155600070953,1.0044255256652832,0.8578431606292725,,,,,,,,0.1271904706954956,,0.8258258104324341,1.0273810625076294,0.38930994272232056,1.3305097818374634,1.0773723125457764,1.065096378326416,0.0944061130285263,1.0607430934906006,0,0.8999999761581421,0
weighted_mse_w5_hinge_seasonal_naive_lr3e-03_do0.1_wd0e+00,weighted_mse,0.003,0.1,0,seasonal,naive,grouped,0.2,5,hinge,0.12236785143613815,1.0044255256652832,0.7924836874008179,,,,,,,,0.12686902284622192,,0.8298412561416626,1.029677152633667,0.3996310532093048,1.3305097818374634,1.0773723125457764,1.065096378326416,0.0944061130285263,1.0607430934906006,0,0.8916666507720947,0
weighted_mse_w1_threshold_seasonal_naive_lr1e-03_do0.0_wd1e-04,weighted_mse,0.001,0,0.0001,seasonal,naive,grouped,0.2,1,threshold,0.05940164998173714,1.0044255256652832,0.8578431606292725,,,,,,,,0.12300465255975725,,0.8267433643341064,1.052449107170105,0.3970715701580048,1.3305097818374634,1.0773723125457764,1.065096378326416,0.0944061130285263,1.0607430934906006,0,0.8916666507720947,0
weighted_mse_w1_threshold_naive_naive_lr1e-03_do0.0_wd0e+00,weighted_mse,0.001,0,0,naive,naive,grouped,0.2,1,threshold,0.11428571492433548,1.0044255256652832,0.8345119953155518,,,,,,,,0.12110603600740431,,0.8395061492919922,0.9949808716773988,0.42106735706329346,1.3305097818374634,1.0773723125457764,1.065096378326416,0.0944061130285263,1.0607430934906006,0,0.8999999761581421,0
mse_single_film_lr3e-03_do0.0_wd0e+00,mse,0.003,0,0,single,film,grouped,0.2,5,threshold,0.01919298619031906,1.0044255256652832,0.8429985642433167,,,,,,,,0.11846783012151718,,0.8457047343254089,1.0272586345672607,0.4128198027610779,1.3305097818374634,1.0773723125457764,1.065096378326416,0.0944061130285263,1.0607430934906006,0.095238097012043,0.8916666507720947,0.05882352963089943
weighted_mse_w1_threshold_single_film_lr3e-03_do0.0_wd0e+00,weighted_mse,0.003,0,0,single,film,grouped,0.2,1,threshold,0.01919298619031906,1.0044255256652832,0.8429985642433167,,,,,,,,0.11846783012151718,,0.8457047343254089,1.0272586345672607,0.4128198027610779,1.3305097818374634,1.0773723125457764,1.065096378326416,0.0944061130285263,1.0607430934906006,0.095238097012043,0.8916666507720947,0.05882352963089943
weighted_mse_w1_hinge_single_naive_lr3e-03_do0.0_wd0e+00,weighted_mse,0.003,0,0,single,naive,grouped,0.2,1,hinge,0.26627933979034424,1.0044255256652832,0.8203677535057068,,,,,,,,0.11769936978816986,,0.6765217185020447,1.172610640525818,0.23714955151081085,1.3305097818374634,1.0773723125457764,1.065096378326416,0.0944061130285263,1.0607430934906006,0,0.8999999761581421,0
weighted_mse_w1_threshold_seasonal_naive_lr3e-03_do0.0_wd1e-04,weighted_mse,0.003,0,0.0001,seasonal,naive,grouped,0.2,1,threshold,0.021155163645744324,1.0044255256652832,0.8507936596870422,,,,,,,,0.1122710108757019,,0.8299999833106995,0.9915798902511596,0.432313472032547,1.3305097818374634,1.0773723125457764,1.065096378326416,0.0944061130285263,1.0607430934906006,0,0.8916666507720947,0
weighted_mse_w1_threshold_seasonal_naive_lr1e-03_do0.0_wd0e+00,weighted_mse,0.001,0,0,seasonal,naive,grouped,0.2,1,threshold,0.05266691744327545,1.0044255256652832,0.8345119953155518,,,,,,,,0.11196108162403108,,0.8315262794494629,1.018490195274353,0.4204736053943634,1.3305097818374634,1.0773723125457764,1.065096378326416,0.0944061130285263,1.0607430934906006,0,0.8916666507720947,0
weighted_mse_w1_threshold_seasonal_naive_lr1e-03_do0.1_wd0e+00,weighted_mse,0.001,0.1,0,seasonal,naive,grouped,0.2,1,threshold,0.2364170402288437,1.0044255256652832,0.8571428656578064,,,,,,,,0.10836424678564072,,0.8258928656578064,1.0350465774536133,0.3811462223529816,1.3305097818374634,1.0773723125457764,1.065096378326416,0.0944061130285263,1.0607430934906006,0,0.8999999761581421,0
weighted_mse_w1_hinge_naive_naive_lr1e-03_do0.1_wd1e-04,weighted_mse,0.001,0.1,0.0001,naive,naive,grouped,0.2,1,hinge,0.10558920353651047,1.0044255256652832,0.8486562967300415,0.9723184108734132,0.7608003616333008,0.4256890118122101,1.348867654800415,1.0758272409439087,1.065900802612305,0.0935823917388916,0.10032153874635696,0.055730678141117096,0.8734723329544067,0.9603310227394104,0.4514540135860443,1.3305097818374634,1.0773723125457764,1.065096378326416,0.0944061130285263,1.0607430934906006,0,0.8999999761581421,0
weighted_mse_w5_threshold_seasonal_film_lr1e-03_do0.1_wd0e+00,weighted_mse,0.001,0.1,0,seasonal,film,grouped,0.2,5,threshold,0.33591270446777344,1.0044255256652832,0.8293269276618958,1.0592387914657593,0.824194610118866,0.2958216071128845,1.348867654800415,1.0758272409439087,1.065900802612305,0.00666201114654541,0.0991332083940506,0.05888286605477333,0.7589285969734192,1.0519224405288696,0.2827177345752716,1.3305097818374634,1.0773723125457764,1.065096378326416,0.0944061130285263,1.0607430934906006,0,0.8916666507720947,0
mse_naive_film_lr1e-03_do0.1_wd0e+00,mse,0.001,0.1,0,naive,film,grouped,0.2,5,threshold,0.06199401989579201,1.0044255256652832,0.7902912497520447,1.4095263481140137,1.1274256706237793,0.25610435009002686,1.348867654800415,1.0758272409439087,1.065900802612305,-0.343625545501709,0.09882017225027084,0.05526835471391678,0.854567289352417,1.1629281044006348,0.4103838801383972,1.3305097818374634,1.0773723125457764,1.065096378326416,0.0944061130285263,1.0607430934906006,0,0.8999999761581421,0
weighted_mse_w1_threshold_naive_film_lr1e-03_do0.1_wd0e+00,weighted_mse,0.001,0.1,0,naive,film,grouped,0.2,1,threshold,0.06199401989579201,1.0044255256652832,0.7902912497520447,1.4095263481140137,1.1274256706237793,0.25610435009002686,1.348867654800415,1.0758272409439087,1.065900802612305,-0.343625545501709,0.09882017225027084,0.05526835471391678,0.854567289352417,1.1629281044006348,0.4103838801383972,1.3305097818374634,1.0773723125457764,1.065096378326416,0.0944061130285263,1.0607430934906006,0,0.8999999761581421,0
weighted_mse_w1_hinge_seasonal_naive_lr3e-03_do0.1_wd1e-04,weighted_mse,0.003,0.1,0.0001,seasonal,naive,grouped,0.2,1,hinge,0.16642574965953827,1.0044255256652832,0.8662499785423279,,,,,,,,0.08808346092700958,,0.8500000238418579,0.9860181212425232,0.4299103617668152,1.3305097818374634,1.0773723125457764,1.065096378326416,0.0944061130285263,1.0607430934906006,0,0.8916666507720947,0
weighted_mse_w5_hinge_seasonal_naive_lr3e-03_do0.1_wd1e-04,weighted_mse,0.003,0.1,0.0001,seasonal,naive,grouped,0.2,5,hinge,0.12945319712162018,1.0044255256652832,0.7957516312599182,,,,,,,,0.08491980284452438,,0.8272727131843567,1.0071444511413574,0.3887282907962799,1.3305097818374634,1.0773723125457764,1.065096378326416,0.0944061130285263,1.0607430934906006,0,0.8999999761581421,0
weighted_mse_w1_absolute_single_naive_lr3e-03_do0.0_wd1e-04,weighted_mse,0.003,0,0.0001,single,naive,grouped,0.2,1,absolute,0.30181625485420227,1.0044255256652832,0.824999988079071,,,,,,,,0.08490006625652313,,0.8006349205970764,1.1726012229919434,0.367131233215332,1.3305097818374634,1.0773723125457764,1.065096378326416,0.0944061130285263,1.0607430934906006,0,0.8833333253860474,0
weighted_mse_w5_absolute_single_naive_lr3e-03_do0.0_wd1e-04,weighted_mse,0.003,0,0.0001,single,naive,grouped,0.2,5,absolute,0.30181625485420227,1.0044255256652832,0.824999988079071,,,,,,,,0.08490006625652313,,0.8006349205970764,1.1726012229919434,0.367131233215332,1.3305097818374634,1.0773723125457764,1.065096378326416,0.0944061130285263,1.0607430934906006,0,0.8833333253860474,0
weighted_mse_w1_threshold_naive_naive_lr1e-03_do0.1_wd1e-04,weighted_mse,0.001,0.1,0.0001,naive,naive,grouped,0.2,1,threshold,0.0872216746211052,1.0044255256652832,0.8545751571655273,,,,,,,,0.07351047545671463,,0.8603395223617554,0.9775926470756532,0.4361594021320343,1.3305097818374634,1.0773723125457764,1.065096378326416,0.0944061130285263,1.0607430934906006,0,0.8999999761581421,0
weighted_mse_w1_threshold_seasonal_film_lr1e-03_do0.0_wd0e+00,weighted_mse,0.001,0,0,seasonal,film,grouped,0.2,1,threshold,0.12615175545215607,1.0044255256652832,0.8447712659835815,1.0204626321792605,0.8153120875358582,0.31266292929649353,1.348867654800415,1.0758272409439087,1.065900802612305,0.045438170433044434,0.07320500165224075,0.040516119450330734,0.7991913557052612,1.0168859958648682,0.34451866149902344,1.3305097818374634,1.0773723125457764,1.065096378326416,0.0944061130285263,1.0607430934906006,0,0.8999999761581421,0
weighted_mse_w5_threshold_seasonal_naive_lr3e-03_do0.1_wd1e-04,weighted_mse,0.003,0.1,0.0001,seasonal,naive,grouped,0.2,5,threshold,0.2518753707408905,1.0044255256652832,0.8480392098426819,,,,,,,,0.07261934131383896,,0.8040454983711243,1.0150991678237915,0.38031700253486633,1.3305097818374634,1.0773723125457764,1.065096378326416,0.0944061130285263,1.0607430934906006,0,0.8833333253860474,0
weighted_mse_w5_threshold_seasonal_naive_lr3e-03_do0.1_wd0e+00,weighted_mse,0.003,0.1,0,seasonal,naive,grouped,0.2,5,threshold,0.3754158914089203,1.0044255256652832,0.8284313678741455,,,,,,,,0.06892822682857513,,0.8152381181716919,1.0109587907791138,0.39865562319755554,1.3305097818374634,1.0773723125457764,1.065096378326416,0.0944061130285263,1.0607430934906006,0,0.8916666507720947,0
weighted_mse_w5_hinge_seasonal_film_lr1e-03_do0.1_wd0e+00,weighted_mse,0.001,0.1,0,seasonal,film,grouped,0.2,5,hinge,0.34583836793899536,1.0044255256652832,0.8282828330993652,1.1755702495574951,0.8887067437171936,0.23334170877933505,1.348867654800415,1.0758272409439087,1.065900802612305,-0.10966944694519044,0.06874336302280426,0.04350018873810768,0.7410714030265808,1.155381202697754,0.22136524319648743,1.3305097818374634,1.0773723125457764,1.065096378326416,0.0944061130285263,1.0607430934906006,0,0.8916666507720947,0
weighted_mse_w5_hinge_seasonal_film_lr1e-03_do0.1_wd1e-04,weighted_mse,0.001,0.1,0.0001,seasonal,film,grouped,0.2,5,hinge,0.34791263937950134,1.0044255256652832,0.8269230723381042,1.1779546737670898,0.8910185694694519,0.23129695653915405,1.348867654800415,1.0758272409439087,1.065900802612305,-0.11205387115478516,0.06224554777145386,0.0388769805431366,0.7338274717330933,1.161649465560913,0.2152835428714752,1.3305097818374634,1.0773723125457764,1.065096378326416,0.0944061130285263,1.0607430934906006,0,0.8916666507720947,0
weighted_mse_w1_hinge_seasonal_naive_lr3e-03_do0.1_wd0e+00,weighted_mse,0.003,0.1,0,seasonal,naive,grouped,0.2,1,hinge,0.2384313941001892,1.0044255256652832,0.8679611682891846,,,,,,,,0.05251675471663475,,0.847953200340271,0.9990028738975524,0.4213300049304962,1.3305097818374634,1.0773723125457764,1.065096378326416,0.0944061130285263,1.0607430934906006,0,0.8999999761581421,0
weighted_mse_w1_hinge_naive_naive_lr3e-03_do0.1_wd1e-04,weighted_mse,0.003,0.1,0.0001,naive,naive,grouped,0.2,1,hinge,0.13629072904586792,1.0044255256652832,0.834967315196991,,,,,,,,0.0512964129447937,,0.8537946343421936,0.9610278606414796,0.44160112738609314,1.3305097818374634,1.0773723125457764,1.065096378326416,0.0944061130285263,1.0607430934906006,0,0.8999999761581421,0
weighted_mse_w1_hinge_single_naive_lr3e-03_do0.0_wd1e-04,weighted_mse,0.003,0,0.0001,single,naive,grouped,0.2,1,hinge,0.23983177542686462,1.0044255256652832,0.8274399042129517,,,,,,,,0.04079575091600418,,0.694464385509491,1.1382551193237305,0.2739676237106323,1.3305097818374634,1.0773723125457764,1.065096378326416,0.0944061130285263,1.0607430934906006,0,0.8916666507720947,0
weighted_mse_w1_threshold_naive_naive_lr1e-03_do0.1_wd0e+00,weighted_mse,0.001,0.1,0,naive,naive,grouped,0.2,1,threshold,0.0,1.0044255256652832,0.8359264731407166,,,,,,,,0.021469861268997192,,0.8654970526695251,0.9859306216239928,0.4332247376441955,1.3305097818374634,1.0773723125457764,1.065096378326416,0.0944061130285263,1.0607430934906006,0,0.8999999761581421,0
mse_seasonal_naive_lr3e-03_do0.1_wd0e+00,mse,0.003,0.1,0,seasonal,naive,grouped,0.2,5,threshold,0.03722963109612465,1.0044255256652832,0.844660222530365,0.9666672945022584,0.773675799369812,0.4390561580657959,1.348867654800415,1.0758272409439087,1.065900802612305,0.0992335081100464,0.018297435715794563,0.00937250442802906,0.8537946343421936,0.9642772674560548,0.4614717960357666,1.3305097818374634,1.0773723125457764,1.065096378326416,0.0944061130285263,1.0607430934906006,0,0.8999999761581421,0
weighted_mse_w1_threshold_seasonal_naive_lr3e-03_do0.1_wd0e+00,weighted_mse,0.003,0.1,0,seasonal,naive,grouped,0.2,1,threshold,0.03722963109612465,1.0044255256652832,0.844660222530365,0.9666672945022584,0.773675799369812,0.4390561580657959,1.348867654800415,1.0758272409439087,1.065900802612305,0.0992335081100464,0.018297435715794563,0.00937250442802906,0.8537946343421936,0.9642772674560548,0.4614717960357666,1.3305097818374634,1.0773723125457764,1.065096378326416,0.0944061130285263,1.0607430934906006,0,0.8999999761581421,0
weighted_mse_w1_hinge_naive_naive_lr3e-03_do0.1_wd0e+00,weighted_mse,0.003,0.1,0,naive,naive,grouped,0.2,1,hinge,0.11970309913158417,1.0044255256652832,0.8528995513916016,,,,,,,,0.017089078202843666,,0.8757715821266174,0.9605331420898438,0.4570319950580597,1.3305097818374634,1.0773723125457764,1.065096378326416,0.0944061130285263,1.0607430934906006,0,0.8999999761581421,0
weighted_mse_w1_threshold_seasonal_naive_lr3e-03_do0.1_wd1e-04,weighted_mse,0.003,0.1,0.0001,seasonal,naive,grouped,0.2,1,threshold,0.25223833322525024,1.0044255256652832,0.8486562967300415,,,,,,,,0.016771316528320312,,0.826826810836792,1.0293346643447876,0.411336749792099,1.3305097818374634,1.0773723125457764,1.065096378326416,0.0944061130285263,1.0607430934906006,0,0.8999999761581421,0
weighted_mse_w1_threshold_single_naive_lr3e-03_do0.1_wd1e-04,weighted_mse,0.003,0.1,0.0001,single,naive,grouped,0.2,1,threshold,0.029391814023256302,1.0044255256652832,0.8504672646522522,0.985556960105896,0.8024012446403503,0.42953941226005554,1.348867654800415,1.0758272409439087,1.065900802612305,0.08034384250640869,0.015080819837749004,0.007607279345393181,0.8622221946716309,0.9951998591423036,0.4296243190765381,1.3305097818374634,1.0773723125457764,1.065096378326416,0.0944061130285263,1.0607430934906006,0,0.8999999761581421,0
mse_single_naive_lr3e-03_do0.1_wd1e-04,mse,0.003,0.1,0.0001,single,naive,grouped,0.2,5,threshold,0.029391814023256302,1.0044255256652832,0.8504672646522522,0.985556960105896,0.8024012446403503,0.42953941226005554,1.348867654800415,1.0758272409439087,1.065900802612305,0.08034384250640869,0.015080819837749004,0.007607279345393181,0.8622221946716309,0.9951998591423036,0.4296243190765381,1.3305097818374634,1.0773723125457764,1.065096378326416,0.0944061130285263,1.0607430934906006,0,0.8999999761581421,0
weighted_mse_w1_threshold_single_naive_lr3e-03_do0.0_wd0e+00,weighted_mse,0.003,0,0,single,naive,grouped,0.2,1,threshold,0.010999083518981934,1.0044255256652832,0.8189533352851868,,,,,,,,0.014149014838039877,,0.8206838965415955,1.0515813827514648,0.3860262334346771,1.3305097818374634,1.0773723125457764,1.065096378326416,0.0944061130285263,1.0607430934906006,0,0.8999999761581421,0
weighted_mse_w1_hinge_naive_film_lr1e-03_do0.1_wd0e+00,weighted_mse,0.001,0.1,0,naive,film,grouped,0.2,1,hinge,0.2139328271150589,1.0044255256652832,0.8169934749603271,1.0851603746414185,0.8793572187423706,0.35641083121299744,1.348867654800415,1.0758272409439087,1.065900802612305,-0.01925957202911377,0.01408742368221283,0.007144958712160587,0.8632193207740784,1.0725080966949463,0.4087192714214325,1.3305097818374634,1.0773723125457764,1.065096378326416,0.0944061130285263,1.0607430934906006,0,0.8999999761581421,0
weighted_mse_w1_threshold_naive_naive_lr3e-03_do0.1_wd0e+00,weighted_mse,0.003,0.1,0,naive,naive,grouped,0.2,1,threshold,0.021752355620265007,1.0044255256652832,0.8444130420684814,,,,,,,,0.010190132074058056,,0.8611111044883728,0.9896538257598876,0.4332938492298126,1.3305097818374634,1.0773723125457764,1.065096378326416,0.0944061130285263,1.0607430934906006,0,0.8999999761581421,0
weighted_mse_w1_threshold_single_naive_lr3e-03_do0.0_wd1e-04,weighted_mse,0.003,0,0.0001,single,naive,grouped,0.2,1,threshold,0.2804258167743683,1.0044255256652832,0.8427184224128723,,,,,,,,0.008988208137452602,,0.8128128051757812,1.0918066501617432,0.34082919359207153,1.3305097818374634,1.0773723125457764,1.065096378326416,0.0944061130285263,1.0607430934906006,0,0.8999999761581421,0
weighted_mse_w1_threshold_naive_naive_lr3e-03_do0.1_wd1e-04,weighted_mse,0.003,0.1,0.0001,naive,naive,grouped,0.2,1,threshold,0.01983219012618065,1.0044255256652832,0.8543689250946045,,,,,,,,0.00770132290199399,,0.8793103694915771,0.9677973985671996,0.4536687135696411,1.3305097818374634,1.0773723125457764,1.065096378326416,0.0944061130285263,1.0607430934906006,0,0.8999999761581421,0
cellwise_pinball_seasonal_film_lr3e-03_do0.0_wd1e-04,cellwise_pinball,0.003,0,0.0001,seasonal,film,grouped,0.2,5,threshold,0.20335781574249268,1.0044255256652832,0.8077669739723206,,,,,,,,,,0.8827160596847534,1.2437514066696167,0.45431622862815857,1.3305097818374634,1.0773723125457764,1.065096378326416,0.0944061130285263,1.0607430934906006,0.42307692766189575,0.800000011920929,0.8333333134651184
mse_naive_naive_lr3e-03_do0.1_wd1e-04,mse,0.003,0.1,0.0001,naive,naive,grouped,0.2,5,threshold,0.01983219012618065,1.0044255256652832,0.8543689250946045,,,,,,,,,,0.8793103694915771,0.9677973985671996,0.4536687135696411,1.3305097818374634,1.0773723125457764,1.065096378326416,0.0944061130285263,1.0607430934906006,0,0.8999999761581421,0
mse_naive_film_lr3e-03_do0.1_wd0e+00,mse,0.003,0.1,0,naive,film,grouped,0.2,5,threshold,0.17675095796585083,1.0044255256652832,0.8594771027565002,,,,,,,,,,0.8788580298423767,1.0421658754348757,0.4396500289440155,1.3305097818374634,1.0773723125457764,1.065096378326416,0.0944061130285263,1.0607430934906006,0.3333333432674408,0.8833333253860474,0.3571428656578064
mse_naive_film_lr3e-03_do0.1_wd1e-04,mse,0.003,0.1,0.0001,naive,film,grouped,0.2,5,threshold,0.26424750685691833,1.0044255256652832,0.844660222530365,,,,,,,,,,0.8773978352546692,1.0352160930633545,0.4541820287704468,1.3305097818374634,1.0773723125457764,1.065096378326416,0.0944061130285263,1.0607430934906006,0.3529411554336548,0.875,0.4166666567325592
cellwise_pinball_seasonal_film_lr1e-03_do0.1_wd1e-04,cellwise_pinball,0.001,0.1,0.0001,seasonal,film,grouped,0.2,5,threshold,0.22738704085350037,1.0044255256652832,0.7936508059501648,,,,,,,,,,0.8754545450210571,1.2427030801773071,0.4395475387573242,1.3305097818374634,1.0773723125457764,1.065096378326416,0.0944061130285263,1.0607430934906006,0.3913043737411499,0.800000011920929,0.75
pinball_q0.20_naive_film_lr3e-03_do0.1_wd1e-04,pinball,0.003,0.1,0.0001,naive,film,grouped,0.2,5,threshold,0.30319222807884216,1.0044255256652832,0.8160377144813538,,,,,,,,,,0.8732277154922485,1.230998158454895,0.4135085642337799,1.3305097818374634,1.0773723125457764,1.065096378326416,0.0944061130285263,1.0607430934906006,0.39024391770362854,0.7916666865348816,0.8333333134651184
cellwise_pinball_naive_film_lr3e-03_do0.0_wd1e-04,cellwise_pinball,0.003,0,0.0001,naive,film,grouped,0.2,5,threshold,0.21781624853610992,1.0044255256652832,0.8090523481369019,,,,,,,,,,0.8704761862754822,1.4091300964355469,0.4113560914993286,1.3305097818374634,1.0773723125457764,1.065096378326416,0.0944061130285263,1.0607430934906006,0.37735849618911743,0.7250000238418579,0.9285714030265808
mse_single_naive_lr3e-03_do0.1_wd0e+00,mse,0.003,0.1,0,single,naive,grouped,0.2,5,threshold,0.006903958041220903,1.0044255256652832,0.8475000262260437,,,,,,,,,,0.8695987462997437,1.0226490497589111,0.3978731632232666,1.3305097818374634,1.0773723125457764,1.065096378326416,0.0944061130285263,1.0607430934906006,0,0.8999999761581421,0
mse_naive_film_lr1e-03_do0.0_wd0e+00,mse,0.001,0,0,naive,film,grouped,0.2,5,threshold,0.31682461500167847,1.0044255256652832,0.8233009576797485,,,,,,,,,,0.8690575361251831,1.0313626527786257,0.4100927710533142,1.3305097818374634,1.0773723125457764,1.065096378326416,0.0944061130285263,1.0607430934906006,0.13333334028720856,0.8999999761581421,0.07692307978868484
pinball_q0.20_seasonal_film_lr3e-03_do0.1_wd1e-04,pinball,0.003,0.1,0.0001,seasonal,film,grouped,0.2,5,threshold,0.2868875563144684,1.0044255256652832,0.8120915293693542,,,,,,,,,,0.868868887424469,1.1130142211914062,0.4687094986438751,1.3305097818374634,1.0773723125457764,1.065096378326416,0.0944061130285263,1.0607430934906006,0.4166666567325592,0.8333333134651184,0.6875
cellwise_pinball_naive_film_lr1e-03_do0.1_wd1e-04,cellwise_pinball,0.001,0.1,0.0001,naive,film,grouped,0.2,5,threshold,0.21285267174243927,1.0044255256652832,0.8251634240150452,,,,,,,,,,0.868534505367279,1.5338808298110962,0.41628608107566833,1.3305097818374634,1.0773723125457764,1.065096378326416,0.0944061130285263,1.0607430934906006,0.33898305892944336,0.6583333611488342,0.9375
mse_naive_naive_lr3e-03_do0.0_wd1e-04,mse,0.003,0,0.0001,naive,naive,grouped,0.2,5,threshold,0.24475324153900146,1.0044255256652832,0.84375,,,,,,,,,,0.8668668866157532,0.9707896113395692,0.43939146399497986,1.3305097818374634,1.0773723125457764,1.065096378326416,0.0944061130285263,1.0607430934906006,0,0.8999999761581421,0
pinball_q0.20_seasonal_film_lr3e-03_do0.0_wd0e+00,pinball,0.003,0,0,seasonal,film,grouped,0.2,5,threshold,0.26983723044395447,1.0044255256652832,0.8218954205513,,,,,,,,,,0.8662832379341125,1.1319892406463623,0.4246662557125091,1.3305097818374634,1.0773723125457764,1.065096378326416,0.0944061130285263,1.0607430934906006,0.40909090638160706,0.824999988079071,0.6666666865348816
mse_naive_naive_lr1e-03_do0.1_wd0e+00,mse,0.001,0.1,0,naive,naive,grouped,0.2,5,threshold,0.0,1.0044255256652832,0.8359264731407166,,,,,,,,,,0.8654970526695251,0.9859306216239928,0.4332247376441955,1.3305097818374634,1.0773723125457764,1.065096378326416,0.0944061130285263,1.0607430934906006,0,0.8999999761581421,0
cellwise_pinball_seasonal_film_lr3e-03_do0.1_wd0e+00,cellwise_pinball,0.003,0.1,0,seasonal,film,grouped,0.2,5,threshold,0.19656814634799957,1.0044255256652832,0.7841269969940186,,,,,,,,,,0.8649691343307495,1.2575372457504272,0.40222516655921936,1.3305097818374634,1.0773723125457764,1.065096378326416,0.0944061130285263,1.0607430934906006,0.3684210479259491,0.7916666865348816,0.699999988079071
mse_naive_film_lr3e-03_do0.0_wd0e+00,mse,0.003,0,0,naive,film,grouped,0.2,5,threshold,0.307292640209198,1.0044255256652832,0.8458274602890015,,,,,,,,,,0.8648454546928406,1.05465567111969,0.4201556146144867,1.3305097818374634,1.0773723125457764,1.065096378326416,0.0944061130285263,1.0607430934906006,0.222222238779068,0.8833333253860474,0.1666666716337204
pinball_q0.20_seasonal_naive_lr3e-03_do0.0_wd1e-04,pinball,0.003,0,0.0001,seasonal,naive,grouped,0.2,5,threshold,0.30788934230804443,1.0044255256652832,0.8507936596870422,,,,,,,,,,0.8644067645072937,1.080004096031189,0.4413350820541382,1.3305097818374634,1.0773723125457764,1.065096378326416,0.0944061130285263,1.0607430934906006,0.3571428656578064,0.8583333492279053,0.5
mse_seasonal_film_lr1e-03_do0.1_wd0e+00,mse,0.001,0.1,0,seasonal,film,grouped,0.2,5,threshold,0.22283688187599182,1.0044255256652832,0.8373408913612366,,,,,,,,,,0.8638638854026794,1.0295794010162354,0.4073882400989533,1.3305097818374634,1.0773723125457764,1.065096378326416,0.0944061130285263,1.0607430934906006,0.1666666716337204,0.8916666507720947,0.1111111119389534
pinball_q0.20_seasonal_film_lr3e-03_do0.0_wd1e-04,pinball,0.003,0,0.0001,seasonal,film,grouped,0.2,5,threshold,0.2684210538864136,1.0044255256652832,0.8130841255187988,,,,,,,,,,0.8632193207740784,1.102748990058899,0.4485119581222534,1.3305097818374634,1.0773723125457764,1.065096378326416,0.0944061130285263,1.0607430934906006,0.39024391770362854,0.824999988079071,0.6666666865348816
mse_naive_film_lr3e-03_do0.0_wd1e-04,mse,0.003,0,0.0001,naive,film,grouped,0.2,5,threshold,0.22299496829509735,1.0044255256652832,0.8504854440689087,,,,,,,,,,0.8626887202262878,1.0516457557678225,0.4081159830093384,1.3305097818374634,1.0773723125457764,1.065096378326416,0.0944061130285263,1.0607430934906006,0.1818181872367859,0.8916666507720947,0.1428571492433548
pinball_q0.20_seasonal_film_lr3e-03_do0.1_wd0e+00,pinball,0.003,0.1,0,seasonal,film,grouped,0.2,5,threshold,0.29780009388923645,1.0044255256652832,0.8153594732284546,,,,,,,,,,0.8626543283462524,1.0949985980987549,0.43397656083106995,1.3305097818374634,1.0773723125457764,1.065096378326416,0.0944061130285263,1.0607430934906006,0.3870967924594879,0.8500000238418579,0.5555555820465088
mse_seasonal_film_lr1e-03_do0.1_wd1e-04,mse,0.001,0.1,0.0001,seasonal,film,grouped,0.2,5,threshold,0.20369669795036316,1.0044255256652832,0.8380952477455139,,,,,,,,,,0.8626086711883545,1.023411750793457,0.4191503822803498,1.3305097818374634,1.0773723125457764,1.065096378326416,0.0944061130285263,1.0607430934906006,0.1818181872367859,0.8916666507720947,0.125
mse_naive_naive_lr3e-03_do0.1_wd0e+00,mse,0.003,0.1,0,naive,naive,grouped,0.2,5,threshold,0.021752355620265007,1.0044255256652832,0.8444130420684814,,,,,,,,,,0.8611111044883728,0.9896538257598876,0.4332938492298126,1.3305097818374634,1.0773723125457764,1.065096378326416,0.0944061130285263,1.0607430934906006,0,0.8999999761581421,0
cellwise_pinball_naive_film_lr3e-03_do0.1_wd0e+00,cellwise_pinball,0.003,0.1,0,naive,film,grouped,0.2,5,threshold,0.24095650017261505,1.0044255256652832,0.8349206447601318,,,,,,,,,,0.8608695864677429,1.4021910429000854,0.3949983417987823,1.3305097818374634,1.0773723125457764,1.065096378326416,0.0944061130285263,1.0607430934906006,0.3673469126224518,0.7250000238418579,0.9166666865348816
pinball_q0.20_seasonal_naive_lr3e-03_do0.0_wd0e+00,pinball,0.003,0,0,seasonal,naive,grouped,0.2,5,threshold,0.2819949984550476,1.0044255256652832,0.8095238208770752,,,,,,,,,,0.8608608841896057,1.1344431638717651,0.4028532207012177,1.3305097818374634,1.0773723125457764,1.065096378326416,0.0944061130285263,1.0607430934906006,0.3333333432674408,0.8583333492279053,0.4375
mse_naive_naive_lr1e-03_do0.1_wd1e-04,mse,0.001,0.1,0.0001,naive,naive,grouped,0.2,5,threshold,0.0872216746211052,1.0044255256652832,0.8545751571655273,,,,,,,,,,0.8603395223617554,0.9775926470756532,0.4361594021320343,1.3305097818374634,1.0773723125457764,1.065096378326416,0.0944061130285263,1.0607430934906006,0,0.8999999761581421,0
pinball_q0.20_seasonal_naive_lr1e-03_do0.0_wd0e+00,pinball,0.001,0,0,seasonal,naive,grouped,0.2,5,threshold,0.32285282015800476,1.0044255256652832,0.8578431606292725,,,,,,,,,,0.8598382472991943,1.0606093406677246,0.42707380652427673,1.3305097818374634,1.0773723125457764,1.065096378326416,0.0944061130285263,1.0607430934906006,0.3478260934352875,0.8833333253860474,0.3846153914928436
pinball_q0.20_naive_film_lr1e-03_do0.0_wd0e+00,pinball,0.001,0,0,naive,film,grouped,0.2,5,threshold,0.2971530258655548,1.0044255256652832,0.7825242877006531,,,,,,,,,,0.8590475916862488,1.1062387228012085,0.45211416482925415,1.3305097818374634,1.0773723125457764,1.065096378326416,0.0944061130285263,1.0607430934906006,0.40000003576278687,0.8166666626930237,0.75
pinball_q0.20_seasonal_film_lr1e-03_do0.1_wd1e-04,pinball,0.001,0.1,0.0001,seasonal,film,grouped,0.2,5,threshold,0.28536564111709595,1.0044255256652832,0.8251634240150452,,,,,,,,,,0.8587962985038757,1.1134893894195557,0.41867730021476746,1.3305097818374634,1.0773723125457764,1.065096378326416,0.0944061130285263,1.0607430934906006,0.3448275923728943,0.8583333492279053,0.4444444477558136
pinball_q0.20_seasonal_naive_lr3e-03_do0.1_wd1e-04,pinball,0.003,0.1,0.0001,seasonal,naive,grouped,0.2,5,threshold,0.3259023129940033,1.0044255256652832,0.8300653696060181,,,,,,,,,,0.8582589030265808,1.0965276956558228,0.4491230547428131,1.3305097818374634,1.0773723125457764,1.065096378326416,0.0944061130285263,1.0607430934906006,0.3333333432674408,0.8583333492279053,0.4444444477558136
pinball_q0.20_naive_film_lr1e-03_do0.1_wd0e+00,pinball,0.001,0.1,0,naive,film,grouped,0.2,5,threshold,0.31042811274528503,1.0044255256652832,0.8271844387054443,,,,,,,,,,0.8580247163772583,1.23591947555542,0.4423213601112366,1.3305097818374634,1.0773723125457764,1.065096378326416,0.0944061130285263,1.0607430934906006,0.39024391770362854,0.7833333611488342,0.8823529481887817
mse_naive_film_lr1e-03_do0.0_wd1e-04,mse,0.001,0,0.0001,naive,film,grouped,0.2,5,threshold,0.20315559208393097,1.0044255256652832,0.8349514603614807,,,,,,,,,,0.857272744178772,1.0343008041381836,0.4294756352901459,1.3305097818374634,1.0773723125457764,1.065096378326416,0.0944061130285263,1.0607430934906006,0,0.8916666507720947,0
cellwise_pinball_seasonal_film_lr1e-03_do0.1_wd0e+00,cellwise_pinball,0.001,0.1,0,seasonal,film,grouped,0.2,5,threshold,0.21293963491916656,1.0044255256652832,0.7973856329917908,,,,,,,,,,0.8572530746459961,1.257316827774048,0.42559584975242615,1.3305097818374634,1.0773723125457764,1.065096378326416,0.0944061130285263,1.0607430934906006,0.3636363446712494,0.800000011920929,0.7333333492279053
pinball_q0.20_naive_film_lr3e-03_do0.0_wd0e+00,pinball,0.003,0,0,naive,film,grouped,0.2,5,threshold,0.29077237844467163,1.0044255256652832,0.7883495092391968,,,,,,,,,,0.8571428656578064,1.127125263214111,0.42694783210754395,1.3305097818374634,1.0773723125457764,1.065096378326416,0.0944061130285263,1.0607430934906006,0.3529411852359772,0.824999988079071,0.5833333134651184
pinball_q0.20_naive_naive_lr3e-03_do0.1_wd1e-04,pinball,0.003,0.1,0.0001,naive,naive,grouped,0.2,5,threshold,0.36726775765419006,1.0044255256652832,0.8587499856948853,,,,,,,,,,0.8562185764312744,1.1303704977035522,0.4505972862243652,1.3305097818374634,1.0773723125457764,1.065096378326416,0.0944061130285263,1.0607430934906006,0.2857142984867096,0.8583333492279053,0.3846153914928436
pinball_q0.20_naive_naive_lr3e-03_do0.0_wd1e-04,pinball,0.003,0,0.0001,naive,naive,grouped,0.2,5,threshold,0.33898019790649414,1.0044255256652832,0.848557710647583,,,,,,,,,,0.8554545640945435,1.1399970054626465,0.43874892592430115,1.3305097818374634,1.0773723125457764,1.065096378326416,0.0944061130285263,1.0607430934906006,0.2666666805744171,0.875,0.30000001192092896
pinball_q0.20_seasonal_naive_lr1e-03_do0.1_wd1e-04,pinball,0.001,0.1,0.0001,seasonal,naive,grouped,0.2,5,threshold,0.3566356301307678,1.0044255256652832,0.8330097198486328,,,,,,,,,,0.854938268661499,1.073707938194275,0.4410215318202973,1.3305097818374634,1.0773723125457764,1.065096378326416,0.0944061130285263,1.0607430934906006,0.2857142686843872,0.8666666746139526,0.2857142984867096
cellwise_pinball_seasonal_naive_lr3e-03_do0.1_wd0e+00,cellwise_pinball,0.003,0.1,0,seasonal,naive,grouped,0.2,5,threshold,0.21382062137126923,1.0044255256652832,0.8190476298332214,,,,,,,,,,0.8548548817634583,1.2495479583740234,0.4049302339553833,1.3305097818374634,1.0773723125457764,1.065096378326416,0.0944061130285263,1.0607430934906006,0.3571428656578064,0.8083333373069763,0.6111111044883728
pinball_q0.20_naive_naive_lr1e-03_do0.1_wd1e-04,pinball,0.001,0.1,0.0001,naive,naive,grouped,0.2,5,threshold,0.37738609313964844,1.0044255256652832,0.8415032625198364,,,,,,,,,,0.8547807335853577,1.1481255292892456,0.4449816942214966,1.3305097818374634,1.0773723125457764,1.065096378326416,0.0944061130285263,1.0607430934906006,0.3499999940395355,0.8416666388511658,0.5
mse_naive_film_lr1e-03_do0.1_wd1e-04,mse,0.001,0.1,0.0001,naive,film,grouped,0.2,5,threshold,0.0317460335791111,1.0044255256652832,0.8480392098426819,,,,,,,,,,0.8538538813591003,1.029996633529663,0.4412902593612671,1.3305097818374634,1.0773723125457764,1.065096378326416,0.0944061130285263,1.0607430934906006,0.1538461595773697,0.8833333253860474,0.1111111119389534
pinball_q0.20_naive_naive_lr3e-03_do0.1_wd0e+00,pinball,0.003,0.1,0,naive,naive,grouped,0.2,5,threshold,0.3596864640712738,1.0044255256652832,0.834967315196991,,,,,,,,,,0.8533950448036194,1.1313430070877075,0.44421857595443726,1.3305097818374634,1.0773723125457764,1.065096378326416,0.0944061130285263,1.0607430934906006,0.3199999928474426,0.8500000238418579,0.4285714328289032
cellwise_pinball_naive_film_lr1e-03_do0.0_wd0e+00,cellwise_pinball,0.001,0,0,naive,film,grouped,0.2,5,threshold,0.1914297640323639,1.0044255256652832,0.7850000262260437,,,,,,,,,,0.8523392081260681,1.4852944612503052,0.4061956405639648,1.3305097818374634,1.0773723125457764,1.065096378326416,0.0944061130285263,1.0607430934906006,0.35555556416511536,0.6916666626930237,0.9230769276618958
mse_seasonal_film_lr3e-03_do0.0_wd0e+00,mse,0.003,0,0,seasonal,film,grouped,0.2,5,threshold,0.23336070775985718,1.0044255256652832,0.8443396091461182,,,,,,,,,,0.8523392081260681,1.0538777112960815,0.412991464138031,1.3305097818374634,1.0773723125457764,1.065096378326416,0.0944061130285263,1.0607430934906006,0.1600000113248825,0.875,0.1111111119389534
cellwise_pinball_naive_film_lr3e-03_do0.1_wd1e-04,cellwise_pinball,0.003,0.1,0.0001,naive,film,grouped,0.2,5,threshold,0.22837133705615997,1.0044255256652832,0.8097087144851685,,,,,,,,,,0.8510802388191223,1.5826090574264526,0.39798229932785034,1.3305097818374634,1.0773723125457764,1.065096378326416,0.0944061130285263,1.0607430934906006,0.3333333432674408,0.6583333611488342,1
cellwise_pinball_seasonal_film_lr3e-03_do0.0_wd0e+00,cellwise_pinball,0.003,0,0,seasonal,film,grouped,0.2,5,threshold,0.19862213730812073,1.0044255256652832,0.7864077687263489,,,,,,,,,,0.8508508801460266,1.2627071142196655,0.41491103172302246,1.3305097818374634,1.0773723125457764,1.065096378326416,0.0944061130285263,1.0607430934906006,0.4210526645183563,0.8166666626930237,0.7142857313156128
pinball_q0.20_seasonal_film_lr1e-03_do0.1_wd0e+00,pinball,0.001,0.1,0,seasonal,film,grouped,0.2,5,threshold,0.29939982295036316,1.0044255256652832,0.8287500143051147,,,,,,,,,,0.8503086566925049,1.082090973854065,0.4266774654388428,1.3305097818374634,1.0773723125457764,1.065096378326416,0.0944061130285263,1.0607430934906006,0.31578952074050903,0.8666666746139526,0.3333333432674408
mse_naive_naive_lr1e-03_do0.0_wd1e-04,mse,0.001,0,0.0001,naive,naive,grouped,0.2,5,threshold,0.11511906236410141,1.0044255256652832,0.8500707149505615,,,,,,,,,,0.8501587510108948,0.9914299845695496,0.43006566166877747,1.3305097818374634,1.0773723125457764,1.065096378326416,0.0944061130285263,1.0607430934906006,0,0.8999999761581421,0
cellwise_pinball_naive_naive_lr3e-03_do0.0_wd0e+00,cellwise_pinball,0.003,0,0,naive,naive,grouped,0.2,5,threshold,0.19098113477230072,1.0044255256652832,0.8052884340286255,,,,,,,,,,0.8495237827301025,1.40612530708313,0.4192619025707245,1.3305097818374634,1.0773723125457764,1.065096378326416,0.0944061130285263,1.0607430934906006,0.37735849618911743,0.7250000238418579,0.9285714030265808
cellwise_pinball_seasonal_film_lr3e-03_do0.1_wd1e-04,cellwise_pinball,0.003,0.1,0.0001,seasonal,film,grouped,0.2,5,threshold,0.19853575527668,1.0044255256652832,0.7572115659713745,,,,,,,,,,0.8494151830673218,1.3305833339691162,0.393341600894928,1.3305097818374634,1.0773723125457764,1.065096378326416,0.0944061130285263,1.0607430934906006,0.3720930516719818,0.7583333253860474,0.800000011920929
pinball_q0.20_naive_film_lr3e-03_do0.1_wd0e+00,pinball,0.003,0.1,0,naive,film,grouped,0.2,5,threshold,0.29197055101394653,1.0044255256652832,0.7943925261497498,,,,,,,,,,0.849056601524353,1.235015034675598,0.40386033058166504,1.3305097818374634,1.0773723125457764,1.065096378326416,0.0944061130285263,1.0607430934906006,0.3720930218696594,0.7833333611488342,0.8333333134651184
pinball_q0.20_seasonal_film_lr1e-03_do0.0_wd0e+00,pinball,0.001,0,0,seasonal,film,grouped,0.2,5,threshold,0.3119172751903534,1.0044255256652832,0.8113207817077637,,,,,,,,,,0.8470982313156128,1.0509759187698364,0.4277410805225372,1.3305097818374634,1.0773723125457764,1.065096378326416,0.0944061130285263,1.0607430934906006,0.25,0.8833333253860474,0.2307692319154739
cellwise_pinball_naive_naive_lr1e-03_do0.1_wd1e-04,cellwise_pinball,0.001,0.1,0.0001,naive,naive,grouped,0.2,5,threshold,0.21730543673038483,1.0044255256652832,0.8095238208770752,,,,,,,,,,0.8464506268501282,1.387810468673706,0.4239196181297302,1.3305097818374634,1.0773723125457764,1.065096378326416,0.0944061130285263,1.0607430934906006,0.3829787075519562,0.7333333492279053,1
cellwise_pinball_seasonal_naive_lr1e-03_do0.0_wd1e-04,cellwise_pinball,0.001,0,0.0001,seasonal,naive,grouped,0.2,5,threshold,0.2116936445236206,1.0044255256652832,0.761904776096344,,,,,,,,,,0.8464052081108093,1.2843178510665894,0.43241745233535767,1.3305097818374634,1.0773723125457764,1.065096378326416,0.0944061130285263,1.0607430934906006,0.3846153914928436,0.7916666865348816,0.7368420958518982
cellwise_pinball_seasonal_naive_lr1e-03_do0.1_wd1e-04,cellwise_pinball,0.001,0.1,0.0001,seasonal,naive,grouped,0.2,5,threshold,0.2328801155090332,1.0044255256652832,0.7922329902648926,,,,,,,,,,0.8463636636734009,1.268374800682068,0.4485842287540436,1.3305097818374634,1.0773723125457764,1.065096378326416,0.0944061130285263,1.0607430934906006,0.37837839126586914,0.8083333373069763,0.692307710647583
pinball_q0.20_seasonal_naive_lr1e-03_do0.1_wd0e+00,pinball,0.001,0.1,0,seasonal,naive,grouped,0.2,5,threshold,0.3464076519012451,1.0044255256652832,0.8221153616905212,,,,,,,,,,0.8463491797447205,1.065081000328064,0.44614356756210327,1.3305097818374634,1.0773723125457764,1.065096378326416,0.0944061130285263,1.0607430934906006,0.2666666507720947,0.8666666746139526,0.25
pinball_q0.20_naive_naive_lr3e-03_do0.0_wd0e+00,pinball,0.003,0,0,naive,naive,grouped,0.2,5,threshold,0.3490823805332184,1.0044255256652832,0.8251634240150452,,,,,,,,,,0.8461538553237915,1.112662672996521,0.4168755114078522,1.3305097818374634,1.0773723125457764,1.065096378326416,0.0944061130285263,1.0607430934906006,0.25,0.8666666746139526,0.2666666805744171
cellwise_pinball_naive_naive_lr3e-03_do0.1_wd0e+00,cellwise_pinball,0.003,0.1,0,naive,naive,grouped,0.2,5,threshold,0.20260807871818542,1.0044255256652832,0.8055555820465088,,,,,,,,,,0.8457648754119873,1.4055233001708984,0.39720502495765686,1.3305097818374634,1.0773723125457764,1.065096378326416,0.0944061130285263,1.0607430934906006,0.3571428656578064,0.699999988079071,1
cellwise_pinball_seasonal_naive_lr1e-03_do0.1_wd0e+00,cellwise_pinball,0.001,0.1,0,seasonal,naive,grouped,0.2,5,threshold,0.2345668077468872,1.0044255256652832,0.8004807829856873,,,,,,,,,,0.8438095450401306,1.2693812847137451,0.4497365951538086,1.3305097818374634,1.0773723125457764,1.065096378326416,0.0944061130285263,1.0607430934906006,0.363636314868927,0.7916666865348816,0.6428571343421936
pinball_q0.20_naive_naive_lr1e-03_do0.0_wd1e-04,pinball,0.001,0,0.0001,naive,naive,grouped,0.2,5,threshold,0.36682772636413574,1.0044255256652832,0.838942289352417,,,,,,,,,,0.8436685800552368,1.110982060432434,0.4316103458404541,1.3305097818374634,1.0773723125457764,1.065096378326416,0.0944061130285263,1.0607430934906006,0.27586206793785095,0.8500000238418579,0.3333333432674408
cellwise_pinball_naive_naive_lr1e-03_do0.1_wd0e+00,cellwise_pinball,0.001,0.1,0,naive,naive,grouped,0.2,5,threshold,0.2069162279367447,1.0044255256652832,0.8087499737739563,,,,,,,,,,0.8426339030265808,1.4170198440551758,0.4229612946510315,1.3305097818374634,1.0773723125457764,1.065096378326416,0.0944061130285263,1.0607430934906006,0.37288138270378113,0.7083333134651184,1
mse_seasonal_film_lr3e-03_do0.1_wd0e+00,mse,0.003,0.1,0,seasonal,film,grouped,0.2,5,threshold,0.012893439270555973,1.0044255256652832,0.8415841460227966,,,,,,,,,,0.8418418169021606,1.0207204818725586,0.42026856541633606,1.3305097818374634,1.0773723125457764,1.065096378326416,0.0944061130285263,1.0607430934906006,0.27272725105285645,0.8916666507720947,0.2142857164144516
pinball_q0.20_naive_film_lr1e-03_do0.0_wd1e-04,pinball,0.001,0,0.0001,naive,film,grouped,0.2,5,threshold,0.34147199988365173,1.0044255256652832,0.8245192170143127,,,,,,,,,,0.8409090638160706,1.1763311624526978,0.3972372412681579,1.3305097818374634,1.0773723125457764,1.065096378326416,0.0944061130285263,1.0607430934906006,0.3243243098258972,0.8166666626930237,0.6000000238418579
mse_naive_naive_lr1e-03_do0.0_wd0e+00,mse,0.001,0,0,naive,naive,grouped,0.2,5,threshold,0.11428571492433548,1.0044255256652832,0.8345119953155518,,,,,,,,,,0.8395061492919922,0.9949808716773988,0.42106735706329346,1.3305097818374634,1.0773723125457764,1.065096378326416,0.0944061130285263,1.0607430934906006,0,0.8999999761581421,0
mse_seasonal_naive_lr3e-03_do0.0_wd0e+00,mse,0.003,0,0,seasonal,naive,grouped,0.2,5,threshold,0.08435039967298508,1.0044255256652832,0.8444130420684814,,,,,,,,,,0.8380952477455139,0.993572235107422,0.4272998571395874,1.3305097818374634,1.0773723125457764,1.065096378326416,0.0944061130285263,1.0607430934906006,0.1111111119389534,0.8916666507720947,0.0714285746216774
mse_single_naive_lr1e-03_do0.0_wd1e-04,mse,0.001,0,0.0001,single,naive,grouped,0.2,5,threshold,0.3627013564109802,1.0044255256652832,0.8600000143051147,,,,,,,,,,0.8379629850387573,1.058065414428711,0.3514634072780609,1.3305097818374634,1.0773723125457764,1.065096378326416,0.0944061130285263,1.0607430934906006,0,0.8999999761581421,0
cellwise_pinball_seasonal_naive_lr3e-03_do0.0_wd0e+00,cellwise_pinball,0.003,0,0,seasonal,naive,grouped,0.2,5,threshold,0.2033558487892151,1.0044255256652832,0.786057710647583,,,,,,,,,,0.837145984172821,1.2726895809173584,0.4194146990776062,1.3305097818374634,1.0773723125457764,1.065096378326416,0.0944061130285263,1.0607430934906006,0.3809524178504944,0.7916666865348816,0.7142857313156128
pinball_q0.20_naive_film_lr3e-03_do0.0_wd1e-04,pinball,0.003,0,0.0001,naive,film,grouped,0.2,5,threshold,0.2861425578594208,1.0044255256652832,0.787835955619812,,,,,,,,,,0.8369272351264954,1.189258337020874,0.36857542395591736,1.3305097818374634,1.0773723125457764,1.065096378326416,0.0944061130285263,1.0607430934906006,0.3333333134651184,0.8166666626930237,0.6153846383094788
cellwise_pinball_naive_film_lr1e-03_do0.0_wd1e-04,cellwise_pinball,0.001,0,0.0001,naive,film,grouped,0.2,5,threshold,0.1995099037885666,1.0044255256652832,0.7920792102813721,,,,,,,,,,0.8362533450126648,1.4473578929901123,0.37486395239830017,1.3305097818374634,1.0773723125457764,1.065096378326416,0.0944061130285263,1.0607430934906006,0.3606557548046112,0.7166666388511658,0.8666666746139526
cellwise_pinball_naive_film_lr3e-03_do0.0_wd0e+00,cellwise_pinball,0.003,0,0,naive,film,grouped,0.2,5,threshold,0.20311897993087769,1.0044255256652832,0.7902912497520447,,,,,,,,,,0.8341346383094788,1.3971443176269531,0.3716879189014435,1.3305097818374634,1.0773723125457764,1.065096378326416,0.0944061130285263,1.0607430934906006,0.3529411554336548,0.7583333253860474,0.8125
cellwise_pinball_seasonal_naive_lr1e-03_do0.0_wd0e+00,cellwise_pinball,0.001,0,0,seasonal,naive,grouped,0.2,5,threshold,0.20496103167533875,1.0044255256652832,0.8189533352851868,,,,,,,,,,0.8340283632278442,1.2539989948272705,0.4293772280216217,1.3305097818374634,1.0773723125457764,1.065096378326416,0.0944061130285263,1.0607430934906006,0.35087719559669495,0.800000011920929,0.6666666865348816
pinball_q0.20_naive_naive_lr1e-03_do0.0_wd0e+00,pinball,0.001,0,0,naive,naive,grouped,0.2,5,threshold,0.35668399930000305,1.0044255256652832,0.8401697278022766,,,,,,,,,,0.8338338136672974,1.1191729307174685,0.4190519750118256,1.3305097818374634,1.0773723125457764,1.065096378326416,0.0944061130285263,1.0607430934906006,0.21052631735801697,0.8500000238418579,0.25
cellwise_pinball_naive_naive_lr1e-03_do0.0_wd0e+00,cellwise_pinball,0.001,0,0,naive,naive,grouped,0.2,5,threshold,0.228012353181839,1.0044255256652832,0.8062499761581421,,,,,,,,,,0.8333333134651184,1.3725829124450684,0.4014670848846435,1.3305097818374634,1.0773723125457764,1.065096378326416,0.0944061130285263,1.0607430934906006,0.3478260636329651,0.7333333492279053,0.800000011920929
cellwise_pinball_naive_naive_lr3e-03_do0.0_wd1e-04,cellwise_pinball,0.003,0,0.0001,naive,naive,grouped,0.2,5,threshold,0.1873532235622406,1.0044255256652832,0.787835955619812,,,,,,,,,,0.8333333134651184,1.4397159814834597,0.4042780101299286,1.3305097818374634,1.0773723125457764,1.065096378326416,0.0944061130285263,1.0607430934906006,0.3548387289047241,0.6916666626930237,0.9285714030265808
mse_single_naive_lr1e-03_do0.1_wd1e-04,mse,0.001,0.1,0.0001,single,naive,grouped,0.2,5,threshold,0.2208290696144104,1.0044255256652832,0.8476190567016602,,,,,,,,,,0.8318965435028076,1.0317416191101074,0.3746197521686554,1.3305097818374634,1.0773723125457764,1.065096378326416,0.0944061130285263,1.0607430934906006,0,0.8999999761581421,0
cellwise_pinball_naive_naive_lr1e-03_do0.0_wd1e-04,cellwise_pinball,0.001,0,0.0001,naive,naive,grouped,0.2,5,threshold,0.21900762617588043,1.0044255256652832,0.7850467562675476,,,,,,,,,,0.8318713307380676,1.382745623588562,0.409035325050354,1.3305097818374634,1.0773723125457764,1.065096378326416,0.0944061130285263,1.0607430934906006,0.35087719559669495,0.7333333492279053,0.8823529481887817
mse_seasonal_naive_lr1e-03_do0.0_wd0e+00,mse,0.001,0,0,seasonal,naive,grouped,0.2,5,threshold,0.05266691744327545,1.0044255256652832,0.8345119953155518,,,,,,,,,,0.8315262794494629,1.018490195274353,0.4204736053943634,1.3305097818374634,1.0773723125457764,1.065096378326416,0.0944061130285263,1.0607430934906006,0,0.8916666507720947,0
pinball_q0.20_seasonal_naive_lr3e-03_do0.1_wd0e+00,pinball,0.003,0.1,0,seasonal,naive,grouped,0.2,5,threshold,0.31846973299980164,1.0044255256652832,0.8349056839942932,,,,,,,,,,0.8314732313156128,1.088999629020691,0.40083080530166626,1.3305097818374634,1.0773723125457764,1.065096378326416,0.0944061130285263,1.0607430934906006,0.222222238779068,0.875,0.20000000298023224
mse_seasonal_film_lr1e-03_do0.0_wd0e+00,mse,0.001,0,0,seasonal,film,grouped,0.2,5,threshold,0.12615175545215607,1.0044255256652832,0.8447712659835815,,,,,,,,,,0.8310567736625671,1.0318416357040403,0.441039115190506,1.3305097818374634,1.0773723125457764,1.065096378326416,0.0944061130285263,1.0607430934906006,0.21052631735801697,0.8833333253860474,0.1666666716337204
mse_seasonal_naive_lr3e-03_do0.0_wd1e-04,mse,0.003,0,0.0001,seasonal,naive,grouped,0.2,5,threshold,0.021155163645744324,1.0044255256652832,0.8507936596870422,,,,,,,,,,0.8299999833106995,0.9915798902511596,0.432313472032547,1.3305097818374634,1.0773723125457764,1.065096378326416,0.0944061130285263,1.0607430934906006,0,0.8916666507720947,0
cellwise_pinball_seasonal_naive_lr3e-03_do0.0_wd1e-04,cellwise_pinball,0.003,0,0.0001,seasonal,naive,grouped,0.2,5,threshold,0.20147795975208282,1.0044255256652832,0.8155339956283569,,,,,,,,,,0.8298115134239197,1.27845299243927,0.39550554752349854,1.3305097818374634,1.0773723125457764,1.065096378326416,0.0944061130285263,1.0607430934906006,0.3404255211353302,0.7916666865348816,0.6000000238418579
pinball_q0.20_single_naive_lr1e-03_do0.1_wd1e-04,pinball,0.001,0.1,0.0001,single,naive,grouped,0.2,5,threshold,0.3286009132862091,1.0044255256652832,0.8006535768508911,,,,,,,,,,0.8295987248420715,1.0976109504699707,0.42406484484672546,1.3305097818374634,1.0773723125457764,1.065096378326416,0.0944061130285263,1.0607430934906006,0.2666666805744171,0.8500000238418579,0.3333333432674408
mse_single_naive_lr1e-03_do0.1_wd0e+00,mse,0.001,0.1,0,single,naive,grouped,0.2,5,threshold,0.23304346203804016,1.0044255256652832,0.8427184224128723,,,,,,,,,,0.8289473652839661,1.0271490812301636,0.3820143043994904,1.3305097818374634,1.0773723125457764,1.065096378326416,0.0944061130285263,1.0607430934906006,0,0.8999999761581421,0
cellwise_pinball_seasonal_film_lr1e-03_do0.0_wd1e-04,cellwise_pinball,0.001,0,0.0001,seasonal,film,grouped,0.2,5,threshold,0.2077944129705429,1.0044255256652832,0.7807638049125671,,,,,,,,,,0.828181803226471,1.2929517030715942,0.3804530203342438,1.3305097818374634,1.0773723125457764,1.065096378326416,0.0944061130285263,1.0607430934906006,0.36000001430511475,0.7833333611488342,0.6666666865348816
mse_seasonal_naive_lr3e-03_do0.1_wd1e-04,mse,0.003,0.1,0.0001,seasonal,naive,grouped,0.2,5,threshold,0.25223833322525024,1.0044255256652832,0.8486562967300415,,,,,,,,,,0.826826810836792,1.0293346643447876,0.411336749792099,1.3305097818374634,1.0773723125457764,1.065096378326416,0.0944061130285263,1.0607430934906006,0,0.8999999761581421,0
mse_seasonal_naive_lr1e-03_do0.0_wd1e-04,mse,0.001,0,0.0001,seasonal,naive,grouped,0.2,5,threshold,0.05940164998173714,1.0044255256652832,0.8578431606292725,,,,,,,,,,0.8267433643341064,1.052449107170105,0.3970715701580048,1.3305097818374634,1.0773723125457764,1.065096378326416,0.0944061130285263,1.0607430934906006,0,0.8916666507720947,0
mse_seasonal_naive_lr1e-03_do0.1_wd0e+00,mse,0.001,0.1,0,seasonal,naive,grouped,0.2,5,threshold,0.2364170402288437,1.0044255256652832,0.8571428656578064,,,,,,,,,,0.8258928656578064,1.0350465774536133,0.3811462223529816,1.3305097818374634,1.0773723125457764,1.065096378326416,0.0944061130285263,1.0607430934906006,0,0.8999999761581421,0
mse_seasonal_naive_lr1e-03_do0.1_wd1e-04,mse,0.001,0.1,0.0001,seasonal,naive,grouped,0.2,5,threshold,0.24104155600070953,1.0044255256652832,0.8578431606292725,,,,,,,,,,0.8258258104324341,1.0273810625076294,0.38930994272232056,1.3305097818374634,1.0773723125457764,1.065096378326416,0.0944061130285263,1.0607430934906006,0,0.8999999761581421,0
pinball_q0.20_single_naive_lr1e-03_do0.0_wd0e+00,pinball,0.001,0,0,single,naive,grouped,0.2,5,threshold,0.3305301070213318,1.0044255256652832,0.8199999928474426,,,,,,,,,,0.8245614171028137,1.1424006223678589,0.3861713707447052,1.3305097818374634,1.0773723125457764,1.065096378326416,0.0944061130285263,1.0607430934906006,0.2608695924282074,0.8500000238418579,0.2857142984867096
mse_single_naive_lr3e-03_do0.0_wd0e+00,mse,0.003,0,0,single,naive,grouped,0.2,5,threshold,0.010999083518981934,1.0044255256652832,0.8189533352851868,,,,,,,,,,0.8206838965415955,1.0515813827514648,0.3860262334346771,1.3305097818374634,1.0773723125457764,1.065096378326416,0.0944061130285263,1.0607430934906006,0,0.8999999761581421,0
mse_seasonal_film_lr3e-03_do0.0_wd1e-04,mse,0.003,0,0.0001,seasonal,film,grouped,0.2,5,threshold,0.09901129454374313,1.0044255256652832,0.848557710647583,,,,,,,,,,0.8154234886169434,1.07162606716156,0.3462597131729126,1.3305097818374634,1.0773723125457764,1.065096378326416,0.0944061130285263,1.0607430934906006,0.1428571492433548,0.8916666507720947,0.09090909361839294
mse_single_naive_lr1e-03_do0.0_wd0e+00,mse,0.001,0,0,single,naive,grouped,0.2,5,threshold,0.10007742047309875,1.0044255256652832,0.8666666746139526,,,,,,,,,,0.8147321343421936,1.075321912765503,0.31038910150527954,1.3305097818374634,1.0773723125457764,1.065096378326416,0.0944061130285263,1.0607430934906006,0.10000000149011612,0.8916666507720947,0.06666667014360428
pinball_q0.20_single_naive_lr1e-03_do0.1_wd0e+00,pinball,0.001,0.1,0,single,naive,grouped,0.2,5,threshold,0.3350752592086792,1.0044255256652832,0.8174757361412048,,,,,,,,,,0.8146551847457886,1.1371793746948242,0.4016837775707245,1.3305097818374634,1.0773723125457764,1.065096378326416,0.0944061130285263,1.0607430934906006,0.25806450843811035,0.8333333134651184,0.3333333432674408
mse_single_naive_lr3e-03_do0.0_wd1e-04,mse,0.003,0,0.0001,single,naive,grouped,0.2,5,threshold,0.2804258167743683,1.0044255256652832,0.8427184224128723,,,,,,,,,,0.8128128051757812,1.0918066501617432,0.34082919359207153,1.3305097818374634,1.0773723125457764,1.065096378326416,0.0944061130285263,1.0607430934906006,0,0.8999999761581421,0
mse_seasonal_film_lr1e-03_do0.0_wd1e-04,mse,0.001,0,0.0001,seasonal,film,grouped,0.2,5,threshold,0.20465408265590668,1.0044255256652832,0.8251634240150452,,,,,,,,,,0.7977244257926941,1.0723506212234497,0.39641332626342773,1.3305097818374634,1.0773723125457764,1.065096378326416,0.0944061130285263,1.0607430934906006,0.222222238779068,0.8833333253860474,0.1818181872367859
