Year,Month,Monthly,Monthly_Unc,Annual,Annual_Unc,FiveYear,FiveYear_Unc,TenYear,TenYear_Unc,TwentyYear,TwentyYear_Unc,Monthly_Average_1951_1980,Monthly_Absolute,Annual_Absolute
1750,1,-0.252,3.265,,,,,,,,,2.56,2.308,
1750,2,-1.261,3.178,-0.49,1.0,,,,,,,3.19,1.929,8.1
1750,3,0.225,2.527,-0.505,1.026,,,,,,,5.29,5.515,8.084999999999999
1750,4,0.288,1.62,-0.53,1.037,,,,,,,8.29,8.578,8.06
1750,5,-0.97,1.206,-0.839,1.041,,,,,,,11.28,10.309999999999999,7.7509999999999994
1750,6,-0.573,0.959,-0.816,1.078,,,,,,,13.43,12.857,7.774
1750,7,0.39,1.199,-0.892,1.073,,,,,,,14.31,14.700000000000001,7.6979999999999995
1750,8,0.947,0.937,-1.035,1.09,,,,,,,13.84,14.786999999999999,7.555
1750,9,-0.433,1.601,-1.035,1.102,,,,,,,12.05,11.617,7.555
1750,10,-1.777,1.588,-1.127,1.103,,,,,,,9.2,7.422999999999999,7.463
1750,11,-3.979,1.982,-1.101,1.1,,,,,,,6.05,2.0709999999999997,7.489
1750,12,-2.385,2.518,-1.133,1.093,,,,,,,3.6,1.2150000000000003,7.457
1751,1,-1.157,3.232,-1.073,1.121,,,,,,,2.56,1.403,7.5169999999999995
1751,2,-2.982,3.371,-1.112,1.117,,,,,,,3.19,0.20799999999999974,7.478
1751,3,0.227,2.417,-1.136,1.096,,,,,,,5.29,5.517,7.454
1751,4,-0.813,1.638,-1.186,1.172,,,,,,,8.29,7.476999999999999,7.404
1751,5,-0.659,1.514,-1.059,1.223,,,,,,,11.28,10.620999999999999,7.531
1751,6,-0.959,0.97,-0.951,1.278,,,,,,,13.43,12.471,7.639
1751,7,1.108,1.435,-1.084,1.282,,,,,,,14.31,15.418000000000001,7.506
1751,8,0.483,0.926,-0.683,1.324,,,,,,,13.84,14.323,7.907
1751,9,-0.727,1.258,-0.69,1.343,,,,,,,12.05,11.323,7.9
1751,10,-2.373,5.091,-0.702,1.328,,,,,,,9.2,6.826999999999999,7.888
1751,11,-2.452,2.442,-0.616,1.324,,,,,,,6.05,3.598,7.974
1751,12,-1.096,3.335,-0.519,1.338,,,,,,,3.6,2.504,8.071
1752,1,-2.751,3.557,-0.548,1.323,,,,,,,2.56,-0.19099999999999984,8.042
1752,2,1.829,4.708,-0.635,1.331,,,,,,,3.19,5.019,7.955
1752,3,0.149,2.529,,,,,,,,,5.29,5.439,
1752,4,-0.963,1.742,,,,,,,,,8.29,7.326999999999999,
1752,5,0.372,1.514,,,,,,,,,11.28,11.652,
1752,6,0.205,1.205,,,,,,,,,13.43,13.635,
1752,7,0.76,1.387,,,,,,,,,14.31,15.07,
1752,8,-0.559,1.342,,,,,,,,,13.84,13.281,
1752,9,,,,,,,,,,,12.05,,
1752,10,-0.989,1.662,,,,,,,,,9.2,8.210999999999999,
1752,11,0.573,2.04,,,,,,,,,6.05,6.622999999999999,
1752,12,-0.154,3.175,,,,,,,,,3.6,3.446,
1753,1,-0.214,4.049,,,,,,,,,2.56,2.346,
1753,2,-1.564,4.91,,,,,,,,,3.19,1.626,
1753,3,0.717,2.942,-0.133,1.1,,,,,,,5.29,6.007,8.457
1753,4,-0.292,2.255,-0.06,1.102,,,,,,,8.29,7.997999999999999,8.53
1753,5,0.672,1.791,-0.149,1.105,,,,,,,11.28,11.952,8.441
1753,6,0.003,2.517,-0.384,1.13,,,,,,,13.43,13.433,8.206
1753,7,-0.313,1.657,-0.367,1.256,,,,,,,14.31,13.997,8.222999999999999
1753,8,-0.411,1.696,-0.487,1.308,,,,,,,13.84,13.429,8.103
1753,9,0.397,2.347,-0.665,1.337,,,,,,,12.05,12.447000000000001,7.925
1753,10,-0.113,1.88,-0.329,1.472,,,,,,,9.2,9.087,8.261
1753,11,-0.504,2.145,-0.29,1.561,,,,,,,6.05,5.545999999999999,8.3
1753,12,-2.968,4.364,-0.259,1.54,,,,,,,3.6,0.6320000000000001,8.331
1754,1,-0.007,3.479,-0.223,1.604,,,,,,,2.56,2.553,8.366999999999999
1754,2,-3.014,4.789,-0.252,1.689,,,,,,,3.19,0.17600000000000016,8.338
1754,3,-1.407,3.395,-0.37,1.708,,,,,,,5.29,3.883,8.22
1754,4,3.73,2.052,-0.309,1.809,,,,,,,8.29,12.02,8.281
1754,5,1.142,4.117,-0.231,1.897,,,,,,,11.28,12.421999999999999,8.359
1754,6,0.375,2.37,0.081,1.662,,,,,,,13.43,13.805,8.671
1754,7,0.125,1.338,0.054,1.744,,,,,,,14.31,14.435,8.644
1754,8,-0.767,1.286,0.096,1.83,,,,,,,13.84,13.073,8.686
1754,9,-1.023,1.679,0.06,1.761,,,,,,,12.05,11.027000000000001,8.65
1754,10,0.629,2.046,-0.193,1.481,,,,,,,9.2,9.828999999999999,8.397
1754,11,0.428,3.049,-0.208,1.319,,,,,,,6.05,6.478,8.382
1754,12,0.781,3.317,-0.166,1.313,,,,,,,3.6,4.381,8.424
1755,1,-0.343,4.367,-0.145,1.284,,,,,,,2.56,2.217,8.445
1755,2,-2.503,3.601,-0.169,1.312,,,,,,,3.19,0.6869999999999998,8.421
1755,3,-1.839,2.772,-0.147,1.341,0.03,0.91,,,,,5.29,3.451,8.443
1755,4,0.697,2.689,-0.011,1.368,-0.008,0.895,,,,,8.29,8.986999999999998,8.579
1755,5,0.956,2.087,-0.083,1.391,-0.04,0.904,,,,,11.28,12.235999999999999,8.507
1755,6,0.882,4.682,-0.25,1.246,-0.071,0.87,,,,,13.43,14.312,8.34
1755,7,0.38,2.281,-0.115,1.159,-0.135,0.888,,,,,14.31,14.690000000000001,8.475
1755,8,-1.064,1.673,0.302,1.261,-0.16,0.866,,,,,13.84,12.776,8.892
1755,9,-0.748,1.862,0.371,1.094,-0.2,0.86,,,,,12.05,11.302000000000001,8.961
1755,10,2.252,3.071,0.418,1.046,-0.213,0.861,,,,,9.2,11.451999999999998,9.008
1755,11,-0.436,3.806,0.444,1.046,-0.261,0.85,,,,,6.05,5.614,9.034
1755,12,-1.22,2.883,0.409,1.002,-0.277,0.86,,,,,3.6,2.38,8.999
1756,1,1.277,3.56,0.329,1.01,-0.292,0.87,,,,,2.56,3.8369999999999997,8.919
1756,2,2.502,3.309,0.367,0.934,-0.328,0.878,,,,,3.19,5.692,8.957
1756,3,-1.006,5.213,0.419,0.939,-0.367,0.883,,,,,5.29,4.284,9.009
1756,4,1.258,2.405,0.165,0.905,-0.413,0.885,,,,,8.29,9.547999999999998,8.754999999999999
1756,5,1.269,2.63,0.078,0.884,-0.411,0.871,,,,,11.28,12.549,8.668
1756,6,0.462,2.568,0.002,0.89,-0.376,0.833,,,,,13.43,13.892,8.592
1756,7,-0.579,1.889,-0.277,0.92,-0.345,0.816,,,,,14.31,13.731,8.313
1756,8,-0.613,1.693,-0.406,0.959,-0.277,0.803,,,,,13.84,13.227,8.184
1756,9,-0.118,2.442,-0.401,0.903,-0.269,0.798,,,,,12.05,11.932,8.189
1756,10,-0.798,2.419,-0.463,0.924,-0.358,0.775,,,,,9.2,8.402,8.127
1756,11,-1.479,2.367,-0.474,0.993,-0.402,0.768,,,,,6.05,4.571,8.116
1756,12,-2.131,3.445,-0.303,0.991,-0.407,0.771,,,,,3.6,1.4690000000000003,8.286999999999999
1757,1,-2.079,5.109,-0.057,1.107,-0.445,0.773,,,,,2.56,0.48099999999999987,8.533
1757,2,0.964,3.564,0.216,1.08,-0.426,0.773,,,,,3.19,4.154,8.806
1757,3,-0.955,2.537,0.38,1.013,-0.413,0.778,,,,,5.29,4.335,8.97
1757,4,0.514,2.858,0.174,0.979,-0.448,0.765,,,,,8.29,8.803999999999998,8.764
1757,5,1.139,3.368,0.185,0.951,-0.492,0.746,,,,,11.28,12.418999999999999,8.775
1757,6,2.516,3.535,0.196,0.979,-0.574,0.747,,,,,13.43,15.946,8.786
1757,7,2.373,3.214,0.032,0.971,-0.633,0.751,,,,,14.31,16.683,8.622
1757,8,2.664,2.673,-0.303,0.956,-0.602,0.751,,,,,13.84,16.504,8.286999999999999
1757,9,1.852,1.869,-0.367,0.972,-0.63,0.747,-0.534,0.81,,,12.05,13.902000000000001,8.222999999999999
1757,10,-3.272,3.041,-0.495,0.976,-0.664,0.743,-0.546,0.811,,,9.2,5.927999999999999,8.095
1757,11,-1.346,2.453,-0.775,1.059,-0.695,0.752,-0.546,0.812,,,6.05,4.704,7.8149999999999995
1757,12,-2.001,5.245,-1.064,1.147,-0.736,0.778,-0.553,0.759,,,3.6,1.5990000000000002,7.526
1758,1,-4.05,7.478,-1.363,1.218,-0.787,0.809,-0.57,0.737,,,2.56,-1.4899999999999998,7.227
1758,2,-3.049,3.438,-1.802,1.234,-0.784,0.814,-0.581,0.722,,,3.19,0.14100000000000001,6.788
1758,3,-1.726,3.099,-2.12,1.289,-0.796,0.82,-0.621,0.729,,,5.29,3.564,6.47
1758,4,-1.027,2.941,-2.084,1.238,-0.87,0.848,-0.627,0.726,,,8.29,7.262999999999999,6.506
1758,5,-2.218,1.943,-2.003,1.181,-0.871,0.864,-0.642,0.73,,,11.28,9.062,6.587
1758,6,-0.948,2.058,-1.911,1.142,-0.885,0.832,-0.656,0.746,,,13.43,12.482,6.679
1758,7,-1.222,2.326,-1.417,1.314,-0.943,0.845,-0.641,0.747,,,14.31,13.088000000000001,7.173
1758,8,-2.601,1.256,-1.076,1.229,-1.011,0.838,-0.641,0.753,,,13.84,11.239,7.513999999999999
1758,9,-1.961,1.874,-1.006,1.252,-0.99,0.81,-0.649,0.757,,,12.05,10.089,7.584
1758,10,-2.847,1.739,-1.056,1.227,-1.022,0.845,-0.668,0.774,,,9.2,6.353,7.534
1758,11,-0.373,3.208,-0.995,1.203,-1.014,0.872,-0.679,0.782,,,6.05,5.677,7.595
1758,12,-0.889,2.439,-0.912,1.214,-0.974,0.905,-0.66,0.774,,,3.6,2.7110000000000003,7.678
1759,1,1.87,3.107,-0.987,1.278,-0.898,0.916,-0.675,0.751,,,2.56,4.43,7.603
1759,2,1.051,5.425,-0.743,1.18,-0.868,0.9,-0.633,0.722,,,3.19,4.241,7.8469999999999995
1759,3,-0.893,2.582,-0.597,1.192,-0.86,0.908,-0.629,0.714,,,5.29,4.397,7.993
1759,4,-1.628,2.544,-0.482,1.236,-0.893,0.91,-0.666,0.736,,,8.29,6.661999999999999,8.108
1759,5,-1.485,1.604,-0.635,1.197,-0.878,0.931,-0.683,0.767,,,11.28,9.795,7.955
1759,6,0.045,1.124,-0.906,1.383,-0.927,0.933,-0.708,0.781,,,13.43,13.475,7.684
1759,7,-2.119,1.59,-1.387,1.44,-0.839,0.869,-0.725,0.798,,,14.31,12.191,7.202999999999999
1759,8,0.33,2.956,-1.531,1.267,-0.842,0.81,-0.733,0.789,,,13.84,14.17,7.059
1759,9,-0.208,2.262,-1.748,1.365,-0.859,0.799,-0.741,0.788,,,12.05,11.842,6.842
1759,10,-1.468,2.205,-1.722,1.383,-0.862,0.821,-0.742,0.779,,,9.2,7.731999999999999,6.868
1759,11,-2.215,2.41,-1.674,1.443,-0.891,0.877,-0.754,0.755,,,6.05,3.835,6.916
1759,12,-4.136,4.597,-1.812,1.521,-0.947,0.931,-0.753,0.75,,,3.6,-0.536,6.778
1760,1,-3.904,3.386,-1.856,1.861,-1.003,0.98,-0.744,0.764,,,2.56,-1.3439999999999999,6.734
1760,2,-0.669,5.394,-1.956,1.992,-1.043,0.982,-0.726,0.735,,,3.19,2.521,6.634
1760,3,-3.507,5.007,-2.064,2.122,-1.098,1.027,-0.705,0.732,,,5.29,1.783,6.526
1760,4,-1.312,2.764,-2.123,2.223,-1.084,1.011,-0.709,0.715,,,8.29,6.977999999999999,6.467
1760,5,-0.906,1.323,-1.98,2.099,-1.051,1.003,-0.729,0.712,,,11.28,10.373999999999999,6.609999999999999
1760,6,-1.617,2.058,-1.809,1.74,-1.034,0.989,-0.761,0.722,,,13.43,11.812999999999999,6.781
1760,7,-2.638,2.376,-1.664,1.69,-1.004,0.904,-0.772,0.73,,,14.31,11.672,6.926
1760,8,-0.879,1.734,-1.74,1.486,-1.002,0.917,-0.772,0.736,,,13.84,12.961,6.85
1760,9,-1.501,1.602,-1.429,1.396,-1.043,0.973,-0.779,0.734,,,12.05,10.549000000000001,7.161
1760,10,-2.174,3.663,-1.374,1.339,-1.042,0.942,-0.81,0.739,,,9.2,7.026,7.215999999999999
1760,11,-0.504,2.101,-1.15,1.344,-1.022,0.949,-0.812,0.744,,,6.05,5.545999999999999,7.4399999999999995
1760,12,-2.079,3.241,-0.778,1.335,-1.035,1.0,-0.814,0.726,,,3.6,1.521,7.811999999999999
1761,1,-2.164,3.409,-0.227,1.188,-0.99,1.036,-0.858,0.702,,,2.56,0.3959999999999999,8.363
1761,2,-1.584,3.163,-0.053,1.219,-0.954,1.042,-0.874,0.687,,,3.19,1.6059999999999999,8.536999999999999
1761,3,0.22,2.751,0.099,1.135,-0.93,1.055,-0.866,0.66,,,5.29,5.51,8.689
1761,4,-0.648,2.588,0.051,1.037,-0.922,1.107,-0.886,0.667,,,8.29,7.6419999999999995,8.641
1761,5,1.783,2.097,0.044,1.096,-0.947,1.116,-0.903,0.676,,,11.28,13.062999999999999,8.634
1761,6,2.844,3.205,-0.206,1.288,-0.943,1.118,-0.913,0.681,,,13.43,16.274,8.384
1761,7,3.979,2.36,0.243,1.168,-1.005,1.123,-0.921,0.68,,,14.31,18.289,8.833
1761,8,1.205,1.509,0.441,0.949,-0.989,1.06,-0.922,0.671,,,13.84,15.045,9.031
1761,9,0.32,2.711,0.257,0.919,-0.99,1.042,-0.925,0.675,,,12.05,12.370000000000001,8.847
1761,10,-2.747,2.325,0.337,0.856,-0.975,1.039,-0.928,0.674,,,9.2,6.452999999999999,8.927
1761,11,-0.592,2.276,0.137,0.824,-0.965,1.095,-0.908,0.679,,,6.05,5.458,8.727
1761,12,-5.071,3.517,-0.168,0.85,-1.01,1.104,-0.904,0.665,,,3.6,-1.4709999999999996,8.422
1762,1,3.219,4.107,-0.58,0.897,-1.005,1.127,-0.921,0.633,,,2.56,5.779,8.01
1762,2,0.79,5.556,-0.661,0.925,-1.041,1.155,-0.933,0.625,,,3.19,3.98,7.929
1762,3,-1.981,2.605,-0.807,0.999,-1.069,1.177,-0.92,0.632,,,5.29,3.309,7.7829999999999995
1762,4,0.314,2.038,-0.783,0.984,-1.037,1.145,-0.948,0.631,,,8.29,8.604,7.8069999999999995
1762,5,-0.624,3.618,-0.682,0.958,-1.017,1.11,-0.974,0.649,,,11.28,10.655999999999999,7.9079999999999995
1762,6,-0.813,2.808,-0.34,0.9,-0.933,1.05,-0.99,0.657,,,13.43,12.616999999999999,8.25
1762,7,-0.96,2.712,-0.797,1.063,-0.855,1.047,-1.023,0.671,,,14.31,13.350000000000001,7.793
1762,8,0.231,1.842,-1.104,1.345,-0.849,0.984,-1.042,0.664,,,13.84,14.071,7.486
1762,9,-1.437,3.028,-1.286,1.737,-0.779,0.936,-1.065,0.673,-0.93,0.501,12.05,10.613000000000001,7.304
1762,10,-2.456,2.319,-1.393,1.655,-0.755,0.893,-1.043,0.661,-0.927,0.504,9.2,6.744,7.197
1762,11,0.62,3.651,-1.43,1.447,-0.762,0.875,-1.018,0.667,-0.922,0.504,6.05,6.67,7.16
1762,12,-0.966,2.656,-1.503,1.474,-0.786,0.836,-1.026,0.651,-0.914,0.475,3.6,2.6340000000000003,7.087
1763,1,-2.265,3.769,-1.301,1.451,-0.758,0.77,-1.039,0.625,-0.928,0.486,2.56,0.29499999999999993,7.289
1763,2,-2.896,4.898,-1.355,1.431,-0.76,0.778,-1.046,0.631,-0.931,0.477,3.19,0.29400000000000004,7.234999999999999
1763,3,-4.166,5.487,-1.281,1.27,-0.761,0.765,-1.064,0.639,-0.94,0.475,5.29,1.1239999999999997,7.309
1763,4,-0.969,1.55,-1.275,1.516,-0.75,0.735,-1.07,0.631,-0.936,0.472,8.29,7.320999999999999,7.3149999999999995
1763,5,-1.064,1.958,-1.479,1.605,-0.754,0.731,-1.078,0.638,-0.934,0.474,11.28,10.216,7.111
1763,6,-1.691,2.99,-1.457,1.553,-0.743,0.743,-1.084,0.642,-0.938,0.478,13.43,11.738999999999999,7.133
1763,7,1.461,2.224,-1.419,1.75,-0.773,0.708,-1.079,0.651,-0.938,0.483,14.31,15.771,7.170999999999999
1763,8,-0.411,1.494,-1.009,1.529,-0.737,0.697,-1.071,0.652,-0.939,0.488,13.84,13.429,7.5809999999999995
1763,9,-0.547,1.771,-0.742,1.24,-0.742,0.677,-1.069,0.654,-0.941,0.494,12.05,11.503,7.848
1763,10,-2.39,5.231,-0.722,1.391,-0.75,0.664,-1.06,0.65,-0.941,0.496,9.2,6.809999999999999,7.868
1763,11,-1.826,2.427,-0.706,1.602,-0.792,0.66,-1.07,0.648,-0.95,0.505,6.05,4.224,7.884
1763,12,-0.7,3.126,-0.786,1.485,-0.851,0.658,-1.072,0.643,-0.931,0.498,3.6,2.9000000000000004,7.804
1764,1,-1.813,2.951,-1.061,1.565,-0.945,0.668,-1.093,0.648,-0.948,0.481,2.56,0.7470000000000001,7.529
1764,2,2.032,3.078,-1.178,1.461,-0.977,0.673,-1.115,0.622,-0.934,0.467,3.19,5.2219999999999995,7.412
1764,3,-0.964,2.266,-1.29,1.473,-0.989,0.681,-1.119,0.617,-0.931,0.462,5.29,4.3260000000000005,7.3
1764,4,-0.733,3.207,-1.055,1.204,-0.964,0.673,-1.105,0.6,-0.943,0.462,8.29,7.5569999999999995,7.535
1764,5,-0.876,4.233,-0.988,1.123,-0.937,0.672,-1.085,0.595,-0.927,0.451,11.28,10.404,7.602
1764,6,-2.653,1.624,-0.853,1.125,-0.881,0.652,-1.078,0.588,-0.922,0.457,13.43,10.777,7.737
1764,7,-1.832,2.814,-0.64,1.125,-1.003,0.672,-1.065,0.58,-0.916,0.458,14.31,12.478,7.95
1764,8,-1.821,1.308,-0.834,1.045,-1.025,0.696,-1.075,0.588,-0.914,0.463,13.84,12.019,7.756
1764,9,-1.886,2.128,-0.695,1.022,-0.98,0.703,-1.084,0.596,-0.917,0.466,12.05,10.164000000000001,7.895
1764,10,0.433,2.012,-0.622,0.891,-1.033,0.707,-1.108,0.591,-0.925,0.47,9.2,9.633,7.968
1764,11,-1.032,3.162,-0.663,0.794,-1.057,0.683,-1.12,0.592,-0.942,0.473,6.05,5.018,7.927
1764,12,0.921,2.865,-0.694,0.908,-1.034,0.662,-1.127,0.587,-0.962,0.475,3.6,4.521,7.896
1765,1,0.747,5.345,-0.622,0.906,-1.043,0.667,-1.104,0.573,-0.959,0.472,2.56,3.307,7.968
1765,2,-0.299,3.277,-0.554,0.939,-1.041,0.671,-1.1,0.565,-0.941,0.469,3.19,2.891,8.036
1765,3,0.711,2.103,-0.526,0.959,-1.033,0.66,-1.108,0.559,-0.929,0.467,5.29,6.001,8.064
1765,4,0.133,1.616,-0.689,1.033,-1.001,0.662,-1.089,0.544,-0.94,0.469,8.29,8.422999999999998,7.901
1765,5,-1.359,1.587,-0.662,1.161,-0.985,0.643,-1.098,0.548,-0.95,0.476,11.28,9.921,7.928
1765,6,-3.029,1.66,-0.859,1.231,-1.017,0.643,-1.104,0.557,-0.962,0.487,13.43,10.401,7.731
1765,7,-0.974,3.006,-1.254,1.516,-1.074,0.72,-1.109,0.555,-0.965,0.487,14.31,13.336,7.336
1765,8,-1.0,2.039,-1.178,1.385,-1.09,0.766,-1.124,0.578,-0.962,0.49,13.84,12.84,7.412
1765,9,-1.547,1.752,-1.247,1.464,-1.084,0.767,-1.124,0.59,-0.966,0.495,12.05,10.503,7.343
1765,10,-1.524,2.076,-1.35,1.573,-1.099,0.798,-1.11,0.589,-0.972,0.496,9.2,7.675999999999999,7.24
1765,11,-0.709,2.933,-1.3,1.669,-1.134,0.836,-1.109,0.585,-0.964,0.501,6.05,5.341,7.29
1765,12,-1.438,2.214,-1.106,1.609,-1.133,0.824,-1.085,0.569,-0.971,0.505,3.6,2.162,7.484
1766,1,-3.994,5.812,-1.161,1.891,-1.167,0.822,-1.053,0.554,-0.994,0.516,2.56,-1.4340000000000002,7.429
1766,2,0.612,3.291,-1.136,1.953,-1.188,0.849,-1.08,0.566,-1.004,0.511,3.19,3.802,7.454
1766,3,-0.12,2.287,-1.04,2.002,-1.208,0.854,-1.115,0.575,-1.009,0.506,5.29,5.17,7.55
1766,4,-1.101,2.871,-1.019,1.893,-1.197,0.874,-1.136,0.594,-1.025,0.509,8.29,7.188999999999999,7.571
1766,5,-0.762,2.346,-0.875,1.785,-1.193,0.883,-1.168,0.618,-1.04,0.51,11.28,10.517999999999999,7.715
1766,6,-0.698,4.19,-0.894,1.725,-1.2,0.875,-1.193,0.616,-1.042,0.514,13.43,12.732,7.696
1766,7,-1.632,2.155,-0.906,1.452,-1.18,0.854,-1.234,0.618,-1.044,0.515,14.31,12.678,7.684
1766,8,-0.708,2.305,-0.999,1.226,-1.241,0.849,-1.246,0.624,-1.04,0.519,13.84,13.132,7.591
1766,9,-0.394,2.253,-0.932,1.038,-1.248,0.838,-1.259,0.629,-1.05,0.526,12.05,11.656,7.6579999999999995
1766,10,-1.265,1.878,-1.079,1.08,-1.235,0.865,-1.23,0.635,-1.055,0.53,9.2,7.935,7.511
1766,11,1.018,2.358,-1.184,1.024,-1.206,0.88,-1.241,0.646,-1.055,0.538,6.05,7.068,7.406
1766,12,-1.669,2.295,-1.081,0.894,-1.147,0.885,-1.212,0.66,-1.046,0.539,3.6,1.931,7.509
1767,1,-4.143,4.828,-1.068,0.921,-1.125,0.892,-1.253,0.686,-1.028,0.541,2.56,-1.5829999999999997,7.522
1767,2,-0.503,4.671,-0.982,0.88,-1.11,0.873,-1.283,0.714,-1.031,0.538,3.19,2.687,7.608
1767,3,0.688,3.879,-1.027,0.823,-1.1,0.888,-1.294,0.718,-1.034,0.538,5.29,5.978,7.563
1767,4,-2.868,4.148,-0.969,0.824,-1.179,0.898,-1.299,0.72,-1.051,0.542,8.29,5.421999999999999,7.6209999999999996
1767,5,-2.02,1.934,-0.919,0.853,-1.223,0.908,-1.316,0.726,-1.061,0.547,11.28,9.26,7.670999999999999
1767,6,0.543,2.037,-1.023,0.833,-1.322,0.961,-1.323,0.745,-1.08,0.551,13.43,13.972999999999999,7.567
1767,7,-1.482,2.817,-1.152,1.061,-1.353,0.969,-1.316,0.749,-1.1,0.555,14.31,12.828000000000001,7.438
1767,8,0.332,1.743,-1.43,1.531,-1.35,0.981,-1.32,0.752,-1.119,0.556,13.84,14.172,7.16
1767,9,-0.938,2.047,-1.807,1.731,-1.437,1.009,-1.327,0.753,-1.134,0.557,12.05,11.112,6.7829999999999995
1767,10,-0.569,2.034,-1.723,1.716,-1.423,0.969,-1.307,0.765,-1.134,0.56,9.2,8.631,6.867
1767,11,1.617,5.253,-1.815,1.778,-1.434,0.973,-1.299,0.762,-1.134,0.562,6.05,7.667,6.775
1767,12,-2.913,2.17,-1.999,1.707,-1.422,0.964,-1.276,0.773,-1.13,0.561,3.6,0.6870000000000003,6.590999999999999
1768,1,-5.694,2.838,-1.924,1.535,-1.46,1.037,-1.286,0.814,-1.116,0.562,2.56,-3.134,6.666
1768,2,-3.837,2.883,-2.091,1.554,-1.489,1.07,-1.281,0.823,-1.098,0.56,3.19,-0.6470000000000002,6.499
1768,3,-3.839,2.38,-2.158,1.487,-1.488,1.079,-1.259,0.831,-1.101,0.562,5.29,1.451,6.432
1768,4,-1.855,2.451,-2.256,1.505,-1.47,1.069,-1.245,0.834,-1.093,0.564,8.29,6.434999999999999,6.334
1768,5,-3.133,2.844,-2.522,1.798,-1.465,1.025,-1.226,0.845,-1.09,0.568,11.28,8.146999999999998,6.068
1768,6,-1.666,1.288,-2.372,1.7,-1.427,0.972,-1.221,0.853,-1.098,0.573,13.43,11.764,6.218
1768,7,-0.581,1.257,-1.95,1.131,-1.332,0.883,-1.235,0.861,-1.094,0.576,14.31,13.729000000000001,6.64
1768,8,-1.664,2.106,-1.765,0.86,-1.424,0.908,-1.237,0.869,-1.093,0.58,13.84,12.176,6.825
1768,9,-1.74,1.627,-1.56,0.849,-1.487,0.933,-1.233,0.886,-1.084,0.585,12.05,10.31,7.029999999999999
1768,10,-1.752,1.867,-1.401,0.801,-1.523,0.945,-1.214,0.903,-1.082,0.59,9.2,7.4479999999999995,7.189
1768,11,-1.568,1.699,-1.068,0.852,-1.543,0.972,-1.221,0.939,-1.093,0.595,6.05,4.481999999999999,7.522
1768,12,-1.117,2.428,-0.854,0.86,-1.535,0.923,-1.203,0.932,-1.1,0.598,3.6,2.483,7.736
1769,1,-0.629,3.075,-0.851,0.908,-1.522,0.905,-1.222,0.918,-1.119,0.605,2.56,1.931,7.739
1769,2,-1.615,2.666,-0.788,0.961,-1.516,0.9,-1.235,0.897,-1.122,0.608,3.19,1.575,7.802
1769,3,-1.38,2.438,-0.748,0.921,-1.529,0.883,-1.233,0.891,-1.118,0.612,5.29,3.91,7.842
1769,4,0.053,3.787,-0.962,0.909,-1.497,0.898,-1.219,0.918,-1.113,0.615,8.29,8.343,7.628
1769,5,0.856,3.604,-1.136,0.907,-1.544,0.908,-1.171,0.897,-1.101,0.619,11.28,12.136,7.454
1769,6,0.91,1.849,-1.462,1.007,-1.543,0.934,-1.137,0.886,-1.11,0.622,13.43,14.34,7.128
1769,7,-0.547,1.843,-1.504,1.279,-1.503,0.971,-1.107,0.874,-1.109,0.622,14.31,13.763,7.086
1769,8,-0.907,1.326,-1.381,1.41,-1.541,1.072,-1.094,0.879,-1.115,0.624,13.84,12.933,7.209
1769,9,-1.261,1.567,-1.637,1.583,-1.607,1.115,-1.094,0.892,-1.116,0.627,12.05,10.789000000000001,6.952999999999999
1769,10,-4.329,2.115,-1.561,1.39,-1.565,1.063,-1.107,0.904,-1.113,0.635,9.2,4.8709999999999996,7.029
1769,11,-3.649,2.329,-1.805,1.256,-1.576,1.068,-1.13,0.927,-1.106,0.642,6.05,2.401,6.785
1769,12,-5.03,3.984,-2.07,1.359,-1.611,1.094,-1.171,0.929,-1.098,0.65,3.6,-1.4300000000000002,6.52
1770,1,-1.129,3.623,-2.296,1.471,-1.589,1.075,-1.173,0.96,-1.086,0.655,2.56,1.431,6.2940000000000005
1770,2,-0.139,3.799,-2.447,1.739,-1.6,1.059,-1.155,0.961,-1.083,0.655,3.19,3.051,6.143
1770,3,-4.461,2.408,-2.466,1.8,-1.621,1.053,-1.153,0.969,-1.072,0.654,5.29,0.8289999999999997,6.124
1770,4,0.973,3.238,-2.144,1.725,-1.614,1.072,-1.171,0.97,-1.051,0.654,8.29,9.263,6.446
1770,5,-2.069,1.567,-1.874,1.559,-1.613,1.109,-1.172,0.977,-1.036,0.664,11.28,9.210999999999999,6.715999999999999
1770,6,-2.272,3.897,-1.385,1.144,-1.535,1.12,-1.163,0.969,-1.029,0.668,13.43,11.158,7.205
1770,7,-3.267,3.461,-1.148,1.139,-1.498,1.116,-1.158,0.981,-1.014,0.674,14.31,11.043000000000001,7.442
1770,8,-2.711,3.649,-1.547,1.115,-1.472,1.062,-1.151,0.973,-1.017,0.676,13.84,11.129,7.043
1770,9,-1.495,2.081,-1.5,1.166,-1.433,1.058,-1.153,0.968,-1.023,0.675,12.05,10.555,7.09
1770,10,-0.458,1.516,-1.85,1.406,-1.39,1.034,-1.135,0.963,-1.012,0.675,9.2,8.741999999999999,6.74
1770,11,-0.411,2.363,-1.845,1.597,-1.318,1.014,-1.116,0.977,-1.01,0.676,6.05,5.639,6.745
1770,12,0.836,4.727,-1.67,1.367,-1.309,1.027,-1.128,0.986,-1.009,0.679,3.6,4.436,6.92
1771,1,1.709,4.104,-1.472,1.211,-1.302,1.04,-1.13,0.986,-1.002,0.683,2.56,4.269,7.118
1771,2,-4.917,3.309,-1.272,1.132,-1.286,1.023,-1.135,0.978,-1.0,0.683,3.19,-1.7269999999999999,7.318
1771,3,-3.902,3.022,-1.245,1.087,-1.258,1.039,-1.152,0.966,-1.005,0.681,5.29,1.388,7.345
1771,4,-3.222,3.756,-1.152,1.105,-1.23,1.032,-1.163,0.956,-1.009,0.683,8.29,5.068,7.438
1771,5,-2.013,4.44,-1.272,1.199,-1.249,1.089,-1.176,0.925,-1.017,0.678,11.28,9.267,7.318
1771,6,-0.174,1.321,-1.471,1.498,-1.205,1.082,-1.17,0.912,-1.037,0.673,13.43,13.256,7.119
1771,7,-0.891,1.186,-1.762,1.935,-1.263,1.1,-1.166,0.906,-1.054,0.665,14.31,13.419,6.827999999999999
1771,8,-0.309,1.953,-1.582,2.053,-1.229,1.062,-1.158,0.907,-1.057,0.662,13.84,13.531,7.008
1771,9,-1.17,1.436,-1.53,1.879,-1.218,1.07,-1.175,0.906,-1.066,0.663,12.05,10.88,7.06
1771,10,0.661,1.759,-1.293,1.633,-1.203,1.079,-1.182,0.915,-1.057,0.665,9.2,9.860999999999999,7.297
1771,11,-1.855,2.21,-1.345,1.467,-1.136,1.007,-1.203,0.932,-1.048,0.668,6.05,4.195,7.245
1771,12,-1.553,2.479,-1.463,1.643,-1.126,0.967,-1.188,0.94,-1.03,0.672,3.6,2.047,7.127
1772,1,-1.785,4.737,-1.401,1.696,-1.089,0.93,-1.136,0.96,-1.052,0.666,2.56,0.7750000000000001,7.189
1772,2,-2.754,5.49,-1.403,1.579,-1.079,0.955,-1.129,0.986,-1.066,0.66,3.19,0.43599999999999994,7.186999999999999
1772,3,-3.278,2.106,-1.487,1.519,-1.088,0.965,-1.148,1.006,-1.069,0.658,5.29,2.012,7.103
1772,4,-0.38,1.357,-1.554,1.518,-1.036,0.977,-1.154,0.989,-1.07,0.66,8.29,7.909999999999999,7.036
1772,5,-2.633,1.827,-1.261,1.342,-1.036,1.012,-1.148,0.991,-1.067,0.66,11.28,8.646999999999998,7.329
1772,6,-1.595,3.215,-0.983,1.325,-1.019,0.963,-1.169,0.985,-1.063,0.66,13.43,11.834999999999999,7.607
1772,7,-0.15,1.834,-1.127,1.455,-0.993,1.017,-1.177,0.975,-1.061,0.657,14.31,14.16,7.463
1772,8,-0.324,2.194,-1.088,1.39,-0.96,1.014,-1.197,0.971,-1.056,0.659,13.84,13.516,7.502
1772,9,-2.181,1.728,-0.939,1.423,-0.869,1.008,-1.203,0.981,-1.049,0.658,12.05,9.869,7.651
1772,10,-0.15,1.75,-0.847,1.403,-0.92,1.052,-1.225,0.981,-1.042,0.667,9.2,9.049999999999999,7.743
1772,11,1.662,3.016,-0.529,1.419,-0.909,1.059,-1.249,1.007,-1.051,0.671,6.05,7.712,8.061
1772,12,1.785,2.385,-0.488,1.292,-0.904,1.055,-1.234,0.999,-1.054,0.669,3.6,5.385,8.102
1773,1,-3.513,3.508,-0.492,1.287,-0.857,1.011,-1.192,0.958,-1.06,0.657,2.56,-0.9529999999999998,8.097999999999999
1773,2,-2.288,3.084,-0.521,1.273,-0.814,0.97,-1.15,0.914,-1.043,0.66,3.19,0.9020000000000001,8.068999999999999
1773,3,-1.483,2.137,-0.344,1.392,-0.817,0.951,-1.139,0.898,-1.031,0.667,5.29,3.807,8.246
1773,4,0.716,1.371,-0.337,1.338,-0.8,0.951,-1.116,0.89,-1.028,0.666,8.29,9.005999999999998,8.253
1773,5,1.189,1.461,-0.704,1.699,-0.768,1.03,-1.102,0.883,-1.021,0.668,11.28,12.469,7.886
1773,6,-1.103,1.129,-0.725,1.538,-0.829,1.096,-1.112,0.885,-1.008,0.665,13.43,12.327,7.865
1773,7,-0.193,1.771,-0.772,1.024,-0.929,1.176,-1.109,0.888,-1.019,0.664,14.31,14.117,7.818
1773,8,-0.673,1.41,-0.547,0.914,-0.845,1.132,-1.115,0.888,-1.017,0.669,13.84,13.167,8.043
1773,9,-0.056,2.217,-0.484,0.92,-0.818,1.081,-1.099,0.894,-1.024,0.674,12.05,11.994000000000002,8.106
1773,10,-0.073,1.434,-0.464,0.992,-0.804,1.048,-1.103,0.897,-1.02,0.685,9.2,9.126999999999999,8.126
1773,11,-2.736,4.685,-0.157,1.062,-0.809,0.948,-1.116,0.909,-1.028,0.688,6.05,3.3139999999999996,8.433
1773,12,1.535,2.828,0.059,1.068,-0.806,0.971,-1.129,0.917,-1.03,0.689,3.6,5.135,8.649
1774,1,-4.085,4.228,0.216,1.248,-0.809,0.976,-1.146,0.943,-1.025,0.701,2.56,-1.525,8.806
1774,2,0.413,4.628,0.248,1.226,-0.801,0.988,-1.129,0.943,-1.042,0.704,3.19,3.6029999999999998,8.838
1774,3,-0.724,2.431,0.103,1.226,-0.822,1.001,-1.118,0.957,-1.044,0.703,5.29,4.566,8.693
1774,4,0.957,3.955,0.008,1.09,-0.868,1.002,-1.121,0.953,-1.042,0.716,8.29,9.247,8.597999999999999
1774,5,4.871,1.846,-0.071,1.226,-0.861,1.029,-1.117,0.954,-1.046,0.719,11.28,16.151,8.519
1774,6,1.485,4.618,-0.533,1.037,-0.834,1.026,-1.143,0.952,-1.037,0.715,13.43,14.915,8.057
1774,7,1.695,4.174,-0.154,1.031,-0.769,1.04,-1.153,0.949,-1.028,0.722,14.31,16.005,8.436
1774,8,-0.286,2.283,-0.037,1.103,-0.718,1.025,-1.155,0.958,-1.014,0.719,13.84,13.554,8.552999999999999
1774,9,-1.804,2.114,0.107,1.18,-0.689,1.029,-1.148,0.957,-1.013,0.716,12.05,10.246,8.697
1774,10,-1.215,3.064,-0.144,1.188,-0.743,1.028,-1.117,0.963,-1.021,0.715,9.2,7.984999999999999,8.446
1774,11,-3.683,4.842,-0.671,1.374,-0.72,1.04,-1.092,0.956,-1.022,0.711,6.05,2.367,7.919
1774,12,-4.002,3.293,-0.96,1.586,-0.727,1.005,-1.068,0.923,-1.028,0.717,3.6,-0.4019999999999997,7.63
1775,1,0.465,3.673,-1.134,1.716,-0.765,1.002,-1.067,0.953,-1.033,0.732,2.56,3.025,7.4559999999999995
1775,2,1.81,3.341,-1.124,1.642,-0.793,1.001,-1.067,0.95,-1.039,0.734,3.19,5.0,7.465999999999999
1775,3,1.01,2.377,-1.114,1.558,-0.786,1.028,-1.037,0.938,-1.061,0.733,5.29,6.3,7.476
1775,4,-2.061,1.863,-0.963,1.45,-0.836,1.005,-1.013,0.959,-1.069,0.726,8.29,6.228999999999999,7.627
1775,5,-1.453,2.788,-0.53,1.518,-0.886,1.015,-0.973,0.977,-1.069,0.72,11.28,9.827,8.06
1775,6,-1.978,3.278,-0.433,1.66,-0.934,0.986,-0.953,0.967,-1.052,0.703,13.43,11.452,8.157
1775,7,-0.393,1.461,-0.829,1.714,-0.886,0.9,-0.92,0.952,-1.047,0.706,14.31,13.917,7.761
1775,8,-0.173,1.12,-0.973,1.479,-0.827,0.869,-0.909,0.937,-1.04,0.7,13.84,13.667,7.617
1775,9,-1.683,1.87,-1.243,1.354,-0.844,0.842,-0.922,0.921,-1.04,0.699,12.05,10.367,7.3469999999999995
1775,10,0.599,1.796,-1.271,1.355,-0.842,0.846,-0.915,0.912,-1.039,0.694,9.2,9.799,7.319
1775,11,1.521,3.819,-1.344,1.176,-0.886,0.854,-0.911,0.915,-1.036,0.689,6.05,7.571,7.2459999999999996
1775,12,-2.845,2.545,-1.179,1.091,-0.914,0.841,-0.933,0.939,-1.039,0.688,3.6,0.7549999999999999,7.411
1776,1,-4.291,2.393,-1.236,1.11,-0.916,0.832,-0.951,0.953,-1.033,0.683,2.56,-1.7310000000000003,7.354
1776,2,0.089,3.019,-1.206,1.19,-0.945,0.846,-0.92,0.941,-1.042,0.685,3.19,3.279,7.384
1776,3,-2.236,3.15,-1.27,1.256,-0.94,0.842,-0.895,0.922,-1.041,0.684,5.29,3.054,7.32
1776,4,-2.397,1.836,-1.494,1.279,-0.977,0.853,-0.881,0.9,-1.036,0.681,8.29,5.892999999999999,7.096
1776,5,-2.327,1.926,-1.739,1.276,-0.983,0.841,-0.867,0.862,-1.033,0.675,11.28,8.953,6.851
1776,6,0.003,2.351,-1.496,1.222,-1.053,0.855,-0.88,0.852,-1.03,0.662,13.43,13.433,7.093999999999999
1776,7,-1.073,1.366,-0.961,1.169,-1.029,0.877,-0.874,0.835,-1.02,0.657,14.31,13.237,7.629
1776,8,0.178,3.406,-0.942,1.302,-1.029,0.9,-0.867,0.82,-1.014,0.656,13.84,14.018,7.648
1776,9,-2.442,2.0,-0.884,1.445,-1.017,0.916,-0.873,0.819,-1.01,0.657,12.05,9.608,7.7059999999999995
1776,10,-2.089,2.201,-0.986,1.395,-1.039,0.907,-0.883,0.81,-1.008,0.654,9.2,7.110999999999999,7.604
1776,11,-1.421,3.609,-0.9,1.833,-1.099,0.976,-0.856,0.803,-1.023,0.655,6.05,4.629,7.6899999999999995
1776,12,0.065,2.578,-1.067,1.644,-1.159,1.004,-0.847,0.789,-1.031,0.657,3.6,3.665,7.523
1777,1,2.133,3.496,-1.178,1.683,-1.217,1.039,-0.851,0.772,-1.012,0.661,2.56,4.693,7.412
1777,2,0.313,3.46,-1.362,1.518,-1.231,1.036,-0.849,0.748,-1.012,0.672,3.19,3.503,7.228
1777,3,-1.538,1.985,-1.303,1.625,-1.208,1.026,-0.844,0.75,-1.016,0.673,5.29,3.752,7.287
1777,4,-3.622,2.082,-1.394,1.53,-1.199,1.023,-0.84,0.744,-1.009,0.662,8.29,4.667999999999999,7.196
1777,5,-1.292,1.988,-1.386,1.305,-1.148,0.982,-0.818,0.734,-1.0,0.667,11.28,9.988,7.204
1777,6,-1.995,1.484,-1.481,1.102,-1.117,0.965,-0.804,0.715,-0.999,0.671,13.43,11.434999999999999,7.109
1777,7,-2.409,1.732,-1.712,0.893,-1.142,0.969,-0.807,0.702,-0.996,0.664,14.31,11.901,6.878
1777,8,-2.036,1.313,-1.633,1.026,-1.173,0.965,-0.792,0.693,-0.999,0.661,13.84,11.804,6.957
1777,9,-1.728,3.126,-1.717,1.18,-1.205,0.954,-0.771,0.682,-1.003,0.662,12.05,10.322000000000001,6.872999999999999
1777,10,-3.184,2.627,-1.345,1.16,-1.106,0.943,-0.776,0.686,-1.006,0.668,9.2,6.015999999999999,7.245
1777,11,-1.317,2.152,-1.357,1.162,-1.037,0.967,-0.802,0.693,-1.017,0.675,6.05,4.733,7.233
1777,12,-1.083,3.21,-1.425,1.267,-1.002,0.951,-0.832,0.679,-1.009,0.676,3.6,2.5170000000000003,7.165
1778,1,-0.64,3.959,-1.249,1.309,-0.982,0.96,-0.834,0.624,-0.996,0.669,2.56,1.92,7.340999999999999
1778,2,1.259,3.636,-1.279,1.27,-1.004,0.97,-0.805,0.623,-0.98,0.671,3.19,4.449,7.311
1778,3,-2.538,3.729,-1.118,1.415,-1.027,0.96,-0.802,0.624,-0.968,0.672,5.29,2.7520000000000002,7.4719999999999995
1778,4,0.84,1.862,-1.04,1.387,-1.029,0.941,-0.811,0.622,-0.961,0.67,8.29,9.129999999999999,7.55
1778,5,-1.435,2.009,-1.188,1.216,-1.055,0.872,-0.816,0.619,-0.951,0.662,11.28,9.844999999999999,7.402
1778,6,-2.811,2.925,-1.321,1.163,-1.038,0.855,-0.795,0.607,-0.942,0.661,13.43,10.619,7.269
1778,7,-0.294,1.509,-1.49,1.196,-0.973,0.817,-0.802,0.597,-0.93,0.663,14.31,14.016,7.1
1778,8,-2.406,2.571,-1.559,1.369,-0.995,0.828,-0.797,0.594,-0.921,0.66,13.84,11.434,7.031
1778,9,0.207,1.936,-1.35,1.266,-0.973,0.836,-0.816,0.589,-0.915,0.66,12.05,12.257000000000001,7.24
1778,10,-2.243,2.669,-1.446,1.251,-0.958,0.827,-0.827,0.593,-0.906,0.655,9.2,6.956999999999999,7.144
1778,11,-3.097,3.374,-1.221,1.267,-0.924,0.857,-0.835,0.586,-0.898,0.652,6.05,2.953,7.369
1778,12,-2.674,2.332,-1.165,1.254,-0.954,0.821,-0.858,0.593,-0.912,0.645,3.6,0.9260000000000002,7.425
1779,1,-2.666,3.55,-1.287,1.239,-0.938,0.793,-0.828,0.621,-0.908,0.656,2.56,-0.10599999999999987,7.303
1779,2,0.427,5.53,-1.18,1.182,-0.933,0.756,-0.85,0.638,-0.906,0.664,3.19,3.617,7.41
1779,3,-0.028,2.483,-1.237,1.174,-0.923,0.756,-0.855,0.642,-0.906,0.665,5.29,5.2620000000000005,7.353
1779,4,-0.317,3.452,-1.103,1.186,-0.899,0.747,-0.866,0.648,-0.911,0.661,8.29,7.972999999999999,7.487
1779,5,1.27,1.871,-0.9,1.121,-0.851,0.702,-0.922,0.65,-0.914,0.657,11.28,12.549999999999999,7.6899999999999995
1779,6,-2.142,1.603,-0.853,1.19,-0.861,0.667,-0.937,0.644,-0.919,0.652,13.43,11.288,7.737
1779,7,-1.761,1.411,-0.719,1.1,-0.934,0.632,-0.949,0.654,-0.914,0.648,14.31,12.549000000000001,7.8709999999999996
1779,8,-1.123,2.213,-0.76,1.325,-0.981,0.598,-0.934,0.646,-0.911,0.644,13.84,12.717,7.83
1779,9,-0.476,1.837,-0.83,1.194,-0.999,0.609,-0.933,0.633,-0.906,0.641,12.05,11.574000000000002,7.76
1779,10,-0.629,2.545,-0.482,1.236,-0.937,0.59,-0.936,0.63,-0.892,0.645,9.2,8.571,8.108
1779,11,-0.669,2.271,-0.363,1.412,-0.915,0.567,-0.914,0.604,-0.876,0.644,6.05,5.381,8.227
1779,12,-2.109,2.49,-0.177,1.622,-0.88,0.557,-0.886,0.621,-0.854,0.638,3.6,1.491,8.413
1780,1,-1.051,5.609,0.037,1.699,-0.849,0.539,-0.894,0.628,-0.848,0.638,2.56,1.5090000000000001,8.627
1780,2,-0.066,4.213,0.01,1.719,-0.791,0.523,-0.924,0.634,-0.848,0.638,3.19,3.124,8.6
1780,3,-0.866,2.667,-0.205,1.657,-0.756,0.492,-0.97,0.627,-0.832,0.637,5.29,4.424,8.385
1780,4,3.855,2.853,-0.117,1.533,-0.715,0.503,-0.966,0.612,-0.843,0.642,8.29,12.145,8.472999999999999
1780,5,2.698,4.555,-0.06,1.557,-0.719,0.506,-0.966,0.611,-0.838,0.637,11.28,13.978,8.53
1780,6,0.088,2.83,-0.037,1.993,-0.731,0.51,-0.94,0.599,-0.829,0.627,13.43,13.517999999999999,8.552999999999999
1780,7,0.808,1.638,0.014,1.667,-0.782,0.519,-0.935,0.602,-0.819,0.622,14.31,15.118,8.604
1780,8,-1.442,2.678,-0.082,1.566,-0.782,0.546,-0.929,0.602,-0.811,0.614,13.84,12.398,8.508
1780,9,-3.065,2.221,-0.083,1.685,-0.761,0.578,-0.928,0.612,-0.808,0.611,12.05,8.985000000000001,8.507
1780,10,0.437,1.568,-0.532,1.554,-0.781,0.581,-0.944,0.608,-0.808,0.611,9.2,9.636999999999999,8.058
1780,11,0.01,2.201,-0.781,1.358,-0.746,0.566,-0.956,0.591,-0.811,0.61,6.05,6.06,7.809
1780,12,-1.833,3.065,-0.936,1.417,-0.675,0.592,-0.951,0.585,-0.814,0.624,3.6,1.7670000000000001,7.654
1781,1,-0.433,4.561,-1.015,1.524,-0.689,0.592,-0.935,0.59,-0.818,0.627,2.56,2.1270000000000002,7.575
1781,2,-1.226,6.017,-0.855,1.599,-0.65,0.571,-0.949,0.592,-0.798,0.626,3.19,1.964,7.734999999999999
1781,3,-0.88,2.162,-0.751,1.658,-0.691,0.567,-0.929,0.586,-0.781,0.623,5.29,4.41,7.8389999999999995
1781,4,-1.53,2.283,-0.84,1.603,-0.677,0.592,-0.909,0.588,-0.767,0.62,8.29,6.759999999999999,7.75
1781,5,-0.294,1.943,-0.721,1.376,-0.688,0.576,-0.89,0.606,-0.762,0.614,11.28,10.985999999999999,7.869
1781,6,-1.765,2.466,-0.613,1.231,-0.663,0.592,-0.89,0.593,-0.763,0.612,13.43,11.665,7.977
1781,7,-0.137,2.549,-0.763,1.102,-0.626,0.632,-0.874,0.59,-0.763,0.61,14.31,14.173,7.827
1781,8,0.469,1.483,-0.873,0.982,-0.671,0.719,-0.869,0.595,-0.762,0.606,13.84,14.309,7.717
1781,9,-1.811,2.963,-1.015,1.061,-0.694,0.722,-0.844,0.614,-0.761,0.604,12.05,10.239,7.575
1781,10,-0.631,1.633,-0.88,1.068,-0.693,0.706,-0.834,0.624,-0.769,0.602,9.2,8.568999999999999,7.71
1781,11,1.439,3.214,-0.853,1.068,-0.745,0.674,-0.844,0.625,-0.76,0.601,6.05,7.489,7.737
1781,12,-0.539,3.058,-0.698,1.079,-0.715,0.688,-0.874,0.629,-0.754,0.599,3.6,3.061,7.8919999999999995
1782,1,-2.237,2.856,-0.731,1.127,-0.681,0.672,-0.887,0.627,-0.756,0.595,2.56,0.32299999999999995,7.859
1782,2,-2.541,3.408,-0.65,1.144,-0.638,0.638,-0.894,0.632,-0.742,0.591,3.19,0.649,7.9399999999999995
1782,3,-2.592,3.971,-0.468,1.274,-0.658,0.619,-0.885,0.618,-0.731,0.594,5.29,2.698,8.122
1782,4,0.089,1.938,-0.478,1.445,-0.672,0.635,-0.864,0.61,-0.731,0.594,8.29,8.379,8.112
1782,5,0.037,1.867,-0.726,1.463,-0.68,0.635,-0.853,0.622,-0.719,0.592,11.28,11.317,7.864
1782,6,0.095,1.444,-0.83,1.352,-0.654,0.705,-0.83,0.639,-0.709,0.589,13.43,13.525,7.76
1782,7,-0.528,1.594,-0.951,1.22,-0.645,0.724,-0.816,0.635,-0.707,0.587,14.31,13.782,7.639
1782,8,1.43,0.963,-0.639,1.117,-0.674,0.739,-0.802,0.634,-0.712,0.584,13.84,15.27,7.951
1782,9,0.376,2.066,-0.525,1.182,-0.735,0.759,-0.803,0.629,-0.702,0.584,12.05,12.426,8.065
1782,10,-0.744,4.168,-0.562,1.13,-0.827,0.693,-0.788,0.645,-0.707,0.583,9.2,8.456,8.028
1782,11,-1.541,3.428,-0.51,1.091,-0.895,0.713,-0.785,0.638,-0.718,0.586,6.05,4.509,8.08
1782,12,-1.786,2.881,-0.399,1.098,-0.877,0.734,-0.785,0.65,-0.726,0.584,3.6,1.814,8.190999999999999
1783,1,-3.686,3.169,-0.449,1.076,-0.888,0.752,-0.8,0.655,-0.716,0.58,2.56,-1.126,8.141
1783,2,1.203,2.949,-0.574,1.03,-0.854,0.752,-0.811,0.682,-0.7,0.585,3.19,4.393,8.016
1783,3,-1.232,2.137,-0.791,0.941,-0.828,0.763,-0.798,0.675,-0.694,0.584,5.29,4.058,7.7989999999999995
1783,4,-0.355,1.635,-0.85,0.922,-0.858,0.766,-0.806,0.663,-0.695,0.584,8.29,7.934999999999999,7.74
1783,5,0.666,1.784,-1.031,0.918,-0.858,0.803,-0.799,0.654,-0.7,0.583,11.28,11.946,7.559
1783,6,1.422,2.354,-0.98,0.918,-0.864,0.812,-0.772,0.662,-0.696,0.584,13.43,14.852,7.609999999999999
1783,7,-1.122,1.358,-0.713,1.436,-0.897,0.854,-0.751,0.676,-0.694,0.582,14.31,13.188,7.877
1783,8,-0.068,1.325,-0.999,1.702,-0.903,0.933,-0.726,0.676,-0.694,0.582,13.84,13.772,7.591
1783,9,-2.237,1.555,-1.014,1.826,-0.886,0.892,-0.73,0.676,-0.696,0.582,12.05,9.813,7.576
1783,10,-1.445,2.685,-1.006,2.031,-0.859,0.933,-0.709,0.675,-0.699,0.586,9.2,7.754999999999999,7.584
1783,11,-3.713,2.316,-1.215,1.731,-0.855,0.945,-0.68,0.671,-0.69,0.59,6.05,2.3369999999999997,7.375
1783,12,-1.172,3.423,-1.364,1.688,-0.826,0.973,-0.695,0.647,-0.702,0.59,3.6,2.428,7.226
1784,1,-0.492,4.73,-1.246,1.763,-0.81,0.989,-0.67,0.675,-0.68,0.587,2.56,2.068,7.343999999999999
1784,2,-2.227,4.77,-1.119,1.914,-0.804,1.042,-0.683,0.708,-0.682,0.585,3.19,0.9630000000000001,7.471
1784,3,-1.407,2.638,-1.074,1.783,-0.766,1.11,-0.694,0.697,-0.675,0.582,5.29,3.883,7.516
1784,4,-0.26,4.059,-1.078,1.766,-0.769,1.128,-0.7,0.684,-0.677,0.58,8.29,8.03,7.512
1784,5,-1.848,2.911,-0.86,1.574,-0.837,1.098,-0.711,0.686,-0.692,0.578,11.28,9.431999999999999,7.7299999999999995
1784,6,-0.358,1.769,-0.812,1.698,-0.887,1.11,-0.696,0.683,-0.703,0.58,13.43,13.072,7.778
1784,7,0.297,2.207,-0.814,1.613,-0.841,1.127,-0.676,0.682,-0.716,0.584,14.31,14.607000000000001,7.776
1784,8,1.449,3.397,-0.776,1.592,-0.807,1.138,-0.667,0.672,-0.716,0.584,13.84,15.289,7.814
1784,9,-1.693,1.457,-1.039,1.616,-0.772,1.101,-0.663,0.67,-0.707,0.58,12.05,10.357000000000001,7.551
1784,10,-1.497,2.381,-1.152,1.336,-0.791,1.093,-0.667,0.68,-0.702,0.579,9.2,7.702999999999999,7.438
1784,11,-1.101,2.254,-1.115,1.628,-0.79,1.109,-0.66,0.688,-0.687,0.573,6.05,4.949,7.475
1784,12,-0.59,4.5,-0.989,1.683,-0.779,1.138,-0.64,0.704,-0.672,0.576,3.6,3.0100000000000002,7.601
1785,1,-0.521,5.249,-1.001,1.71,-0.783,1.125,-0.629,0.706,-0.671,0.573,2.56,2.039,7.589
1785,2,-1.762,4.284,-1.072,1.637,-0.813,1.13,-0.628,0.708,-0.672,0.573,3.19,1.428,7.518
1785,3,-4.573,2.986,-1.058,1.843,-0.85,1.12,-0.627,0.706,-0.673,0.573,5.29,0.7169999999999996,7.532
1785,4,-1.612,1.558,-1.043,1.743,-0.861,1.099,-0.673,0.686,-0.66,0.57,8.29,6.677999999999999,7.547
1785,5,-1.402,2.187,-0.952,2.015,-0.851,1.046,-0.703,0.684,-0.65,0.568,11.28,9.878,7.638
1785,6,1.15,2.437,-1.084,1.706,-0.839,1.079,-0.704,0.675,-0.645,0.564,13.43,14.58,7.506
1785,7,0.156,2.023,-1.245,1.373,-0.818,1.168,-0.719,0.672,-0.642,0.562,14.31,14.466000000000001,7.345
1785,8,0.6,1.321,-1.23,1.219,-0.84,1.233,-0.712,0.661,-0.641,0.562,13.84,14.44,7.359999999999999
1785,9,-1.528,2.375,-0.837,0.945,-0.835,1.209,-0.694,0.657,-0.64,0.563,12.05,10.522,7.753
1785,10,-1.317,1.64,-0.697,0.977,-0.831,1.181,-0.702,0.658,-0.647,0.559,9.2,7.882999999999999,7.893
1785,11,-0.005,2.67,-0.584,0.943,-0.853,1.156,-0.71,0.669,-0.655,0.548,6.05,6.045,8.006
1785,12,-2.173,2.141,-0.68,0.887,-0.868,1.152,-0.695,0.705,-0.641,0.548,3.6,1.427,7.91
1786,1,-2.463,3.078,-0.624,0.84,-0.813,1.188,-0.685,0.737,-0.618,0.552,2.56,0.09699999999999998,7.966
1786,2,-1.58,2.783,-0.607,0.938,-0.803,1.219,-0.675,0.781,-0.617,0.548,3.19,1.6099999999999999,7.983
1786,3,0.149,2.924,-0.437,1.046,-0.769,1.212,-0.667,0.782,-0.616,0.545,5.29,5.439,8.153
1786,4,0.07,1.752,-0.394,1.134,-0.741,1.189,-0.653,0.803,-0.608,0.541,8.29,8.36,8.196
1786,5,-0.05,1.479,-0.614,1.066,-0.673,1.184,-0.658,0.804,-0.599,0.541,11.28,11.229999999999999,7.976
1786,6,-0.004,1.758,-0.73,1.245,-0.727,1.087,-0.645,0.819,-0.594,0.536,13.43,13.426,7.859999999999999
1786,7,0.826,1.071,-0.481,1.404,-0.715,1.039,-0.652,0.828,-0.59,0.535,14.31,15.136000000000001,8.109
1786,8,0.802,2.87,-0.393,1.513,-0.695,1.037,-0.657,0.836,-0.588,0.532,13.84,14.642,8.197
1786,9,0.519,4.045,-0.443,1.578,-0.694,0.991,-0.649,0.841,-0.579,0.529,12.05,12.569,8.147
1786,10,-0.805,3.148,-0.539,1.47,-0.708,0.939,-0.654,0.834,-0.57,0.527,9.2,8.395,8.051
1786,11,-2.646,2.022,-0.526,1.551,-0.678,0.999,-0.664,0.817,-0.567,0.523,6.05,3.404,8.064
1786,12,-3.562,3.104,-0.462,1.693,-0.678,0.989,-0.66,0.813,-0.577,0.517,3.6,0.038000000000000256,8.128
1787,1,0.518,3.698,-0.594,1.659,-0.67,0.982,-0.66,0.798,-0.576,0.513,2.56,3.0780000000000003,7.9959999999999996
1787,2,-0.513,3.553,-0.692,1.493,-0.696,0.943,-0.636,0.795,-0.566,0.513,3.19,2.677,7.898
1787,3,-0.454,2.959,-0.892,1.265,-0.669,0.966,-0.619,0.792,-0.563,0.509,5.29,4.836,7.6979999999999995
1787,4,-1.08,1.319,-0.938,1.336,-0.661,0.955,-0.623,0.796,-0.553,0.505,8.29,7.209999999999999,7.652
1787,5,0.098,3.025,-0.796,1.311,-0.641,0.987,-0.62,0.793,-0.551,0.502,11.28,11.378,7.794
1787,6,0.769,2.427,-0.588,1.234,-0.626,0.936,-0.614,0.794,-0.54,0.502,13.43,14.199,8.002
1787,7,-0.758,1.386,-0.835,1.168,-0.612,0.857,-0.608,0.792,-0.533,0.499,14.31,13.552,7.755
1787,8,-0.376,0.977,-0.802,1.325,-0.583,0.826,-0.631,0.791,-0.525,0.495,13.84,13.464,7.788
1787,9,-1.874,1.447,-0.84,1.337,-0.518,0.797,-0.633,0.789,-0.519,0.494,12.05,10.176,7.75
1787,10,-1.362,2.691,-0.762,1.411,-0.519,0.8,-0.638,0.764,-0.507,0.494,9.2,7.837999999999999,7.827999999999999
1787,11,-0.936,2.425,-0.823,1.201,-0.512,0.77,-0.633,0.754,-0.507,0.492,6.05,5.114,7.7669999999999995
1787,12,-1.076,2.229,-0.845,1.1,-0.531,0.739,-0.619,0.763,-0.503,0.495,3.6,2.524,7.745
1788,1,-2.444,3.548,-0.601,1.141,-0.551,0.718,-0.599,0.817,-0.498,0.502,2.56,0.1160000000000001,7.989
1788,2,-0.112,4.827,-0.524,1.147,-0.571,0.694,-0.596,0.826,-0.503,0.502,3.19,3.078,8.065999999999999
1788,3,-0.917,3.568,-0.386,1.132,-0.559,0.663,-0.585,0.829,-0.488,0.501,5.29,4.373,8.204
1788,4,-0.145,2.28,-0.251,0.994,-0.547,0.666,-0.578,0.826,-0.493,0.502,8.29,8.145,8.339
1788,5,-0.623,1.233,-0.145,0.977,-0.562,0.65,-0.585,0.817,-0.488,0.506,11.28,10.657,8.445
1788,6,0.497,0.989,-0.419,0.759,-0.526,0.717,-0.597,0.817,-0.477,0.506,13.43,13.927,8.171
1788,7,2.177,2.468,-0.196,0.847,-0.473,0.724,-0.586,0.818,-0.473,0.508,14.31,16.487000000000002,8.394
1788,8,0.543,2.362,-0.277,0.786,-0.447,0.729,-0.591,0.827,-0.458,0.507,13.84,14.383,8.313
1788,9,-0.218,1.3,-0.309,0.828,-0.449,0.764,-0.577,0.82,-0.462,0.508,12.05,11.832,8.281
1788,10,0.257,1.672,-0.391,0.908,-0.447,0.759,-0.572,0.814,-0.455,0.505,9.2,9.456999999999999,8.199
1788,11,0.336,1.889,-0.341,0.97,-0.46,0.747,-0.544,0.816,-0.442,0.5,6.05,6.386,8.249
1788,12,-4.365,4.71,-0.412,0.918,-0.464,0.75,-0.547,0.805,-0.436,0.496,3.6,-0.7650000000000001,8.177999999999999
1789,1,0.229,3.441,-0.533,0.826,-0.494,0.749,-0.533,0.768,-0.427,0.498,2.56,2.789,8.057
1789,2,-1.076,3.7,-0.585,0.699,-0.51,0.713,-0.515,0.745,-0.438,0.496,3.19,2.114,8.004999999999999
1789,3,-1.308,2.58,-0.572,0.734,-0.532,0.664,-0.495,0.735,-0.446,0.496,5.29,3.982,8.018
1789,4,-1.12,1.329,-0.681,0.704,-0.539,0.644,-0.488,0.719,-0.444,0.491,8.29,7.169999999999999,7.909
1789,5,-0.033,1.951,-0.696,0.708,-0.492,0.641,-0.462,0.742,-0.45,0.489,11.28,11.247,7.894
1789,6,-0.352,1.233,-0.308,0.972,-0.433,0.622,-0.468,0.737,-0.44,0.489,13.43,13.078,8.282
1789,7,0.73,1.627,-0.3,0.784,-0.48,0.581,-0.483,0.733,-0.433,0.487,14.31,15.040000000000001,8.29
1789,8,-0.087,1.119,-0.215,0.685,-0.464,0.563,-0.498,0.719,-0.429,0.484,13.84,13.753,8.375
1789,9,-0.057,1.258,-0.161,0.78,-0.466,0.588,-0.481,0.719,-0.428,0.483,12.05,11.993,8.429
1789,10,-1.053,2.283,-0.208,0.806,-0.455,0.602,-0.469,0.707,-0.424,0.483,9.2,8.146999999999998,8.382
1789,11,0.152,2.003,-0.284,0.736,-0.449,0.567,-0.461,0.722,-0.421,0.484,6.05,6.202,8.306
1789,12,0.292,1.93,-0.254,0.716,-0.449,0.536,-0.458,0.703,-0.419,0.486,3.6,3.892,8.336
1790,1,0.328,2.211,-0.402,0.719,-0.432,0.538,-0.449,0.673,-0.418,0.49,2.56,2.888,8.188
1790,2,-0.056,2.728,-0.446,0.729,-0.449,0.528,-0.421,0.658,-0.421,0.489,3.19,3.134,8.144
1790,3,-0.657,1.681,-0.509,0.788,-0.416,0.531,-0.376,0.654,-0.421,0.484,5.29,4.633,8.081
1790,4,-1.688,2.359,-0.471,0.774,-0.414,0.507,-0.353,0.658,-0.434,0.475,8.29,6.601999999999999,8.119
1790,5,-0.943,1.341,-0.561,0.753,-0.415,0.534,-0.335,0.646,-0.448,0.479,11.28,10.337,8.029
1790,6,0.008,1.444,-0.584,0.723,-0.4,0.522,-0.35,0.633,-0.449,0.48,13.43,13.437999999999999,8.006
1790,7,-1.045,0.855,-0.55,0.737,-0.379,0.541,-0.348,0.625,-0.455,0.479,14.31,13.265,8.04
1790,8,-0.618,1.105,-0.548,0.686,-0.352,0.503,-0.353,0.622,-0.45,0.478,13.84,13.222,8.042
1790,9,-0.815,1.256,-0.491,0.726,-0.335,0.533,-0.353,0.611,-0.442,0.474,12.05,11.235000000000001,8.099
1790,10,-0.59,1.264,-0.337,0.77,-0.325,0.555,-0.351,0.606,-0.443,0.472,9.2,8.61,8.253
1790,11,-0.938,1.588,-0.325,0.818,-0.317,0.565,-0.353,0.587,-0.443,0.474,6.05,5.112,8.265
1790,12,0.025,4.576,-0.347,0.874,-0.326,0.573,-0.332,0.593,-0.435,0.48,3.6,3.625,8.243
1791,1,0.735,3.032,-0.34,0.902,-0.36,0.547,-0.301,0.592,-0.429,0.489,2.56,3.295,8.25
1791,2,-0.029,2.165,-0.303,0.953,-0.379,0.535,-0.284,0.587,-0.422,0.505,3.19,3.161,8.286999999999999
1791,3,0.021,1.795,-0.304,0.974,-0.385,0.531,-0.302,0.598,-0.412,0.503,5.29,5.311,8.286
1791,4,0.164,1.394,-0.355,0.955,-0.403,0.543,-0.308,0.59,-0.409,0.509,8.29,8.453999999999999,8.235
1791,5,-0.803,1.08,-0.262,0.964,-0.415,0.556,-0.307,0.581,-0.403,0.509,11.28,10.476999999999999,8.328
1791,6,-0.254,1.226,-0.265,0.775,-0.368,0.627,-0.299,0.579,-0.397,0.515,13.43,13.176,8.325
1791,7,-0.965,1.111,-0.518,0.745,-0.352,0.603,-0.307,0.582,-0.396,0.518,14.31,13.345,8.072
1791,8,-0.169,0.828,-0.478,0.811,-0.335,0.577,-0.307,0.564,-0.403,0.521,13.84,13.671,8.112
1791,9,-0.828,0.974,-0.528,0.821,-0.296,0.61,-0.313,0.538,-0.396,0.521,12.05,11.222000000000001,8.062
1791,10,-1.207,1.163,-0.575,0.82,-0.268,0.623,-0.307,0.524,-0.389,0.515,9.2,7.992999999999999,8.015
1791,11,0.185,2.055,-0.474,0.812,-0.247,0.609,-0.29,0.517,-0.396,0.508,6.05,6.234999999999999,8.116
1791,12,-0.008,2.232,-0.386,0.822,-0.259,0.609,-0.28,0.498,-0.389,0.498,3.6,3.592,8.204
1792,1,-2.31,3.94,-0.287,0.798,-0.295,0.605,-0.265,0.481,-0.374,0.495,2.56,0.25,8.302999999999999
1792,2,0.457,3.082,-0.389,0.753,-0.3,0.605,-0.237,0.476,-0.358,0.491,3.19,3.647,8.201
1792,3,-0.586,2.029,-0.308,0.741,-0.293,0.582,-0.24,0.475,-0.342,0.486,5.29,4.704,8.282
1792,4,-0.4,1.338,-0.314,0.745,-0.277,0.575,-0.241,0.478,-0.339,0.487,8.29,7.889999999999999,8.276
1792,5,0.415,1.236,-0.41,0.782,-0.281,0.582,-0.249,0.462,-0.344,0.483,11.28,11.694999999999999,8.18
1792,6,0.798,0.955,-0.424,0.757,-0.29,0.592,-0.251,0.451,-0.344,0.482,13.43,14.228,8.166
1792,7,0.223,1.708,-0.332,0.836,-0.286,0.604,-0.251,0.45,-0.342,0.479,14.31,14.533000000000001,8.258
1792,8,-1.386,1.564,-0.245,0.848,-0.259,0.599,-0.248,0.445,-0.35,0.481,13.84,12.454,8.345
1792,9,0.14,1.35,-0.188,0.819,-0.234,0.619,-0.234,0.446,-0.352,0.478,12.05,12.190000000000001,8.402
1792,10,-1.286,1.271,-0.114,0.84,-0.186,0.633,-0.226,0.439,-0.348,0.468,9.2,7.914,8.475999999999999
1792,11,-0.956,2.657,-0.16,0.834,-0.158,0.642,-0.229,0.439,-0.346,0.458,6.05,5.093999999999999,8.43
1792,12,-0.179,2.102,-0.232,0.891,-0.169,0.638,-0.221,0.437,-0.34,0.461,3.6,3.4210000000000003,8.358
1793,1,-1.215,2.756,-0.238,0.898,-0.146,0.642,-0.196,0.45,-0.331,0.48,2.56,1.345,8.352
1793,2,1.505,2.984,-0.17,0.958,-0.136,0.659,-0.195,0.437,-0.34,0.478,3.19,4.695,8.42
1793,3,0.098,1.911,-0.234,0.866,-0.148,0.672,-0.178,0.444,-0.336,0.481,5.29,5.388,8.356
1793,4,0.494,1.58,-0.193,0.932,-0.155,0.659,-0.179,0.455,-0.331,0.478,8.29,8.783999999999999,8.397
1793,5,-0.141,1.277,-0.148,1.027,-0.144,0.641,-0.176,0.467,-0.332,0.474,11.28,11.139,8.442
1793,6,-0.067,1.613,-0.259,1.124,-0.138,0.607,-0.182,0.463,-0.337,0.47,13.43,13.363,8.331
1793,7,0.156,2.111,-0.059,1.277,-0.129,0.601,-0.196,0.455,-0.331,0.469,14.31,14.466000000000001,8.531
1793,8,-0.575,1.853,-0.189,1.356,-0.121,0.593,-0.191,0.458,-0.328,0.47,13.84,13.265,8.401
1793,9,-0.627,1.648,-0.112,1.374,-0.156,0.584,-0.194,0.46,-0.318,0.465,12.05,11.423,8.478
1793,10,-0.794,1.861,-0.108,1.42,-0.169,0.576,-0.201,0.452,-0.309,0.459,9.2,8.405999999999999,8.482
1793,11,-0.418,3.509,0.009,1.416,-0.155,0.58,-0.203,0.437,-0.294,0.453,6.05,5.632,8.599
1793,12,-1.513,2.43,-0.076,1.363,-0.133,0.566,-0.178,0.454,-0.292,0.444,3.6,2.087,8.514
1794,1,1.186,2.753,-0.207,1.307,-0.12,0.571,-0.183,0.433,-0.292,0.427,2.56,3.746,8.383
1794,2,-0.054,3.764,-0.191,1.187,-0.104,0.561,-0.193,0.412,-0.288,0.419,3.19,3.136,8.399
1794,3,1.022,1.924,-0.111,1.201,-0.093,0.548,-0.199,0.421,-0.287,0.411,5.29,6.312,8.479
1794,4,0.544,1.841,-0.05,1.151,-0.074,0.542,-0.188,0.418,-0.281,0.398,8.29,8.834,8.54
1794,5,1.26,1.306,-0.022,1.011,-0.087,0.538,-0.189,0.408,-0.27,0.407,11.28,12.54,8.568
1794,6,-1.086,1.712,0.082,1.022,-0.127,0.513,-0.184,0.409,-0.268,0.404,13.43,12.344,8.672
1794,7,-1.414,1.666,0.03,0.914,-0.051,0.519,-0.19,0.401,-0.264,0.399,14.31,12.896,8.62
1794,8,-0.387,0.991,0.163,0.757,-0.01,0.556,-0.191,0.4,-0.269,0.392,13.84,13.453,8.753
1794,9,0.334,1.346,0.149,0.798,-0.013,0.567,-0.192,0.4,-0.262,0.396,12.05,12.384,8.738999999999999
1794,10,-0.058,1.248,0.203,0.749,-0.028,0.591,-0.182,0.396,-0.256,0.39,9.2,9.142,8.793
1794,11,-0.077,1.869,0.159,0.744,-0.049,0.607,-0.182,0.396,-0.248,0.391,6.05,5.973,8.749
1794,12,-0.263,2.3,0.199,0.715,-0.053,0.619,-0.199,0.396,-0.25,0.378,3.6,3.337,8.789
1795,1,0.558,2.344,0.345,0.719,-0.07,0.608,-0.207,0.4,-0.247,0.361,2.56,3.1180000000000003,8.935
1795,2,1.539,3.551,0.374,0.791,-0.047,0.603,-0.213,0.397,-0.242,0.353,3.19,4.729,8.964
1795,3,0.86,2.565,0.218,0.874,-0.053,0.609,-0.216,0.392,-0.221,0.348,5.29,6.15,8.808
1795,4,1.187,1.535,0.14,0.821,-0.038,0.62,-0.195,0.396,-0.215,0.347,8.29,9.476999999999999,8.73
1795,5,0.736,1.967,0.122,0.741,-0.044,0.609,-0.193,0.4,-0.209,0.343,11.28,12.016,8.712
1795,6,-0.612,1.513,0.175,0.778,-0.042,0.621,-0.194,0.403,-0.212,0.337,13.43,12.818,8.765
1795,7,0.336,0.87,0.233,0.79,-0.013,0.652,-0.19,0.401,-0.212,0.333,14.31,14.646,8.823
1795,8,-0.041,1.779,0.143,0.877,-0.038,0.66,-0.187,0.401,-0.209,0.33,13.84,13.799,8.733
1795,9,-1.527,1.189,-0.099,0.84,-0.02,0.645,-0.189,0.406,-0.204,0.326,12.05,10.523000000000001,8.491
1795,10,-0.999,1.569,-0.248,0.841,-0.034,0.642,-0.184,0.4,-0.206,0.323,9.2,8.200999999999999,8.342
1795,11,-0.292,2.329,-0.309,0.79,-0.035,0.654,-0.176,0.395,-0.212,0.312,6.05,5.758,8.281
1795,12,0.376,2.43,-0.171,0.781,-0.038,0.638,-0.176,0.385,-0.2,0.317,3.6,3.976,8.419
1796,1,1.251,2.331,-0.211,0.857,-0.031,0.616,-0.174,0.375,-0.188,0.315,2.56,3.811,8.379
1796,2,0.461,2.272,-0.143,0.875,-0.003,0.625,-0.169,0.37,-0.182,0.313,3.19,3.651,8.447
1796,3,-2.044,1.861,-0.031,0.834,-0.004,0.647,-0.157,0.369,-0.185,0.315,5.29,3.246,8.559
1796,4,-0.61,1.412,0.046,0.85,0.0,0.627,-0.165,0.367,-0.186,0.311,8.29,7.679999999999999,8.636
1796,5,0.007,1.057,0.022,0.805,0.009,0.553,-0.148,0.376,-0.184,0.308,11.28,11.286999999999999,8.612
1796,6,1.043,1.258,-0.21,0.828,0.011,0.526,-0.149,0.374,-0.189,0.306,13.43,14.472999999999999,8.379999999999999
1796,7,-0.138,1.583,-0.125,0.897,-0.014,0.49,-0.14,0.367,-0.194,0.302,14.31,14.172,8.465
1796,8,0.769,1.562,0.08,0.736,-0.051,0.432,-0.148,0.364,-0.194,0.294,13.84,14.609,8.67
1796,9,-0.173,1.437,0.182,0.696,-0.101,0.426,-0.144,0.362,-0.195,0.288,12.05,11.877,8.772
1796,10,-0.076,1.502,0.128,0.688,-0.109,0.427,-0.124,0.365,-0.195,0.281,9.2,9.123999999999999,8.718
1796,11,-0.59,1.967,0.056,0.749,-0.131,0.424,-0.128,0.374,-0.187,0.28,6.05,5.46,8.645999999999999
1796,12,-2.402,1.624,0.014,0.782,-0.109,0.425,-0.119,0.352,-0.17,0.275,3.6,1.198,8.604
1797,1,2.267,3.651,-0.037,0.793,-0.085,0.421,-0.087,0.368,-0.179,0.273,2.56,4.827,8.552999999999999
1797,2,2.924,3.626,-0.104,0.916,-0.083,0.426,-0.08,0.382,-0.176,0.27,3.19,6.114,8.486
1797,3,-0.814,2.489,-0.105,1.02,-0.092,0.438,-0.064,0.383,-0.177,0.267,5.29,4.476,8.485
1797,4,-1.259,2.88,-0.132,1.087,-0.087,0.438,-0.056,0.386,-0.178,0.266,8.29,7.030999999999999,8.458
1797,5,-0.86,2.954,-0.193,1.151,-0.083,0.43,-0.069,0.383,-0.188,0.263,11.28,10.42,8.397
1797,6,0.534,1.579,0.004,1.159,-0.108,0.44,-0.074,0.378,-0.192,0.258,13.43,13.964,8.594
1797,7,-0.751,1.508,-0.144,1.45,-0.128,0.442,-0.077,0.37,-0.189,0.257,14.31,13.559000000000001,8.446
1797,8,-0.036,1.653,-0.386,1.338,-0.166,0.453,-0.069,0.369,-0.19,0.256,13.84,13.804,8.204
1797,9,-0.186,1.828,-0.221,1.134,-0.197,0.444,-0.071,0.368,-0.18,0.252,12.05,11.864,8.369
1797,10,-0.397,1.374,-0.145,0.972,-0.204,0.442,-0.059,0.374,-0.176,0.248,9.2,8.802999999999999,8.445
1797,11,-1.317,1.321,-0.092,0.936,-0.228,0.437,-0.058,0.363,-0.171,0.248,6.05,4.733,8.498
1797,12,-0.047,1.907,-0.154,0.878,-0.219,0.436,-0.061,0.366,-0.163,0.245,3.6,3.553,8.436
1798,1,0.494,2.391,-0.046,0.868,-0.234,0.433,-0.063,0.368,-0.159,0.244,2.56,3.0540000000000003,8.544
1798,2,0.024,2.537,0.053,0.958,-0.238,0.442,-0.084,0.358,-0.163,0.238,3.19,3.214,8.643
1798,3,1.162,1.75,0.011,0.901,-0.231,0.44,-0.087,0.365,-0.164,0.237,5.29,6.452,8.600999999999999
1798,4,-0.347,1.389,-0.002,0.837,-0.213,0.437,-0.084,0.363,-0.168,0.239,8.29,7.943,8.588
1798,5,-0.225,2.111,0.117,0.722,-0.209,0.411,-0.08,0.359,-0.173,0.237,11.28,11.055,8.707
1798,6,-0.211,1.49,0.004,0.641,-0.214,0.404,-0.077,0.352,-0.176,0.233,13.43,13.219,8.594
1798,7,0.543,1.043,-0.066,0.592,-0.218,0.395,-0.076,0.341,-0.184,0.225,14.31,14.853,8.524
1798,8,1.152,2.459,-0.257,0.622,-0.218,0.376,-0.065,0.332,-0.19,0.22,13.84,14.991999999999999,8.333
1798,9,-0.688,1.317,-0.518,0.591,-0.159,0.385,-0.059,0.338,-0.191,0.222,12.05,11.362,8.072
1798,10,-0.549,1.423,-0.481,0.568,-0.16,0.378,-0.046,0.336,-0.195,0.219,9.2,8.651,8.109
1798,11,0.107,2.783,-0.467,0.573,-0.142,0.386,-0.044,0.314,-0.203,0.216,6.05,6.157,8.123
1798,12,-1.399,2.164,-0.433,0.54,-0.165,0.378,-0.038,0.309,-0.194,0.222,3.6,2.201,8.157
1799,1,-0.342,2.255,-0.475,0.581,-0.16,0.361,-0.051,0.313,-0.205,0.217,2.56,2.218,8.115
1799,2,-2.275,2.727,-0.594,0.657,-0.192,0.359,-0.062,0.302,-0.21,0.218,3.19,0.915,7.9959999999999996
1799,3,-1.963,1.58,-0.551,0.713,-0.194,0.368,-0.079,0.287,-0.213,0.221,5.29,3.327,8.039
1799,4,0.099,1.175,-0.488,0.762,-0.174,0.377,-0.073,0.286,-0.21,0.22,8.29,8.389,8.102
1799,5,-0.066,0.995,-0.484,0.724,-0.168,0.392,-0.078,0.291,-0.217,0.218,11.28,11.213999999999999,8.106
1799,6,0.209,1.563,-0.512,0.739,-0.111,0.376,-0.068,0.288,-0.218,0.218,13.43,13.639,8.078
1799,7,0.036,1.737,-0.54,0.712,-0.123,0.403,-0.045,0.285,-0.228,0.215,14.31,14.346,8.05
1799,8,-0.274,0.911,-0.411,0.816,-0.15,0.38,-0.041,0.289,-0.231,0.214,13.84,13.565999999999999,8.179
1799,9,-0.175,1.55,-0.332,0.693,-0.115,0.364,-0.042,0.298,-0.236,0.213,12.05,11.875,8.258
1799,10,0.206,1.25,-0.272,0.738,-0.084,0.348,-0.044,0.299,-0.235,0.223,9.2,9.405999999999999,8.318
1799,11,0.158,1.564,-0.328,0.754,-0.089,0.334,-0.036,0.283,-0.248,0.225,6.05,6.208,8.262
1799,12,-1.743,1.647,-0.35,0.675,-0.095,0.318,-0.043,0.28,-0.254,0.228,3.6,1.857,8.24
1800,1,-0.675,1.805,-0.403,0.595,-0.085,0.314,-0.045,0.282,-0.263,0.232,2.56,1.885,8.187
1800,2,-0.725,3.176,-0.403,0.601,-0.091,0.313,-0.063,0.291,-0.267,0.239,3.19,2.465,8.187
1800,3,-1.009,2.104,-0.479,0.53,-0.089,0.307,-0.065,0.302,-0.265,0.238,5.29,4.281000000000001,8.111
1800,4,0.817,1.332,-0.487,0.526,-0.081,0.308,-0.076,0.301,-0.264,0.24,8.29,9.107,8.103
1800,5,-0.737,1.435,-0.506,0.473,-0.073,0.304,-0.084,0.301,-0.268,0.241,11.28,10.543,8.084
1800,6,-0.067,1.249,-0.354,0.484,-0.081,0.305,-0.074,0.298,-0.276,0.239,13.43,13.363,8.236
1800,7,-0.595,0.884,-0.215,0.503,-0.112,0.307,-0.075,0.303,-0.279,0.24,14.31,13.715,8.375
1800,8,-0.268,0.895,-0.113,0.486,-0.131,0.31,-0.065,0.312,-0.283,0.239,13.84,13.572,8.477
1800,9,-1.099,1.041,0.092,0.504,-0.154,0.326,-0.054,0.32,-0.29,0.239,12.05,10.951,8.682
1800,10,0.11,1.294,-0.033,0.516,-0.134,0.331,-0.061,0.318,-0.296,0.24,9.2,9.309999999999999,8.557
1800,11,-0.07,1.668,0.122,0.516,-0.125,0.324,-0.072,0.306,-0.301,0.241,6.05,5.9799999999999995,8.712
1800,12,0.085,1.948,0.098,0.516,-0.117,0.315,-0.068,0.306,-0.305,0.252,3.6,3.685,8.688
1801,1,0.997,1.963,0.16,0.499,-0.121,0.311,-0.074,0.306,-0.315,0.255,2.56,3.557,8.75
1801,2,0.492,2.233,0.086,0.502,-0.128,0.312,-0.08,0.304,-0.327,0.259,3.19,3.682,8.676
1801,3,1.448,1.404,0.153,0.508,-0.114,0.321,-0.067,0.304,-0.333,0.265,5.29,6.7379999999999995,8.743
1801,4,-0.681,1.129,0.239,0.592,-0.092,0.323,-0.064,0.297,-0.342,0.266,8.29,7.608999999999999,8.829
1801,5,1.125,1.793,0.226,0.528,-0.097,0.324,-0.061,0.295,-0.345,0.268,11.28,12.405,8.816
1801,6,-0.35,1.639,0.306,0.549,-0.086,0.331,-0.078,0.301,-0.348,0.267,13.43,13.08,8.895999999999999
1801,7,0.145,1.365,0.351,0.562,-0.087,0.334,-0.081,0.301,-0.352,0.267,14.31,14.455,8.940999999999999
1801,8,-1.154,0.859,0.416,0.583,-0.072,0.341,-0.082,0.304,-0.353,0.268,13.84,12.686,9.006
1801,9,-0.293,1.105,0.404,0.665,-0.057,0.341,-0.077,0.315,-0.357,0.269,12.05,11.757000000000001,8.994
1801,10,1.143,1.928,0.509,0.759,-0.038,0.338,-0.083,0.32,-0.361,0.271,9.2,10.343,9.099
1801,11,-0.23,1.339,0.323,0.849,-0.026,0.34,-0.085,0.328,-0.372,0.275,6.05,5.819999999999999,8.913
1801,12,1.045,2.818,0.362,0.719,-0.027,0.352,-0.061,0.328,-0.372,0.275,3.6,4.645,8.952
1802,1,1.542,1.975,0.341,0.741,-0.006,0.365,-0.093,0.347,-0.368,0.277,2.56,4.102,8.931
1802,2,1.269,2.799,0.401,0.716,0.002,0.37,-0.116,0.34,-0.383,0.282,3.19,4.459,8.991
1802,3,1.299,2.517,0.422,0.755,0.007,0.386,-0.115,0.333,-0.393,0.285,5.29,6.589,9.012
1802,4,0.58,2.186,0.334,0.647,-0.001,0.394,-0.116,0.325,-0.397,0.287,8.29,8.87,8.924
1802,5,-1.109,1.041,0.282,0.621,0.011,0.394,-0.127,0.319,-0.406,0.286,11.28,10.171,8.872
1802,6,0.124,1.387,0.151,0.679,0.023,0.403,-0.133,0.316,-0.416,0.288,13.43,13.554,8.741
1802,7,-0.107,1.011,-0.093,0.694,0.038,0.404,-0.128,0.311,-0.417,0.286,14.31,14.203000000000001,8.497
1802,8,-0.432,1.417,-0.288,0.621,0.041,0.424,-0.131,0.307,-0.406,0.283,13.84,13.408,8.302
1802,9,-0.042,1.675,-0.415,0.665,0.067,0.408,-0.126,0.302,-0.413,0.283,12.05,12.008000000000001,8.175
1802,10,0.086,1.452,-0.391,0.582,0.051,0.405,-0.125,0.303,-0.414,0.287,9.2,9.286,8.199
1802,11,-0.856,1.85,-0.274,0.534,0.061,0.411,-0.113,0.303,-0.416,0.29,6.05,5.194,8.315999999999999
1802,12,-0.522,1.471,-0.261,0.578,0.071,0.408,-0.106,0.308,-0.424,0.29,3.6,3.0780000000000003,8.329
1803,1,-1.392,1.849,-0.231,0.556,0.084,0.406,-0.123,0.317,-0.436,0.287,2.56,1.1680000000000001,8.359
1803,2,-1.074,2.534,-0.131,0.523,0.109,0.408,-0.132,0.321,-0.446,0.293,3.19,2.1159999999999997,8.459
1803,3,-0.222,3.404,-0.113,0.515,0.123,0.406,-0.151,0.33,-0.459,0.298,5.29,5.068,8.477
1803,4,0.866,1.09,-0.058,0.558,0.092,0.412,-0.156,0.338,-0.462,0.301,8.29,9.155999999999999,8.532
1803,5,0.293,1.676,-0.004,0.578,0.066,0.413,-0.17,0.349,-0.461,0.299,11.28,11.572999999999999,8.586
1803,6,0.291,0.668,-0.023,0.684,0.078,0.423,-0.17,0.354,-0.463,0.298,13.43,13.721,8.567
1803,7,0.252,1.171,0.06,0.673,0.069,0.418,-0.173,0.363,-0.464,0.296,14.31,14.562000000000001,8.65
1803,8,0.763,1.07,0.038,0.684,0.058,0.41,-0.19,0.372,-0.465,0.298,13.84,14.603,8.628
1803,9,0.172,1.132,-0.035,0.621,0.025,0.405,-0.187,0.377,-0.462,0.3,12.05,12.222000000000001,8.555
1803,10,0.745,1.991,-0.002,0.618,0.032,0.399,-0.19,0.383,-0.461,0.302,9.2,9.944999999999999,8.588
1803,11,-0.21,1.54,0.028,0.629,0.02,0.404,-0.204,0.388,-0.457,0.308,6.05,5.84,8.618
1803,12,-0.742,2.453,0.016,0.671,0.008,0.4,-0.21,0.387,-0.456,0.313,3.6,2.858,8.606
1804,1,-0.397,3.081,0.105,0.708,-0.002,0.414,-0.227,0.391,-0.465,0.314,2.56,2.1630000000000003,8.695
1804,2,-1.335,2.173,0.054,0.764,0.029,0.412,-0.227,0.396,-0.471,0.318,3.19,1.855,8.644
1804,3,-1.105,3.22,0.051,0.788,0.04,0.414,-0.227,0.397,-0.487,0.319,5.29,4.1850000000000005,8.641
1804,4,1.269,1.36,-0.03,0.699,0.008,0.403,-0.231,0.401,-0.494,0.323,8.29,9.559,8.56
1804,5,0.646,2.09,0.058,0.655,-0.002,0.418,-0.246,0.404,-0.507,0.322,11.28,11.926,8.648
1804,6,0.152,1.393,0.033,0.619,-0.011,0.422,-0.252,0.409,-0.506,0.321,13.43,13.581999999999999,8.623
1804,7,1.317,1.32,0.085,0.584,-0.064,0.435,-0.267,0.42,-0.508,0.322,14.31,15.627,8.675
1804,8,0.151,1.747,0.153,0.607,-0.082,0.419,-0.272,0.428,-0.511,0.323,13.84,13.991,8.743
1804,9,0.138,2.248,0.291,0.538,-0.115,0.413,-0.279,0.439,-0.519,0.322,12.05,12.188,8.881
1804,10,-0.233,1.155,0.171,0.522,-0.147,0.411,-0.287,0.444,-0.525,0.326,9.2,8.966999999999999,8.761
1804,11,0.856,2.833,0.107,0.523,-0.165,0.41,-0.313,0.457,-0.522,0.334,6.05,6.906,8.697
1804,12,-1.051,1.97,0.138,0.539,-0.17,0.425,-0.309,0.46,-0.51,0.345,3.6,2.5490000000000004,8.728
1805,1,0.235,2.258,0.047,0.517,-0.171,0.426,-0.32,0.459,-0.516,0.349,2.56,2.795,8.637
1805,2,-0.525,2.378,0.133,0.569,-0.171,0.436,-0.32,0.461,-0.526,0.365,3.19,2.665,8.722999999999999
1805,3,0.547,1.497,0.104,0.576,-0.163,0.428,-0.313,0.466,-0.537,0.365,5.29,5.837,8.693999999999999
1805,4,-0.165,1.463,-0.027,0.602,-0.17,0.431,-0.332,0.472,-0.549,0.366,8.29,8.125,8.563
1805,5,-0.122,1.603,-0.234,0.602,-0.154,0.431,-0.343,0.479,-0.557,0.362,11.28,11.158,8.356
1805,6,0.526,1.064,-0.076,0.628,-0.13,0.434,-0.358,0.489,-0.565,0.362,13.43,13.956,8.514
1805,7,0.221,1.193,-0.057,0.655,-0.133,0.442,-0.368,0.498,-0.566,0.368,14.31,14.531,8.533
1805,8,1.179,1.245,-0.031,0.68,-0.133,0.433,-0.38,0.502,-0.569,0.371,13.84,15.019,8.559
1805,9,-0.208,2.082,-0.118,0.69,-0.147,0.449,-0.39,0.506,-0.567,0.371,12.05,11.842,8.472
1805,10,-1.799,1.512,-0.126,0.656,-0.178,0.459,-0.409,0.501,-0.571,0.369,9.2,7.401,8.464
1805,11,-1.631,2.374,-0.081,0.654,-0.215,0.481,-0.425,0.495,-0.578,0.368,6.05,4.419,8.509
1805,12,0.842,1.9,-0.214,0.663,-0.223,0.504,-0.433,0.498,-0.59,0.369,3.6,4.442,8.376
1806,1,0.464,2.085,-0.271,0.682,-0.225,0.528,-0.456,0.498,-0.594,0.37,2.56,3.024,8.318999999999999
1806,2,-0.209,2.16,-0.314,0.685,-0.253,0.538,-0.486,0.502,-0.612,0.369,3.19,2.981,8.276
1806,3,-0.495,1.846,-0.264,0.714,-0.26,0.536,-0.508,0.495,-0.609,0.369,5.29,4.795,8.326
1806,4,-0.266,1.152,-0.177,0.711,-0.287,0.551,-0.519,0.495,-0.61,0.368,8.29,8.024,8.413
1806,5,0.417,0.935,-0.111,0.697,-0.31,0.565,-0.541,0.502,-0.613,0.368,11.28,11.697,8.479
1806,6,-1.07,1.723,-0.138,0.716,-0.333,0.559,-0.546,0.505,-0.625,0.369,13.43,12.36,8.452
1806,7,-0.459,1.423,-0.313,0.744,-0.367,0.589,-0.564,0.514,-0.633,0.371,14.31,13.851,8.277
1806,8,0.663,0.864,-0.283,0.788,-0.382,0.624,-0.559,0.517,-0.642,0.373,13.84,14.503,8.307
1806,9,0.388,2.219,-0.299,0.808,-0.396,0.605,-0.57,0.517,-0.649,0.374,12.05,12.438,8.291
1806,10,-0.755,1.121,-0.387,0.852,-0.425,0.609,-0.598,0.515,-0.664,0.369,9.2,8.444999999999999,8.203
1806,11,-0.837,1.53,-0.602,0.88,-0.466,0.624,-0.617,0.52,-0.67,0.365,6.05,5.213,7.9879999999999995
1806,12,0.516,1.588,-0.529,0.849,-0.478,0.626,-0.625,0.516,-0.667,0.367,3.6,4.116,8.061
1807,1,-1.635,2.259,-0.504,0.803,-0.528,0.644,-0.65,0.52,-0.68,0.367,2.56,0.925,8.086
1807,2,0.156,2.406,-0.597,0.836,-0.545,0.669,-0.686,0.52,-0.688,0.366,3.19,3.346,7.993
1807,3,-0.686,1.914,-0.594,0.738,-0.565,0.698,-0.722,0.523,-0.685,0.366,5.29,4.604,7.9959999999999996
1807,4,-1.332,1.574,-0.556,0.713,-0.574,0.697,-0.738,0.525,-0.68,0.361,8.29,6.957999999999999,8.033999999999999
1807,5,-2.154,1.402,-0.476,0.677,-0.638,0.705,-0.744,0.522,-0.684,0.358,11.28,9.126,8.114
1807,6,-0.195,1.313,-0.446,0.679,-0.64,0.69,-0.758,0.526,-0.696,0.356,13.43,13.235,8.144
1807,7,-0.166,1.598,-0.438,0.747,-0.677,0.668,-0.758,0.527,-0.702,0.353,14.31,14.144,8.152
1807,8,-0.452,1.596,-0.541,0.82,-0.682,0.66,-0.742,0.529,-0.705,0.35,13.84,13.388,8.049
1807,9,0.427,1.371,-0.575,1.009,-0.694,0.693,-0.756,0.524,-0.72,0.349,12.05,12.477,8.015
1807,10,-0.301,1.029,-0.546,1.032,-0.715,0.706,-0.769,0.529,-0.73,0.35,9.2,8.899,8.044
1807,11,0.121,1.288,-0.528,1.177,-0.748,0.724,-0.774,0.532,-0.73,0.352,6.05,6.170999999999999,8.062
1807,12,0.877,1.284,-0.528,1.29,-0.786,0.744,-0.788,0.532,-0.741,0.356,3.6,4.477,8.062
1808,1,-1.538,3.391,-0.502,1.434,-0.82,0.768,-0.808,0.527,-0.746,0.358,2.56,1.022,8.088
1808,2,-1.073,1.923,-0.539,1.491,-0.868,0.778,-0.808,0.519,-0.753,0.359,3.19,2.117,8.051
1808,3,-1.097,3.978,-0.596,1.403,-0.903,0.797,-0.832,0.524,-0.754,0.363,5.29,4.193,7.994
1808,4,-0.982,1.662,-0.645,1.507,-0.91,0.787,-0.841,0.524,-0.745,0.368,8.29,7.307999999999999,7.945
1808,5,-1.937,1.906,-0.785,1.607,-0.915,0.764,-0.842,0.522,-0.742,0.371,11.28,9.343,7.805
1808,6,-0.194,2.366,-1.039,1.598,-0.945,0.776,-0.848,0.524,-0.738,0.37,13.43,13.235999999999999,7.551
1808,7,0.137,2.503,-1.11,1.489,-0.982,0.775,-0.851,0.525,-0.744,0.37,14.31,14.447000000000001,7.4799999999999995
1808,8,-0.887,1.318,-1.21,1.602,-1.029,0.78,-0.865,0.528,-0.752,0.369,13.84,12.953,7.38
1808,9,-0.267,1.757,-1.281,1.346,-1.041,0.754,-0.865,0.526,-0.756,0.37,12.05,11.783000000000001,7.309
1808,10,-0.885,2.09,-1.237,1.308,-1.071,0.75,-0.877,0.524,-0.764,0.369,9.2,8.315,7.353
1808,11,-1.56,2.16,-1.229,1.245,-1.103,0.762,-0.869,0.527,-0.765,0.376,6.05,4.49,7.361
1808,12,-2.169,1.448,-1.258,1.084,-1.1,0.764,-0.875,0.526,-0.763,0.376,3.6,1.431,7.332
1809,1,-2.385,2.128,-1.408,1.062,-1.127,0.767,-0.879,0.527,-0.767,0.376,2.56,0.17500000000000027,7.182
1809,2,-2.275,3.037,-1.406,1.094,-1.146,0.774,-0.881,0.528,-0.761,0.376,3.19,0.915,7.184
1809,3,-1.95,2.123,-1.476,1.153,-1.18,0.777,-0.894,0.528,-0.764,0.371,5.29,3.34,7.114
1809,4,-0.458,1.774,-1.464,1.054,-1.204,0.781,-0.914,0.529,-0.77,0.369,8.29,7.831999999999999,7.1259999999999994
1809,5,-1.838,1.123,-1.582,1.086,-1.231,0.782,-0.936,0.527,-0.773,0.37,11.28,9.442,7.008
1809,6,-0.543,1.464,-1.498,1.02,-1.239,0.791,-0.944,0.528,-0.778,0.377,13.43,12.887,7.092
1809,7,-1.664,2.158,-1.469,0.94,-1.236,0.797,-0.97,0.529,-0.783,0.381,14.31,12.646,7.1209999999999996
1809,8,-0.862,1.588,-1.345,0.937,-1.289,0.811,-0.981,0.529,-0.788,0.385,13.84,12.978,7.245
1809,9,-1.107,1.507,-1.198,1.02,-1.328,0.826,-0.995,0.531,-0.79,0.387,12.05,10.943000000000001,7.3919999999999995
1809,10,-0.743,3.42,-1.28,1.133,-1.329,0.835,-1.007,0.536,-0.794,0.389,9.2,8.456999999999999,7.31
1809,11,-2.969,2.911,-1.299,1.175,-1.323,0.836,-1.008,0.546,-0.798,0.392,6.05,3.081,7.291
1809,12,-1.171,2.571,-1.403,1.18,-1.347,0.83,-0.978,0.559,-0.799,0.392,3.6,2.4290000000000003,7.186999999999999
1810,1,-2.027,3.187,-1.416,1.21,-1.344,0.822,-0.987,0.554,-0.807,0.392,2.56,0.5329999999999999,7.1739999999999995
1810,2,-0.795,3.956,-1.482,1.169,-1.313,0.806,-0.99,0.57,-0.807,0.398,3.19,2.395,7.108
1810,3,-0.182,3.019,-1.582,1.166,-1.349,0.789,-1.008,0.562,-0.806,0.393,5.29,5.108,7.008
1810,4,-1.441,1.363,-1.708,1.078,-1.369,0.796,-1.021,0.566,-0.805,0.393,8.29,6.848999999999999,6.882
1810,5,-2.067,1.582,-1.623,1.102,-1.395,0.805,-1.031,0.565,-0.801,0.394,11.28,9.213,6.967
1810,6,-1.797,1.905,-1.602,1.094,-1.445,0.802,-1.055,0.568,-0.802,0.395,13.43,11.633,6.9879999999999995
1810,7,-1.811,1.942,-1.579,1.048,-1.484,0.757,-1.058,0.575,-0.802,0.396,14.31,12.499,7.011
1810,8,-1.66,1.361,-1.766,1.013,-1.483,0.749,-1.073,0.582,-0.807,0.396,13.84,12.18,6.824
1810,9,-2.308,1.31,-1.852,0.984,-1.517,0.741,-1.079,0.578,-0.806,0.396,12.05,9.742,6.7379999999999995
1810,10,-2.252,1.567,-1.904,0.963,-1.504,0.733,-1.081,0.577,-0.814,0.398,9.2,6.9479999999999995,6.686
1810,11,-1.948,2.674,-1.855,0.955,-1.469,0.698,-1.084,0.573,-0.82,0.394,6.05,4.102,6.734999999999999
1810,12,-0.922,2.953,-1.783,0.954,-1.473,0.682,-1.111,0.581,-0.829,0.397,3.6,2.678,6.807
1811,1,-1.754,1.848,-1.806,0.952,-1.477,0.669,-1.114,0.571,-0.832,0.396,2.56,0.806,6.784
1811,2,-3.03,2.268,-1.706,0.947,-1.477,0.662,-1.144,0.567,-0.831,0.388,3.19,0.16000000000000014,6.884
1811,3,-1.218,4.07,-1.653,0.971,-1.47,0.653,-1.152,0.559,-0.836,0.385,5.29,4.072,6.936999999999999
1811,4,-2.064,1.213,-1.645,0.916,-1.467,0.64,-1.156,0.556,-0.835,0.383,8.29,6.225999999999999,6.945
1811,5,-1.484,1.42,-1.691,0.869,-1.429,0.627,-1.164,0.555,-0.84,0.384,11.28,9.796,6.899
1811,6,-0.933,1.229,-1.607,0.803,-1.416,0.644,-1.171,0.55,-0.844,0.385,13.43,12.497,6.983
1811,7,-2.08,1.787,-1.585,0.786,-1.392,0.664,-1.186,0.546,-0.851,0.388,14.31,12.23,7.005
1811,8,-0.468,1.421,-1.583,0.837,-1.379,0.638,-1.202,0.545,-0.85,0.388,13.84,13.372,7.007
1811,9,-1.671,1.931,-1.735,0.876,-1.391,0.649,-1.22,0.541,-0.857,0.387,12.05,10.379000000000001,6.8549999999999995
1811,10,-2.149,2.736,-1.679,1.041,-1.404,0.671,-1.245,0.529,-0.867,0.382,9.2,7.050999999999999,6.911
1811,11,-2.507,1.609,-1.704,0.996,-1.406,0.665,-1.255,0.521,-0.87,0.382,6.05,3.5429999999999997,6.886
1811,12,0.093,1.947,-1.763,1.007,-1.409,0.655,-1.273,0.529,-0.879,0.381,3.6,3.693,6.827
1812,1,-1.488,3.462,-1.59,1.037,-1.412,0.661,-1.266,0.523,-0.887,0.38,2.56,1.072,7.0
1812,2,-3.016,2.938,-1.431,1.08,-1.416,0.642,-1.26,0.528,-0.888,0.374,3.19,0.17399999999999993,7.159
1812,3,-3.035,2.633,-1.438,1.015,-1.424,0.643,-1.256,0.535,-0.885,0.369,5.29,2.255,7.152
1812,4,-1.395,3.383,-1.382,0.901,-1.44,0.619,-1.244,0.531,-0.888,0.365,8.29,6.895,7.208
1812,5,-1.78,1.221,-1.295,1.025,-1.378,0.644,-1.241,0.531,-0.886,0.363,11.28,9.5,7.295
1812,6,-1.645,1.237,-1.479,1.06,-1.316,0.656,-1.26,0.524,-0.888,0.364,13.43,11.785,7.111
1812,7,-0.007,1.571,-1.677,0.742,-1.296,0.64,-1.277,0.515,-0.89,0.363,14.31,14.303,6.913
1812,8,1.44,1.321,-1.509,0.745,-1.299,0.627,-1.279,0.507,-0.891,0.362,13.84,15.28,7.0809999999999995
1812,9,-1.748,2.62,-1.518,0.8,-1.322,0.614,-1.314,0.502,-0.898,0.357,12.05,10.302000000000001,7.072
1812,10,-1.477,1.401,-1.418,0.766,-1.327,0.602,-1.335,0.5,-0.905,0.355,9.2,7.722999999999999,7.172
1812,11,-1.467,2.923,-1.257,0.778,-1.315,0.594,-1.346,0.501,-0.908,0.355,6.05,4.583,7.333
1812,12,-2.115,1.951,-1.158,0.742,-1.325,0.595,-1.376,0.5,-0.917,0.353,3.6,1.4849999999999999,7.432
1813,1,-3.863,2.878,-1.165,0.725,-1.296,0.592,-1.369,0.484,-0.915,0.352,2.56,-1.303,7.425
1813,2,-0.999,2.383,-1.358,0.668,-1.279,0.6,-1.374,0.481,-0.915,0.347,3.19,2.191,7.231999999999999
1813,3,-3.149,2.129,-1.202,0.63,-1.256,0.596,-1.358,0.486,-0.916,0.341,5.29,2.141,7.388
1813,4,-0.189,2.03,-1.137,0.667,-1.251,0.586,-1.333,0.497,-0.922,0.338,8.29,8.100999999999999,7.452999999999999
1813,5,0.146,3.224,-0.956,0.669,-1.253,0.576,-1.314,0.491,-0.927,0.338,11.28,11.426,7.634
1813,6,-0.45,1.694,-0.896,0.727,-1.278,0.548,-1.307,0.494,-0.928,0.338,13.43,12.98,7.694
1813,7,-0.095,0.916,-0.65,0.906,-1.247,0.545,-1.314,0.492,-0.929,0.34,14.31,14.215,7.9399999999999995
1813,8,-0.879,1.016,-0.692,0.772,-1.259,0.548,-1.313,0.486,-0.936,0.341,13.84,12.961,7.898
1813,9,0.123,1.696,-0.653,0.717,-1.262,0.518,-1.326,0.486,-0.944,0.34,12.05,12.173,7.936999999999999
1813,10,-0.688,2.494,-0.739,0.781,-1.241,0.513,-1.339,0.479,-0.954,0.336,9.2,8.511999999999999,7.851
1813,11,0.706,1.452,-0.916,0.897,-1.226,0.503,-1.327,0.484,-0.959,0.336,6.05,6.756,7.6739999999999995
1813,12,-1.401,3.001,-0.94,0.828,-1.241,0.505,-1.316,0.486,-0.961,0.334,3.6,2.199,7.65
1814,1,-0.912,4.073,-1.083,0.882,-1.244,0.5,-1.307,0.488,-0.959,0.331,2.56,1.6480000000000001,7.507
1814,2,-1.503,1.893,-1.104,0.783,-1.257,0.498,-1.295,0.48,-0.955,0.328,3.19,1.687,7.486
1814,3,-2.679,2.144,-1.244,0.893,-1.26,0.506,-1.301,0.472,-0.951,0.328,5.29,2.611,7.346
1814,4,-1.217,1.708,-1.327,0.788,-1.287,0.463,-1.308,0.478,-0.956,0.329,8.29,7.072999999999999,7.263
1814,5,-1.976,1.235,-1.326,0.907,-1.278,0.442,-1.3,0.475,-0.959,0.327,11.28,9.303999999999998,7.263999999999999
1814,6,-0.742,0.964,-0.998,0.968,-1.307,0.452,-1.303,0.474,-0.96,0.326,13.43,12.687999999999999,7.592
1814,7,-1.807,1.356,-0.987,0.901,-1.296,0.432,-1.3,0.477,-0.965,0.327,14.31,12.503,7.603
1814,8,-1.132,1.336,-0.944,1.061,-1.232,0.433,-1.304,0.474,-0.969,0.325,13.84,12.708,7.646
1814,9,-1.556,1.221,-0.853,0.917,-1.183,0.45,-1.301,0.476,-0.972,0.324,12.05,10.494,7.737
1814,10,-1.687,1.629,-0.894,0.885,-1.159,0.447,-1.3,0.466,-0.977,0.32,9.2,7.512999999999999,7.696
1814,11,0.712,3.29,-0.844,0.903,-1.16,0.448,-1.283,0.469,-0.984,0.319,6.05,6.762,7.7459999999999996
1814,12,2.538,3.406,-0.979,0.899,-1.173,0.44,-1.29,0.46,-0.976,0.315,3.6,6.138,7.611
1815,1,-0.782,2.045,-0.834,0.962,-1.21,0.433,-1.294,0.454,-0.977,0.313,2.56,1.778,7.756
1815,2,-0.986,3.427,-0.794,1.029,-1.244,0.429,-1.294,0.443,-0.976,0.312,3.19,2.2039999999999997,7.795999999999999
1815,3,-1.58,2.754,-0.744,1.012,-1.278,0.43,-1.298,0.439,-0.98,0.315,5.29,3.71,7.846
1815,4,-1.716,1.463,-0.766,0.928,-1.301,0.415,-1.277,0.436,-0.977,0.316,8.29,6.573999999999999,7.824
1815,5,-1.376,1.504,-0.996,0.802,-1.296,0.424,-1.258,0.434,-0.978,0.314,11.28,9.904,7.593999999999999
1815,6,-2.358,1.18,-1.409,0.743,-1.307,0.434,-1.245,0.434,-0.98,0.314,13.43,11.072,7.181
1815,7,-0.07,2.139,-1.335,0.815,-1.254,0.43,-1.236,0.433,-0.985,0.315,14.31,14.24,7.255
1815,8,-0.65,1.25,-1.564,0.832,-1.266,0.436,-1.235,0.429,-0.993,0.316,13.84,13.19,7.026
1815,9,-0.955,1.156,-1.552,0.856,-1.198,0.433,-1.223,0.426,-0.997,0.316,12.05,11.095,7.038
1815,10,-1.955,2.022,-1.473,0.932,-1.163,0.446,-1.218,0.425,-0.994,0.315,9.2,7.244999999999999,7.117
1815,11,-2.043,1.802,-1.41,0.991,-1.159,0.464,-1.215,0.417,-0.989,0.31,6.05,4.007,7.18
1815,12,-2.418,2.143,-1.366,1.018,-1.14,0.486,-1.225,0.407,-0.996,0.312,3.6,1.182,7.224
1816,1,0.098,3.707,-1.549,1.003,-1.152,0.489,-1.208,0.409,-1.001,0.312,2.56,2.658,7.041
1816,2,-3.733,3.297,-1.6,1.026,-1.149,0.487,-1.176,0.404,-1.006,0.312,3.19,-0.5430000000000001,6.99
1816,3,-1.439,2.548,-1.67,1.007,-1.182,0.491,-1.165,0.388,-1.007,0.311,5.29,3.851,6.92
1816,4,-0.763,2.328,-1.824,0.916,-1.21,0.494,-1.151,0.383,-1.007,0.312,8.29,7.526999999999999,6.766
1816,5,-0.616,1.562,-1.816,0.775,-1.224,0.518,-1.14,0.378,-1.006,0.313,11.28,10.664,6.774
1816,6,-1.833,1.301,-1.752,0.77,-1.216,0.508,-1.143,0.376,-1.002,0.309,13.43,11.597,6.838
1816,7,-2.271,1.43,-1.831,0.796,-1.222,0.523,-1.137,0.376,-1.001,0.307,14.31,12.039000000000001,6.759
1816,8,-1.262,1.138,-1.448,0.762,-1.212,0.535,-1.141,0.377,-1.007,0.306,13.84,12.578,7.1419999999999995
1816,9,-1.793,0.985,-1.34,0.794,-1.21,0.499,-1.144,0.379,-1.013,0.303,12.05,10.257000000000001,7.25
1816,10,-3.804,3.651,-1.274,0.776,-1.213,0.503,-1.136,0.37,-1.012,0.301,9.2,5.395999999999999,7.316
1816,11,-1.944,4.079,-1.371,0.786,-1.194,0.505,-1.123,0.366,-1.007,0.3,6.05,4.106,7.218999999999999
1816,12,-1.653,2.113,-1.421,0.765,-1.196,0.508,-1.133,0.366,-1.005,0.303,3.6,1.947,7.169
1817,1,-0.844,3.448,-1.418,0.823,-1.188,0.509,-1.123,0.36,-0.994,0.302,2.56,1.7160000000000002,7.172
1817,2,0.857,2.517,-1.366,0.823,-1.191,0.508,-1.09,0.355,-0.993,0.303,3.19,4.047,7.224
1817,3,-0.144,1.879,-1.53,0.891,-1.178,0.516,-1.048,0.358,-0.988,0.303,5.29,5.146,7.06
1817,4,0.038,1.55,-1.453,0.811,-1.161,0.508,-1.039,0.36,-0.979,0.306,8.29,8.328,7.137
1817,5,-1.788,1.376,-1.388,0.823,-1.188,0.507,-1.028,0.359,-0.968,0.307,11.28,9.491999999999999,7.202
1817,6,-2.434,1.448,-1.48,0.847,-1.264,0.507,-1.018,0.354,-0.967,0.306,13.43,10.995999999999999,7.109999999999999
1817,7,-2.224,0.949,-1.465,0.823,-1.293,0.493,-1.023,0.352,-0.966,0.302,14.31,12.086,7.125
1817,8,-0.645,1.231,-1.682,0.864,-1.288,0.495,-1.041,0.351,-0.965,0.296,13.84,13.195,6.9079999999999995
1817,9,-3.754,1.316,-1.594,0.856,-1.273,0.478,-1.04,0.346,-0.971,0.294,12.05,8.296000000000001,6.9959999999999996
1817,10,-2.89,1.844,-1.436,0.857,-1.228,0.475,-1.04,0.338,-0.972,0.295,9.2,6.309999999999999,7.154
1817,11,-1.16,1.844,-1.256,0.826,-1.201,0.473,-1.041,0.333,-0.973,0.295,6.05,4.89,7.334
1817,12,-2.76,2.47,-0.996,0.877,-1.166,0.469,-1.047,0.329,-0.979,0.294,3.6,0.8400000000000003,7.593999999999999
1818,1,-0.661,2.23,-0.874,0.904,-1.176,0.471,-1.022,0.326,-0.98,0.289,2.56,1.899,7.716
1818,2,-1.742,1.989,-0.882,0.901,-1.192,0.474,-1.022,0.321,-0.981,0.289,3.19,1.448,7.708
1818,3,0.908,2.048,-0.721,0.974,-1.189,0.465,-1.0,0.315,-0.976,0.292,5.29,6.198,7.869
1818,4,1.934,4.555,-0.681,1.015,-1.186,0.477,-1.004,0.308,-0.971,0.296,8.29,10.223999999999998,7.909
1818,5,0.375,2.227,-0.593,1.149,-1.178,0.469,-1.012,0.308,-0.962,0.293,11.28,11.655,7.997
1818,6,0.689,2.818,-0.438,1.185,-1.172,0.462,-1.008,0.311,-0.96,0.292,13.43,14.119,8.152
1818,7,-0.769,1.188,-0.492,1.214,-1.169,0.434,-1.008,0.314,-0.96,0.293,14.31,13.541,8.097999999999999
1818,8,-0.738,1.181,-0.42,1.257,-1.093,0.413,-1.008,0.316,-0.958,0.29,13.84,13.102,8.17
1818,9,-1.822,1.42,-0.711,0.866,-1.067,0.403,-1.022,0.315,-0.965,0.287,12.05,10.228000000000002,7.879
1818,10,-2.408,1.413,-0.986,0.648,-1.062,0.387,-1.03,0.32,-0.964,0.284,9.2,6.792,7.604
1818,11,-0.107,3.16,-1.09,0.574,-1.054,0.381,-1.049,0.319,-0.959,0.282,6.05,5.943,7.5
1818,12,-0.902,1.828,-1.218,0.557,-1.045,0.382,-1.048,0.312,-0.955,0.28,3.6,2.698,7.372
1819,1,-1.306,2.253,-1.266,0.603,-1.029,0.393,-1.038,0.322,-0.949,0.281,2.56,1.254,7.324
1819,2,-0.874,2.533,-1.311,0.687,-1.024,0.403,-1.03,0.315,-0.946,0.28,3.19,2.316,7.279
1819,3,-2.59,4.098,-1.226,0.646,-1.029,0.403,-1.008,0.31,-0.94,0.285,5.29,2.7,7.364
1819,4,-1.363,1.251,-1.081,0.581,-0.985,0.422,-0.997,0.312,-0.94,0.288,8.29,6.927,7.509
1819,5,-0.874,1.704,-1.149,0.492,-0.968,0.449,-0.981,0.317,-0.933,0.288,11.28,10.405999999999999,7.441
1819,6,-0.848,2.102,-1.24,0.446,-0.959,0.436,-0.976,0.322,-0.934,0.286,13.43,12.581999999999999,7.35
1819,7,-1.346,1.197,-1.34,0.505,-0.951,0.452,-0.96,0.327,-0.928,0.289,14.31,12.964,7.25
1819,8,-1.273,1.349,-1.328,0.615,-0.949,0.429,-0.958,0.327,-0.927,0.289,13.84,12.567,7.262
1819,9,-0.808,1.334,-1.167,0.702,-0.912,0.411,-0.95,0.335,-0.928,0.289,12.05,11.242,7.423
1819,10,-0.667,1.681,-0.972,0.721,-0.918,0.404,-0.947,0.335,-0.928,0.284,9.2,8.533,7.618
1819,11,-0.92,1.183,-0.88,0.737,-0.897,0.396,-0.96,0.337,-0.92,0.285,6.05,5.13,7.71
1819,12,-1.992,2.179,-0.831,0.689,-0.863,0.384,-0.975,0.341,-0.92,0.278,3.6,1.608,7.759
1820,1,-2.515,2.997,-0.771,0.673,-0.836,0.39,-0.967,0.335,-0.909,0.27,2.56,0.04499999999999993,7.819
1820,2,-0.723,2.003,-0.801,0.635,-0.837,0.383,-0.962,0.338,-0.902,0.26,3.19,2.467,7.789
1820,3,-0.656,1.945,-0.798,0.578,-0.802,0.381,-0.952,0.328,-0.905,0.263,5.29,4.634,7.792
1820,4,0.976,1.011,-0.889,0.581,-0.779,0.387,-0.932,0.328,-0.897,0.262,8.29,9.265999999999998,7.701
1820,5,0.224,1.071,-0.941,0.529,-0.785,0.371,-0.924,0.326,-0.893,0.262,11.28,11.504,7.649
1820,6,-0.251,0.828,-0.951,0.501,-0.787,0.378,-0.904,0.324,-0.888,0.261,13.43,13.179,7.639
1820,7,-0.629,0.892,-0.715,0.511,-0.79,0.388,-0.911,0.329,-0.879,0.261,14.31,13.681000000000001,7.875
1820,8,-1.633,0.997,-0.587,0.475,-0.778,0.381,-0.913,0.333,-0.875,0.26,13.84,12.207,8.003
1820,9,-0.768,0.974,-0.522,0.494,-0.801,0.36,-0.915,0.33,-0.871,0.258,12.05,11.282,8.068
1820,10,-1.763,1.269,-0.64,0.474,-0.845,0.305,-0.908,0.333,-0.867,0.256,9.2,7.436999999999999,7.95
1820,11,-1.551,1.281,-0.671,0.447,-0.864,0.291,-0.895,0.321,-0.853,0.254,6.05,4.499,7.919
1820,12,-2.108,1.575,-0.757,0.445,-0.876,0.276,-0.88,0.313,-0.846,0.249,3.6,1.492,7.833
1821,1,0.318,1.908,-0.817,0.471,-0.864,0.281,-0.887,0.295,-0.839,0.249,2.56,2.878,7.773
1821,2,0.811,2.541,-0.761,0.454,-0.867,0.284,-0.869,0.288,-0.83,0.25,3.19,4.001,7.829
1821,3,0.131,1.462,-0.87,0.483,-0.863,0.283,-0.863,0.282,-0.828,0.241,5.29,5.421,7.72
1821,4,-0.446,0.964,-0.819,0.518,-0.851,0.289,-0.857,0.276,-0.821,0.24,8.29,7.843999999999999,7.771
1821,5,-0.144,1.391,-0.767,0.527,-0.873,0.264,-0.848,0.274,-0.816,0.238,11.28,11.136,7.8229999999999995
1821,6,-1.29,1.75,-0.685,0.528,-0.88,0.264,-0.834,0.273,-0.814,0.238,13.43,12.14,7.904999999999999
1821,7,-1.347,1.208,-0.74,0.6,-0.854,0.266,-0.815,0.277,-0.809,0.239,14.31,12.963000000000001,7.85
1821,8,-0.955,0.862,-0.731,0.634,-0.848,0.256,-0.812,0.278,-0.813,0.239,13.84,12.885,7.859
1821,9,-2.081,1.034,-0.565,0.661,-0.806,0.291,-0.805,0.277,-0.814,0.239,12.05,9.969000000000001,8.025
1821,10,-1.151,0.98,-0.554,0.66,-0.782,0.288,-0.78,0.286,-0.811,0.238,9.2,8.049,8.036
1821,11,-0.925,1.501,-0.589,0.637,-0.768,0.295,-0.759,0.306,-0.807,0.235,6.05,5.125,8.001
1821,12,-1.125,1.141,-0.515,0.63,-0.756,0.294,-0.737,0.305,-0.814,0.236,3.6,2.475,8.075
1822,1,-0.341,1.926,-0.45,0.639,-0.732,0.298,-0.722,0.316,-0.81,0.236,2.56,2.219,8.14
1822,2,0.923,1.646,-0.43,0.655,-0.725,0.3,-0.725,0.305,-0.804,0.235,3.19,4.1129999999999995,8.16
1822,3,2.115,1.874,-0.393,0.625,-0.723,0.298,-0.721,0.296,-0.793,0.236,5.29,7.405,8.197
1822,4,-0.308,0.971,-0.423,0.612,-0.733,0.304,-0.713,0.295,-0.789,0.239,8.29,7.981999999999999,8.167
1822,5,-0.568,0.934,-0.477,0.591,-0.731,0.313,-0.695,0.297,-0.785,0.239,11.28,10.712,8.113
1822,6,-0.405,0.752,-0.621,0.602,-0.685,0.324,-0.675,0.294,-0.782,0.237,13.43,13.025,7.968999999999999
1822,7,-0.56,0.808,-0.663,0.605,-0.642,0.325,-0.655,0.298,-0.785,0.235,14.31,13.75,7.927
1822,8,-0.723,0.748,-0.824,0.584,-0.636,0.338,-0.652,0.295,-0.797,0.234,13.84,13.116999999999999,7.766
1822,9,-1.631,1.232,-1.043,0.598,-0.632,0.328,-0.628,0.297,-0.797,0.233,12.05,10.419,7.547
1822,10,-1.507,1.104,-1.074,0.683,-0.637,0.334,-0.61,0.301,-0.794,0.234,9.2,7.693,7.516
1822,11,-1.576,1.045,-1.09,0.716,-0.646,0.338,-0.6,0.294,-0.796,0.234,6.05,4.474,7.5
1822,12,-2.859,1.45,-1.06,0.706,-0.641,0.345,-0.582,0.295,-0.798,0.233,3.6,0.7410000000000001,7.529999999999999
1823,1,-0.84,1.614,-1.015,0.681,-0.647,0.357,-0.592,0.295,-0.784,0.231,2.56,1.7200000000000002,7.575
1823,2,-1.004,1.501,-1.032,0.673,-0.634,0.357,-0.589,0.291,-0.782,0.231,3.19,2.186,7.558
1823,3,-0.513,1.573,-1.03,0.611,-0.641,0.361,-0.595,0.283,-0.773,0.231,5.29,4.777,7.56
1823,4,-0.68,1.81,-1.041,0.626,-0.63,0.367,-0.608,0.264,-0.774,0.229,8.29,7.609999999999999,7.5489999999999995
1823,5,-0.766,1.319,-1.032,0.591,-0.612,0.361,-0.61,0.259,-0.777,0.228,11.28,10.514,7.558
1823,6,-0.047,1.199,-0.905,0.521,-0.588,0.36,-0.614,0.252,-0.777,0.23,13.43,13.383,7.685
1823,7,-0.023,0.655,-0.812,0.494,-0.606,0.359,-0.606,0.252,-0.78,0.23,14.31,14.287,7.778
1823,8,-0.919,0.85,-0.772,0.501,-0.645,0.347,-0.603,0.248,-0.779,0.231,13.84,12.921,7.818
1823,9,-1.606,0.823,-0.732,0.462,-0.658,0.353,-0.604,0.245,-0.783,0.229,12.05,10.444,7.858
1823,10,-1.641,1.331,-0.669,0.44,-0.653,0.353,-0.589,0.243,-0.786,0.232,9.2,7.558999999999999,7.920999999999999
1823,11,-1.474,1.656,-0.609,0.488,-0.643,0.35,-0.591,0.229,-0.787,0.233,6.05,4.576,7.981
1823,12,-1.33,1.306,-0.614,0.505,-0.624,0.351,-0.595,0.226,-0.783,0.234,3.6,2.27,7.976
1824,1,0.275,1.677,-0.609,0.527,-0.601,0.352,-0.591,0.224,-0.789,0.242,2.56,2.835,7.981
1824,2,-0.524,1.831,-0.6,0.534,-0.599,0.354,-0.597,0.215,-0.785,0.24,3.19,2.666,7.99
1824,3,-0.039,1.161,-0.522,0.529,-0.581,0.35,-0.58,0.229,-0.772,0.236,5.29,5.251,8.068
1824,4,0.08,1.19,-0.495,0.532,-0.575,0.348,-0.573,0.226,-0.768,0.238,8.29,8.37,8.095
1824,5,-0.04,0.962,-0.439,0.504,-0.55,0.348,-0.566,0.23,-0.759,0.24,11.28,11.24,8.151
1824,6,-0.115,1.399,-0.264,0.557,-0.514,0.339,-0.565,0.235,-0.759,0.241,13.43,13.315,8.326
1824,7,0.038,1.143,-0.281,0.563,-0.494,0.336,-0.556,0.24,-0.753,0.242,14.31,14.348,8.309
1824,8,-0.812,0.789,-0.269,0.531,-0.501,0.33,-0.55,0.243,-0.751,0.241,13.84,13.028,8.321
1824,9,-0.67,1.212,-0.296,0.511,-0.53,0.322,-0.556,0.241,-0.747,0.242,12.05,11.38,8.294
1824,10,-1.316,1.208,-0.248,0.519,-0.509,0.319,-0.556,0.244,-0.743,0.244,9.2,7.8839999999999995,8.342
1824,11,-0.799,1.218,-0.271,0.497,-0.493,0.316,-0.557,0.247,-0.744,0.247,6.05,5.2509999999999994,8.318999999999999
1824,12,0.764,1.722,-0.259,0.497,-0.486,0.316,-0.549,0.249,-0.757,0.25,3.6,4.364,8.331
1825,1,0.082,1.674,-0.341,0.503,-0.473,0.315,-0.524,0.251,-0.752,0.249,2.56,2.642,8.249
1825,2,-0.381,1.368,-0.348,0.524,-0.467,0.313,-0.511,0.255,-0.749,0.248,3.19,2.809,8.241999999999999
1825,3,-0.37,1.432,-0.392,0.502,-0.455,0.314,-0.512,0.249,-0.746,0.243,5.29,4.92,8.198
1825,4,0.663,1.368,-0.374,0.491,-0.44,0.315,-0.516,0.25,-0.741,0.242,8.29,8.953,8.216
1825,5,-0.321,1.098,-0.343,0.5,-0.415,0.32,-0.527,0.253,-0.74,0.242,11.28,10.959,8.247
1825,6,0.034,0.962,-0.466,0.485,-0.377,0.312,-0.531,0.254,-0.736,0.241,13.43,13.464,8.124
1825,7,-0.954,1.32,-0.533,0.465,-0.394,0.301,-0.523,0.256,-0.742,0.241,14.31,13.356,8.057
1825,8,-0.898,1.138,-0.629,0.468,-0.399,0.299,-0.514,0.255,-0.746,0.241,13.84,12.942,7.961
1825,9,-1.187,1.126,-0.655,0.47,-0.388,0.305,-0.52,0.258,-0.751,0.239,12.05,10.863000000000001,7.935
1825,10,-1.104,1.155,-0.722,0.464,-0.37,0.319,-0.515,0.262,-0.748,0.243,9.2,8.096,7.868
1825,11,-0.423,2.107,-0.654,0.479,-0.356,0.327,-0.491,0.258,-0.749,0.24,6.05,5.627,7.936
1825,12,-0.716,1.171,-0.672,0.454,-0.351,0.33,-0.466,0.258,-0.748,0.235,3.6,2.8840000000000003,7.918
1826,1,-0.723,1.455,-0.591,0.418,-0.349,0.326,-0.471,0.26,-0.751,0.225,2.56,1.8370000000000002,7.999
1826,2,-1.539,1.701,-0.584,0.4,-0.339,0.318,-0.483,0.262,-0.738,0.221,3.19,1.651,8.006
1826,3,-0.674,1.645,-0.57,0.39,-0.345,0.308,-0.491,0.265,-0.732,0.217,5.29,4.616,8.02
1826,4,-0.137,1.537,-0.54,0.395,-0.328,0.301,-0.491,0.265,-0.733,0.21,8.29,8.152999999999999,8.05
1826,5,0.485,0.804,-0.458,0.43,-0.31,0.289,-0.492,0.263,-0.736,0.208,11.28,11.764999999999999,8.132
1826,6,-0.174,1.008,-0.316,0.446,-0.309,0.284,-0.485,0.258,-0.732,0.208,13.43,13.256,8.274
1826,7,0.011,0.687,-0.182,0.499,-0.328,0.276,-0.481,0.257,-0.727,0.209,14.31,14.321,8.408
1826,8,-0.809,0.97,-0.013,0.514,-0.346,0.28,-0.486,0.258,-0.726,0.207,13.84,13.031,8.577
1826,9,-1.026,0.692,0.074,0.535,-0.353,0.282,-0.485,0.254,-0.724,0.207,12.05,11.024000000000001,8.664
1826,10,-0.742,1.413,0.165,0.527,-0.364,0.275,-0.487,0.251,-0.71,0.216,9.2,8.457999999999998,8.754999999999999
1826,11,0.565,1.193,0.157,0.569,-0.364,0.273,-0.492,0.248,-0.711,0.225,6.05,6.615,8.747
1826,12,0.988,1.435,0.174,0.588,-0.375,0.267,-0.495,0.248,-0.707,0.223,3.6,4.588,8.764
1827,1,0.882,1.813,0.19,0.603,-0.379,0.266,-0.497,0.245,-0.704,0.23,2.56,3.442,8.78
1827,2,0.487,1.611,0.228,0.594,-0.376,0.268,-0.517,0.241,-0.71,0.226,3.19,3.677,8.818
1827,3,0.374,1.532,0.24,0.586,-0.389,0.259,-0.539,0.24,-0.716,0.224,5.29,5.664,8.83
1827,4,0.958,1.705,0.248,0.607,-0.378,0.265,-0.54,0.238,-0.725,0.221,8.29,9.248,8.838
1827,5,0.388,1.419,0.196,0.593,-0.384,0.265,-0.541,0.235,-0.724,0.218,11.28,11.668,8.786
1827,6,0.033,1.194,0.064,0.519,-0.413,0.266,-0.545,0.233,-0.72,0.215,13.43,13.463,8.654
1827,7,0.197,0.707,-0.161,0.427,-0.406,0.267,-0.547,0.231,-0.715,0.216,14.31,14.507,8.429
1827,8,-0.345,1.007,-0.313,0.429,-0.385,0.261,-0.554,0.228,-0.715,0.213,13.84,13.495,8.277
1827,9,-0.893,1.0,-0.33,0.486,-0.392,0.259,-0.554,0.228,-0.705,0.215,12.05,11.157,8.26
1827,10,-0.644,1.073,-0.379,0.499,-0.396,0.253,-0.548,0.226,-0.7,0.216,9.2,8.556,8.211
1827,11,-0.059,1.145,-0.404,0.484,-0.409,0.252,-0.551,0.222,-0.702,0.214,6.05,5.991,8.186
1827,12,-0.59,1.193,-0.385,0.535,-0.421,0.244,-0.549,0.22,-0.696,0.215,3.6,3.0100000000000002,8.205
1828,1,-1.815,1.812,-0.392,0.559,-0.4,0.236,-0.546,0.219,-0.706,0.218,2.56,0.7450000000000001,8.198
1828,2,-1.34,1.958,-0.389,0.547,-0.393,0.234,-0.541,0.219,-0.705,0.217,3.19,1.8499999999999999,8.201
1828,3,0.172,1.454,-0.481,0.552,-0.4,0.232,-0.546,0.218,-0.716,0.214,5.29,5.462,8.109
1828,4,0.362,1.73,-0.477,0.525,-0.4,0.23,-0.545,0.214,-0.728,0.205,8.29,8.652,8.113
1828,5,0.085,1.264,-0.504,0.526,-0.37,0.234,-0.543,0.211,-0.735,0.202,11.28,11.365,8.086
1828,6,0.26,0.891,-0.563,0.47,-0.344,0.234,-0.546,0.211,-0.741,0.199,13.43,13.69,8.027
1828,7,0.117,0.872,-0.484,0.431,-0.336,0.238,-0.552,0.211,-0.738,0.199,14.31,14.427000000000001,8.106
1828,8,-0.309,0.905,-0.506,0.408,-0.322,0.248,-0.55,0.211,-0.736,0.199,13.84,13.531,8.084
1828,9,-1.994,1.055,-0.56,0.418,-0.323,0.247,-0.544,0.212,-0.733,0.2,12.05,10.056000000000001,8.03
1828,10,-0.597,1.147,-0.636,0.473,-0.329,0.247,-0.542,0.21,-0.725,0.201,9.2,8.603,7.954
1828,11,-0.387,1.123,-0.647,0.461,-0.342,0.246,-0.525,0.212,-0.729,0.194,6.05,5.663,7.943
1828,12,-1.295,1.724,-0.736,0.474,-0.346,0.246,-0.518,0.214,-0.729,0.195,3.6,2.305,7.854
1829,1,-0.87,1.463,-0.759,0.431,-0.36,0.244,-0.539,0.215,-0.724,0.196,2.56,1.69,7.8309999999999995
1829,2,-1.603,1.511,-0.787,0.433,-0.373,0.24,-0.539,0.219,-0.719,0.192,3.19,1.587,7.803
1829,3,-0.474,1.217,-0.742,0.426,-0.388,0.24,-0.535,0.215,-0.719,0.2,5.29,4.816,7.848
1829,4,-0.548,1.304,-0.749,0.456,-0.399,0.246,-0.538,0.217,-0.715,0.199,8.29,7.741999999999999,7.841
1829,5,-0.049,0.97,-0.809,0.452,-0.434,0.247,-0.538,0.217,-0.715,0.202,11.28,11.231,7.781
1829,6,-0.803,0.932,-0.783,0.504,-0.475,0.26,-0.542,0.215,-0.715,0.203,13.43,12.626999999999999,7.8069999999999995
1829,7,-0.167,1.081,-0.669,0.495,-0.499,0.272,-0.545,0.212,-0.709,0.205,14.31,14.143,7.920999999999999
1829,8,-0.639,0.871,-0.463,0.466,-0.532,0.275,-0.543,0.211,-0.702,0.207,13.84,13.201,8.127
1829,9,-1.45,0.746,-0.488,0.463,-0.548,0.29,-0.543,0.205,-0.704,0.207,12.05,10.600000000000001,8.102
1829,10,-0.687,1.001,-0.406,0.451,-0.57,0.289,-0.538,0.206,-0.705,0.21,9.2,8.513,8.184
1829,11,-1.112,1.381,-0.494,0.459,-0.589,0.293,-0.528,0.206,-0.71,0.213,6.05,4.938,8.096
1829,12,-0.978,1.545,-0.488,0.487,-0.604,0.302,-0.54,0.208,-0.712,0.215,3.6,2.622,8.102
1830,1,0.504,2.0,-0.445,0.543,-0.62,0.309,-0.537,0.211,-0.7,0.218,2.56,3.064,8.145
1830,2,0.866,1.763,-0.433,0.561,-0.641,0.302,-0.536,0.207,-0.701,0.22,3.19,4.056,8.157
1830,3,-0.783,1.209,-0.444,0.606,-0.654,0.301,-0.54,0.204,-0.703,0.22,5.29,4.507,8.145999999999999
1830,4,0.439,1.011,-0.479,0.618,-0.656,0.305,-0.55,0.2,-0.71,0.218,8.29,8.729,8.111
1830,5,-1.103,0.935,-0.272,0.574,-0.687,0.306,-0.556,0.203,-0.711,0.218,11.28,10.177,8.318
1830,6,-0.731,1.499,-0.122,0.64,-0.721,0.313,-0.568,0.205,-0.711,0.219,13.43,12.699,8.468
1830,7,0.352,0.953,-0.183,0.603,-0.699,0.311,-0.572,0.201,-0.708,0.22,14.31,14.662,8.407
1830,8,-0.501,1.265,-0.315,0.691,-0.683,0.314,-0.579,0.197,-0.705,0.218,13.84,13.339,8.275
1830,9,-1.581,1.115,-0.313,0.755,-0.704,0.326,-0.586,0.196,-0.706,0.22,12.05,10.469000000000001,8.277
1830,10,-1.104,1.129,-0.39,0.748,-0.719,0.334,-0.589,0.199,-0.706,0.22,9.2,8.096,8.2
1830,11,1.369,1.399,-0.323,0.776,-0.73,0.326,-0.603,0.205,-0.708,0.219,6.05,7.419,8.267
1830,12,0.824,1.395,-0.294,0.678,-0.741,0.331,-0.615,0.205,-0.706,0.218,3.6,4.424,8.296
1831,1,-0.23,1.969,-0.392,0.679,-0.755,0.332,-0.615,0.203,-0.715,0.219,2.56,2.33,8.198
1831,2,-0.718,2.986,-0.482,0.644,-0.761,0.33,-0.607,0.203,-0.721,0.219,3.19,2.472,8.108
1831,3,-0.75,1.593,-0.512,0.652,-0.743,0.329,-0.601,0.203,-0.73,0.218,5.29,4.54,8.078
1831,4,-0.49,1.059,-0.537,0.644,-0.756,0.33,-0.609,0.204,-0.735,0.218,8.29,7.799999999999999,8.052999999999999
1831,5,-0.301,1.233,-0.781,0.696,-0.741,0.329,-0.623,0.204,-0.737,0.217,11.28,10.979,7.809
1831,6,-0.376,1.23,-0.969,0.712,-0.727,0.339,-0.63,0.207,-0.734,0.218,13.43,13.054,7.6209999999999996
1831,7,-0.826,0.693,-1.0,0.706,-0.751,0.345,-0.638,0.205,-0.729,0.218,14.31,13.484,7.59
1831,8,-1.584,0.831,-1.063,0.575,-0.733,0.344,-0.641,0.2,-0.726,0.218,13.84,12.256,7.527
1831,9,-1.94,0.919,-1.047,0.548,-0.718,0.334,-0.643,0.201,-0.723,0.217,12.05,10.110000000000001,7.543
1831,10,-1.404,1.039,-1.039,0.52,-0.712,0.323,-0.641,0.203,-0.72,0.217,9.2,7.795999999999999,7.551
1831,11,-1.565,1.816,-1.076,0.511,-0.711,0.316,-0.663,0.205,-0.723,0.214,6.05,4.484999999999999,7.513999999999999
1831,12,-1.43,1.495,-1.118,0.513,-0.708,0.316,-0.677,0.207,-0.723,0.215,3.6,2.17,7.4719999999999995
1832,1,-0.605,1.688,-1.111,0.547,-0.712,0.317,-0.686,0.213,-0.725,0.214,2.56,1.955,7.479
1832,2,-1.471,1.315,-1.115,0.547,-0.711,0.319,-0.695,0.216,-0.73,0.213,3.19,1.7189999999999999,7.475
1832,3,-0.554,1.281,-1.091,0.551,-0.697,0.312,-0.71,0.223,-0.738,0.212,5.29,4.736,7.499
1832,4,-0.396,1.094,-1.036,0.526,-0.698,0.312,-0.736,0.224,-0.737,0.212,8.29,7.893999999999999,7.554
1832,5,-0.745,0.892,-1.068,0.462,-0.673,0.314,-0.753,0.221,-0.738,0.211,11.28,10.535,7.522
1832,6,-0.883,0.936,-1.166,0.525,-0.667,0.32,-0.764,0.227,-0.74,0.211,13.43,12.547,7.4239999999999995
1832,7,-0.745,1.452,-1.156,0.534,-0.669,0.325,-0.775,0.227,-0.741,0.212,14.31,13.565000000000001,7.434
1832,8,-1.629,1.0,-1.069,0.525,-0.686,0.318,-0.779,0.221,-0.741,0.212,13.84,12.211,7.521
1832,9,-1.651,0.858,-1.111,0.516,-0.689,0.318,-0.782,0.222,-0.74,0.212,12.05,10.399000000000001,7.479
1832,10,-0.744,1.155,-1.122,0.557,-0.705,0.307,-0.79,0.224,-0.737,0.213,9.2,8.456,7.468
1832,11,-1.95,1.173,-1.111,0.521,-0.704,0.304,-0.804,0.23,-0.736,0.212,6.05,4.1,7.479
1832,12,-2.606,1.451,-1.071,0.545,-0.715,0.306,-0.809,0.231,-0.724,0.212,3.6,0.9940000000000002,7.519
1833,1,-0.484,1.724,-1.066,0.5,-0.745,0.309,-0.82,0.233,-0.718,0.212,2.56,2.076,7.524
1833,2,-0.425,1.238,-0.988,0.49,-0.764,0.303,-0.822,0.237,-0.71,0.211,3.19,2.765,7.602
1833,3,-1.062,1.643,-0.927,0.473,-0.772,0.307,-0.837,0.242,-0.71,0.211,5.29,4.228,7.663
1833,4,-0.523,0.872,-0.979,0.515,-0.778,0.307,-0.848,0.246,-0.71,0.209,8.29,7.7669999999999995,7.611
1833,5,-0.616,0.594,-0.771,0.502,-0.835,0.295,-0.86,0.247,-0.712,0.208,11.28,10.664,7.819
1833,6,-0.402,0.876,-0.595,0.482,-0.887,0.287,-0.868,0.247,-0.717,0.208,13.43,13.028,7.995
1833,7,-0.689,1.027,-0.745,0.488,-0.894,0.276,-0.87,0.242,-0.72,0.209,14.31,13.621,7.845
1833,8,-0.687,0.856,-0.754,0.481,-0.892,0.262,-0.87,0.241,-0.719,0.209,13.84,13.153,7.836
1833,9,-0.917,1.085,-0.629,0.422,-0.879,0.256,-0.861,0.242,-0.716,0.21,12.05,11.133000000000001,7.961
1833,10,-1.365,0.774,-0.603,0.444,-0.889,0.257,-0.861,0.243,-0.712,0.211,9.2,7.834999999999999,7.987
1833,11,0.536,1.28,-0.552,0.469,-0.904,0.256,-0.866,0.244,-0.711,0.21,6.05,6.586,8.038
1833,12,-0.488,1.967,-0.57,0.485,-0.914,0.26,-0.863,0.247,-0.705,0.213,3.6,3.112,8.02
1834,1,-2.291,1.857,-0.545,0.514,-0.916,0.26,-0.857,0.251,-0.708,0.212,2.56,0.26900000000000013,8.045
1834,2,-0.529,1.353,-0.535,0.527,-0.909,0.255,-0.84,0.255,-0.71,0.212,3.19,2.661,8.055
1834,3,0.44,1.157,-0.513,0.564,-0.898,0.255,-0.858,0.255,-0.713,0.21,5.29,5.73,8.077
1834,4,-0.217,1.341,-0.459,0.599,-0.883,0.254,-0.857,0.255,-0.717,0.21,8.29,8.072999999999999,8.131
1834,5,0.002,0.764,-0.471,0.53,-0.893,0.257,-0.864,0.254,-0.722,0.21,11.28,11.282,8.119
1834,6,-0.624,0.774,-0.483,0.481,-0.879,0.264,-0.864,0.257,-0.725,0.21,13.43,12.806,8.107
1834,7,-0.388,0.634,-0.258,0.52,-0.873,0.265,-0.861,0.259,-0.728,0.211,14.31,13.922,8.332
1834,8,-0.561,0.719,-0.23,0.531,-0.857,0.273,-0.854,0.261,-0.729,0.21,13.84,13.279,8.36
1834,9,-0.651,0.86,-0.343,0.511,-0.873,0.27,-0.851,0.261,-0.731,0.21,12.05,11.399000000000001,8.247
1834,10,-0.716,0.805,-0.37,0.51,-0.901,0.267,-0.854,0.265,-0.728,0.209,9.2,8.484,8.22
1834,11,0.383,1.072,-0.457,0.505,-0.917,0.26,-0.862,0.269,-0.732,0.207,6.05,6.433,8.133
1834,12,-0.629,1.09,-0.522,0.474,-0.925,0.264,-0.874,0.274,-0.742,0.206,3.6,2.971,8.068
1835,1,0.41,1.812,-0.611,0.461,-0.93,0.263,-0.876,0.277,-0.742,0.206,2.56,2.97,7.979
1835,2,-0.191,1.534,-0.702,0.448,-0.916,0.264,-0.891,0.275,-0.748,0.207,3.19,2.999,7.888
1835,3,-0.919,1.029,-0.82,0.428,-0.909,0.267,-0.895,0.276,-0.75,0.208,5.29,4.371,7.77
1835,4,-0.536,0.989,-0.882,0.424,-0.923,0.265,-0.903,0.273,-0.754,0.208,8.29,7.754,7.708
1835,5,-1.045,0.668,-1.085,0.393,-0.92,0.272,-0.895,0.27,-0.756,0.208,11.28,10.235,7.505
1835,6,-1.408,0.815,-1.221,0.398,-0.898,0.276,-0.891,0.271,-0.759,0.208,13.43,12.022,7.369
1835,7,-1.458,0.751,-1.309,0.427,-0.942,0.28,-0.893,0.272,-0.756,0.209,14.31,12.852,7.281
1835,8,-1.644,0.695,-1.344,0.421,-0.961,0.284,-0.896,0.269,-0.754,0.21,13.84,12.196,7.2459999999999996
1835,9,-2.07,0.729,-1.265,0.413,-0.971,0.303,-0.892,0.27,-0.753,0.211,12.05,9.98,7.325
1835,10,-1.455,0.737,-1.31,0.442,-0.977,0.318,-0.897,0.269,-0.755,0.21,9.2,7.744999999999999,7.279999999999999
1835,11,-2.06,1.42,-1.323,0.467,-0.99,0.319,-0.926,0.268,-0.757,0.21,6.05,3.9899999999999998,7.2669999999999995
1835,12,-2.263,1.437,-1.289,0.43,-0.994,0.322,-0.947,0.268,-0.762,0.214,3.6,1.3370000000000002,7.301
1836,1,-0.642,1.533,-1.246,0.427,-0.985,0.316,-0.96,0.264,-0.756,0.219,2.56,1.9180000000000001,7.343999999999999
1836,2,-0.61,1.347,-1.205,0.465,-0.979,0.325,-0.958,0.262,-0.748,0.217,3.19,2.58,7.385
1836,3,0.03,1.046,-1.142,0.466,-0.979,0.336,-0.969,0.26,-0.741,0.219,5.29,5.32,7.448
1836,4,-1.08,0.926,-1.058,0.48,-0.967,0.341,-0.978,0.258,-0.744,0.222,8.29,7.209999999999999,7.532
1836,5,-1.205,0.931,-1.067,0.472,-0.991,0.336,-0.981,0.259,-0.747,0.224,11.28,10.075,7.523
1836,6,-0.998,0.847,-0.928,0.49,-0.998,0.328,-0.984,0.264,-0.747,0.222,13.43,12.432,7.662
1836,7,-0.945,0.864,-0.897,0.509,-0.963,0.341,-0.977,0.265,-0.745,0.221,14.31,13.365,7.693
1836,8,-1.15,0.973,-0.89,0.566,-0.948,0.345,-0.966,0.266,-0.741,0.219,13.84,12.69,7.7
1836,9,-1.307,0.789,-1.017,0.533,-0.999,0.344,-0.961,0.267,-0.738,0.219,12.05,10.743,7.573
1836,10,-0.456,1.072,-1.102,0.517,-1.001,0.348,-0.954,0.267,-0.739,0.221,9.2,8.744,7.4879999999999995
1836,11,-2.16,1.237,-1.143,0.476,-1.017,0.348,-0.954,0.266,-0.746,0.219,6.05,3.8899999999999997,7.447
1836,12,-0.601,1.327,-1.17,0.488,-1.019,0.348,-0.952,0.27,-0.75,0.216,3.6,2.999,7.42
1837,1,-0.267,1.67,-1.179,0.516,-1.011,0.349,-0.954,0.267,-0.752,0.216,2.56,2.293,7.411
1837,2,-0.53,1.672,-1.151,0.513,-0.998,0.352,-0.944,0.267,-0.752,0.214,3.19,2.66,7.439
1837,3,-1.494,1.64,-1.146,0.529,-1.005,0.352,-0.936,0.266,-0.759,0.215,5.29,3.7960000000000003,7.444
1837,4,-2.094,0.932,-1.24,0.546,-1.011,0.358,-0.934,0.268,-0.765,0.217,8.29,6.196,7.35
1837,5,-1.697,1.381,-1.207,0.566,-1.052,0.359,-0.935,0.268,-0.769,0.219,11.28,9.582999999999998,7.383
1837,6,-1.327,0.882,-1.261,0.568,-1.081,0.359,-0.935,0.268,-0.772,0.221,13.43,12.103,7.329
1837,7,-1.049,1.073,-1.502,0.626,-1.083,0.359,-0.936,0.269,-0.774,0.221,14.31,13.261000000000001,7.088
1837,8,-0.815,0.939,-1.587,0.615,-1.096,0.356,-0.928,0.272,-0.775,0.22,13.84,13.025,7.003
1837,9,-1.25,0.9,-1.601,0.65,-1.102,0.354,-0.925,0.274,-0.774,0.22,12.05,10.8,6.989
1837,10,-1.583,1.063,-1.502,0.69,-1.101,0.352,-0.926,0.275,-0.774,0.222,9.2,7.616999999999999,7.088
1837,11,-1.764,1.379,-1.474,0.686,-1.086,0.347,-0.921,0.276,-0.775,0.222,6.05,4.286,7.116
1837,12,-1.251,1.62,-1.419,0.657,-1.067,0.343,-0.898,0.276,-0.78,0.225,3.6,2.349,7.170999999999999
1838,1,-3.148,1.686,-1.341,0.601,-1.04,0.353,-0.889,0.277,-0.781,0.227,2.56,-0.5880000000000001,7.249
1838,2,-1.557,1.369,-1.303,0.606,-1.028,0.359,-0.879,0.279,-0.773,0.229,3.19,1.633,7.287
1838,3,-1.661,1.638,-1.277,0.622,-1.011,0.358,-0.875,0.282,-0.775,0.23,5.29,3.629,7.313
1838,4,-0.9,1.431,-1.195,0.614,-1.016,0.357,-0.875,0.283,-0.778,0.231,8.29,7.389999999999999,7.395
1838,5,-1.372,0.789,-1.122,0.586,-1.016,0.361,-0.882,0.281,-0.782,0.233,11.28,9.908,7.468
1838,6,-0.661,0.529,-1.097,0.536,-1.006,0.359,-0.888,0.281,-0.784,0.235,13.43,12.769,7.493
1838,7,-0.108,0.652,-0.852,0.55,-1.026,0.353,-0.888,0.282,-0.785,0.234,14.31,14.202,7.7379999999999995
1838,8,-0.363,0.915,-0.688,0.575,-1.024,0.353,-0.888,0.283,-0.786,0.234,13.84,13.477,7.902
1838,9,-0.936,1.001,-0.767,0.551,-1.059,0.349,-0.889,0.284,-0.782,0.235,12.05,11.114,7.8229999999999995
1838,10,-0.598,0.917,-0.724,0.538,-1.068,0.344,-0.882,0.287,-0.782,0.235,9.2,8.601999999999999,7.866
1838,11,-0.899,1.217,-0.689,0.543,-1.059,0.34,-0.897,0.289,-0.783,0.236,6.05,5.151,7.901
1838,12,-0.943,1.105,-0.694,0.54,-1.053,0.348,-0.891,0.293,-0.784,0.235,3.6,2.657,7.896
1839,1,-0.209,1.714,-0.677,0.587,-1.037,0.354,-0.877,0.299,-0.783,0.234,2.56,2.351,7.913
1839,2,0.413,1.489,-0.627,0.594,-1.023,0.357,-0.881,0.3,-0.778,0.233,3.19,3.6029999999999998,7.963
1839,3,-2.616,1.287,-0.642,0.555,-1.023,0.356,-0.89,0.294,-0.776,0.232,5.29,2.674,7.9479999999999995
1839,4,-0.374,1.018,-0.679,0.578,-1.025,0.355,-0.896,0.299,-0.779,0.232,8.29,7.9159999999999995,7.911
1839,5,-0.953,0.723,-0.778,0.578,-1.016,0.353,-0.907,0.301,-0.784,0.234,11.28,10.327,7.811999999999999
1839,6,-0.727,0.611,-0.896,0.624,-1.025,0.357,-0.908,0.301,-0.783,0.235,13.43,12.703,7.694
1839,7,0.095,0.786,-0.855,0.631,-1.034,0.357,-0.91,0.3,-0.782,0.238,14.31,14.405000000000001,7.734999999999999
1839,8,0.235,0.917,-0.972,0.582,-1.031,0.354,-0.914,0.298,-0.781,0.24,13.84,14.075,7.618
1839,9,-1.115,1.025,-0.859,0.598,-0.999,0.342,-0.919,0.299,-0.78,0.241,12.05,10.935,7.731
1839,10,-1.034,0.962,-0.867,0.58,-0.967,0.341,-0.918,0.3,-0.778,0.242,9.2,8.165999999999999,7.723
1839,11,-2.089,1.131,-0.801,0.573,-0.952,0.339,-0.935,0.298,-0.774,0.243,6.05,3.961,7.789
1839,12,-2.366,1.287,-0.762,0.565,-0.946,0.332,-0.945,0.299,-0.777,0.242,3.6,1.234,7.827999999999999
1840,1,0.287,1.468,-0.759,0.525,-0.942,0.333,-0.948,0.302,-0.787,0.24,2.56,2.847,7.8309999999999995
1840,2,-0.995,1.203,-0.851,0.493,-0.941,0.335,-0.96,0.303,-0.791,0.238,3.19,2.195,7.739
1840,3,-1.253,1.602,-0.85,0.46,-0.94,0.336,-0.959,0.301,-0.789,0.238,5.29,4.037,7.74
1840,4,-0.478,0.831,-0.908,0.428,-0.929,0.34,-0.957,0.301,-0.796,0.238,8.29,7.811999999999999,7.6819999999999995
1840,5,-0.156,0.91,-0.905,0.407,-0.921,0.342,-0.956,0.299,-0.797,0.24,11.28,11.123999999999999,7.685
1840,6,-0.259,0.956,-0.848,0.391,-0.899,0.341,-0.951,0.296,-0.795,0.241,13.43,13.171,7.742
1840,7,0.13,0.827,-1.023,0.395,-0.836,0.335,-0.94,0.301,-0.796,0.241,14.31,14.440000000000001,7.567
1840,8,-0.87,0.948,-0.982,0.446,-0.797,0.332,-0.93,0.306,-0.794,0.244,13.84,12.97,7.608
1840,9,-1.098,0.619,-1.051,0.445,-0.779,0.323,-0.921,0.307,-0.79,0.244,12.05,10.952,7.539
1840,10,-1.73,0.686,-1.144,0.443,-0.773,0.313,-0.921,0.305,-0.79,0.244,9.2,7.469999999999999,7.446
1840,11,-2.057,1.125,-1.188,0.459,-0.773,0.306,-0.912,0.304,-0.802,0.243,6.05,3.993,7.402
1840,12,-1.683,0.991,-1.219,0.518,-0.782,0.304,-0.909,0.305,-0.81,0.24,3.6,1.917,7.3709999999999996
1841,1,-1.813,1.556,-1.228,0.512,-0.791,0.314,-0.897,0.31,-0.809,0.241,2.56,0.7470000000000001,7.362
1841,2,-0.502,1.645,-1.185,0.48,-0.797,0.31,-0.889,0.303,-0.808,0.242,3.19,2.6879999999999997,7.404999999999999
1841,3,-2.075,1.344,-1.199,0.492,-0.798,0.308,-0.881,0.305,-0.81,0.245,5.29,3.215,7.391
1841,4,-1.597,1.027,-1.106,0.504,-0.797,0.317,-0.878,0.306,-0.812,0.248,8.29,6.693,7.484
1841,5,-0.687,0.594,-1.066,0.484,-0.803,0.32,-0.871,0.306,-0.812,0.251,11.28,10.593,7.524
1841,6,-0.626,0.832,-1.02,0.485,-0.784,0.323,-0.863,0.304,-0.812,0.253,13.43,12.804,7.57
1841,7,0.015,0.647,-0.941,0.51,-0.79,0.32,-0.852,0.304,-0.808,0.253,14.31,14.325000000000001,7.649
1841,8,-0.349,0.796,-0.926,0.475,-0.814,0.321,-0.841,0.301,-0.803,0.254,13.84,13.491,7.664
1841,9,-1.27,0.789,-0.719,0.436,-0.78,0.307,-0.833,0.3,-0.797,0.255,12.05,10.780000000000001,7.8709999999999996
1841,10,-0.609,0.728,-0.597,0.473,-0.791,0.314,-0.838,0.304,-0.792,0.258,9.2,8.591,7.993
1841,11,-1.576,1.093,-0.607,0.467,-0.796,0.317,-0.828,0.304,-0.79,0.261,6.05,4.474,7.983
1841,12,-1.137,1.262,-0.634,0.432,-0.797,0.312,-0.822,0.298,-0.786,0.264,3.6,2.463,7.9559999999999995
1842,1,-0.86,2.091,-0.707,0.445,-0.809,0.312,-0.818,0.295,-0.784,0.267,2.56,1.7000000000000002,7.883
1842,2,-0.322,1.467,-0.738,0.452,-0.83,0.308,-0.81,0.291,-0.781,0.271,3.19,2.868,7.852
1842,3,0.405,1.015,-0.732,0.454,-0.832,0.307,-0.808,0.289,-0.785,0.274,5.29,5.695,7.858
1842,4,-0.135,1.062,-0.757,0.465,-0.824,0.306,-0.794,0.291,-0.787,0.276,8.29,8.155,7.833
1842,5,-0.804,0.664,-0.735,0.463,-0.819,0.301,-0.786,0.291,-0.785,0.278,11.28,10.475999999999999,7.8549999999999995
1842,6,-0.955,0.75,-0.631,0.466,-0.809,0.308,-0.78,0.292,-0.783,0.281,13.43,12.475,7.959
1842,7,-0.852,0.683,-0.511,0.465,-0.812,0.316,-0.773,0.29,-0.78,0.282,14.31,13.458,8.079
1842,8,-0.721,0.852,-0.419,0.455,-0.823,0.326,-0.771,0.289,-0.777,0.283,13.84,13.119,8.171
1842,9,-1.205,0.826,-0.498,0.451,-0.817,0.326,-0.766,0.289,-0.773,0.284,12.05,10.845,8.092
1842,10,-0.905,0.776,-0.534,0.433,-0.813,0.324,-0.758,0.289,-0.771,0.284,9.2,8.295,8.056
1842,11,-1.309,0.849,-0.582,0.429,-0.826,0.324,-0.747,0.288,-0.769,0.286,6.05,4.741,8.008
1842,12,0.107,0.994,-0.6,0.422,-0.834,0.329,-0.752,0.291,-0.757,0.288,3.6,3.7070000000000003,7.99
1843,1,0.574,1.387,-0.582,0.415,-0.839,0.329,-0.742,0.288,-0.757,0.291,2.56,3.134,8.008
1843,2,0.786,1.142,-0.586,0.404,-0.833,0.326,-0.723,0.286,-0.76,0.295,3.19,3.976,8.004
1843,3,-0.542,1.237,-0.565,0.402,-0.83,0.326,-0.713,0.278,-0.761,0.296,5.29,4.748,8.025
1843,4,-0.568,0.679,-0.537,0.401,-0.826,0.324,-0.708,0.273,-0.762,0.3,8.29,7.7219999999999995,8.052999999999999
1843,5,-1.383,0.647,-0.533,0.392,-0.808,0.32,-0.703,0.274,-0.761,0.301,11.28,9.896999999999998,8.057
1843,6,-1.169,0.584,-0.523,0.402,-0.813,0.329,-0.7,0.278,-0.76,0.304,13.43,12.261,8.067
1843,7,-0.632,0.785,-0.619,0.422,-0.768,0.329,-0.699,0.282,-0.756,0.302,14.31,13.678,7.971
1843,8,-0.771,0.547,-0.772,0.419,-0.754,0.312,-0.702,0.281,-0.753,0.303,13.84,13.068999999999999,7.818
1843,9,-0.95,0.808,-0.775,0.397,-0.702,0.315,-0.703,0.281,-0.751,0.302,12.05,11.100000000000001,7.8149999999999995
1843,10,-0.569,0.827,-0.811,0.418,-0.689,0.322,-0.703,0.285,-0.748,0.305,9.2,8.631,7.779
1843,11,-1.261,0.92,-0.801,0.43,-0.684,0.325,-0.701,0.291,-0.756,0.306,6.05,4.789,7.789
1843,12,0.218,1.044,-0.77,0.44,-0.674,0.312,-0.706,0.291,-0.757,0.308,3.6,3.818,7.82
1844,1,-0.568,1.458,-0.771,0.427,-0.667,0.309,-0.709,0.285,-0.752,0.309,2.56,1.992,7.819
1844,2,-1.051,1.202,-0.791,0.431,-0.659,0.306,-0.716,0.282,-0.756,0.311,3.19,2.1390000000000002,7.7989999999999995
1844,3,-0.586,1.186,-0.816,0.424,-0.644,0.301,-0.694,0.277,-0.76,0.311,5.29,4.704,7.774
1844,4,-0.992,1.064,-0.815,0.424,-0.651,0.308,-0.702,0.28,-0.761,0.309,8.29,7.297999999999999,7.775
1844,5,-1.261,0.713,-0.857,0.44,-0.64,0.309,-0.704,0.284,-0.762,0.311,11.28,10.019,7.733
1844,6,-0.802,0.79,-1.021,0.463,-0.62,0.302,-0.702,0.284,-0.763,0.31,13.43,12.628,7.569
1844,7,-0.651,0.539,-0.968,0.475,-0.602,0.291,-0.703,0.287,-0.76,0.311,14.31,13.659,7.622
1844,8,-1.001,0.604,-1.016,0.498,-0.589,0.285,-0.709,0.288,-0.758,0.31,13.84,12.839,7.574
1844,9,-1.253,0.761,-1.04,0.502,-0.617,0.288,-0.708,0.287,-0.758,0.31,12.05,10.797,7.55
1844,10,-0.554,0.674,-0.98,0.468,-0.621,0.291,-0.702,0.286,-0.752,0.31,9.2,8.645999999999999,7.609999999999999
1844,11,-1.773,1.044,-0.952,0.461,-0.619,0.297,-0.686,0.285,-0.755,0.31,6.05,4.277,7.638
1844,12,-1.75,1.153,-0.947,0.473,-0.614,0.303,-0.68,0.283,-0.752,0.31,3.6,1.85,7.643
1845,1,0.067,1.491,-0.909,0.469,-0.604,0.301,-0.698,0.281,-0.753,0.312,2.56,2.6270000000000002,7.681
1845,2,-1.619,1.399,-0.864,0.477,-0.602,0.304,-0.69,0.284,-0.753,0.309,3.19,1.571,7.726
1845,3,-0.877,1.07,-0.839,0.461,-0.591,0.302,-0.683,0.281,-0.752,0.308,5.29,4.413,7.7509999999999994
1845,4,-0.274,0.645,-0.918,0.469,-0.587,0.301,-0.689,0.281,-0.748,0.304,8.29,8.015999999999998,7.672
1845,5,-0.918,0.699,-0.852,0.455,-0.572,0.301,-0.698,0.284,-0.744,0.305,11.28,10.362,7.7379999999999995
1845,6,-0.751,0.585,-0.867,0.46,-0.605,0.31,-0.699,0.29,-0.74,0.304,13.43,12.679,7.723
1845,7,-0.188,0.804,-0.803,0.458,-0.647,0.305,-0.7,0.292,-0.736,0.306,14.31,14.122,7.787
1845,8,-0.456,0.786,-0.64,0.42,-0.648,0.3,-0.692,0.293,-0.731,0.307,13.84,13.384,7.95
1845,9,-0.958,0.659,-0.477,0.424,-0.648,0.294,-0.688,0.293,-0.726,0.305,12.05,11.092,8.113
1845,10,-1.507,1.118,-0.522,0.495,-0.643,0.294,-0.684,0.294,-0.723,0.307,9.2,7.693,8.068
1845,11,-0.98,0.972,-0.477,0.537,-0.633,0.298,-0.678,0.292,-0.718,0.306,6.05,5.07,8.113
1845,12,-1.924,1.664,-0.419,0.525,-0.619,0.308,-0.673,0.29,-0.715,0.303,3.6,1.6760000000000002,8.171
1846,1,0.829,2.299,-0.367,0.492,-0.608,0.307,-0.658,0.292,-0.711,0.304,2.56,3.3890000000000002,8.222999999999999
1846,2,0.343,1.542,-0.315,0.463,-0.606,0.309,-0.659,0.289,-0.712,0.309,3.19,3.533,8.275
1846,3,1.071,1.024,-0.266,0.466,-0.609,0.309,-0.651,0.291,-0.716,0.309,5.29,6.361,8.324
1846,4,-0.81,1.626,-0.226,0.532,-0.608,0.306,-0.647,0.296,-0.713,0.307,8.29,7.479999999999999,8.363999999999999
1846,5,-0.374,0.86,-0.223,0.537,-0.6,0.314,-0.643,0.301,-0.711,0.306,11.28,10.905999999999999,8.366999999999999
1846,6,-0.055,0.831,-0.059,0.445,-0.628,0.312,-0.64,0.299,-0.706,0.307,13.43,13.375,8.531
1846,7,0.429,0.562,-0.107,0.407,-0.628,0.306,-0.64,0.3,-0.702,0.308,14.31,14.739,8.483
1846,8,0.174,0.57,-0.096,0.426,-0.617,0.301,-0.639,0.3,-0.701,0.309,13.84,14.014,8.494
1846,9,-0.377,0.623,-0.296,0.445,-0.607,0.305,-0.633,0.301,-0.7,0.31,12.05,11.673,8.294
1846,10,-1.023,1.072,-0.257,0.427,-0.613,0.309,-0.629,0.303,-0.703,0.31,9.2,8.177,8.333
1846,11,-0.947,0.951,-0.286,0.431,-0.612,0.313,-0.626,0.31,-0.697,0.31,6.05,5.103,8.304
1846,12,0.049,1.32,-0.336,0.446,-0.608,0.314,-0.62,0.313,-0.696,0.309,3.6,3.649,8.254
1847,1,0.251,1.327,-0.389,0.448,-0.597,0.319,-0.615,0.317,-0.697,0.311,2.56,2.811,8.201
1847,2,0.471,1.668,-0.453,0.454,-0.587,0.325,-0.618,0.323,-0.699,0.31,3.19,3.661,8.137
1847,3,-1.326,1.358,-0.471,0.461,-0.584,0.328,-0.635,0.332,-0.696,0.307,5.29,3.964,8.119
1847,4,-0.342,0.974,-0.438,0.446,-0.58,0.332,-0.641,0.336,-0.694,0.307,8.29,7.9479999999999995,8.152
1847,5,-0.718,0.899,-0.396,0.451,-0.554,0.341,-0.635,0.341,-0.693,0.306,11.28,10.562,8.193999999999999
1847,6,-0.657,0.779,-0.553,0.504,-0.552,0.34,-0.631,0.345,-0.691,0.307,13.43,12.773,8.036999999999999
1847,7,-0.208,0.565,-0.738,0.524,-0.583,0.338,-0.624,0.345,-0.688,0.308,14.31,14.102,7.852
1847,8,-0.592,0.705,-0.718,0.514,-0.557,0.346,-0.625,0.344,-0.687,0.309,13.84,13.248,7.872
1847,9,-0.593,0.756,-0.652,0.493,-0.55,0.351,-0.621,0.342,-0.686,0.308,12.05,11.457,7.938
1847,10,-0.623,0.689,-0.647,0.473,-0.564,0.357,-0.616,0.34,-0.683,0.31,9.2,8.577,7.943
1847,11,-0.446,1.083,-0.649,0.473,-0.57,0.366,-0.617,0.344,-0.679,0.312,6.05,5.604,7.941
1847,12,-1.841,1.052,-0.622,0.478,-0.565,0.377,-0.616,0.346,-0.673,0.312,3.6,1.7590000000000001,7.968
1848,1,-1.964,1.309,-0.604,0.485,-0.56,0.373,-0.625,0.351,-0.66,0.31,2.56,0.5960000000000001,7.986
1848,2,0.714,1.216,-0.608,0.49,-0.551,0.374,-0.64,0.357,-0.657,0.309,3.19,3.904,7.982
1848,3,-0.536,1.018,-0.652,0.496,-0.546,0.374,-0.647,0.353,-0.652,0.306,5.29,4.754,7.938
1848,4,-0.282,0.828,-0.643,0.507,-0.541,0.381,-0.648,0.361,-0.648,0.303,8.29,8.008,7.947
1848,5,-0.742,0.852,-0.669,0.551,-0.548,0.38,-0.64,0.366,-0.644,0.302,11.28,10.538,7.920999999999999
1848,6,-0.341,0.939,-0.638,0.543,-0.533,0.358,-0.632,0.371,-0.642,0.303,13.43,13.089,7.952
1848,7,0.02,0.62,-0.523,0.513,-0.547,0.348,-0.624,0.368,-0.643,0.306,14.31,14.33,8.067
1848,8,-0.641,0.59,-0.618,0.52,-0.563,0.361,-0.617,0.369,-0.644,0.304,13.84,13.199,7.9719999999999995
1848,9,-1.124,0.789,-0.572,0.537,-0.6,0.365,-0.614,0.368,-0.644,0.302,12.05,10.926,8.018
1848,10,-0.515,0.763,-0.658,0.551,-0.604,0.361,-0.614,0.368,-0.643,0.304,9.2,8.684999999999999,7.9319999999999995
1848,11,-0.762,0.897,-0.695,0.551,-0.603,0.368,-0.615,0.368,-0.639,0.305,6.05,5.288,7.895
1848,12,-1.473,0.988,-0.713,0.545,-0.606,0.379,-0.622,0.368,-0.64,0.306,3.6,2.127,7.877
1849,1,-0.58,1.206,-0.717,0.55,-0.612,0.384,-0.628,0.365,-0.641,0.304,2.56,1.98,7.873
1849,2,-0.419,1.379,-0.698,0.556,-0.62,0.392,-0.63,0.368,-0.645,0.302,3.19,2.771,7.8919999999999995
1849,3,0.012,1.174,-0.69,0.548,-0.622,0.396,-0.63,0.374,-0.635,0.299,5.29,5.302,7.9
1849,4,-1.318,0.992,-0.676,0.538,-0.607,0.395,-0.626,0.37,-0.632,0.297,8.29,6.9719999999999995,7.914
1849,5,-1.182,0.87,-0.627,0.544,-0.611,0.406,-0.618,0.37,-0.627,0.297,11.28,10.097999999999999,7.963
1849,6,-0.557,0.789,-0.642,0.511,-0.62,0.428,-0.617,0.37,-0.624,0.295,13.43,12.873,7.9479999999999995
1849,7,-0.026,0.916,-0.744,0.513,-0.627,0.448,-0.61,0.369,-0.626,0.293,14.31,14.284,7.846
1849,8,-0.41,0.722,-0.712,0.529,-0.648,0.463,-0.602,0.371,-0.629,0.291,13.84,13.43,7.878
1849,9,-1.031,0.702,-0.752,0.536,-0.652,0.467,-0.597,0.37,-0.628,0.289,12.05,11.019,7.838
1849,10,-0.352,0.688,-0.735,0.534,-0.661,0.467,-0.587,0.372,-0.624,0.285,9.2,8.847999999999999,7.8549999999999995
1849,11,-0.174,0.937,-0.746,0.521,-0.652,0.472,-0.574,0.377,-0.616,0.283,6.05,5.8759999999999994,7.843999999999999
1849,12,-1.649,1.066,-0.734,0.528,-0.648,0.474,-0.56,0.376,-0.607,0.285,3.6,1.951,7.856
1850,1,-1.802,1.056,-0.722,0.501,-0.645,0.477,-0.559,0.383,-0.611,0.284,2.56,0.758,7.868
1850,2,-0.038,1.291,-0.68,0.519,-0.648,0.477,-0.546,0.378,-0.61,0.288,3.19,3.152,7.91
1850,3,-0.471,1.132,-0.65,0.505,-0.65,0.476,-0.544,0.377,-0.612,0.286,5.29,4.819,7.9399999999999995
1850,4,-1.119,0.901,-0.722,0.476,-0.645,0.474,-0.539,0.37,-0.612,0.284,8.29,7.170999999999999,7.868
1850,5,-1.305,0.725,-0.822,0.429,-0.662,0.492,-0.532,0.375,-0.613,0.284,11.28,9.975,7.768
1850,6,-0.412,0.833,-0.774,0.438,-0.627,0.493,-0.529,0.377,-0.612,0.284,13.43,13.017999999999999,7.816
1850,7,0.12,0.62,-0.625,0.458,-0.604,0.498,-0.532,0.374,-0.613,0.282,14.31,14.43,7.965
1850,8,0.088,0.911,-0.673,0.427,-0.632,0.509,-0.532,0.369,-0.609,0.279,13.84,13.927999999999999,7.917
1850,9,-0.67,0.575,-0.729,0.448,-0.645,0.509,-0.531,0.366,-0.605,0.278,12.05,11.38,7.861
1850,10,-1.212,0.577,-0.724,0.499,-0.653,0.519,-0.524,0.372,-0.6,0.278,9.2,7.9879999999999995,7.866
1850,11,-1.382,0.868,-0.64,0.536,-0.647,0.521,-0.523,0.373,-0.596,0.279,6.05,4.668,7.95
1850,12,-1.065,0.868,-0.625,0.522,-0.644,0.517,-0.52,0.36,-0.597,0.282,3.6,2.535,7.965
1851,1,-0.012,1.147,-0.63,0.517,-0.64,0.51,-0.524,0.353,-0.598,0.286,2.56,2.548,7.96
1851,2,-0.618,1.045,-0.661,0.509,-0.628,0.509,-0.534,0.371,-0.6,0.285,3.19,2.572,7.929
1851,3,-1.146,1.009,-0.646,0.524,-0.618,0.5,-0.551,0.369,-0.595,0.285,5.29,4.144,7.944
1851,4,-1.051,1.245,-0.559,0.569,-0.621,0.503,-0.548,0.36,-0.592,0.282,8.29,7.238999999999999,8.031
1851,5,-0.299,1.237,-0.541,0.64,-0.631,0.493,-0.55,0.357,-0.592,0.281,11.28,10.981,8.049
1851,6,-0.238,0.547,-0.49,0.711,-0.616,0.497,-0.549,0.363,-0.591,0.279,13.43,13.192,8.1
1851,7,0.058,0.532,-0.508,0.755,-0.629,0.496,-0.553,0.364,-0.592,0.278,14.31,14.368,8.082
1851,8,-0.277,0.722,-0.52,0.799,-0.643,0.505,-0.561,0.369,-0.591,0.275,13.84,13.563,8.07
1851,9,-0.493,0.753,-0.554,0.823,-0.652,0.506,-0.567,0.373,-0.588,0.274,12.05,11.557,8.036
1851,10,-0.17,0.936,-0.54,0.788,-0.639,0.494,-0.568,0.368,-0.589,0.272,9.2,9.03,8.05
1851,11,-1.164,1.182,-0.528,0.779,-0.624,0.488,-0.567,0.368,-0.584,0.27,6.05,4.886,8.062
1851,12,-0.457,1.132,-0.545,0.807,-0.627,0.482,-0.569,0.372,-0.581,0.269,3.6,3.1430000000000002,8.045
1852,1,-0.224,1.492,-0.554,0.812,-0.623,0.473,-0.577,0.38,-0.586,0.27,2.56,2.336,8.036
1852,2,-0.767,1.36,-0.596,0.783,-0.618,0.47,-0.588,0.383,-0.591,0.269,3.19,2.423,7.994
1852,3,-1.544,1.314,-0.612,0.779,-0.609,0.464,-0.584,0.376,-0.597,0.271,5.29,3.746,7.978
1852,4,-0.892,1.007,-0.624,0.737,-0.593,0.463,-0.593,0.374,-0.601,0.272,8.29,7.397999999999999,7.966
1852,5,-0.157,1.19,-0.649,0.728,-0.594,0.459,-0.6,0.372,-0.6,0.27,11.28,11.123,7.941
1852,6,-0.439,0.801,-0.593,0.679,-0.567,0.462,-0.601,0.372,-0.598,0.27,13.43,12.991,7.997
1852,7,-0.05,0.593,-0.62,0.657,-0.535,0.474,-0.603,0.375,-0.595,0.268,14.31,14.26,7.97
1852,8,-0.784,0.57,-0.639,0.657,-0.535,0.456,-0.603,0.378,-0.595,0.266,13.84,13.056,7.951
1852,9,-0.677,0.626,-0.62,0.6,-0.538,0.451,-0.605,0.376,-0.594,0.264,12.05,11.373000000000001,7.97
1852,10,-0.319,0.552,-0.607,0.632,-0.514,0.433,-0.608,0.377,-0.594,0.261,9.2,8.880999999999998,7.983
1852,11,-1.469,0.994,-0.627,0.615,-0.493,0.432,-0.611,0.383,-0.594,0.26,6.05,4.5809999999999995,7.963
1852,12,0.222,0.947,-0.604,0.613,-0.494,0.423,-0.595,0.382,-0.602,0.261,3.6,3.822,7.986
1853,1,-0.543,1.282,-0.575,0.582,-0.505,0.42,-0.578,0.381,-0.602,0.26,2.56,2.017,8.015
1853,2,-1.004,1.618,-0.506,0.58,-0.513,0.407,-0.592,0.379,-0.605,0.255,3.19,2.186,8.084
1853,3,-1.318,0.743,-0.495,0.556,-0.516,0.401,-0.591,0.379,-0.605,0.253,5.29,3.972,8.095
1853,4,-0.731,1.275,-0.522,0.594,-0.508,0.405,-0.589,0.377,-0.603,0.25,8.29,7.558999999999999,8.068
1853,5,-0.399,0.884,-0.513,0.532,-0.499,0.408,-0.585,0.374,-0.598,0.251,11.28,10.881,8.077
1853,6,-0.155,0.778,-0.583,0.529,-0.506,0.407,-0.584,0.371,-0.594,0.25,13.43,13.275,8.007
1853,7,0.287,0.382,-0.647,0.461,-0.501,0.407,-0.588,0.371,-0.593,0.248,14.31,14.597000000000001,7.943
1853,8,0.053,0.492,-0.671,0.427,-0.506,0.427,-0.586,0.369,-0.592,0.248,13.84,13.893,7.919
1853,9,-0.545,0.488,-0.606,0.431,-0.501,0.419,-0.584,0.366,-0.592,0.247,12.05,11.505,7.984
1853,10,-0.648,0.847,-0.588,0.349,-0.491,0.404,-0.583,0.365,-0.594,0.245,9.2,8.552,8.002
1853,11,-1.355,0.88,-0.578,0.326,-0.497,0.392,-0.577,0.362,-0.591,0.244,6.05,4.695,8.012
1853,12,-0.62,0.765,-0.628,0.313,-0.491,0.39,-0.574,0.366,-0.594,0.244,3.6,2.98,7.962
1854,1,-1.316,0.997,-0.632,0.321,-0.493,0.387,-0.573,0.367,-0.596,0.243,2.56,1.244,7.958
1854,2,-1.291,1.122,-0.645,0.326,-0.502,0.39,-0.573,0.366,-0.593,0.244,3.19,1.899,7.945
1854,3,-0.531,0.824,-0.645,0.328,-0.513,0.393,-0.576,0.362,-0.594,0.246,5.29,4.759,7.945
1854,4,-0.523,0.614,-0.537,0.311,-0.529,0.385,-0.562,0.355,-0.593,0.245,8.29,7.7669999999999995,8.052999999999999
1854,5,-0.277,0.575,-0.446,0.337,-0.523,0.371,-0.55,0.352,-0.588,0.244,11.28,11.003,8.144
1854,6,-0.754,0.475,-0.396,0.319,-0.519,0.355,-0.546,0.348,-0.585,0.243,13.43,12.676,8.193999999999999
1854,7,0.238,0.495,-0.273,0.379,-0.526,0.35,-0.548,0.34,-0.582,0.241,14.31,14.548,8.317
1854,8,-0.1,0.579,-0.173,0.341,-0.527,0.337,-0.549,0.337,-0.58,0.24,13.84,13.74,8.417
1854,9,-0.546,0.5,-0.18,0.333,-0.516,0.321,-0.547,0.333,-0.577,0.239,12.05,11.504000000000001,8.41
1854,10,0.642,0.674,-0.111,0.31,-0.526,0.316,-0.546,0.327,-0.577,0.239,9.2,9.841999999999999,8.479
1854,11,-0.26,0.902,-0.091,0.313,-0.548,0.309,-0.546,0.322,-0.573,0.24,6.05,5.79,8.499
1854,12,-0.019,1.049,-0.066,0.299,-0.554,0.308,-0.534,0.332,-0.572,0.24,3.6,3.581,8.524
1855,1,0.158,1.331,-0.132,0.301,-0.561,0.31,-0.525,0.335,-0.571,0.241,2.56,2.718,8.458
1855,2,-0.086,1.372,-0.156,0.291,-0.558,0.315,-0.53,0.336,-0.568,0.243,3.19,3.104,8.434
1855,3,-0.617,0.793,-0.185,0.282,-0.561,0.314,-0.542,0.337,-0.57,0.245,5.29,4.673,8.405
1855,4,0.305,0.937,-0.296,0.301,-0.571,0.318,-0.536,0.332,-0.572,0.245,8.29,8.594999999999999,8.294
1855,5,-0.037,0.795,-0.345,0.291,-0.559,0.312,-0.527,0.327,-0.57,0.245,11.28,11.242999999999999,8.245
1855,6,-0.458,0.482,-0.469,0.277,-0.563,0.311,-0.524,0.322,-0.568,0.246,13.43,12.972,8.121
1855,7,-0.545,0.553,-0.457,0.275,-0.553,0.303,-0.526,0.315,-0.567,0.243,14.31,13.765,8.133
1855,8,-0.39,0.542,-0.524,0.313,-0.551,0.287,-0.526,0.308,-0.566,0.241,13.84,13.45,8.065999999999999
1855,9,-0.891,0.463,-0.547,0.325,-0.536,0.286,-0.522,0.305,-0.563,0.24,12.05,11.159,8.043
1855,10,-0.693,0.74,-0.61,0.366,-0.524,0.272,-0.516,0.305,-0.557,0.243,9.2,8.507,7.9799999999999995
1855,11,-0.855,0.637,-0.658,0.35,-0.524,0.265,-0.514,0.309,-0.552,0.246,6.05,5.195,7.9319999999999995
1855,12,-1.498,0.986,-0.613,0.356,-0.524,0.264,-0.522,0.317,-0.548,0.242,3.6,2.1020000000000003,7.977
1856,1,0.291,1.055,-0.57,0.351,-0.535,0.269,-0.539,0.323,-0.55,0.238,2.56,2.851,8.02
1856,2,-0.889,1.715,-0.607,0.405,-0.545,0.268,-0.541,0.325,-0.555,0.245,3.19,2.301,7.983
1856,3,-0.891,0.736,-0.63,0.46,-0.55,0.27,-0.539,0.321,-0.563,0.246,5.29,4.399,7.96
1856,4,-0.444,0.592,-0.666,0.447,-0.545,0.266,-0.537,0.308,-0.562,0.243,8.29,7.845999999999999,7.9239999999999995
1856,5,-0.619,0.75,-0.66,0.438,-0.524,0.266,-0.541,0.301,-0.562,0.241,11.28,10.661,7.93
1856,6,0.087,0.856,-0.552,0.441,-0.531,0.267,-0.542,0.299,-0.564,0.243,13.43,13.517,8.038
1856,7,-0.037,0.416,-0.631,0.45,-0.517,0.27,-0.544,0.296,-0.565,0.244,14.31,14.273,7.959
1856,8,-0.827,0.903,-0.629,0.37,-0.504,0.259,-0.542,0.291,-0.567,0.243,13.84,13.013,7.961
1856,9,-1.171,0.852,-0.628,0.357,-0.501,0.251,-0.544,0.287,-0.567,0.244,12.05,10.879000000000001,7.962
1856,10,-1.124,0.494,-0.715,0.371,-0.486,0.249,-0.55,0.28,-0.565,0.242,9.2,8.075999999999999,7.875
1856,11,-0.776,0.745,-0.784,0.376,-0.477,0.249,-0.542,0.27,-0.561,0.242,6.05,5.274,7.806
1856,12,-0.208,0.923,-0.862,0.398,-0.465,0.247,-0.543,0.265,-0.56,0.246,3.6,3.392,7.728
1857,1,-0.661,1.185,-0.895,0.421,-0.473,0.242,-0.558,0.261,-0.562,0.248,2.56,1.899,7.695
1857,2,-0.857,0.938,-0.876,0.413,-0.48,0.239,-0.564,0.253,-0.566,0.25,3.19,2.333,7.7139999999999995
1857,3,-0.883,0.685,-0.851,0.391,-0.485,0.238,-0.56,0.248,-0.564,0.248,5.29,4.407,7.739
1857,4,-1.482,0.697,-0.835,0.405,-0.499,0.229,-0.562,0.245,-0.563,0.245,8.29,6.807999999999999,7.755
1857,5,-1.447,0.702,-0.834,0.431,-0.497,0.219,-0.564,0.238,-0.563,0.242,11.28,9.832999999999998,7.756
1857,6,-0.852,0.706,-0.814,0.452,-0.501,0.232,-0.564,0.233,-0.561,0.241,13.43,12.578,7.776
1857,7,-0.438,0.71,-0.753,0.425,-0.515,0.226,-0.566,0.23,-0.56,0.239,14.31,13.872,7.837
1857,8,-0.597,0.787,-0.759,0.427,-0.524,0.24,-0.565,0.229,-0.558,0.239,13.84,13.243,7.8309999999999995
1857,9,-0.866,0.737,-0.721,0.432,-0.546,0.248,-0.567,0.228,-0.556,0.238,12.05,11.184000000000001,7.869
1857,10,-0.936,0.685,-0.598,0.42,-0.558,0.254,-0.572,0.224,-0.553,0.238,9.2,8.264,7.992
1857,11,-0.759,0.807,-0.508,0.397,-0.561,0.246,-0.57,0.219,-0.548,0.236,6.05,5.2909999999999995,8.082
1857,12,0.026,0.681,-0.45,0.395,-0.555,0.245,-0.588,0.22,-0.54,0.23,3.6,3.626,8.14
1858,1,0.069,1.014,-0.448,0.376,-0.547,0.235,-0.579,0.213,-0.535,0.227,2.56,2.629,8.142
1858,2,-0.925,0.762,-0.441,0.34,-0.54,0.235,-0.569,0.199,-0.544,0.227,3.19,2.2649999999999997,8.149
1858,3,-0.43,0.709,-0.438,0.33,-0.528,0.237,-0.563,0.198,-0.545,0.228,5.29,4.86,8.152
1858,4,-0.008,0.652,-0.39,0.324,-0.525,0.233,-0.558,0.187,-0.545,0.224,8.29,8.282,8.2
1858,5,-0.363,0.56,-0.333,0.299,-0.529,0.238,-0.555,0.182,-0.542,0.221,11.28,10.917,8.257
1858,6,-0.156,0.594,-0.423,0.312,-0.537,0.254,-0.556,0.178,-0.541,0.219,13.43,13.274,8.167
1858,7,-0.415,0.513,-0.472,0.308,-0.577,0.262,-0.562,0.178,-0.54,0.217,14.31,13.895000000000001,8.118
1858,8,-0.514,0.431,-0.434,0.309,-0.577,0.248,-0.567,0.178,-0.538,0.217,13.84,13.326,8.156
1858,9,-0.823,0.553,-0.427,0.283,-0.577,0.249,-0.571,0.178,-0.536,0.214,12.05,11.227,8.163
1858,10,-0.365,0.582,-0.397,0.249,-0.582,0.24,-0.573,0.175,-0.533,0.213,9.2,8.834999999999999,8.193
1858,11,-0.077,0.656,-0.344,0.248,-0.585,0.237,-0.567,0.174,-0.534,0.212,6.05,5.973,8.246
1858,12,-1.058,0.757,-0.333,0.235,-0.594,0.238,-0.567,0.173,-0.529,0.212,3.6,2.542,8.257
1859,1,-0.508,0.875,-0.321,0.232,-0.596,0.234,-0.563,0.174,-0.529,0.213,2.56,2.052,8.269
1859,2,-0.471,0.793,-0.318,0.237,-0.583,0.225,-0.557,0.175,-0.525,0.211,3.19,2.719,8.272
1859,3,-0.355,0.823,-0.323,0.234,-0.574,0.219,-0.558,0.176,-0.53,0.211,5.29,4.9350000000000005,8.267
1859,4,0.363,0.568,-0.31,0.245,-0.57,0.214,-0.56,0.177,-0.526,0.208,8.29,8.652999999999999,8.28
1859,5,0.271,0.556,-0.315,0.248,-0.561,0.208,-0.558,0.177,-0.521,0.205,11.28,11.551,8.275
1859,6,-0.026,0.447,-0.246,0.225,-0.568,0.212,-0.552,0.177,-0.518,0.206,13.43,13.404,8.344
1859,7,-0.278,0.513,-0.261,0.225,-0.59,0.211,-0.554,0.176,-0.518,0.203,14.31,14.032,8.329
1859,8,-0.478,0.486,-0.275,0.248,-0.601,0.211,-0.557,0.175,-0.516,0.203,13.84,13.362,8.315
1859,9,-0.874,0.454,-0.405,0.289,-0.603,0.215,-0.557,0.174,-0.51,0.202,12.05,11.176,8.185
1859,10,-0.211,0.597,-0.472,0.296,-0.598,0.214,-0.567,0.173,-0.51,0.201,9.2,8.988999999999999,8.118
1859,11,-0.135,0.712,-0.514,0.299,-0.58,0.208,-0.572,0.17,-0.51,0.199,6.05,5.915,8.076
1859,12,-0.239,1.549,-0.519,0.3,-0.574,0.202,-0.584,0.169,-0.507,0.2,3.6,3.361,8.071
1860,1,-0.682,0.875,-0.5,0.31,-0.572,0.197,-0.583,0.167,-0.502,0.2,2.56,1.8780000000000001,8.09
1860,2,-0.643,1.074,-0.456,0.327,-0.572,0.193,-0.59,0.169,-0.507,0.198,3.19,2.5469999999999997,8.134
1860,3,-1.912,0.765,-0.401,0.345,-0.573,0.193,-0.595,0.171,-0.509,0.198,5.29,3.378,8.189
1860,4,-0.449,0.566,-0.425,0.367,-0.573,0.187,-0.605,0.177,-0.506,0.197,8.29,7.840999999999999,8.165
1860,5,-0.227,0.635,-0.505,0.376,-0.581,0.183,-0.607,0.175,-0.501,0.195,11.28,11.052999999999999,8.084999999999999
1860,6,-0.087,0.417,-0.65,0.334,-0.613,0.185,-0.606,0.177,-0.498,0.192,13.43,13.343,7.9399999999999995
1860,7,-0.051,0.64,-0.766,0.367,-0.605,0.189,-0.602,0.175,-0.497,0.19,14.31,14.259,7.824
1860,8,0.053,0.474,-0.79,0.351,-0.587,0.186,-0.6,0.177,-0.499,0.187,13.84,13.893,7.8
1860,9,-0.219,0.473,-0.701,0.328,-0.589,0.183,-0.594,0.178,-0.497,0.186,12.05,11.831000000000001,7.889
1860,10,-0.5,0.462,-0.73,0.315,-0.592,0.179,-0.589,0.176,-0.494,0.185,9.2,8.7,7.859999999999999
1860,11,-1.087,0.763,-0.777,0.312,-0.586,0.175,-0.58,0.177,-0.49,0.184,6.05,4.963,7.813
1860,12,-1.98,1.073,-0.804,0.332,-0.589,0.172,-0.575,0.179,-0.492,0.185,3.6,1.62,7.786
1861,1,-2.075,1.359,-0.816,0.356,-0.589,0.172,-0.575,0.177,-0.497,0.183,2.56,0.4849999999999999,7.774
1861,2,-0.93,0.899,-0.822,0.36,-0.59,0.172,-0.576,0.172,-0.501,0.182,3.19,2.26,7.768
1861,3,-0.846,0.705,-0.86,0.365,-0.592,0.174,-0.576,0.174,-0.499,0.18,5.29,4.444,7.7299999999999995
1861,4,-0.794,0.818,-0.891,0.351,-0.602,0.174,-0.576,0.176,-0.494,0.175,8.29,7.495999999999999,7.699
1861,5,-0.792,0.474,-0.817,0.303,-0.61,0.173,-0.574,0.175,-0.495,0.171,11.28,10.488,7.773
1861,6,-0.409,0.462,-0.704,0.263,-0.602,0.174,-0.58,0.175,-0.496,0.17,13.43,13.020999999999999,7.886
1861,7,-0.201,0.484,-0.697,0.254,-0.608,0.181,-0.577,0.176,-0.496,0.169,14.31,14.109,7.893
1861,8,-0.013,0.436,-0.747,0.261,-0.61,0.187,-0.573,0.173,-0.494,0.168,13.84,13.827,7.843
1861,9,-0.672,0.488,-0.762,0.255,-0.616,0.194,-0.566,0.171,-0.494,0.167,12.05,11.378,7.827999999999999
1861,10,-0.876,0.466,-0.791,0.258,-0.634,0.194,-0.562,0.172,-0.494,0.165,9.2,8.324,7.7989999999999995
1861,11,-0.198,0.651,-0.757,0.273,-0.64,0.195,-0.556,0.172,-0.494,0.161,6.05,5.851999999999999,7.833
1861,12,-0.625,0.718,-0.765,0.279,-0.639,0.196,-0.551,0.174,-0.496,0.158,3.6,2.975,7.825
1862,1,-1.991,0.963,-0.772,0.285,-0.635,0.196,-0.546,0.171,-0.499,0.155,2.56,0.569,7.818
1862,2,-1.531,0.975,-0.825,0.299,-0.634,0.2,-0.545,0.171,-0.499,0.151,3.19,1.659,7.765
1862,3,-1.025,0.728,-0.846,0.314,-0.63,0.201,-0.544,0.172,-0.495,0.148,5.29,4.265000000000001,7.744
1862,4,-1.139,0.69,-0.85,0.32,-0.634,0.202,-0.533,0.169,-0.493,0.146,8.29,7.150999999999999,7.74
1862,5,-0.393,0.567,-0.934,0.333,-0.647,0.205,-0.527,0.168,-0.493,0.144,11.28,10.886999999999999,7.656
1862,6,-0.502,0.547,-1.04,0.334,-0.667,0.202,-0.52,0.166,-0.492,0.143,13.43,12.927999999999999,7.55
1862,7,-0.285,0.469,-0.832,0.321,-0.651,0.204,-0.517,0.162,-0.492,0.142,14.31,14.025,7.758
1862,8,-0.642,0.458,-0.687,0.318,-0.657,0.201,-0.513,0.161,-0.489,0.141,13.84,13.198,7.903
1862,9,-0.931,0.528,-0.65,0.333,-0.645,0.196,-0.507,0.159,-0.487,0.14,12.05,11.119,7.9399999999999995
1862,10,-0.919,0.621,-0.57,0.363,-0.652,0.198,-0.499,0.159,-0.486,0.139,9.2,8.280999999999999,8.02
1862,11,-1.206,0.741,-0.54,0.341,-0.654,0.197,-0.485,0.153,-0.484,0.137,6.05,4.843999999999999,8.05
1862,12,-1.894,0.842,-0.523,0.345,-0.657,0.199,-0.484,0.148,-0.49,0.137,3.6,1.7060000000000002,8.067
1863,1,0.503,1.088,-0.533,0.354,-0.657,0.198,-0.492,0.15,-0.49,0.136,2.56,3.063,8.057
1863,2,0.2,1.32,-0.529,0.354,-0.66,0.2,-0.496,0.153,-0.486,0.135,3.19,3.39,8.061
1863,3,-0.573,0.701,-0.53,0.366,-0.66,0.198,-0.499,0.152,-0.483,0.135,5.29,4.7170000000000005,8.06
1863,4,-0.182,0.791,-0.534,0.347,-0.652,0.195,-0.501,0.148,-0.484,0.133,8.29,8.107999999999999,8.056
1863,5,-0.029,0.504,-0.482,0.357,-0.632,0.191,-0.499,0.147,-0.483,0.132,11.28,11.251,8.108
1863,6,-0.304,0.519,-0.372,0.334,-0.614,0.183,-0.499,0.147,-0.483,0.132,13.43,13.126,8.218
1863,7,-0.405,0.447,-0.485,0.338,-0.573,0.177,-0.493,0.146,-0.484,0.132,14.31,13.905000000000001,8.105
1863,8,-0.59,0.492,-0.548,0.305,-0.574,0.175,-0.489,0.146,-0.485,0.132,13.84,13.25,8.042
1863,9,-0.948,0.529,-0.561,0.311,-0.576,0.173,-0.487,0.146,-0.485,0.132,12.05,11.102,8.029
1863,10,-0.967,0.48,-0.605,0.292,-0.57,0.173,-0.483,0.146,-0.482,0.13,9.2,8.232999999999999,7.984999999999999
1863,11,-0.579,0.592,-0.612,0.301,-0.563,0.175,-0.491,0.146,-0.478,0.128,6.05,5.471,7.978
1863,12,-0.573,0.72,-0.584,0.312,-0.566,0.174,-0.485,0.146,-0.476,0.127,3.6,3.027,8.006
1864,1,-0.854,1.177,-0.554,0.308,-0.557,0.175,-0.484,0.148,-0.471,0.128,2.56,1.706,8.036
1864,2,-0.557,0.988,-0.537,0.321,-0.563,0.179,-0.476,0.149,-0.466,0.126,3.19,2.633,8.052999999999999
1864,3,-0.723,0.812,-0.511,0.32,-0.558,0.178,-0.483,0.148,-0.468,0.126,5.29,4.567,8.079
1864,4,-0.714,0.648,-0.47,0.319,-0.554,0.18,-0.489,0.147,-0.467,0.126,8.29,7.575999999999999,8.12
1864,5,-0.111,0.525,-0.498,0.333,-0.552,0.184,-0.491,0.146,-0.465,0.126,11.28,11.168999999999999,8.092
1864,6,0.033,0.492,-0.571,0.338,-0.534,0.184,-0.49,0.146,-0.462,0.126,13.43,13.463,8.019
1864,7,-0.046,0.514,-0.473,0.322,-0.503,0.181,-0.487,0.147,-0.464,0.125,14.31,14.264000000000001,8.116999999999999
1864,8,-0.385,0.575,-0.51,0.307,-0.489,0.177,-0.482,0.148,-0.463,0.125,13.84,13.455,8.08
1864,9,-0.645,0.517,-0.552,0.28,-0.485,0.175,-0.473,0.148,-0.461,0.124,12.05,11.405000000000001,8.038
1864,10,-0.467,0.549,-0.564,0.286,-0.468,0.174,-0.473,0.147,-0.464,0.124,9.2,8.732999999999999,8.026
1864,11,-0.917,0.836,-0.582,0.281,-0.474,0.174,-0.475,0.149,-0.464,0.122,6.05,5.133,8.008
1864,12,-1.447,0.67,-0.607,0.284,-0.467,0.176,-0.48,0.148,-0.466,0.121,3.6,2.153,7.983
1865,1,0.316,0.864,-0.608,0.279,-0.462,0.174,-0.48,0.148,-0.471,0.119,2.56,2.876,7.982
1865,2,-1.004,0.834,-0.589,0.282,-0.454,0.175,-0.485,0.149,-0.473,0.12,3.19,2.186,8.001
1865,3,-1.226,0.799,-0.554,0.288,-0.441,0.175,-0.476,0.148,-0.475,0.119,5.29,4.064,8.036
1865,4,-0.848,0.657,-0.516,0.285,-0.424,0.179,-0.476,0.149,-0.479,0.12,8.29,7.441999999999999,8.074
1865,5,-0.327,0.45,-0.428,0.29,-0.389,0.175,-0.475,0.151,-0.481,0.118,11.28,10.953,8.161999999999999
1865,6,-0.277,0.418,-0.382,0.314,-0.356,0.165,-0.472,0.152,-0.48,0.118,13.43,13.153,8.208
1865,7,-0.059,0.494,-0.38,0.333,-0.379,0.16,-0.469,0.154,-0.478,0.119,14.31,14.251000000000001,8.209999999999999
1865,8,-0.153,0.421,-0.378,0.366,-0.406,0.168,-0.472,0.154,-0.479,0.119,13.84,13.687,8.212
1865,9,-0.225,0.516,-0.354,0.379,-0.409,0.168,-0.472,0.154,-0.478,0.119,12.05,11.825000000000001,8.236
1865,10,-0.014,0.585,-0.321,0.407,-0.41,0.166,-0.471,0.155,-0.478,0.117,9.2,9.186,8.269
1865,11,0.143,0.797,-0.327,0.41,-0.411,0.167,-0.466,0.154,-0.48,0.116,6.05,6.193,8.263
1865,12,-0.897,0.851,-0.353,0.41,-0.408,0.172,-0.462,0.154,-0.478,0.116,3.6,2.7030000000000003,8.237
1866,1,0.338,0.998,-0.317,0.43,-0.397,0.173,-0.456,0.155,-0.481,0.114,2.56,2.898,8.273
1866,2,-0.977,1.154,-0.334,0.425,-0.389,0.174,-0.461,0.157,-0.479,0.112,3.19,2.213,8.256
1866,3,-0.93,0.973,-0.349,0.429,-0.382,0.173,-0.459,0.156,-0.478,0.112,5.29,4.36,8.241
1866,4,-0.455,0.673,-0.399,0.43,-0.364,0.173,-0.452,0.152,-0.476,0.111,8.29,7.834999999999999,8.190999999999999
1866,5,-0.397,0.535,-0.416,0.396,-0.371,0.175,-0.45,0.153,-0.476,0.111,11.28,10.883,8.174
1866,6,-0.589,0.369,-0.305,0.381,-0.368,0.174,-0.449,0.153,-0.477,0.111,13.43,12.841,8.285
1866,7,0.365,0.585,-0.346,0.369,-0.361,0.178,-0.447,0.152,-0.477,0.112,14.31,14.675,8.244
1866,8,-0.352,0.571,-0.318,0.333,-0.342,0.174,-0.446,0.152,-0.476,0.11,13.84,13.488,8.272
1866,9,-0.411,0.481,-0.309,0.319,-0.35,0.17,-0.445,0.152,-0.472,0.108,12.05,11.639000000000001,8.281
1866,10,-0.609,0.587,-0.281,0.315,-0.344,0.173,-0.439,0.153,-0.468,0.107,9.2,8.591,8.309
1866,11,-0.06,0.609,-0.31,0.325,-0.343,0.172,-0.447,0.151,-0.469,0.109,6.05,5.99,8.28
1866,12,0.433,0.627,-0.267,0.323,-0.342,0.179,-0.448,0.152,-0.474,0.11,3.6,4.033,8.323
1867,1,-0.149,0.887,-0.295,0.304,-0.34,0.184,-0.44,0.151,-0.474,0.111,2.56,2.411,8.295
1867,2,-0.649,0.96,-0.279,0.312,-0.331,0.189,-0.434,0.149,-0.471,0.111,3.19,2.541,8.311
1867,3,-0.819,0.759,-0.258,0.303,-0.316,0.192,-0.43,0.147,-0.467,0.111,5.29,4.471,8.332
1867,4,-0.119,0.696,-0.201,0.301,-0.313,0.188,-0.424,0.145,-0.462,0.11,8.29,8.171,8.389
1867,5,-0.74,0.43,-0.121,0.286,-0.303,0.186,-0.422,0.144,-0.457,0.109,11.28,10.54,8.469
1867,6,-0.072,0.361,-0.151,0.278,-0.294,0.188,-0.421,0.143,-0.454,0.109,13.43,13.358,8.439
1867,7,0.025,0.515,-0.209,0.283,-0.31,0.189,-0.418,0.142,-0.451,0.108,14.31,14.335,8.381
1867,8,-0.165,0.492,-0.274,0.311,-0.313,0.19,-0.413,0.141,-0.447,0.107,13.84,13.675,8.315999999999999
1867,9,-0.154,0.441,-0.272,0.297,-0.306,0.19,-0.407,0.141,-0.443,0.106,12.05,11.896,8.318
1867,10,0.071,0.615,-0.278,0.296,-0.3,0.192,-0.4,0.14,-0.439,0.106,9.2,9.270999999999999,8.312
1867,11,0.904,1.06,-0.224,0.316,-0.296,0.194,-0.398,0.143,-0.435,0.106,6.05,6.954,8.366
1867,12,0.067,1.358,-0.232,0.322,-0.286,0.195,-0.392,0.143,-0.438,0.105,3.6,3.6670000000000003,8.358
1868,1,-0.846,0.944,-0.213,0.316,-0.281,0.196,-0.402,0.14,-0.441,0.107,2.56,1.714,8.377
1868,2,-1.419,0.892,-0.205,0.323,-0.285,0.197,-0.404,0.142,-0.434,0.106,3.19,1.771,8.385
1868,3,-0.794,0.665,-0.239,0.345,-0.283,0.195,-0.403,0.14,-0.426,0.105,5.29,4.496,8.350999999999999
1868,4,-0.198,0.68,-0.234,0.371,-0.29,0.194,-0.409,0.141,-0.423,0.104,8.29,8.091999999999999,8.356
1868,5,-0.091,0.553,-0.392,0.309,-0.301,0.197,-0.411,0.142,-0.423,0.103,11.28,11.189,8.198
1868,6,-0.162,0.414,-0.433,0.283,-0.31,0.199,-0.409,0.144,-0.421,0.103,13.43,13.267999999999999,8.157
1868,7,0.248,0.468,-0.395,0.278,-0.338,0.201,-0.406,0.143,-0.417,0.103,14.31,14.558,8.195
1868,8,-0.075,0.431,-0.229,0.308,-0.349,0.206,-0.402,0.142,-0.413,0.103,13.84,13.765,8.361
1868,9,-0.561,0.451,-0.266,0.313,-0.343,0.206,-0.399,0.142,-0.409,0.103,12.05,11.489,8.324
1868,10,0.13,0.422,-0.278,0.314,-0.334,0.208,-0.391,0.141,-0.407,0.103,9.2,9.33,8.312
1868,11,-0.981,0.599,-0.271,0.305,-0.336,0.208,-0.39,0.141,-0.406,0.104,6.05,5.069,8.318999999999999
1868,12,-0.425,0.63,-0.251,0.308,-0.331,0.21,-0.386,0.142,-0.402,0.104,3.6,3.1750000000000003,8.339
1869,1,-0.4,0.83,-0.264,0.302,-0.337,0.208,-0.379,0.142,-0.401,0.103,2.56,2.16,8.326
1869,2,0.572,1.469,-0.249,0.301,-0.33,0.206,-0.375,0.141,-0.401,0.103,3.19,3.762,8.341
1869,3,-1.228,0.888,-0.179,0.299,-0.331,0.207,-0.378,0.14,-0.4,0.103,5.29,4.062,8.411
1869,4,-0.352,0.623,-0.212,0.295,-0.324,0.209,-0.373,0.141,-0.404,0.102,8.29,7.937999999999999,8.378
1869,5,-0.006,0.467,-0.158,0.29,-0.342,0.209,-0.371,0.142,-0.407,0.101,11.28,11.274,8.432
1869,6,0.088,0.754,-0.197,0.277,-0.363,0.208,-0.372,0.144,-0.408,0.101,13.43,13.517999999999999,8.393
1869,7,0.087,0.481,-0.217,0.289,-0.376,0.202,-0.373,0.145,-0.407,0.101,14.31,14.397,8.373
1869,8,0.107,0.557,-0.367,0.338,-0.379,0.202,-0.37,0.145,-0.408,0.101,13.84,13.947,8.222999999999999
1869,9,0.271,0.516,-0.332,0.334,-0.374,0.202,-0.364,0.146,-0.407,0.1,12.05,12.321000000000002,8.258
1869,10,-0.257,0.503,-0.341,0.35,-0.38,0.198,-0.361,0.145,-0.405,0.101,9.2,8.943,8.249
1869,11,-0.33,0.482,-0.347,0.356,-0.37,0.196,-0.357,0.144,-0.407,0.101,6.05,5.72,8.243
1869,12,-0.894,0.585,-0.331,0.321,-0.375,0.196,-0.347,0.143,-0.411,0.101,3.6,2.706,8.259
1870,1,-0.645,0.722,-0.317,0.298,-0.375,0.191,-0.359,0.143,-0.411,0.101,2.56,1.915,8.273
1870,2,-1.225,0.831,-0.356,0.288,-0.372,0.19,-0.356,0.142,-0.413,0.102,3.19,1.9649999999999999,8.234
1870,3,-0.811,0.729,-0.388,0.277,-0.373,0.19,-0.355,0.141,-0.409,0.1,5.29,4.479,8.202
1870,4,-0.462,0.573,-0.403,0.288,-0.376,0.192,-0.354,0.141,-0.411,0.1,8.29,7.827999999999999,8.187
1870,5,-0.078,0.529,-0.42,0.309,-0.406,0.193,-0.355,0.141,-0.411,0.101,11.28,11.202,8.17
1870,6,0.285,0.438,-0.467,0.307,-0.427,0.193,-0.354,0.142,-0.412,0.102,13.43,13.715,8.123
1870,7,0.245,0.427,-0.524,0.314,-0.425,0.187,-0.355,0.143,-0.412,0.103,14.31,14.555,8.065999999999999
1870,8,-0.358,0.396,-0.555,0.318,-0.402,0.189,-0.358,0.143,-0.413,0.104,13.84,13.482,8.035
1870,9,-0.106,0.452,-0.538,0.315,-0.397,0.186,-0.362,0.142,-0.415,0.104,12.05,11.944,8.052
1870,10,-0.439,0.384,-0.493,0.298,-0.408,0.185,-0.367,0.142,-0.415,0.104,9.2,8.761,8.097
1870,11,-0.535,0.787,-0.526,0.288,-0.412,0.184,-0.38,0.143,-0.411,0.104,6.05,5.515,8.064
1870,12,-1.454,0.563,-0.575,0.297,-0.41,0.185,-0.38,0.143,-0.405,0.105,3.6,2.146,8.015
1871,1,-1.328,0.772,-0.596,0.303,-0.415,0.18,-0.388,0.141,-0.397,0.104,2.56,1.232,7.994
1871,2,-1.605,0.963,-0.561,0.304,-0.415,0.178,-0.383,0.141,-0.395,0.104,3.19,1.585,8.029
1871,3,-0.602,0.611,-0.591,0.31,-0.415,0.18,-0.379,0.141,-0.393,0.103,5.29,4.688,7.999
1871,4,0.076,0.494,-0.568,0.314,-0.418,0.178,-0.376,0.142,-0.389,0.101,8.29,8.366,8.022
1871,5,-0.478,0.464,-0.623,0.297,-0.409,0.176,-0.377,0.142,-0.386,0.101,11.28,10.802,7.967
1871,6,-0.306,0.484,-0.566,0.296,-0.403,0.174,-0.375,0.142,-0.387,0.101,13.43,13.124,8.024
1871,7,0.0,0.477,-0.535,0.286,-0.396,0.172,-0.378,0.143,-0.387,0.101,14.31,14.31,8.055
1871,8,0.057,0.401,-0.471,0.279,-0.407,0.169,-0.379,0.141,-0.387,0.101,13.84,13.897,8.119
1871,9,-0.467,0.426,-0.463,0.291,-0.406,0.166,-0.378,0.14,-0.386,0.101,12.05,11.583,8.127
1871,10,-0.157,0.418,-0.511,0.295,-0.402,0.164,-0.374,0.139,-0.384,0.101,9.2,9.043,8.079
1871,11,-1.19,0.759,-0.482,0.291,-0.399,0.164,-0.382,0.141,-0.386,0.101,6.05,4.859999999999999,8.108
1871,12,-0.773,0.603,-0.485,0.291,-0.402,0.16,-0.398,0.14,-0.385,0.102,3.6,2.827,8.105
1872,1,-0.963,0.921,-0.485,0.276,-0.407,0.159,-0.401,0.138,-0.374,0.102,2.56,1.597,8.105
1872,2,-0.835,0.868,-0.49,0.278,-0.409,0.159,-0.398,0.135,-0.368,0.102,3.19,2.355,8.1
1872,3,-0.51,0.626,-0.467,0.276,-0.412,0.158,-0.39,0.135,-0.364,0.102,5.29,4.78,8.123
1872,4,-0.497,0.588,-0.464,0.277,-0.409,0.159,-0.392,0.133,-0.362,0.101,8.29,7.792999999999999,8.126
1872,5,-0.123,0.436,-0.439,0.259,-0.41,0.159,-0.387,0.131,-0.362,0.101,11.28,11.157,8.151
1872,6,-0.344,0.388,-0.474,0.249,-0.401,0.156,-0.387,0.131,-0.363,0.101,13.43,13.086,8.116
1872,7,-0.004,0.416,-0.452,0.233,-0.407,0.154,-0.385,0.128,-0.364,0.101,14.31,14.306000000000001,8.138
1872,8,0.003,0.429,-0.387,0.227,-0.4,0.147,-0.381,0.128,-0.362,0.101,13.84,13.843,8.203
1872,9,-0.19,0.446,-0.388,0.217,-0.403,0.148,-0.379,0.129,-0.36,0.101,12.05,11.860000000000001,8.202
1872,10,-0.132,0.414,-0.419,0.219,-0.407,0.145,-0.379,0.131,-0.359,0.1,9.2,9.068,8.171
1872,11,-0.884,0.733,-0.435,0.223,-0.414,0.143,-0.384,0.128,-0.358,0.101,6.05,5.1659999999999995,8.155
1872,12,-1.189,0.752,-0.41,0.231,-0.422,0.144,-0.391,0.125,-0.356,0.1,3.6,2.411,8.18
1873,1,-0.699,0.737,-0.414,0.228,-0.429,0.146,-0.389,0.123,-0.362,0.099,2.56,1.8610000000000002,8.176
1873,2,-0.055,0.803,-0.42,0.232,-0.43,0.146,-0.372,0.122,-0.368,0.098,3.19,3.135,8.17
1873,3,-0.525,0.546,-0.45,0.255,-0.441,0.148,-0.353,0.122,-0.366,0.097,5.29,4.765,8.14
1873,4,-0.867,0.555,-0.444,0.247,-0.444,0.147,-0.346,0.12,-0.368,0.097,8.29,7.422999999999999,8.145999999999999
1873,5,-0.317,0.435,-0.407,0.231,-0.459,0.142,-0.347,0.119,-0.37,0.097,11.28,10.963,8.183
1873,6,-0.045,0.413,-0.313,0.221,-0.45,0.141,-0.343,0.118,-0.369,0.098,13.43,13.385,8.277
1873,7,-0.052,0.395,-0.254,0.21,-0.437,0.135,-0.34,0.117,-0.369,0.098,14.31,14.258000000000001,8.336
1873,8,-0.07,0.381,-0.256,0.196,-0.417,0.128,-0.337,0.115,-0.369,0.098,13.84,13.77,8.334
1873,9,-0.547,0.536,-0.307,0.205,-0.415,0.127,-0.331,0.115,-0.367,0.098,12.05,11.503,8.283
1873,10,-0.066,0.36,-0.247,0.199,-0.417,0.126,-0.332,0.116,-0.364,0.098,9.2,9.133999999999999,8.343
1873,11,-0.435,0.482,-0.203,0.204,-0.419,0.124,-0.32,0.115,-0.367,0.098,6.05,5.615,8.387
1873,12,-0.066,0.617,-0.209,0.21,-0.419,0.121,-0.319,0.113,-0.366,0.098,3.6,3.5340000000000003,8.381
1874,1,0.01,0.688,-0.221,0.22,-0.42,0.121,-0.317,0.112,-0.363,0.099,2.56,2.57,8.369
1874,2,-0.073,0.522,-0.219,0.231,-0.427,0.119,-0.326,0.111,-0.363,0.098,3.19,3.117,8.371
1874,3,-1.145,0.441,-0.167,0.235,-0.424,0.118,-0.318,0.111,-0.366,0.097,5.29,4.145,8.423
1874,4,-0.144,0.455,-0.166,0.238,-0.425,0.117,-0.319,0.109,-0.367,0.098,8.29,8.145999999999999,8.424
1874,5,0.215,0.633,-0.164,0.235,-0.421,0.117,-0.323,0.108,-0.371,0.098,11.28,11.495,8.426
1874,6,-0.12,0.398,-0.186,0.206,-0.433,0.116,-0.326,0.105,-0.375,0.098,13.43,13.31,8.404
1874,7,-0.197,0.459,-0.273,0.21,-0.425,0.117,-0.328,0.104,-0.378,0.098,14.31,14.113000000000001,8.317
1874,8,-0.047,0.424,-0.329,0.208,-0.416,0.114,-0.333,0.104,-0.378,0.099,13.84,13.793,8.261
1874,9,0.079,0.407,-0.318,0.218,-0.407,0.114,-0.34,0.104,-0.379,0.099,12.05,12.129000000000001,8.272
1874,10,-0.052,0.398,-0.367,0.214,-0.403,0.114,-0.337,0.105,-0.379,0.098,9.2,9.148,8.222999999999999
1874,11,-0.411,0.389,-0.425,0.194,-0.404,0.113,-0.339,0.106,-0.379,0.097,6.05,5.639,8.165
1874,12,-0.336,0.597,-0.433,0.193,-0.4,0.113,-0.341,0.104,-0.375,0.097,3.6,3.2640000000000002,8.157
1875,1,-1.026,0.581,-0.427,0.185,-0.395,0.112,-0.342,0.104,-0.382,0.098,2.56,1.534,8.163
1875,2,-0.748,0.526,-0.462,0.18,-0.389,0.111,-0.342,0.102,-0.382,0.098,3.19,2.442,8.128
1875,3,-1.01,0.486,-0.532,0.181,-0.385,0.112,-0.342,0.1,-0.379,0.097,5.29,4.28,8.058
1875,4,-0.732,0.497,-0.576,0.185,-0.381,0.113,-0.345,0.099,-0.379,0.098,8.29,7.557999999999999,8.014
1875,5,-0.489,0.392,-0.664,0.188,-0.363,0.111,-0.347,0.098,-0.38,0.098,11.28,10.790999999999999,7.926
1875,6,-0.211,0.45,-0.709,0.218,-0.356,0.11,-0.352,0.099,-0.382,0.099,13.43,13.219,7.881
1875,7,-0.123,0.415,-0.671,0.223,-0.354,0.113,-0.356,0.1,-0.383,0.099,14.31,14.187000000000001,7.919
1875,8,-0.467,0.44,-0.645,0.236,-0.342,0.117,-0.354,0.101,-0.385,0.098,13.84,13.373,7.945
1875,9,-0.768,0.386,-0.598,0.229,-0.309,0.117,-0.358,0.102,-0.386,0.098,12.05,11.282,7.992
1875,10,-0.571,0.391,-0.542,0.218,-0.284,0.12,-0.359,0.102,-0.388,0.098,9.2,8.629,8.048
1875,11,-1.467,0.456,-0.551,0.225,-0.283,0.122,-0.356,0.099,-0.392,0.099,6.05,4.583,8.039
1875,12,-0.878,0.613,-0.558,0.213,-0.275,0.123,-0.348,0.098,-0.387,0.099,3.6,2.722,8.032
1876,1,-0.574,0.597,-0.551,0.208,-0.265,0.123,-0.338,0.095,-0.393,0.098,2.56,1.9860000000000002,8.039
1876,2,-0.432,0.539,-0.544,0.205,-0.258,0.123,-0.329,0.091,-0.395,0.099,3.19,2.758,8.046
1876,3,-0.449,0.419,-0.505,0.211,-0.247,0.126,-0.326,0.091,-0.395,0.098,5.29,4.841,8.084999999999999
1876,4,-0.055,0.376,-0.475,0.211,-0.245,0.127,-0.326,0.091,-0.394,0.099,8.29,8.235,8.115
1876,5,-0.608,0.456,-0.433,0.21,-0.232,0.126,-0.322,0.09,-0.395,0.099,11.28,10.671999999999999,8.157
1876,6,-0.285,0.344,-0.485,0.185,-0.235,0.125,-0.326,0.089,-0.395,0.099,13.43,13.145,8.105
1876,7,-0.037,0.444,-0.477,0.185,-0.239,0.123,-0.327,0.089,-0.397,0.099,14.31,14.273,8.113
1876,8,-0.39,0.441,-0.464,0.189,-0.245,0.123,-0.328,0.089,-0.398,0.099,13.84,13.45,8.126
1876,9,-0.294,0.394,-0.423,0.183,-0.23,0.124,-0.327,0.089,-0.398,0.1,12.05,11.756,8.167
1876,10,-0.215,0.384,-0.443,0.183,-0.237,0.122,-0.329,0.089,-0.398,0.1,9.2,8.985,8.147
1876,11,-0.966,0.47,-0.404,0.18,-0.248,0.119,-0.325,0.088,-0.401,0.1,6.05,5.084,8.186
1876,12,-1.494,0.431,-0.391,0.178,-0.25,0.119,-0.321,0.088,-0.403,0.1,3.6,2.106,8.199
1877,1,-0.48,0.599,-0.362,0.179,-0.248,0.118,-0.309,0.089,-0.409,0.099,2.56,2.08,8.228
1877,2,-0.277,0.662,-0.302,0.173,-0.257,0.118,-0.301,0.088,-0.411,0.098,3.19,2.913,8.288
1877,3,0.046,0.396,-0.27,0.178,-0.268,0.119,-0.299,0.087,-0.41,0.097,5.29,5.336,8.32
1877,4,-0.294,0.446,-0.244,0.184,-0.265,0.121,-0.3,0.087,-0.411,0.097,8.29,7.9959999999999996,8.346
1877,5,-0.143,0.552,-0.145,0.187,-0.268,0.12,-0.303,0.089,-0.41,0.097,11.28,11.136999999999999,8.445
1877,6,-0.137,0.329,-0.085,0.184,-0.281,0.119,-0.305,0.089,-0.413,0.098,13.43,13.293,8.504999999999999
1877,7,0.318,0.434,-0.095,0.18,-0.276,0.123,-0.31,0.089,-0.414,0.097,14.31,14.628,8.495
1877,8,0.33,0.473,-0.015,0.178,-0.285,0.123,-0.312,0.09,-0.416,0.098,13.84,14.17,8.575
1877,9,0.093,0.422,0.1,0.182,-0.281,0.12,-0.313,0.09,-0.417,0.098,12.05,12.143,8.69
1877,10,0.097,0.398,0.179,0.179,-0.283,0.116,-0.317,0.09,-0.419,0.098,9.2,9.296999999999999,8.769
1877,11,0.219,0.427,0.17,0.183,-0.28,0.118,-0.319,0.088,-0.425,0.098,6.05,6.269,8.76
1877,12,-0.779,0.499,0.215,0.185,-0.281,0.118,-0.32,0.087,-0.428,0.097,3.6,2.821,8.805
1878,1,-0.598,0.556,0.235,0.185,-0.283,0.118,-0.322,0.088,-0.427,0.096,2.56,1.9620000000000002,8.825
1878,2,0.68,0.632,0.236,0.199,-0.277,0.12,-0.332,0.087,-0.426,0.096,3.19,3.87,8.826
1878,3,1.429,0.398,0.239,0.197,-0.275,0.121,-0.33,0.087,-0.426,0.096,5.29,6.719,8.829
1878,4,0.653,0.418,0.236,0.2,-0.274,0.12,-0.327,0.088,-0.427,0.095,8.29,8.943,8.826
1878,5,-0.25,0.406,0.247,0.203,-0.253,0.118,-0.328,0.089,-0.429,0.094,11.28,11.03,8.837
1878,6,0.41,0.367,0.292,0.204,-0.247,0.112,-0.329,0.09,-0.431,0.094,13.43,13.84,8.882
1878,7,0.556,0.378,0.323,0.193,-0.238,0.11,-0.331,0.09,-0.432,0.093,14.31,14.866,8.913
1878,8,0.333,0.465,0.229,0.185,-0.24,0.109,-0.335,0.09,-0.433,0.093,13.84,14.173,8.818999999999999
1878,9,0.138,0.353,0.087,0.18,-0.236,0.108,-0.336,0.091,-0.432,0.093,12.05,12.188,8.677
1878,10,0.058,0.377,-0.011,0.182,-0.234,0.11,-0.338,0.091,-0.433,0.093,9.2,9.258,8.579
1878,11,0.351,0.414,-0.028,0.178,-0.225,0.11,-0.343,0.09,-0.429,0.092,6.05,6.401,8.562
1878,12,-0.238,0.47,-0.082,0.177,-0.232,0.109,-0.345,0.089,-0.429,0.092,3.6,3.362,8.508
1879,1,-0.226,0.501,-0.138,0.183,-0.235,0.11,-0.348,0.089,-0.43,0.091,2.56,2.334,8.452
1879,2,-0.448,0.492,-0.212,0.186,-0.229,0.11,-0.352,0.088,-0.431,0.09,3.19,2.742,8.378
1879,3,-0.272,0.509,-0.272,0.185,-0.23,0.111,-0.353,0.087,-0.425,0.089,5.29,5.018,8.318
1879,4,-0.527,0.441,-0.267,0.186,-0.232,0.111,-0.361,0.087,-0.423,0.088,8.29,7.762999999999999,8.323
1879,5,-0.455,0.383,-0.344,0.172,-0.228,0.111,-0.372,0.085,-0.423,0.088,11.28,10.825,8.246
1879,6,-0.237,0.413,-0.417,0.174,-0.209,0.11,-0.378,0.085,-0.424,0.087,13.43,13.193,8.173
1879,7,-0.112,0.383,-0.462,0.178,-0.193,0.111,-0.382,0.084,-0.425,0.086,14.31,14.198,8.128
1879,8,-0.555,0.424,-0.528,0.17,-0.187,0.112,-0.386,0.084,-0.427,0.086,13.84,13.285,8.062
1879,9,-0.585,0.38,-0.574,0.17,-0.192,0.109,-0.393,0.084,-0.43,0.086,12.05,11.465,8.016
1879,10,0.119,0.41,-0.601,0.169,-0.197,0.108,-0.398,0.084,-0.43,0.087,9.2,9.318999999999999,7.989
1879,11,-0.576,0.392,-0.584,0.182,-0.202,0.11,-0.402,0.083,-0.433,0.087,6.05,5.474,8.006
1879,12,-1.112,0.493,-0.591,0.198,-0.21,0.109,-0.403,0.083,-0.431,0.086,3.6,2.488,7.999
1880,1,-0.768,0.567,-0.6,0.201,-0.226,0.109,-0.406,0.084,-0.432,0.085,2.56,1.792,7.99
1880,2,-1.241,0.467,-0.565,0.21,-0.235,0.109,-0.407,0.085,-0.429,0.083,3.19,1.9489999999999998,8.025
1880,3,-0.819,0.465,-0.569,0.214,-0.24,0.11,-0.403,0.085,-0.43,0.082,5.29,4.471,8.021
1880,4,-0.854,0.478,-0.62,0.23,-0.254,0.108,-0.404,0.083,-0.43,0.081,8.29,7.435999999999999,7.97
1880,5,-0.256,0.48,-0.592,0.228,-0.275,0.107,-0.406,0.084,-0.434,0.08,11.28,11.024,7.998
1880,6,-0.311,0.414,-0.539,0.223,-0.284,0.104,-0.41,0.084,-0.438,0.08,13.43,13.119,8.051
1880,7,-0.227,0.435,-0.482,0.232,-0.29,0.103,-0.412,0.083,-0.44,0.079,14.31,14.083,8.108
1880,8,-0.134,0.476,-0.423,0.234,-0.322,0.104,-0.412,0.083,-0.441,0.079,13.84,13.706,8.167
1880,9,-0.628,0.355,-0.373,0.228,-0.35,0.104,-0.411,0.083,-0.442,0.079,12.05,11.422,8.217
1880,10,-0.492,0.441,-0.294,0.216,-0.371,0.105,-0.41,0.084,-0.441,0.079,9.2,8.707999999999998,8.296
1880,11,-0.245,0.393,-0.279,0.206,-0.374,0.103,-0.403,0.083,-0.443,0.077,6.05,5.805,8.311
1880,12,-0.477,0.428,-0.314,0.192,-0.382,0.104,-0.395,0.082,-0.439,0.076,3.6,3.123,8.276
1881,1,-0.078,0.684,-0.309,0.192,-0.397,0.105,-0.399,0.082,-0.438,0.075,2.56,2.482,8.281
1881,2,-0.533,0.473,-0.302,0.178,-0.412,0.107,-0.406,0.082,-0.436,0.073,3.19,2.657,8.288
1881,3,-0.222,0.411,-0.279,0.178,-0.426,0.106,-0.411,0.081,-0.436,0.072,5.29,5.068,8.311
1881,4,0.087,0.418,-0.267,0.169,-0.431,0.108,-0.413,0.082,-0.439,0.072,8.29,8.376999999999999,8.323
1881,5,-0.073,0.394,-0.308,0.164,-0.455,0.108,-0.413,0.082,-0.439,0.071,11.28,11.206999999999999,8.282
1881,6,-0.725,0.361,-0.298,0.164,-0.456,0.11,-0.415,0.081,-0.44,0.07,13.43,12.705,8.292
1881,7,-0.167,0.416,-0.249,0.158,-0.457,0.11,-0.416,0.08,-0.441,0.07,14.31,14.143,8.341
1881,8,-0.052,0.39,-0.197,0.159,-0.459,0.108,-0.417,0.081,-0.443,0.069,13.84,13.788,8.393
1881,9,-0.354,0.355,-0.201,0.163,-0.476,0.106,-0.418,0.083,-0.443,0.069,12.05,11.696000000000002,8.389
1881,10,-0.346,0.32,-0.26,0.166,-0.485,0.107,-0.421,0.083,-0.444,0.069,9.2,8.854,8.33
1881,11,-0.741,0.517,-0.288,0.173,-0.496,0.109,-0.42,0.083,-0.443,0.069,6.05,5.309,8.302
1881,12,-0.353,0.44,-0.281,0.182,-0.507,0.113,-0.408,0.083,-0.44,0.069,3.6,3.247,8.309
1882,1,0.512,0.495,-0.319,0.182,-0.516,0.113,-0.418,0.082,-0.438,0.069,2.56,3.072,8.270999999999999
1882,2,0.089,0.544,-0.33,0.185,-0.515,0.113,-0.424,0.083,-0.436,0.069,3.19,3.279,8.26
1882,3,-0.269,0.389,-0.322,0.186,-0.518,0.113,-0.43,0.082,-0.438,0.069,5.29,5.021,8.268
1882,4,-0.619,0.33,-0.351,0.185,-0.531,0.113,-0.431,0.082,-0.439,0.068,8.29,7.670999999999999,8.239
1882,5,-0.417,0.41,-0.376,0.183,-0.536,0.112,-0.434,0.085,-0.441,0.068,11.28,10.863,8.214
1882,6,-0.643,0.38,-0.459,0.182,-0.526,0.112,-0.438,0.085,-0.44,0.068,13.43,12.786999999999999,8.131
1882,7,-0.612,0.341,-0.582,0.188,-0.536,0.113,-0.443,0.086,-0.442,0.068,14.31,13.698,8.008
1882,8,-0.187,0.381,-0.691,0.18,-0.53,0.113,-0.452,0.087,-0.444,0.069,13.84,13.653,7.899
1882,9,-0.26,0.353,-0.69,0.171,-0.525,0.112,-0.455,0.086,-0.444,0.068,12.05,11.790000000000001,7.9
1882,10,-0.694,0.283,-0.688,0.162,-0.525,0.111,-0.46,0.085,-0.444,0.068,9.2,8.506,7.902
1882,11,-1.043,0.441,-0.691,0.152,-0.532,0.111,-0.466,0.086,-0.445,0.067,6.05,5.007,7.899
1882,12,-1.348,0.383,-0.644,0.153,-0.539,0.11,-0.465,0.087,-0.443,0.067,3.6,2.252,7.946
1883,1,-0.968,0.487,-0.621,0.146,-0.54,0.109,-0.465,0.087,-0.448,0.067,2.56,1.592,7.968999999999999
1883,2,-1.222,0.558,-0.654,0.148,-0.547,0.109,-0.479,0.087,-0.454,0.067,3.19,1.968,7.936
1883,3,-0.257,0.338,-0.687,0.152,-0.546,0.11,-0.498,0.088,-0.453,0.067,5.29,5.033,7.903
1883,4,-0.584,0.368,-0.65,0.158,-0.546,0.109,-0.508,0.087,-0.451,0.067,8.29,7.7059999999999995,7.9399999999999995
1883,5,-0.46,0.369,-0.656,0.153,-0.553,0.108,-0.511,0.087,-0.452,0.067,11.28,10.819999999999999,7.934
1883,6,-0.083,0.367,-0.567,0.167,-0.543,0.106,-0.519,0.087,-0.453,0.067,13.43,13.347,8.023
1883,7,-0.33,0.428,-0.512,0.164,-0.559,0.106,-0.524,0.088,-0.453,0.067,14.31,13.98,8.078
1883,8,-0.584,0.375,-0.455,0.159,-0.572,0.108,-0.529,0.089,-0.454,0.067,13.84,13.256,8.135
1883,9,-0.657,0.312,-0.542,0.16,-0.585,0.11,-0.533,0.088,-0.453,0.067,12.05,11.393,8.048
1883,10,-0.247,0.352,-0.582,0.163,-0.592,0.112,-0.533,0.087,-0.453,0.067,9.2,8.953,8.008
1883,11,-1.113,0.352,-0.639,0.169,-0.6,0.113,-0.538,0.088,-0.452,0.067,6.05,4.936999999999999,7.951
1883,12,-0.28,0.453,-0.705,0.164,-0.598,0.113,-0.538,0.088,-0.454,0.066,3.6,3.3200000000000003,7.885
1884,1,-0.313,0.421,-0.732,0.159,-0.597,0.114,-0.542,0.088,-0.457,0.066,2.56,2.247,7.858
1884,2,-0.537,0.434,-0.724,0.158,-0.605,0.117,-0.535,0.087,-0.458,0.066,3.19,2.653,7.866
1884,3,-1.298,0.37,-0.732,0.155,-0.606,0.118,-0.533,0.086,-0.454,0.066,5.29,3.992,7.858
1884,4,-1.068,0.319,-0.767,0.149,-0.611,0.118,-0.526,0.087,-0.456,0.065,8.29,7.2219999999999995,7.8229999999999995
1884,5,-1.137,0.351,-0.75,0.143,-0.612,0.115,-0.523,0.087,-0.458,0.064,11.28,10.142999999999999,7.84
1884,6,-0.881,0.316,-0.769,0.142,-0.607,0.114,-0.522,0.088,-0.46,0.064,13.43,12.549,7.821
1884,7,-0.659,0.343,-0.858,0.148,-0.642,0.11,-0.522,0.089,-0.46,0.064,14.31,13.651,7.732
1884,8,-0.483,0.385,-0.883,0.156,-0.661,0.106,-0.52,0.089,-0.461,0.064,13.84,13.357,7.707
1884,9,-0.752,0.376,-0.821,0.157,-0.667,0.104,-0.519,0.09,-0.463,0.064,12.05,11.298,7.769
1884,10,-0.671,0.293,-0.8,0.158,-0.664,0.105,-0.524,0.089,-0.463,0.063,9.2,8.529,7.79
1884,11,-0.898,0.371,-0.765,0.165,-0.665,0.105,-0.528,0.089,-0.464,0.063,6.05,5.152,7.825
1884,12,-0.514,0.511,-0.753,0.174,-0.665,0.105,-0.522,0.089,-0.464,0.064,3.6,3.0860000000000003,7.837
1885,1,-1.378,0.48,-0.721,0.181,-0.659,0.106,-0.521,0.089,-0.465,0.064,2.56,1.1820000000000002,7.869
1885,2,-0.843,0.43,-0.723,0.183,-0.669,0.107,-0.516,0.088,-0.467,0.064,3.19,2.347,7.867
1885,3,-0.549,0.37,-0.711,0.186,-0.67,0.105,-0.518,0.087,-0.465,0.064,5.29,4.741,7.879
1885,4,-0.822,0.369,-0.693,0.189,-0.667,0.105,-0.515,0.087,-0.462,0.064,8.29,7.467999999999999,7.897
1885,5,-0.71,0.483,-0.675,0.192,-0.657,0.103,-0.521,0.085,-0.462,0.064,11.28,10.57,7.915
1885,6,-0.735,0.459,-0.621,0.193,-0.646,0.105,-0.523,0.084,-0.462,0.065,13.43,12.695,7.968999999999999
1885,7,-0.277,0.43,-0.595,0.188,-0.641,0.106,-0.524,0.083,-0.463,0.064,14.31,14.033000000000001,7.995
1885,8,-0.512,0.376,-0.634,0.181,-0.637,0.107,-0.528,0.082,-0.462,0.064,13.84,13.328,7.9559999999999995
1885,9,-0.606,0.368,-0.672,0.179,-0.647,0.108,-0.527,0.082,-0.46,0.064,12.05,11.444,7.918
1885,10,-0.46,0.437,-0.632,0.174,-0.644,0.105,-0.523,0.082,-0.458,0.064,9.2,8.739999999999998,7.958
1885,11,-0.682,0.384,-0.618,0.161,-0.647,0.107,-0.53,0.081,-0.453,0.064,6.05,5.367999999999999,7.9719999999999995
1885,12,0.133,0.37,-0.609,0.144,-0.655,0.106,-0.531,0.08,-0.45,0.063,3.6,3.733,7.981
1886,1,-1.062,0.438,-0.591,0.143,-0.651,0.106,-0.537,0.081,-0.449,0.064,2.56,1.498,7.999
1886,2,-1.311,0.416,-0.593,0.147,-0.646,0.105,-0.543,0.081,-0.448,0.064,3.19,1.879,7.997
1886,3,-1.007,0.298,-0.579,0.15,-0.64,0.104,-0.545,0.082,-0.451,0.064,5.29,4.283,8.011
1886,4,-0.34,0.346,-0.592,0.15,-0.636,0.103,-0.552,0.082,-0.455,0.064,8.29,7.949999999999999,7.998
1886,5,-0.536,0.377,-0.603,0.156,-0.622,0.104,-0.555,0.082,-0.454,0.064,11.28,10.744,7.987
1886,6,-0.629,0.273,-0.617,0.158,-0.621,0.102,-0.554,0.082,-0.453,0.063,13.43,12.801,7.973
1886,7,-0.064,0.37,-0.664,0.157,-0.627,0.103,-0.556,0.081,-0.453,0.062,14.31,14.246,7.926
1886,8,-0.536,0.43,-0.639,0.145,-0.612,0.104,-0.558,0.081,-0.452,0.063,13.84,13.304,7.951
1886,9,-0.44,0.398,-0.61,0.151,-0.589,0.104,-0.558,0.081,-0.452,0.063,12.05,11.610000000000001,7.9799999999999995
1886,10,-0.615,0.284,-0.62,0.147,-0.566,0.104,-0.56,0.081,-0.45,0.063,9.2,8.584999999999999,7.97
1886,11,-0.811,0.36,-0.614,0.157,-0.549,0.104,-0.561,0.079,-0.449,0.063,6.05,5.239,7.976
1886,12,-0.035,0.353,-0.614,0.166,-0.537,0.103,-0.558,0.078,-0.444,0.063,3.6,3.565,7.976
1887,1,-1.63,0.418,-0.631,0.164,-0.527,0.103,-0.567,0.077,-0.445,0.064,2.56,0.9300000000000002,7.959
1887,2,-1.008,0.359,-0.651,0.158,-0.525,0.102,-0.571,0.076,-0.447,0.065,3.19,2.182,7.939
1887,3,-0.665,0.366,-0.641,0.152,-0.521,0.102,-0.576,0.076,-0.451,0.065,5.29,4.625,7.949
1887,4,-0.451,0.322,-0.632,0.146,-0.517,0.102,-0.577,0.075,-0.45,0.065,8.29,7.8389999999999995,7.958
1887,5,-0.473,0.412,-0.603,0.141,-0.519,0.102,-0.579,0.074,-0.448,0.066,11.28,10.806999999999999,7.987
1887,6,-0.625,0.347,-0.658,0.141,-0.518,0.1,-0.575,0.074,-0.449,0.066,13.43,12.805,7.9319999999999995
1887,7,-0.267,0.391,-0.574,0.152,-0.506,0.098,-0.573,0.074,-0.45,0.066,14.31,14.043000000000001,8.016
1887,8,-0.781,0.406,-0.573,0.152,-0.503,0.094,-0.575,0.074,-0.452,0.066,13.84,13.059,8.017
1887,9,-0.311,0.305,-0.589,0.154,-0.511,0.092,-0.576,0.073,-0.453,0.066,12.05,11.739,8.001
1887,10,-0.508,0.284,-0.588,0.152,-0.506,0.091,-0.57,0.073,-0.454,0.065,9.2,8.692,8.002
1887,11,-0.469,0.391,-0.602,0.144,-0.509,0.089,-0.571,0.071,-0.456,0.066,6.05,5.5809999999999995,7.9879999999999995
1887,12,-0.695,0.346,-0.595,0.137,-0.507,0.087,-0.565,0.073,-0.454,0.066,3.6,2.9050000000000002,7.995
1888,1,-0.623,0.502,-0.579,0.136,-0.508,0.085,-0.574,0.073,-0.451,0.067,2.56,1.937,8.011
1888,2,-0.992,0.353,-0.539,0.135,-0.509,0.085,-0.576,0.074,-0.457,0.067,3.19,2.198,8.051
1888,3,-0.859,0.29,-0.537,0.135,-0.507,0.084,-0.577,0.074,-0.469,0.067,5.29,4.431,8.052999999999999
1888,4,-0.442,0.392,-0.497,0.135,-0.5,0.084,-0.574,0.073,-0.473,0.068,8.29,7.847999999999999,8.093
1888,5,-0.634,0.419,-0.477,0.138,-0.506,0.083,-0.575,0.074,-0.474,0.068,11.28,10.645999999999999,8.113
1888,6,-0.548,0.372,-0.439,0.141,-0.519,0.082,-0.577,0.073,-0.476,0.068,13.43,12.882,8.151
1888,7,-0.071,0.347,-0.444,0.142,-0.515,0.083,-0.574,0.074,-0.479,0.068,14.31,14.239,8.145999999999999
1888,8,-0.296,0.362,-0.331,0.144,-0.515,0.082,-0.572,0.073,-0.482,0.069,13.84,13.544,8.259
1888,9,-0.286,0.321,-0.253,0.138,-0.506,0.082,-0.569,0.073,-0.484,0.069,12.05,11.764000000000001,8.337
1888,10,-0.029,0.276,-0.191,0.133,-0.511,0.081,-0.568,0.073,-0.486,0.069,9.2,9.171,8.399
1888,11,-0.234,0.336,-0.148,0.127,-0.51,0.082,-0.56,0.073,-0.49,0.069,6.05,5.816,8.442
1888,12,-0.24,0.4,-0.113,0.127,-0.509,0.082,-0.562,0.072,-0.49,0.07,3.6,3.3600000000000003,8.477
1889,1,-0.682,0.444,-0.114,0.127,-0.515,0.08,-0.566,0.071,-0.488,0.07,2.56,1.8780000000000001,8.475999999999999
1889,2,0.367,0.363,-0.121,0.13,-0.512,0.078,-0.564,0.071,-0.49,0.07,3.19,3.557,8.469
1889,3,0.075,0.324,-0.136,0.135,-0.51,0.076,-0.555,0.071,-0.491,0.07,5.29,5.365,8.454
1889,4,0.301,0.306,-0.17,0.137,-0.509,0.076,-0.551,0.071,-0.489,0.071,8.29,8.591,8.42
1889,5,-0.116,0.334,-0.236,0.142,-0.511,0.075,-0.544,0.071,-0.488,0.071,11.28,11.164,8.354
1889,6,-0.124,0.29,-0.254,0.14,-0.509,0.074,-0.541,0.072,-0.489,0.072,13.43,13.306,8.336
1889,7,-0.085,0.366,-0.253,0.135,-0.491,0.075,-0.537,0.072,-0.489,0.072,14.31,14.225,8.337
1889,8,-0.387,0.376,-0.339,0.133,-0.481,0.076,-0.536,0.072,-0.487,0.072,13.84,13.453,8.251
1889,9,-0.459,0.328,-0.432,0.125,-0.486,0.076,-0.533,0.071,-0.484,0.072,12.05,11.591000000000001,8.158
1889,10,-0.439,0.27,-0.499,0.121,-0.49,0.076,-0.528,0.071,-0.484,0.072,9.2,8.761,8.091
1889,11,-1.024,0.302,-0.563,0.121,-0.492,0.075,-0.526,0.071,-0.479,0.073,6.05,5.026,8.027
1889,12,-0.456,0.309,-0.605,0.118,-0.485,0.075,-0.525,0.069,-0.477,0.074,3.6,3.144,7.984999999999999
1890,1,-0.673,0.351,-0.626,0.118,-0.487,0.076,-0.524,0.068,-0.478,0.074,2.56,1.887,7.9639999999999995
1890,2,-0.664,0.372,-0.643,0.117,-0.481,0.075,-0.526,0.068,-0.473,0.075,3.19,2.526,7.947
1890,3,-1.037,0.34,-0.643,0.116,-0.482,0.075,-0.527,0.068,-0.469,0.076,5.29,4.253,7.947
1890,4,-0.504,0.311,-0.608,0.117,-0.473,0.076,-0.521,0.068,-0.465,0.076,8.29,7.786,7.982
1890,5,-0.885,0.344,-0.613,0.116,-0.485,0.074,-0.518,0.068,-0.463,0.076,11.28,10.395,7.977
1890,6,-0.637,0.286,-0.626,0.121,-0.484,0.075,-0.514,0.068,-0.462,0.075,13.43,12.793,7.9639999999999995
1890,7,-0.334,0.353,-0.642,0.113,-0.507,0.074,-0.513,0.068,-0.462,0.075,14.31,13.976,7.9479999999999995
1890,8,-0.586,0.356,-0.692,0.117,-0.516,0.074,-0.512,0.068,-0.462,0.075,13.84,13.254,7.898
1890,9,-0.462,0.29,-0.644,0.119,-0.506,0.074,-0.509,0.068,-0.459,0.076,12.05,11.588000000000001,7.946
1890,10,-0.02,0.256,-0.656,0.118,-0.504,0.075,-0.506,0.068,-0.455,0.076,9.2,9.18,7.934
1890,11,-1.078,0.312,-0.624,0.122,-0.502,0.076,-0.502,0.067,-0.456,0.076,6.05,4.9719999999999995,7.966
1890,12,-0.621,0.417,-0.619,0.118,-0.498,0.078,-0.505,0.067,-0.453,0.076,3.6,2.979,7.971
1891,1,-0.857,0.419,-0.623,0.122,-0.497,0.079,-0.498,0.067,-0.454,0.077,2.56,1.703,7.967
1891,2,-1.263,0.443,-0.606,0.127,-0.498,0.079,-0.491,0.066,-0.452,0.078,3.19,1.927,7.984
1891,3,-0.464,0.343,-0.595,0.122,-0.498,0.08,-0.491,0.066,-0.45,0.079,5.29,4.826,7.995
1891,4,-0.649,0.281,-0.637,0.116,-0.499,0.08,-0.496,0.066,-0.449,0.079,8.29,7.640999999999999,7.952999999999999
1891,5,-0.499,0.324,-0.627,0.113,-0.499,0.081,-0.495,0.067,-0.449,0.079,11.28,10.780999999999999,7.963
1891,6,-0.582,0.298,-0.568,0.111,-0.503,0.079,-0.49,0.067,-0.446,0.079,13.43,12.847999999999999,8.022
1891,7,-0.384,0.328,-0.543,0.111,-0.505,0.078,-0.49,0.066,-0.446,0.079,14.31,13.926,8.047
1891,8,-0.376,0.349,-0.47,0.117,-0.516,0.078,-0.487,0.066,-0.446,0.078,13.84,13.464,8.12
1891,9,-0.335,0.284,-0.511,0.124,-0.52,0.078,-0.485,0.065,-0.445,0.078,12.05,11.715,8.079
1891,10,-0.524,0.288,-0.516,0.123,-0.535,0.078,-0.478,0.065,-0.444,0.078,9.2,8.675999999999998,8.074
1891,11,-0.952,0.311,-0.525,0.13,-0.538,0.079,-0.478,0.065,-0.442,0.077,6.05,5.098,8.065
1891,12,0.082,0.273,-0.492,0.13,-0.545,0.079,-0.48,0.066,-0.441,0.077,3.6,3.682,8.097999999999999
1892,1,-0.553,0.351,-0.494,0.137,-0.548,0.078,-0.472,0.068,-0.443,0.076,2.56,2.007,8.096
1892,2,-0.386,0.328,-0.498,0.141,-0.546,0.077,-0.469,0.069,-0.441,0.076,3.19,2.804,8.092
1892,3,-0.958,0.336,-0.501,0.139,-0.546,0.076,-0.472,0.069,-0.442,0.076,5.29,4.332,8.089
1892,4,-0.708,0.297,-0.455,0.131,-0.54,0.075,-0.468,0.07,-0.441,0.076,8.29,7.581999999999999,8.135
1892,5,-0.61,0.361,-0.473,0.121,-0.533,0.074,-0.463,0.069,-0.441,0.075,11.28,10.67,8.116999999999999
1892,6,-0.18,0.345,-0.535,0.123,-0.532,0.072,-0.459,0.069,-0.439,0.075,13.43,13.25,8.055
1892,7,-0.411,0.358,-0.656,0.121,-0.542,0.07,-0.458,0.069,-0.437,0.075,14.31,13.899000000000001,7.934
1892,8,-0.422,0.356,-0.747,0.123,-0.549,0.071,-0.453,0.068,-0.437,0.075,13.84,13.418,7.843
1892,9,-0.369,0.277,-0.692,0.122,-0.542,0.073,-0.451,0.068,-0.437,0.075,12.05,11.681000000000001,7.898
1892,10,0.029,0.245,-0.657,0.116,-0.535,0.074,-0.447,0.069,-0.436,0.075,9.2,9.229,7.933
1892,11,-1.168,0.336,-0.65,0.116,-0.526,0.076,-0.446,0.068,-0.435,0.075,6.05,4.882,7.9399999999999995
1892,12,-0.665,0.475,-0.663,0.119,-0.522,0.077,-0.444,0.068,-0.434,0.076,3.6,2.935,7.927
1893,1,-2.004,0.336,-0.629,0.117,-0.519,0.077,-0.436,0.069,-0.43,0.076,2.56,0.556,7.961
1893,2,-1.484,0.286,-0.625,0.119,-0.514,0.077,-0.434,0.07,-0.423,0.077,3.19,1.706,7.965
1893,3,-0.298,0.233,-0.616,0.12,-0.511,0.078,-0.44,0.071,-0.424,0.077,5.29,4.992,7.974
1893,4,-0.283,0.294,-0.625,0.125,-0.512,0.078,-0.439,0.072,-0.423,0.078,8.29,8.007,7.965
1893,5,-0.525,0.32,-0.545,0.134,-0.499,0.079,-0.437,0.072,-0.423,0.078,11.28,10.754999999999999,8.045
1893,6,-0.345,0.365,-0.53,0.118,-0.491,0.077,-0.433,0.073,-0.425,0.078,13.43,13.084999999999999,8.06
1893,7,0.005,0.346,-0.431,0.122,-0.481,0.078,-0.434,0.074,-0.425,0.078,14.31,14.315000000000001,8.159
1893,8,-0.372,0.347,-0.331,0.135,-0.467,0.08,-0.435,0.074,-0.425,0.077,13.84,13.468,8.259
1893,9,-0.268,0.304,-0.322,0.14,-0.476,0.082,-0.435,0.074,-0.425,0.078,12.05,11.782,8.268
1893,10,-0.083,0.273,-0.348,0.14,-0.481,0.083,-0.438,0.075,-0.425,0.077,9.2,9.116999999999999,8.241999999999999
1893,11,-0.207,0.232,-0.33,0.138,-0.479,0.084,-0.442,0.076,-0.423,0.078,6.05,5.843,8.26
1893,12,-0.482,0.279,-0.347,0.132,-0.471,0.083,-0.441,0.076,-0.425,0.077,3.6,3.1180000000000003,8.243
1894,1,-0.817,0.338,-0.367,0.13,-0.466,0.082,-0.435,0.076,-0.427,0.077,2.56,1.743,8.222999999999999
1894,2,-0.285,0.361,-0.361,0.129,-0.462,0.083,-0.444,0.076,-0.428,0.077,3.19,2.905,8.229
1894,3,-0.181,0.303,-0.376,0.125,-0.46,0.083,-0.45,0.076,-0.426,0.077,5.29,5.109,8.214
1894,4,-0.605,0.316,-0.375,0.121,-0.448,0.081,-0.452,0.077,-0.424,0.078,8.29,7.684999999999999,8.215
1894,5,-0.303,0.315,-0.407,0.122,-0.444,0.082,-0.453,0.078,-0.421,0.077,11.28,10.976999999999999,8.183
1894,6,-0.556,0.344,-0.402,0.117,-0.451,0.082,-0.455,0.078,-0.419,0.077,13.43,12.873999999999999,8.188
1894,7,-0.23,0.348,-0.437,0.121,-0.452,0.084,-0.456,0.077,-0.419,0.077,14.31,14.08,8.153
1894,8,-0.298,0.348,-0.505,0.12,-0.458,0.083,-0.453,0.076,-0.418,0.077,13.84,13.542,8.084999999999999
1894,9,-0.453,0.27,-0.543,0.125,-0.458,0.084,-0.449,0.075,-0.418,0.077,12.05,11.597000000000001,8.047
1894,10,-0.064,0.225,-0.5,0.125,-0.446,0.085,-0.444,0.075,-0.417,0.077,9.2,9.136,8.09
1894,11,-0.592,0.343,-0.504,0.128,-0.434,0.085,-0.431,0.075,-0.413,0.077,6.05,5.458,8.086
1894,12,-0.417,0.278,-0.486,0.133,-0.434,0.086,-0.432,0.077,-0.412,0.076,3.6,3.1830000000000003,8.104
1895,1,-1.238,0.349,-0.48,0.133,-0.428,0.085,-0.435,0.078,-0.407,0.076,2.56,1.322,8.11
1895,2,-1.103,0.337,-0.481,0.14,-0.424,0.084,-0.429,0.08,-0.409,0.076,3.19,2.0869999999999997,8.109
1895,3,-0.641,0.276,-0.464,0.144,-0.42,0.083,-0.419,0.082,-0.409,0.076,5.29,4.649,8.126
1895,4,-0.087,0.326,-0.468,0.147,-0.42,0.084,-0.415,0.083,-0.408,0.077,8.29,8.203,8.122
1895,5,-0.35,0.345,-0.442,0.15,-0.407,0.085,-0.406,0.084,-0.406,0.076,11.28,10.93,8.148
1895,6,-0.339,0.309,-0.422,0.149,-0.403,0.084,-0.401,0.084,-0.404,0.076,13.43,13.091,8.168
1895,7,-0.159,0.385,-0.338,0.138,-0.365,0.089,-0.4,0.085,-0.404,0.077,14.31,14.151,8.252
1895,8,-0.307,0.356,-0.28,0.135,-0.353,0.091,-0.395,0.086,-0.403,0.077,13.84,13.533,8.31
1895,9,-0.258,0.29,-0.312,0.132,-0.373,0.093,-0.392,0.087,-0.402,0.077,12.05,11.792000000000002,8.278
1895,10,-0.111,0.24,-0.384,0.124,-0.375,0.094,-0.388,0.087,-0.401,0.077,9.2,9.088999999999999,8.206
1895,11,-0.271,0.278,-0.387,0.117,-0.373,0.093,-0.381,0.089,-0.398,0.077,6.05,5.779,8.203
1895,12,-0.18,0.264,-0.367,0.11,-0.367,0.093,-0.375,0.089,-0.399,0.077,3.6,3.42,8.222999999999999
1896,1,-0.239,0.305,-0.358,0.109,-0.372,0.094,-0.371,0.091,-0.397,0.077,2.56,2.321,8.232
1896,2,-0.407,0.332,-0.348,0.11,-0.371,0.095,-0.361,0.092,-0.395,0.077,3.19,2.783,8.241999999999999
1896,3,-1.024,0.263,-0.345,0.114,-0.372,0.096,-0.355,0.094,-0.392,0.077,5.29,4.266,8.245
1896,4,-0.951,0.297,-0.316,0.116,-0.378,0.096,-0.347,0.094,-0.389,0.077,8.29,7.3389999999999995,8.274
1896,5,-0.388,0.328,-0.356,0.117,-0.385,0.098,-0.344,0.095,-0.387,0.077,11.28,10.892,8.234
1896,6,-0.094,0.295,-0.367,0.126,-0.379,0.099,-0.339,0.094,-0.385,0.077,13.43,13.336,8.222999999999999
1896,7,-0.052,0.339,-0.4,0.139,-0.365,0.1,-0.336,0.094,-0.385,0.077,14.31,14.258000000000001,8.19
1896,8,-0.184,0.348,-0.426,0.144,-0.373,0.101,-0.333,0.094,-0.384,0.077,13.84,13.656,8.164
1896,9,-0.22,0.302,-0.422,0.143,-0.38,0.102,-0.331,0.094,-0.383,0.077,12.05,11.83,8.168
1896,10,0.238,0.225,-0.343,0.14,-0.369,0.105,-0.329,0.093,-0.381,0.077,9.2,9.437999999999999,8.247
1896,11,-0.754,0.299,-0.3,0.137,-0.367,0.105,-0.322,0.093,-0.38,0.077,6.05,5.295999999999999,8.29
1896,12,-0.319,0.327,-0.305,0.14,-0.365,0.105,-0.324,0.092,-0.379,0.077,3.6,3.281,8.285
1897,1,-0.628,0.413,-0.307,0.14,-0.363,0.105,-0.319,0.092,-0.375,0.077,2.56,1.932,8.283
1897,2,-0.72,0.268,-0.308,0.14,-0.36,0.105,-0.312,0.092,-0.375,0.078,3.19,2.4699999999999998,8.282
1897,3,-0.971,0.268,-0.301,0.138,-0.352,0.105,-0.308,0.092,-0.375,0.079,5.29,4.319,8.289
1897,4,-0.009,0.284,-0.318,0.146,-0.348,0.104,-0.304,0.093,-0.376,0.079,8.29,8.280999999999999,8.272
1897,5,0.128,0.303,-0.287,0.154,-0.33,0.106,-0.302,0.093,-0.378,0.079,11.28,11.408,8.302999999999999
1897,6,-0.155,0.298,-0.292,0.145,-0.332,0.109,-0.302,0.093,-0.378,0.079,13.43,13.275,8.298
1897,7,-0.072,0.383,-0.22,0.149,-0.328,0.111,-0.3,0.093,-0.379,0.078,14.31,14.238000000000001,8.37
1897,8,-0.203,0.367,-0.223,0.149,-0.31,0.114,-0.299,0.093,-0.378,0.078,13.84,13.637,8.366999999999999
1897,9,-0.128,0.323,-0.266,0.153,-0.296,0.114,-0.299,0.093,-0.378,0.078,12.05,11.922,8.324
1897,10,0.035,0.334,-0.3,0.154,-0.295,0.115,-0.303,0.093,-0.376,0.078,9.2,9.235,8.29
1897,11,-0.386,0.315,-0.342,0.147,-0.286,0.114,-0.3,0.094,-0.378,0.078,6.05,5.664,8.248
1897,12,-0.383,0.275,-0.332,0.139,-0.281,0.112,-0.302,0.093,-0.377,0.078,3.6,3.217,8.258
1898,1,0.245,0.437,-0.347,0.146,-0.281,0.113,-0.286,0.095,-0.376,0.078,2.56,2.805,8.243
1898,2,-0.755,0.259,-0.355,0.147,-0.276,0.113,-0.27,0.096,-0.373,0.079,3.19,2.435,8.235
1898,3,-1.493,0.267,-0.373,0.157,-0.274,0.114,-0.271,0.097,-0.374,0.079,5.29,3.7969999999999997,8.217
1898,4,-0.414,0.311,-0.412,0.16,-0.264,0.116,-0.272,0.098,-0.374,0.08,8.29,7.8759999999999994,8.177999999999999
1898,5,-0.373,0.353,-0.431,0.167,-0.264,0.117,-0.271,0.098,-0.372,0.08,11.28,10.907,8.159
1898,6,-0.037,0.344,-0.411,0.173,-0.26,0.119,-0.273,0.097,-0.37,0.08,13.43,13.392999999999999,8.179
1898,7,-0.253,0.367,-0.429,0.172,-0.262,0.122,-0.276,0.097,-0.371,0.08,14.31,14.057,8.161
1898,8,-0.305,0.345,-0.429,0.174,-0.256,0.124,-0.277,0.097,-0.371,0.08,13.84,13.535,8.161
1898,9,-0.335,0.322,-0.357,0.181,-0.233,0.124,-0.28,0.098,-0.371,0.08,12.05,11.715,8.233
1898,10,-0.441,0.286,-0.318,0.189,-0.213,0.124,-0.283,0.098,-0.372,0.081,9.2,8.758999999999999,8.272
1898,11,-0.617,0.357,-0.302,0.183,-0.208,0.123,-0.286,0.099,-0.375,0.081,6.05,5.433,8.288
1898,12,-0.141,0.297,-0.336,0.171,-0.207,0.123,-0.287,0.099,-0.376,0.081,3.6,3.459,8.254
1899,1,0.037,0.336,-0.326,0.17,-0.206,0.123,-0.287,0.099,-0.378,0.081,2.56,2.597,8.264
1899,2,-0.757,0.311,-0.309,0.172,-0.203,0.122,-0.292,0.099,-0.381,0.081,3.19,2.433,8.281
1899,3,-0.634,0.309,-0.276,0.166,-0.202,0.12,-0.297,0.099,-0.384,0.081,5.29,4.656,8.314
1899,4,0.061,0.342,-0.227,0.158,-0.209,0.12,-0.296,0.099,-0.388,0.081,8.29,8.350999999999999,8.363
1899,5,-0.185,0.318,-0.134,0.154,-0.199,0.119,-0.298,0.099,-0.391,0.082,11.28,11.094999999999999,8.456
1899,6,-0.451,0.305,-0.168,0.159,-0.197,0.117,-0.297,0.099,-0.392,0.082,13.43,12.979,8.422
1899,7,-0.124,0.364,-0.252,0.157,-0.186,0.114,-0.3,0.098,-0.393,0.081,14.31,14.186,8.338
1899,8,-0.107,0.365,-0.192,0.172,-0.166,0.114,-0.301,0.098,-0.392,0.081,13.84,13.733,8.398
1899,9,0.063,0.281,-0.121,0.169,-0.157,0.113,-0.303,0.099,-0.391,0.08,12.05,12.113000000000001,8.469
1899,10,0.141,0.229,-0.13,0.159,-0.162,0.114,-0.306,0.099,-0.389,0.08,9.2,9.341,8.459999999999999
1899,11,0.509,0.322,-0.099,0.159,-0.17,0.114,-0.3,0.099,-0.384,0.08,6.05,6.559,8.491
1899,12,-0.559,0.365,-0.066,0.152,-0.171,0.112,-0.299,0.099,-0.384,0.08,3.6,3.041,8.524
1900,1,-0.971,0.315,-0.066,0.154,-0.172,0.113,-0.291,0.099,-0.382,0.08,2.56,1.589,8.524
1900,2,-0.03,0.418,-0.062,0.161,-0.173,0.115,-0.292,0.1,-0.38,0.081,3.19,3.16,8.528
1900,3,0.221,0.263,-0.074,0.171,-0.177,0.117,-0.291,0.099,-0.379,0.081,5.29,5.511,8.516
1900,4,-0.055,0.276,-0.047,0.177,-0.185,0.118,-0.294,0.1,-0.377,0.081,8.29,8.235,8.543
1900,5,0.188,0.307,-0.113,0.178,-0.192,0.118,-0.294,0.099,-0.375,0.082,11.28,11.468,8.477
1900,6,-0.058,0.305,-0.058,0.172,-0.201,0.118,-0.294,0.099,-0.373,0.082,13.43,13.372,8.532
1900,7,-0.118,0.354,-0.01,0.171,-0.206,0.117,-0.294,0.099,-0.372,0.082,14.31,14.192,8.58
1900,8,-0.054,0.352,-0.011,0.16,-0.188,0.117,-0.294,0.1,-0.371,0.083,13.84,13.786,8.579
1900,9,-0.087,0.304,-0.002,0.158,-0.168,0.116,-0.295,0.1,-0.37,0.083,12.05,11.963000000000001,8.588
1900,10,0.466,0.267,0.026,0.155,-0.168,0.116,-0.296,0.101,-0.371,0.083,9.2,9.665999999999999,8.616
1900,11,-0.286,0.339,0.002,0.153,-0.17,0.117,-0.293,0.101,-0.37,0.084,6.05,5.764,8.592
1900,12,0.101,0.313,0.005,0.155,-0.179,0.115,-0.293,0.101,-0.371,0.084,3.6,3.701,8.595
1901,1,-0.386,0.309,0.014,0.145,-0.181,0.113,-0.295,0.102,-0.371,0.084,2.56,2.174,8.604
1901,2,-0.049,0.319,0.017,0.142,-0.183,0.113,-0.298,0.102,-0.369,0.085,3.19,3.141,8.607
1901,3,0.331,0.243,0.014,0.135,-0.188,0.113,-0.293,0.102,-0.371,0.085,5.29,5.621,8.604
1901,4,0.275,0.265,-0.043,0.131,-0.188,0.113,-0.282,0.102,-0.369,0.085,8.29,8.565,8.547
1901,5,-0.094,0.301,-0.029,0.122,-0.187,0.112,-0.279,0.101,-0.369,0.086,11.28,11.186,8.561
1901,6,-0.029,0.287,-0.056,0.107,-0.196,0.112,-0.279,0.102,-0.368,0.086,13.43,13.401,8.534
1901,7,0.0,0.324,-0.018,0.103,-0.21,0.109,-0.281,0.102,-0.368,0.086,14.31,14.31,8.572
1901,8,-0.023,0.333,0.022,0.101,-0.212,0.108,-0.281,0.102,-0.368,0.086,13.84,13.817,8.612
1901,9,-0.123,0.257,-0.039,0.1,-0.213,0.107,-0.281,0.102,-0.369,0.086,12.05,11.927000000000001,8.551
1901,10,-0.213,0.262,-0.087,0.106,-0.224,0.105,-0.283,0.102,-0.366,0.085,9.2,8.987,8.503
1901,11,-0.127,0.253,-0.111,0.107,-0.228,0.104,-0.282,0.102,-0.363,0.085,6.05,5.923,8.479
1901,12,-0.224,0.304,-0.124,0.108,-0.229,0.104,-0.278,0.102,-0.364,0.085,3.6,3.376,8.466
1902,1,0.077,0.248,-0.134,0.112,-0.236,0.104,-0.279,0.1,-0.362,0.085,2.56,2.637,8.456
1902,2,0.431,0.242,-0.158,0.114,-0.241,0.105,-0.281,0.1,-0.36,0.085,3.19,3.621,8.432
1902,3,-0.404,0.24,-0.175,0.119,-0.254,0.106,-0.278,0.1,-0.36,0.085,5.29,4.886,8.415
1902,4,-0.296,0.309,-0.194,0.121,-0.264,0.107,-0.283,0.101,-0.357,0.086,8.29,7.993999999999999,8.395999999999999
1902,5,-0.386,0.304,-0.254,0.127,-0.271,0.104,-0.292,0.101,-0.355,0.086,11.28,10.894,8.336
1902,6,-0.187,0.271,-0.309,0.124,-0.266,0.101,-0.296,0.1,-0.354,0.086,13.43,13.243,8.281
1902,7,-0.12,0.353,-0.321,0.128,-0.254,0.1,-0.301,0.1,-0.355,0.086,14.31,14.190000000000001,8.269
1902,8,-0.303,0.338,-0.33,0.126,-0.273,0.099,-0.303,0.101,-0.356,0.087,13.84,13.536999999999999,8.26
1902,9,-0.327,0.288,-0.322,0.128,-0.286,0.098,-0.305,0.101,-0.358,0.087,12.05,11.723,8.268
1902,10,-0.448,0.218,-0.331,0.135,-0.294,0.099,-0.306,0.101,-0.362,0.086,9.2,8.751999999999999,8.259
1902,11,-0.841,0.236,-0.339,0.142,-0.302,0.099,-0.309,0.102,-0.359,0.087,6.05,5.209,8.251
1902,12,-0.887,0.326,-0.372,0.147,-0.306,0.1,-0.311,0.102,-0.359,0.086,3.6,2.713,8.218
1903,1,-0.073,0.326,-0.393,0.142,-0.308,0.1,-0.315,0.101,-0.352,0.087,2.56,2.487,8.197
1903,2,0.327,0.258,-0.406,0.141,-0.312,0.1,-0.312,0.101,-0.35,0.088,3.19,3.517,8.184
1903,3,-0.302,0.256,-0.431,0.149,-0.316,0.1,-0.308,0.101,-0.351,0.088,5.29,4.988,8.159
1903,4,-0.407,0.304,-0.429,0.15,-0.328,0.101,-0.308,0.101,-0.351,0.088,8.29,7.882999999999999,8.161
1903,5,-0.487,0.313,-0.403,0.151,-0.322,0.1,-0.306,0.1,-0.351,0.087,11.28,10.793,8.187
1903,6,-0.581,0.272,-0.386,0.148,-0.327,0.1,-0.307,0.1,-0.352,0.087,13.43,12.849,8.204
1903,7,-0.365,0.331,-0.45,0.137,-0.329,0.098,-0.307,0.099,-0.353,0.087,14.31,13.945,8.14
1903,8,-0.461,0.332,-0.547,0.132,-0.341,0.099,-0.308,0.099,-0.352,0.087,13.84,13.379,8.043
1903,9,-0.631,0.318,-0.584,0.13,-0.352,0.097,-0.306,0.099,-0.352,0.087,12.05,11.419,8.006
1903,10,-0.427,0.23,-0.598,0.124,-0.351,0.098,-0.306,0.099,-0.352,0.087,9.2,8.773,7.992
1903,11,-0.521,0.255,-0.593,0.119,-0.35,0.097,-0.307,0.098,-0.352,0.087,6.05,5.529,7.997
1903,12,-0.692,0.265,-0.585,0.117,-0.351,0.096,-0.311,0.098,-0.347,0.087,3.6,2.9080000000000004,8.004999999999999
1904,1,-0.834,0.285,-0.6,0.12,-0.355,0.097,-0.321,0.098,-0.34,0.086,2.56,1.726,7.99
1904,2,-0.84,0.244,-0.597,0.122,-0.358,0.099,-0.319,0.098,-0.339,0.086,3.19,2.35,7.993
1904,3,-0.74,0.208,-0.605,0.118,-0.361,0.1,-0.319,0.098,-0.339,0.086,5.29,4.55,7.984999999999999
1904,4,-0.574,0.255,-0.609,0.122,-0.357,0.1,-0.325,0.097,-0.338,0.087,8.29,7.715999999999999,7.981
1904,5,-0.437,0.307,-0.555,0.123,-0.364,0.101,-0.329,0.097,-0.336,0.087,11.28,10.843,8.035
1904,6,-0.476,0.263,-0.52,0.122,-0.359,0.104,-0.329,0.096,-0.334,0.087,13.43,12.954,8.07
1904,7,-0.55,0.35,-0.471,0.125,-0.372,0.103,-0.33,0.096,-0.333,0.087,14.31,13.76,8.119
1904,8,-0.428,0.374,-0.501,0.139,-0.396,0.103,-0.33,0.097,-0.332,0.087,13.84,13.411999999999999,8.089
1904,9,-0.721,0.272,-0.486,0.145,-0.399,0.105,-0.333,0.097,-0.331,0.087,12.05,11.329,8.104
1904,10,-0.474,0.259,-0.48,0.154,-0.405,0.106,-0.334,0.097,-0.33,0.087,9.2,8.725999999999999,8.11
1904,11,0.121,0.261,-0.467,0.155,-0.413,0.106,-0.337,0.096,-0.329,0.087,6.05,6.170999999999999,8.123
1904,12,-0.265,0.26,-0.452,0.157,-0.422,0.107,-0.336,0.095,-0.327,0.087,3.6,3.335,8.138
1905,1,-0.257,0.297,-0.427,0.158,-0.43,0.106,-0.329,0.094,-0.323,0.087,2.56,2.303,8.163
1905,2,-1.196,0.356,-0.415,0.161,-0.433,0.106,-0.331,0.093,-0.318,0.087,3.19,1.994,8.175
1905,3,-0.556,0.251,-0.384,0.163,-0.434,0.105,-0.338,0.092,-0.315,0.087,5.29,4.734,8.206
1905,4,-0.503,0.301,-0.366,0.166,-0.427,0.105,-0.339,0.092,-0.313,0.087,8.29,7.786999999999999,8.224
1905,5,-0.287,0.296,-0.37,0.163,-0.427,0.107,-0.343,0.091,-0.311,0.086,11.28,10.992999999999999,8.22
1905,6,-0.298,0.27,-0.364,0.163,-0.422,0.107,-0.345,0.092,-0.31,0.086,13.43,13.132,8.225999999999999
1905,7,-0.246,0.364,-0.383,0.155,-0.425,0.105,-0.345,0.091,-0.309,0.086,14.31,14.064,8.207
1905,8,-0.287,0.359,-0.347,0.143,-0.435,0.106,-0.346,0.091,-0.309,0.086,13.84,13.552999999999999,8.243
1905,9,-0.342,0.281,-0.33,0.134,-0.448,0.106,-0.348,0.091,-0.309,0.086,12.05,11.708,8.26
1905,10,-0.258,0.286,-0.258,0.126,-0.448,0.105,-0.354,0.091,-0.309,0.086,9.2,8.942,8.332
1905,11,0.073,0.237,-0.239,0.123,-0.442,0.104,-0.358,0.091,-0.308,0.086,6.05,6.123,8.350999999999999
1905,12,-0.197,0.237,-0.224,0.12,-0.436,0.103,-0.367,0.091,-0.307,0.087,3.6,3.403,8.366
1906,1,-0.477,0.249,-0.221,0.116,-0.432,0.104,-0.371,0.091,-0.306,0.087,2.56,2.083,8.369
1906,2,-0.776,0.242,-0.212,0.118,-0.433,0.104,-0.377,0.091,-0.305,0.088,3.19,2.4139999999999997,8.378
1906,3,-0.346,0.216,-0.211,0.118,-0.424,0.103,-0.387,0.091,-0.302,0.088,5.29,4.944,8.379
1906,4,0.361,0.285,-0.188,0.111,-0.423,0.103,-0.391,0.091,-0.299,0.088,8.29,8.651,8.402
1906,5,-0.056,0.292,-0.24,0.114,-0.428,0.102,-0.394,0.091,-0.299,0.088,11.28,11.224,8.35
1906,6,-0.117,0.295,-0.214,0.115,-0.426,0.102,-0.397,0.091,-0.301,0.088,13.43,13.312999999999999,8.376
1906,7,-0.217,0.329,-0.235,0.115,-0.432,0.103,-0.4,0.091,-0.302,0.088,14.31,14.093,8.355
1906,8,-0.173,0.371,-0.252,0.115,-0.426,0.105,-0.403,0.092,-0.302,0.088,13.84,13.667,8.338
1906,9,-0.333,0.271,-0.276,0.124,-0.424,0.106,-0.406,0.092,-0.303,0.088,12.05,11.717,8.314
1906,10,0.02,0.23,-0.358,0.127,-0.426,0.105,-0.404,0.092,-0.305,0.088,9.2,9.219999999999999,8.232
1906,11,-0.559,0.245,-0.427,0.129,-0.429,0.105,-0.404,0.092,-0.303,0.088,6.05,5.491,8.163
1906,12,0.125,0.26,-0.478,0.129,-0.429,0.104,-0.404,0.093,-0.307,0.088,3.6,3.725,8.112
1907,1,-0.731,0.245,-0.507,0.125,-0.425,0.103,-0.406,0.094,-0.306,0.087,2.56,1.8290000000000002,8.083
1907,2,-0.985,0.232,-0.534,0.121,-0.42,0.103,-0.408,0.094,-0.307,0.088,3.19,2.205,8.056
1907,3,-0.634,0.25,-0.54,0.114,-0.411,0.103,-0.412,0.094,-0.306,0.088,5.29,4.656,8.05
1907,4,-0.614,0.29,-0.542,0.11,-0.404,0.101,-0.41,0.094,-0.308,0.088,8.29,7.675999999999999,8.048
1907,5,-0.893,0.285,-0.565,0.118,-0.404,0.101,-0.407,0.095,-0.312,0.088,11.28,10.386999999999999,8.025
1907,6,-0.722,0.272,-0.625,0.122,-0.405,0.101,-0.406,0.095,-0.314,0.088,13.43,12.708,7.965
1907,7,-0.566,0.321,-0.586,0.126,-0.403,0.101,-0.409,0.095,-0.314,0.087,14.31,13.744,8.004
1907,8,-0.499,0.345,-0.528,0.13,-0.389,0.099,-0.413,0.095,-0.315,0.088,13.84,13.341,8.062
1907,9,-0.407,0.254,-0.564,0.135,-0.39,0.098,-0.418,0.095,-0.316,0.088,12.05,11.643,8.026
1907,10,0.0,0.246,-0.548,0.137,-0.384,0.097,-0.421,0.094,-0.319,0.088,9.2,9.2,8.042
1907,11,-0.842,0.341,-0.485,0.138,-0.384,0.096,-0.419,0.094,-0.319,0.088,6.05,5.208,8.105
1907,12,-0.592,0.253,-0.44,0.138,-0.385,0.095,-0.416,0.094,-0.322,0.088,3.6,3.008,8.15
1908,1,-0.267,0.248,-0.406,0.142,-0.382,0.094,-0.419,0.093,-0.326,0.087,2.56,2.293,8.184
1908,2,-0.286,0.269,-0.405,0.141,-0.38,0.094,-0.429,0.094,-0.326,0.088,3.19,2.904,8.185
1908,3,-1.071,0.266,-0.382,0.145,-0.381,0.094,-0.432,0.094,-0.321,0.087,5.29,4.219,8.208
1908,4,-0.417,0.3,-0.413,0.143,-0.381,0.093,-0.431,0.093,-0.322,0.087,8.29,7.872999999999999,8.177
1908,5,-0.142,0.294,-0.412,0.133,-0.394,0.095,-0.431,0.093,-0.324,0.087,11.28,11.138,8.177999999999999
1908,6,-0.172,0.246,-0.407,0.129,-0.406,0.095,-0.43,0.092,-0.326,0.087,13.43,13.258,8.183
1908,7,-0.166,0.354,-0.484,0.13,-0.414,0.095,-0.429,0.092,-0.326,0.087,14.31,14.144,8.106
1908,8,-0.479,0.336,-0.5,0.134,-0.412,0.096,-0.426,0.092,-0.327,0.087,13.84,13.361,8.09
1908,9,-0.131,0.266,-0.463,0.13,-0.421,0.097,-0.424,0.092,-0.327,0.087,12.05,11.919,8.127
1908,10,-0.372,0.249,-0.485,0.126,-0.431,0.097,-0.422,0.092,-0.324,0.086,9.2,8.828,8.105
1908,11,-0.828,0.227,-0.527,0.125,-0.438,0.097,-0.418,0.091,-0.323,0.086,6.05,5.2219999999999995,8.063
1908,12,-0.538,0.244,-0.554,0.125,-0.443,0.098,-0.407,0.09,-0.326,0.085,3.6,3.0620000000000003,8.036
1909,1,-1.194,0.272,-0.564,0.122,-0.445,0.098,-0.394,0.09,-0.327,0.084,2.56,1.366,8.026
1909,2,-0.472,0.279,-0.533,0.125,-0.448,0.097,-0.386,0.09,-0.325,0.084,3.19,2.718,8.057
1909,3,-0.633,0.227,-0.539,0.126,-0.451,0.097,-0.382,0.091,-0.325,0.084,5.29,4.657,8.051
1909,4,-0.68,0.307,-0.513,0.128,-0.451,0.096,-0.379,0.091,-0.324,0.083,8.29,7.609999999999999,8.077
1909,5,-0.645,0.307,-0.431,0.129,-0.444,0.095,-0.375,0.091,-0.325,0.083,11.28,10.635,8.159
1909,6,-0.491,0.275,-0.416,0.129,-0.449,0.096,-0.37,0.09,-0.324,0.083,13.43,12.939,8.174
1909,7,-0.284,0.323,-0.329,0.124,-0.439,0.097,-0.366,0.09,-0.324,0.083,14.31,14.026,8.261
1909,8,-0.116,0.346,-0.317,0.122,-0.421,0.098,-0.363,0.09,-0.324,0.083,13.84,13.724,8.273
1909,9,-0.197,0.271,-0.314,0.122,-0.426,0.098,-0.359,0.089,-0.325,0.083,12.05,11.853000000000002,8.276
1909,10,-0.067,0.235,-0.27,0.117,-0.416,0.098,-0.353,0.088,-0.325,0.083,9.2,9.133,8.32
1909,11,0.154,0.227,-0.241,0.115,-0.401,0.099,-0.357,0.088,-0.329,0.082,6.05,6.204,8.349
1909,12,-0.353,0.256,-0.229,0.116,-0.389,0.1,-0.354,0.088,-0.329,0.082,3.6,3.247,8.361
1910,1,-0.145,0.257,-0.213,0.116,-0.389,0.1,-0.354,0.087,-0.323,0.081,2.56,2.415,8.377
1910,2,-0.336,0.257,-0.218,0.117,-0.393,0.101,-0.343,0.087,-0.325,0.08,3.19,2.854,8.372
1910,3,-0.598,0.214,-0.232,0.117,-0.401,0.101,-0.34,0.086,-0.326,0.08,5.29,4.692,8.358
1910,4,-0.15,0.275,-0.247,0.115,-0.416,0.1,-0.332,0.085,-0.326,0.08,8.29,8.139999999999999,8.343
1910,5,-0.298,0.292,-0.323,0.121,-0.411,0.098,-0.328,0.085,-0.327,0.08,11.28,10.982,8.267
1910,6,-0.341,0.269,-0.37,0.128,-0.41,0.097,-0.327,0.085,-0.329,0.08,13.43,13.089,8.22
1910,7,-0.093,0.333,-0.434,0.126,-0.414,0.097,-0.325,0.084,-0.329,0.08,14.31,14.217,8.156
1910,8,-0.178,0.356,-0.464,0.121,-0.422,0.098,-0.323,0.084,-0.329,0.08,13.84,13.661999999999999,8.126
1910,9,-0.358,0.264,-0.486,0.123,-0.416,0.097,-0.322,0.084,-0.33,0.08,12.05,11.692,8.104
1910,10,-0.253,0.22,-0.496,0.121,-0.413,0.095,-0.322,0.083,-0.333,0.08,9.2,8.947,8.094
1910,11,-0.76,0.293,-0.51,0.123,-0.421,0.095,-0.322,0.084,-0.334,0.079,6.05,5.29,8.08
1910,12,-0.919,0.313,-0.517,0.124,-0.425,0.094,-0.321,0.084,-0.339,0.079,3.6,2.681,8.073
1911,1,-0.913,0.245,-0.534,0.121,-0.426,0.094,-0.316,0.084,-0.336,0.079,2.56,1.647,8.056
1911,2,-0.697,0.239,-0.552,0.117,-0.42,0.093,-0.311,0.085,-0.335,0.08,3.19,2.493,8.038
1911,3,-0.863,0.237,-0.561,0.119,-0.423,0.093,-0.311,0.087,-0.338,0.08,5.29,4.427,8.029
1911,4,-0.261,0.276,-0.539,0.115,-0.42,0.093,-0.316,0.086,-0.339,0.08,8.29,8.029,8.051
1911,5,-0.475,0.326,-0.487,0.107,-0.407,0.093,-0.318,0.086,-0.339,0.08,11.28,10.805,8.103
1911,6,-0.426,0.264,-0.425,0.109,-0.389,0.092,-0.322,0.086,-0.339,0.08,13.43,13.004,8.165
1911,7,-0.286,0.316,-0.363,0.112,-0.355,0.09,-0.323,0.086,-0.339,0.08,14.31,14.024000000000001,8.227
1911,8,-0.399,0.338,-0.295,0.109,-0.346,0.088,-0.324,0.086,-0.34,0.08,13.84,13.440999999999999,8.295
1911,9,-0.469,0.26,-0.299,0.106,-0.34,0.088,-0.324,0.087,-0.34,0.081,12.05,11.581000000000001,8.291
1911,10,0.009,0.215,-0.279,0.108,-0.332,0.088,-0.326,0.087,-0.34,0.081,9.2,9.209,8.311
1911,11,-0.135,0.2,-0.243,0.112,-0.321,0.088,-0.325,0.086,-0.34,0.081,6.05,5.915,8.347
1911,12,-0.164,0.23,-0.205,0.114,-0.311,0.088,-0.337,0.087,-0.339,0.081,3.6,3.436,8.385
1912,1,-0.177,0.294,-0.23,0.117,-0.307,0.088,-0.334,0.088,-0.341,0.081,2.56,2.383,8.36
1912,2,0.122,0.253,-0.259,0.119,-0.307,0.087,-0.333,0.089,-0.346,0.08,3.19,3.312,8.331
1912,3,-0.91,0.211,-0.291,0.116,-0.306,0.087,-0.334,0.09,-0.345,0.08,5.29,4.38,8.299
1912,4,-0.024,0.297,-0.366,0.117,-0.302,0.086,-0.333,0.089,-0.343,0.08,8.29,8.266,8.224
1912,5,-0.037,0.317,-0.4,0.12,-0.31,0.087,-0.333,0.089,-0.342,0.08,11.28,11.242999999999999,8.19
1912,6,0.026,0.246,-0.433,0.121,-0.304,0.086,-0.332,0.089,-0.342,0.08,13.43,13.456,8.157
1912,7,-0.587,0.337,-0.459,0.12,-0.306,0.086,-0.328,0.089,-0.342,0.08,14.31,13.723,8.131
1912,8,-0.744,0.343,-0.534,0.127,-0.298,0.086,-0.327,0.09,-0.343,0.08,13.84,13.096,8.056
1912,9,-0.856,0.255,-0.518,0.131,-0.29,0.086,-0.327,0.091,-0.343,0.08,12.05,11.194,8.072
1912,10,-0.89,0.2,-0.537,0.124,-0.28,0.085,-0.332,0.09,-0.342,0.08,9.2,8.309999999999999,8.052999999999999
1912,11,-0.547,0.211,-0.581,0.119,-0.272,0.086,-0.328,0.089,-0.338,0.08,6.05,5.503,8.009
1912,12,-0.55,0.249,-0.621,0.117,-0.269,0.086,-0.334,0.088,-0.334,0.08,3.6,3.05,7.968999999999999
1913,1,-0.491,0.246,-0.587,0.118,-0.267,0.085,-0.336,0.087,-0.334,0.08,2.56,2.069,8.003
1913,2,-0.78,0.345,-0.536,0.116,-0.266,0.084,-0.34,0.087,-0.338,0.08,3.19,2.41,8.054
1913,3,-0.715,0.226,-0.493,0.119,-0.264,0.085,-0.334,0.087,-0.339,0.079,5.29,4.575,8.097
1913,4,-0.256,0.262,-0.434,0.121,-0.264,0.085,-0.336,0.086,-0.339,0.079,8.29,8.033999999999999,8.156
1913,5,-0.565,0.289,-0.391,0.121,-0.25,0.084,-0.342,0.087,-0.339,0.079,11.28,10.715,8.199
1913,6,-0.45,0.254,-0.301,0.113,-0.235,0.083,-0.345,0.087,-0.338,0.079,13.43,12.98,8.289
1913,7,-0.189,0.343,-0.191,0.108,-0.219,0.084,-0.346,0.087,-0.338,0.079,14.31,14.121,8.399
1913,8,-0.131,0.338,-0.118,0.103,-0.209,0.086,-0.346,0.087,-0.337,0.079,13.84,13.709,8.472
1913,9,-0.336,0.285,-0.082,0.1,-0.202,0.088,-0.347,0.087,-0.335,0.079,12.05,11.714,8.508
1913,10,-0.186,0.211,-0.077,0.105,-0.201,0.087,-0.342,0.087,-0.333,0.078,9.2,9.014,8.513
1913,11,-0.028,0.222,-0.028,0.106,-0.198,0.087,-0.339,0.086,-0.329,0.079,6.05,6.022,8.562
1913,12,0.531,0.195,0.014,0.102,-0.201,0.087,-0.34,0.085,-0.325,0.078,3.6,4.131,8.604
1914,1,0.833,0.234,0.03,0.102,-0.201,0.087,-0.333,0.083,-0.323,0.079,2.56,3.393,8.62
1914,2,0.096,0.213,0.03,0.101,-0.199,0.088,-0.332,0.082,-0.321,0.079,3.19,3.286,8.62
1914,3,-0.286,0.217,0.045,0.099,-0.197,0.089,-0.331,0.082,-0.317,0.079,5.29,5.0040000000000004,8.635
1914,4,-0.191,0.279,0.075,0.099,-0.201,0.09,-0.324,0.081,-0.316,0.079,8.29,8.098999999999998,8.665
1914,5,0.021,0.283,0.053,0.102,-0.207,0.091,-0.321,0.081,-0.315,0.079,11.28,11.301,8.643
1914,6,0.057,0.248,0.01,0.102,-0.225,0.091,-0.319,0.082,-0.314,0.079,13.43,13.487,8.6
1914,7,-0.0,0.355,-0.081,0.105,-0.229,0.091,-0.318,0.081,-0.312,0.079,14.31,14.31,8.509
1914,8,-0.13,0.335,-0.077,0.111,-0.244,0.092,-0.317,0.081,-0.312,0.079,13.84,13.709999999999999,8.513
1914,9,-0.159,0.253,-0.063,0.111,-0.243,0.094,-0.317,0.081,-0.309,0.079,12.05,11.891,8.527
1914,10,0.176,0.217,-0.013,0.108,-0.25,0.093,-0.315,0.08,-0.308,0.078,9.2,9.376,8.577
1914,11,-0.29,0.235,0.0,0.109,-0.264,0.092,-0.322,0.081,-0.307,0.078,6.05,5.76,8.59
1914,12,0.013,0.228,-0.018,0.11,-0.274,0.091,-0.322,0.081,-0.307,0.078,3.6,3.613,8.572
1915,1,-0.259,0.27,-0.014,0.108,-0.267,0.091,-0.318,0.08,-0.307,0.078,2.56,2.301,8.576
1915,2,0.136,0.259,-0.013,0.112,-0.261,0.092,-0.319,0.08,-0.304,0.077,3.19,3.326,8.577
1915,3,-0.118,0.2,-0.021,0.115,-0.253,0.094,-0.314,0.079,-0.302,0.077,5.29,5.172,8.568999999999999
1915,4,0.41,0.277,-0.057,0.116,-0.249,0.094,-0.313,0.08,-0.3,0.077,8.29,8.7,8.533
1915,5,0.179,0.296,-0.023,0.118,-0.244,0.094,-0.312,0.08,-0.3,0.077,11.28,11.459,8.567
1915,6,-0.161,0.267,-0.025,0.121,-0.257,0.093,-0.312,0.08,-0.3,0.076,13.43,13.269,8.565
1915,7,0.054,0.327,-0.001,0.121,-0.259,0.09,-0.312,0.08,-0.301,0.076,14.31,14.364,8.589
1915,8,-0.122,0.34,-0.023,0.124,-0.257,0.09,-0.313,0.079,-0.3,0.076,13.84,13.718,8.567
1915,9,-0.256,0.276,-0.047,0.133,-0.252,0.09,-0.313,0.079,-0.299,0.076,12.05,11.794,8.543
1915,10,-0.26,0.217,-0.099,0.131,-0.259,0.091,-0.312,0.079,-0.299,0.076,9.2,8.94,8.491
1915,11,0.123,0.251,-0.141,0.13,-0.263,0.092,-0.311,0.079,-0.298,0.076,6.05,6.173,8.449
1915,12,-0.017,0.24,-0.174,0.128,-0.264,0.092,-0.311,0.078,-0.294,0.075,3.6,3.583,8.416
1916,1,0.039,0.245,-0.203,0.129,-0.267,0.092,-0.3,0.079,-0.288,0.076,2.56,2.599,8.387
1916,2,-0.131,0.297,-0.217,0.134,-0.273,0.093,-0.294,0.079,-0.283,0.076,3.19,3.059,8.373
1916,3,-0.403,0.349,-0.227,0.133,-0.271,0.093,-0.289,0.078,-0.28,0.076,5.29,4.8870000000000005,8.363
1916,4,-0.215,0.271,-0.223,0.131,-0.265,0.092,-0.287,0.078,-0.282,0.076,8.29,8.075,8.366999999999999
1916,5,-0.328,0.296,-0.273,0.131,-0.271,0.09,-0.284,0.078,-0.283,0.076,11.28,10.952,8.317
1916,6,-0.552,0.256,-0.375,0.132,-0.292,0.09,-0.28,0.078,-0.284,0.075,13.43,12.878,8.215
1916,7,-0.303,0.332,-0.413,0.138,-0.312,0.088,-0.277,0.078,-0.284,0.075,14.31,14.007,8.177
1916,8,-0.29,0.374,-0.47,0.139,-0.318,0.088,-0.277,0.078,-0.283,0.075,13.84,13.55,8.12
1916,9,-0.374,0.277,-0.504,0.132,-0.322,0.088,-0.275,0.078,-0.282,0.075,12.05,11.676,8.086
1916,10,-0.204,0.222,-0.524,0.135,-0.316,0.086,-0.275,0.078,-0.281,0.075,9.2,8.995999999999999,8.065999999999999
1916,11,-0.48,0.283,-0.57,0.128,-0.322,0.086,-0.276,0.079,-0.278,0.075,6.05,5.57,8.02
1916,12,-1.247,0.272,-0.574,0.134,-0.327,0.087,-0.274,0.078,-0.28,0.075,3.6,2.3529999999999998,8.016
1917,1,-0.413,0.27,-0.558,0.134,-0.328,0.087,-0.276,0.077,-0.278,0.075,2.56,2.1470000000000002,8.032
1917,2,-0.82,0.29,-0.568,0.136,-0.328,0.086,-0.283,0.076,-0.275,0.075,3.19,2.37,8.022
1917,3,-0.804,0.258,-0.567,0.14,-0.327,0.086,-0.277,0.076,-0.275,0.075,5.29,4.486,8.023
1917,4,-0.456,0.258,-0.607,0.141,-0.329,0.086,-0.276,0.075,-0.274,0.075,8.29,7.833999999999999,7.983
1917,5,-0.876,0.314,-0.588,0.141,-0.333,0.086,-0.278,0.075,-0.271,0.075,11.28,10.404,8.002
1917,6,-0.609,0.239,-0.593,0.136,-0.34,0.088,-0.279,0.074,-0.269,0.074,13.43,12.821,7.997
1917,7,-0.111,0.333,-0.61,0.125,-0.331,0.086,-0.275,0.074,-0.267,0.074,14.31,14.199,7.9799999999999995
1917,8,-0.409,0.383,-0.597,0.123,-0.34,0.086,-0.272,0.074,-0.266,0.074,13.84,13.431,7.993
1917,9,-0.362,0.317,-0.566,0.121,-0.339,0.086,-0.268,0.074,-0.264,0.074,12.05,11.688,8.024
1917,10,-0.683,0.202,-0.582,0.12,-0.345,0.087,-0.262,0.075,-0.262,0.074,9.2,8.517,8.008
1917,11,-0.247,0.237,-0.576,0.127,-0.351,0.087,-0.258,0.075,-0.257,0.073,6.05,5.803,8.014
1917,12,-1.31,0.256,-0.569,0.129,-0.355,0.087,-0.253,0.075,-0.257,0.072,3.6,2.29,8.021
1918,1,-0.618,0.307,-0.591,0.126,-0.358,0.088,-0.249,0.075,-0.254,0.072,2.56,1.9420000000000002,7.999
1918,2,-0.66,0.259,-0.596,0.128,-0.36,0.088,-0.248,0.074,-0.252,0.072,3.19,2.53,7.994
1918,3,-0.432,0.227,-0.584,0.125,-0.361,0.088,-0.245,0.073,-0.25,0.071,5.29,4.858,8.006
1918,4,-0.647,0.27,-0.512,0.124,-0.36,0.087,-0.247,0.074,-0.248,0.071,8.29,7.642999999999999,8.078
1918,5,-0.811,0.321,-0.523,0.119,-0.372,0.087,-0.246,0.074,-0.249,0.071,11.28,10.469,8.067
1918,6,-0.525,0.267,-0.476,0.119,-0.387,0.087,-0.245,0.074,-0.25,0.071,13.43,12.905,8.114
1918,7,-0.372,0.327,-0.454,0.112,-0.381,0.087,-0.246,0.074,-0.249,0.071,14.31,13.938,8.136
1918,8,-0.473,0.348,-0.425,0.109,-0.379,0.086,-0.248,0.075,-0.248,0.071,13.84,13.366999999999999,8.165
1918,9,-0.211,0.263,-0.432,0.106,-0.376,0.084,-0.247,0.075,-0.248,0.071,12.05,11.839,8.158
1918,10,0.181,0.21,-0.363,0.109,-0.372,0.084,-0.244,0.075,-0.246,0.071,9.2,9.380999999999998,8.227
1918,11,-0.375,0.21,-0.324,0.108,-0.369,0.084,-0.241,0.075,-0.242,0.07,6.05,5.675,8.266
1918,12,-0.757,0.239,-0.3,0.109,-0.36,0.085,-0.243,0.075,-0.239,0.07,3.6,2.843,8.29
1919,1,-0.348,0.277,-0.275,0.111,-0.354,0.085,-0.252,0.076,-0.236,0.07,2.56,2.212,8.315
1919,2,-0.31,0.223,-0.244,0.111,-0.355,0.084,-0.256,0.077,-0.239,0.069,3.19,2.88,8.346
1919,3,-0.525,0.244,-0.237,0.113,-0.353,0.083,-0.253,0.077,-0.238,0.069,5.29,4.765,8.353
1919,4,0.19,0.303,-0.244,0.109,-0.349,0.083,-0.254,0.076,-0.236,0.069,8.29,8.479999999999999,8.346
1919,5,-0.343,0.313,-0.261,0.107,-0.345,0.084,-0.256,0.076,-0.235,0.069,11.28,10.937,8.329
1919,6,-0.241,0.264,-0.229,0.108,-0.323,0.082,-0.258,0.076,-0.236,0.069,13.43,13.189,8.361
1919,7,-0.073,0.321,-0.175,0.108,-0.323,0.08,-0.258,0.076,-0.237,0.069,14.31,14.237,8.415
1919,8,-0.104,0.332,-0.185,0.112,-0.322,0.077,-0.26,0.077,-0.237,0.069,13.84,13.736,8.405
1919,9,-0.126,0.269,-0.144,0.109,-0.311,0.075,-0.26,0.077,-0.238,0.069,12.05,11.924000000000001,8.446
1919,10,0.099,0.2,-0.159,0.115,-0.302,0.075,-0.262,0.077,-0.237,0.069,9.2,9.299,8.431
1919,11,-0.581,0.269,-0.146,0.113,-0.291,0.075,-0.257,0.077,-0.238,0.069,6.05,5.468999999999999,8.443999999999999
1919,12,-0.37,0.239,-0.157,0.111,-0.284,0.074,-0.259,0.077,-0.241,0.068,3.6,3.23,8.433
1920,1,0.303,0.231,-0.161,0.112,-0.284,0.074,-0.259,0.077,-0.242,0.068,2.56,2.863,8.429
1920,2,-0.436,0.246,-0.172,0.114,-0.283,0.074,-0.264,0.077,-0.241,0.068,3.19,2.754,8.418
1920,3,-0.03,0.202,-0.188,0.115,-0.283,0.074,-0.265,0.076,-0.238,0.068,5.29,5.26,8.402
1920,4,0.015,0.3,-0.216,0.112,-0.275,0.074,-0.268,0.077,-0.238,0.068,8.29,8.305,8.374
1920,5,-0.189,0.305,-0.213,0.112,-0.272,0.074,-0.272,0.076,-0.238,0.069,11.28,11.091,8.377
1920,6,-0.378,0.253,-0.263,0.11,-0.249,0.074,-0.274,0.076,-0.238,0.069,13.43,13.052,8.327
1920,7,-0.115,0.338,-0.253,0.116,-0.239,0.074,-0.277,0.076,-0.237,0.069,14.31,14.195,8.337
1920,8,-0.234,0.339,-0.218,0.114,-0.238,0.073,-0.277,0.077,-0.237,0.069,13.84,13.606,8.372
1920,9,-0.329,0.263,-0.234,0.115,-0.238,0.073,-0.276,0.076,-0.236,0.069,12.05,11.721,8.356
1920,10,-0.23,0.198,-0.234,0.115,-0.236,0.073,-0.275,0.076,-0.236,0.069,9.2,8.969999999999999,8.356
1920,11,-0.548,0.239,-0.227,0.115,-0.23,0.072,-0.274,0.075,-0.231,0.068,6.05,5.502,8.363
1920,12,-0.967,0.234,-0.199,0.114,-0.225,0.071,-0.268,0.075,-0.227,0.068,3.6,2.633,8.391
1921,1,0.417,0.217,-0.185,0.11,-0.226,0.072,-0.261,0.075,-0.223,0.068,2.56,2.977,8.405
1921,2,-0.014,0.253,-0.195,0.111,-0.223,0.071,-0.255,0.074,-0.222,0.068,3.19,3.176,8.395
1921,3,-0.222,0.221,-0.187,0.112,-0.223,0.071,-0.248,0.073,-0.219,0.068,5.29,5.068,8.403
1921,4,0.018,0.269,-0.166,0.115,-0.223,0.071,-0.247,0.073,-0.219,0.068,8.29,8.308,8.424
1921,5,-0.111,0.294,-0.139,0.113,-0.212,0.073,-0.248,0.073,-0.218,0.068,11.28,11.168999999999999,8.451
1921,6,-0.035,0.246,-0.054,0.11,-0.195,0.073,-0.246,0.072,-0.217,0.068,13.43,13.395,8.536
1921,7,0.055,0.315,-0.123,0.106,-0.193,0.076,-0.245,0.072,-0.215,0.068,14.31,14.365,8.467
1921,8,-0.362,0.353,-0.187,0.097,-0.193,0.077,-0.243,0.072,-0.212,0.068,13.84,13.478,8.403
1921,9,-0.226,0.254,-0.179,0.096,-0.183,0.078,-0.241,0.071,-0.21,0.068,12.05,11.824,8.411
1921,10,0.022,0.222,-0.172,0.097,-0.192,0.079,-0.237,0.071,-0.207,0.068,9.2,9.222,8.418
1921,11,-0.232,0.199,-0.183,0.096,-0.189,0.079,-0.231,0.071,-0.206,0.068,6.05,5.818,8.407
1921,12,0.061,0.232,-0.193,0.094,-0.188,0.079,-0.224,0.071,-0.204,0.068,3.6,3.661,8.397
1922,1,-0.414,0.248,-0.208,0.096,-0.188,0.079,-0.223,0.07,-0.2,0.068,2.56,2.146,8.382
1922,2,-0.785,0.259,-0.207,0.097,-0.191,0.08,-0.218,0.069,-0.201,0.068,3.19,2.405,8.383
1922,3,-0.12,0.207,-0.218,0.098,-0.192,0.081,-0.217,0.069,-0.199,0.068,5.29,5.17,8.372
1922,4,0.096,0.267,-0.237,0.099,-0.195,0.08,-0.215,0.069,-0.198,0.068,8.29,8.386,8.353
1922,5,-0.241,0.288,-0.221,0.101,-0.181,0.081,-0.21,0.069,-0.198,0.068,11.28,11.039,8.369
1922,6,-0.159,0.24,-0.221,0.104,-0.177,0.081,-0.207,0.069,-0.199,0.068,13.43,13.270999999999999,8.369
1922,7,-0.116,0.319,-0.19,0.106,-0.187,0.082,-0.207,0.069,-0.197,0.068,14.31,14.194,8.4
1922,8,-0.353,0.348,-0.176,0.115,-0.188,0.081,-0.205,0.068,-0.194,0.067,13.84,13.487,8.414
1922,9,-0.363,0.264,-0.2,0.115,-0.191,0.082,-0.201,0.068,-0.19,0.067,12.05,11.687000000000001,8.39
1922,10,-0.201,0.217,-0.252,0.116,-0.19,0.082,-0.191,0.068,-0.185,0.067,9.2,8.998999999999999,8.338
1922,11,-0.043,0.23,-0.27,0.117,-0.192,0.082,-0.187,0.067,-0.184,0.067,6.05,6.007,8.32
1922,12,0.058,0.259,-0.276,0.118,-0.193,0.082,-0.18,0.066,-0.182,0.067,3.6,3.658,8.314
1923,1,-0.035,0.245,-0.3,0.119,-0.196,0.082,-0.172,0.066,-0.182,0.066,2.56,2.525,8.29
1923,2,-0.617,0.223,-0.297,0.117,-0.195,0.083,-0.165,0.066,-0.182,0.066,3.19,2.573,8.293
1923,3,-0.406,0.221,-0.287,0.12,-0.192,0.083,-0.165,0.065,-0.181,0.066,5.29,4.884,8.302999999999999
1923,4,-0.534,0.299,-0.25,0.118,-0.189,0.083,-0.16,0.066,-0.181,0.066,8.29,7.755999999999999,8.34
1923,5,-0.454,0.287,-0.225,0.121,-0.176,0.083,-0.155,0.065,-0.18,0.067,11.28,10.825999999999999,8.365
1923,6,-0.229,0.242,-0.206,0.119,-0.148,0.083,-0.155,0.065,-0.18,0.067,13.43,13.201,8.384
1923,7,-0.409,0.323,-0.225,0.122,-0.14,0.084,-0.153,0.065,-0.18,0.066,14.31,13.901,8.365
1923,8,-0.31,0.341,-0.197,0.123,-0.132,0.083,-0.151,0.065,-0.18,0.066,13.84,13.53,8.393
1923,9,-0.241,0.267,-0.158,0.127,-0.12,0.085,-0.15,0.065,-0.18,0.066,12.05,11.809000000000001,8.432
1923,10,0.234,0.197,-0.143,0.127,-0.122,0.084,-0.15,0.065,-0.179,0.066,9.2,9.434,8.447
1923,11,0.266,0.26,-0.119,0.131,-0.127,0.083,-0.145,0.065,-0.18,0.066,6.05,6.316,8.471
1923,12,0.274,0.237,-0.115,0.132,-0.131,0.082,-0.137,0.066,-0.185,0.066,3.6,3.874,8.475
1924,1,-0.256,0.255,-0.089,0.132,-0.136,0.082,-0.14,0.066,-0.189,0.066,2.56,2.3040000000000003,8.501
1924,2,-0.284,0.242,-0.086,0.131,-0.131,0.082,-0.146,0.067,-0.188,0.066,3.19,2.906,8.504
1924,3,0.059,0.237,-0.082,0.128,-0.128,0.082,-0.144,0.066,-0.189,0.066,5.29,5.349,8.508
1924,4,-0.354,0.263,-0.108,0.127,-0.124,0.082,-0.148,0.067,-0.19,0.065,8.29,7.935999999999999,8.482
1924,5,-0.168,0.305,-0.106,0.125,-0.118,0.082,-0.149,0.067,-0.19,0.065,11.28,11.112,8.484
1924,6,-0.18,0.245,-0.142,0.123,-0.124,0.083,-0.153,0.067,-0.191,0.066,13.43,13.25,8.448
1924,7,-0.089,0.32,-0.146,0.12,-0.122,0.082,-0.156,0.067,-0.191,0.065,14.31,14.221,8.443999999999999
1924,8,-0.282,0.342,-0.163,0.119,-0.113,0.083,-0.157,0.068,-0.191,0.066,13.84,13.558,8.427
1924,9,-0.189,0.274,-0.185,0.114,-0.122,0.085,-0.159,0.068,-0.192,0.066,12.05,11.861,8.405
1924,10,-0.076,0.191,-0.148,0.114,-0.128,0.085,-0.159,0.068,-0.192,0.066,9.2,9.123999999999999,8.442
1924,11,0.288,0.251,-0.16,0.111,-0.128,0.085,-0.154,0.067,-0.19,0.066,6.05,6.338,8.43
1924,12,-0.155,0.225,-0.181,0.112,-0.13,0.085,-0.161,0.067,-0.189,0.066,3.6,3.4450000000000003,8.409
1925,1,-0.298,0.214,-0.2,0.112,-0.13,0.085,-0.166,0.068,-0.19,0.066,2.56,2.262,8.39
1925,2,-0.498,0.249,-0.188,0.113,-0.128,0.084,-0.163,0.067,-0.187,0.065,3.19,2.692,8.402
1925,3,-0.207,0.22,-0.185,0.111,-0.12,0.083,-0.162,0.068,-0.187,0.066,5.29,5.083,8.405
1925,4,0.096,0.252,-0.186,0.109,-0.107,0.082,-0.164,0.069,-0.191,0.066,8.29,8.386,8.404
1925,5,-0.313,0.286,-0.19,0.107,-0.103,0.081,-0.165,0.069,-0.194,0.066,11.28,10.966999999999999,8.4
1925,6,-0.428,0.253,-0.116,0.107,-0.111,0.079,-0.164,0.069,-0.195,0.065,13.43,13.001999999999999,8.474
1925,7,-0.319,0.319,-0.019,0.106,-0.104,0.078,-0.162,0.07,-0.195,0.065,14.31,13.991,8.571
1925,8,-0.139,0.344,0.065,0.105,-0.092,0.078,-0.161,0.07,-0.195,0.065,13.84,13.701,8.655
1925,9,-0.158,0.25,0.125,0.113,-0.092,0.078,-0.16,0.07,-0.195,0.065,12.05,11.892000000000001,8.715
1925,10,-0.084,0.188,0.106,0.112,-0.085,0.078,-0.159,0.071,-0.193,0.065,9.2,9.116,8.696
1925,11,0.244,0.218,0.096,0.107,-0.081,0.078,-0.151,0.071,-0.197,0.065,6.05,6.294,8.686
1925,12,0.731,0.223,0.108,0.099,-0.084,0.078,-0.142,0.071,-0.198,0.065,3.6,4.331,8.698
1926,1,0.869,0.238,0.115,0.097,-0.079,0.078,-0.145,0.071,-0.2,0.064,2.56,3.4290000000000003,8.705
1926,2,0.503,0.246,0.122,0.096,-0.078,0.077,-0.149,0.071,-0.202,0.064,3.19,3.693,8.712
1926,3,0.51,0.229,0.131,0.095,-0.076,0.076,-0.149,0.072,-0.202,0.063,5.29,5.8,8.721
1926,4,-0.123,0.254,0.159,0.096,-0.077,0.076,-0.151,0.072,-0.203,0.063,8.29,8.167,8.749
1926,5,-0.436,0.278,0.152,0.098,-0.079,0.074,-0.153,0.072,-0.202,0.063,11.28,10.844,8.741999999999999
1926,6,-0.279,0.252,0.064,0.099,-0.08,0.073,-0.153,0.072,-0.2,0.063,13.43,13.151,8.654
1926,7,-0.239,0.315,-0.032,0.094,-0.086,0.072,-0.152,0.072,-0.198,0.063,14.31,14.071,8.558
1926,8,-0.062,0.337,-0.094,0.095,-0.1,0.071,-0.147,0.072,-0.197,0.063,13.84,13.778,8.496
1926,9,-0.051,0.25,-0.192,0.097,-0.105,0.069,-0.144,0.073,-0.196,0.063,12.05,11.999,8.398
1926,10,0.258,0.2,-0.205,0.098,-0.104,0.069,-0.139,0.073,-0.195,0.063,9.2,9.457999999999998,8.385
1926,11,0.16,0.218,-0.186,0.098,-0.11,0.069,-0.137,0.073,-0.193,0.063,6.05,6.21,8.404
1926,12,-0.319,0.217,-0.186,0.102,-0.117,0.069,-0.135,0.073,-0.187,0.062,3.6,3.281,8.404
1927,1,-0.292,0.208,-0.174,0.107,-0.124,0.069,-0.123,0.073,-0.186,0.062,2.56,2.2680000000000002,8.416
1927,2,-0.237,0.22,-0.188,0.104,-0.124,0.068,-0.119,0.074,-0.181,0.061,3.19,2.953,8.402
1927,3,-0.668,0.297,-0.176,0.105,-0.126,0.069,-0.122,0.074,-0.18,0.061,5.29,4.622,8.414
1927,4,-0.274,0.269,-0.148,0.108,-0.122,0.069,-0.12,0.074,-0.18,0.062,8.29,8.015999999999998,8.442
1927,5,-0.213,0.288,-0.146,0.103,-0.127,0.068,-0.119,0.074,-0.176,0.062,11.28,11.067,8.443999999999999
1927,6,-0.28,0.271,-0.156,0.101,-0.144,0.067,-0.119,0.075,-0.173,0.062,13.43,13.15,8.434
1927,7,-0.1,0.322,-0.101,0.103,-0.144,0.067,-0.118,0.075,-0.173,0.063,14.31,14.21,8.488999999999999
1927,8,-0.225,0.331,-0.071,0.106,-0.138,0.067,-0.117,0.074,-0.171,0.063,13.84,13.615,8.519
1927,9,0.095,0.256,-0.047,0.099,-0.132,0.068,-0.113,0.074,-0.168,0.063,12.05,12.145000000000001,8.543
1927,10,0.591,0.2,-0.034,0.102,-0.138,0.068,-0.108,0.073,-0.164,0.063,9.2,9.790999999999999,8.556
1927,11,0.185,0.19,-0.034,0.101,-0.138,0.069,-0.11,0.073,-0.162,0.063,6.05,6.234999999999999,8.556
1927,12,-0.441,0.2,-0.048,0.098,-0.135,0.07,-0.112,0.072,-0.157,0.062,3.6,3.1590000000000003,8.542
1928,1,0.369,0.209,-0.049,0.097,-0.129,0.07,-0.116,0.072,-0.154,0.062,2.56,2.9290000000000003,8.541
1928,2,0.123,0.238,-0.049,0.099,-0.127,0.071,-0.116,0.071,-0.151,0.062,3.19,3.3129999999999997,8.541
1928,3,-0.382,0.205,-0.068,0.101,-0.129,0.072,-0.117,0.071,-0.148,0.062,5.29,4.908,8.522
1928,4,-0.111,0.272,-0.104,0.098,-0.129,0.073,-0.115,0.072,-0.143,0.062,8.29,8.178999999999998,8.486
1928,5,-0.219,0.274,-0.103,0.099,-0.126,0.073,-0.114,0.071,-0.139,0.062,11.28,11.061,8.487
1928,6,-0.446,0.248,-0.05,0.098,-0.136,0.073,-0.116,0.072,-0.138,0.062,13.43,12.984,8.54
1928,7,-0.116,0.325,-0.133,0.098,-0.15,0.073,-0.114,0.071,-0.136,0.062,14.31,14.194,8.457
1928,8,-0.225,0.331,-0.235,0.096,-0.167,0.074,-0.112,0.071,-0.134,0.062,13.84,13.615,8.355
1928,9,-0.128,0.264,-0.224,0.098,-0.178,0.074,-0.113,0.07,-0.132,0.062,12.05,11.922,8.366
1928,10,0.163,0.192,-0.241,0.1,-0.18,0.075,-0.115,0.07,-0.131,0.062,9.2,9.363,8.349
1928,11,0.189,0.243,-0.263,0.101,-0.179,0.076,-0.12,0.069,-0.127,0.062,6.05,6.239,8.327
1928,12,0.196,0.193,-0.279,0.099,-0.174,0.076,-0.127,0.069,-0.125,0.062,3.6,3.7960000000000003,8.311
1929,1,-0.618,0.223,-0.309,0.097,-0.168,0.077,-0.126,0.069,-0.122,0.063,2.56,1.9420000000000002,8.281
1929,2,-1.103,0.235,-0.314,0.097,-0.164,0.077,-0.121,0.068,-0.121,0.063,3.19,2.0869999999999997,8.276
1929,3,-0.257,0.194,-0.331,0.097,-0.16,0.078,-0.126,0.067,-0.121,0.063,5.29,5.033,8.259
1929,4,-0.306,0.264,-0.333,0.099,-0.154,0.079,-0.126,0.067,-0.122,0.063,8.29,7.983999999999999,8.257
1929,5,-0.494,0.298,-0.349,0.097,-0.156,0.079,-0.124,0.067,-0.12,0.063,11.28,10.786,8.241
1929,6,-0.631,0.235,-0.462,0.098,-0.145,0.079,-0.124,0.067,-0.119,0.063,13.43,12.799,8.128
1929,7,-0.48,0.321,-0.435,0.096,-0.125,0.08,-0.124,0.067,-0.118,0.063,14.31,13.83,8.155
1929,8,-0.283,0.329,-0.355,0.1,-0.125,0.079,-0.123,0.067,-0.118,0.063,13.84,13.557,8.235
1929,9,-0.331,0.259,-0.32,0.104,-0.121,0.078,-0.124,0.067,-0.118,0.063,12.05,11.719000000000001,8.27
1929,10,0.139,0.226,-0.315,0.107,-0.111,0.078,-0.123,0.068,-0.119,0.063,9.2,9.338999999999999,8.275
1929,11,-0.01,0.221,-0.303,0.108,-0.11,0.079,-0.123,0.068,-0.116,0.063,6.05,6.04,8.286999999999999
1929,12,-1.151,0.218,-0.268,0.111,-0.108,0.079,-0.12,0.067,-0.11,0.063,3.6,2.449,8.322
1930,1,-0.298,0.198,-0.226,0.113,-0.107,0.078,-0.122,0.067,-0.112,0.063,2.56,2.262,8.363999999999999
1930,2,-0.143,0.237,-0.204,0.115,-0.107,0.079,-0.111,0.067,-0.11,0.063,3.19,3.047,8.386
1930,3,0.16,0.218,-0.201,0.117,-0.105,0.079,-0.109,0.067,-0.11,0.063,5.29,5.45,8.389
1930,4,-0.246,0.279,-0.217,0.117,-0.109,0.079,-0.115,0.067,-0.108,0.063,8.29,8.043999999999999,8.373
1930,5,-0.351,0.294,-0.183,0.12,-0.117,0.08,-0.117,0.067,-0.108,0.063,11.28,10.928999999999998,8.407
1930,6,-0.209,0.267,-0.078,0.126,-0.113,0.08,-0.115,0.067,-0.106,0.063,13.43,13.221,8.512
1930,7,0.028,0.34,-0.049,0.126,-0.127,0.079,-0.113,0.067,-0.105,0.063,14.31,14.338000000000001,8.541
1930,8,-0.021,0.338,-0.081,0.124,-0.14,0.078,-0.114,0.067,-0.104,0.063,13.84,13.818999999999999,8.509
1930,9,-0.293,0.271,-0.104,0.125,-0.142,0.079,-0.114,0.067,-0.102,0.063,12.05,11.757000000000001,8.486
1930,10,-0.059,0.201,-0.103,0.123,-0.145,0.079,-0.111,0.068,-0.1,0.063,9.2,9.141,8.487
1930,11,0.408,0.238,-0.109,0.121,-0.147,0.08,-0.119,0.067,-0.099,0.063,6.05,6.458,8.481
1930,12,0.108,0.205,-0.091,0.116,-0.147,0.079,-0.128,0.067,-0.093,0.063,3.6,3.708,8.499
1931,1,0.048,0.209,-0.08,0.112,-0.148,0.079,-0.139,0.067,-0.094,0.063,2.56,2.608,8.51
1931,2,-0.535,0.22,-0.063,0.11,-0.146,0.079,-0.149,0.067,-0.093,0.063,3.19,2.655,8.527
1931,3,-0.109,0.227,-0.026,0.109,-0.149,0.078,-0.157,0.067,-0.093,0.063,5.29,5.181,8.564
1931,4,-0.241,0.28,0.031,0.11,-0.153,0.078,-0.158,0.067,-0.092,0.063,8.29,8.049,8.621
1931,5,-0.413,0.285,0.003,0.11,-0.161,0.078,-0.156,0.067,-0.091,0.063,11.28,10.866999999999999,8.593
1931,6,0.004,0.243,0.02,0.108,-0.174,0.078,-0.155,0.068,-0.091,0.063,13.43,13.434,8.61
1931,7,0.165,0.317,0.095,0.112,-0.167,0.078,-0.151,0.068,-0.09,0.063,14.31,14.475,8.685
1931,8,0.181,0.333,0.115,0.11,-0.142,0.078,-0.152,0.068,-0.088,0.063,13.84,14.020999999999999,8.705
1931,9,0.143,0.253,0.088,0.109,-0.147,0.078,-0.152,0.068,-0.088,0.063,12.05,12.193000000000001,8.677999999999999
1931,10,0.625,0.217,0.139,0.109,-0.149,0.078,-0.153,0.068,-0.087,0.063,9.2,9.825,8.729
1931,11,0.08,0.221,0.16,0.109,-0.139,0.078,-0.154,0.068,-0.087,0.062,6.05,6.13,8.75
1931,12,0.306,0.211,0.144,0.113,-0.131,0.079,-0.15,0.068,-0.087,0.062,3.6,3.906,8.734
1932,1,0.944,0.232,0.128,0.113,-0.124,0.079,-0.149,0.068,-0.083,0.062,2.56,3.504,8.718
1932,2,-0.286,0.24,0.097,0.114,-0.122,0.079,-0.145,0.067,-0.082,0.063,3.19,2.904,8.687
1932,3,-0.432,0.209,0.099,0.112,-0.123,0.079,-0.144,0.067,-0.082,0.062,5.29,4.858,8.689
1932,4,0.372,0.267,0.078,0.109,-0.123,0.08,-0.144,0.067,-0.082,0.062,8.29,8.661999999999999,8.668
1932,5,-0.17,0.293,0.047,0.107,-0.12,0.08,-0.142,0.068,-0.081,0.062,11.28,11.11,8.637
1932,6,-0.181,0.252,0.005,0.104,-0.096,0.081,-0.139,0.068,-0.08,0.062,13.43,13.249,8.595
1932,7,-0.029,0.323,-0.115,0.1,-0.099,0.081,-0.139,0.068,-0.081,0.062,14.31,14.281,8.475
1932,8,-0.189,0.332,-0.142,0.098,-0.083,0.08,-0.136,0.069,-0.08,0.062,13.84,13.651,8.448
1932,9,0.167,0.247,-0.149,0.098,-0.086,0.08,-0.135,0.07,-0.078,0.062,12.05,12.217,8.441
1932,10,0.37,0.182,-0.204,0.098,-0.092,0.079,-0.137,0.07,-0.076,0.061,9.2,9.569999999999999,8.386
1932,11,-0.285,0.203,-0.22,0.096,-0.095,0.079,-0.137,0.071,-0.075,0.061,6.05,5.765,8.37
1932,12,-0.199,0.186,-0.241,0.095,-0.096,0.078,-0.135,0.071,-0.074,0.061,3.6,3.4010000000000002,8.349
1933,1,-0.507,0.188,-0.251,0.096,-0.098,0.077,-0.136,0.071,-0.075,0.061,2.56,2.053,8.339
1933,2,-0.608,0.195,-0.248,0.095,-0.1,0.076,-0.136,0.071,-0.072,0.06,3.19,2.582,8.342
1933,3,-0.512,0.215,-0.286,0.095,-0.098,0.076,-0.13,0.071,-0.071,0.06,5.29,4.7780000000000005,8.304
1933,4,-0.286,0.264,-0.323,0.093,-0.094,0.075,-0.125,0.071,-0.068,0.06,8.29,8.004,8.267
1933,5,-0.363,0.278,-0.323,0.093,-0.113,0.075,-0.123,0.072,-0.065,0.06,11.28,10.917,8.267
1933,6,-0.434,0.246,-0.354,0.094,-0.119,0.074,-0.121,0.071,-0.066,0.06,13.43,12.996,8.236
1933,7,-0.157,0.325,-0.33,0.094,-0.128,0.074,-0.12,0.071,-0.064,0.06,14.31,14.153,8.26
1933,8,-0.153,0.328,-0.244,0.093,-0.132,0.073,-0.117,0.071,-0.063,0.06,13.84,13.687,8.346
1933,9,-0.282,0.249,-0.251,0.093,-0.136,0.073,-0.114,0.071,-0.063,0.059,12.05,11.768,8.339
1933,10,-0.07,0.194,-0.261,0.092,-0.137,0.072,-0.111,0.071,-0.061,0.059,9.2,9.129999999999999,8.329
1933,11,-0.287,0.204,-0.223,0.093,-0.132,0.072,-0.11,0.071,-0.062,0.059,6.05,5.763,8.366999999999999
1933,12,-0.577,0.229,-0.199,0.094,-0.136,0.072,-0.113,0.071,-0.061,0.059,3.6,3.023,8.391
1934,1,-0.22,0.188,-0.19,0.093,-0.135,0.072,-0.105,0.071,-0.056,0.058,2.56,2.34,8.4
1934,2,0.426,0.223,-0.191,0.093,-0.14,0.072,-0.096,0.072,-0.054,0.058,3.19,3.616,8.399
1934,3,-0.599,0.2,-0.2,0.095,-0.144,0.071,-0.097,0.071,-0.053,0.058,5.29,4.691,8.39
1934,4,-0.401,0.254,-0.184,0.101,-0.152,0.07,-0.095,0.071,-0.052,0.058,8.29,7.888999999999999,8.406
1934,5,0.094,0.282,-0.143,0.103,-0.153,0.07,-0.09,0.071,-0.051,0.058,11.28,11.373999999999999,8.447
1934,6,-0.143,0.259,-0.074,0.102,-0.154,0.07,-0.085,0.07,-0.051,0.057,13.43,13.286999999999999,8.516
1934,7,-0.057,0.325,-0.097,0.104,-0.174,0.069,-0.081,0.07,-0.05,0.057,14.31,14.253,8.493
1934,8,-0.162,0.331,-0.064,0.106,-0.165,0.068,-0.078,0.07,-0.048,0.057,13.84,13.677999999999999,8.526
1934,9,-0.388,0.263,-0.013,0.109,-0.166,0.069,-0.077,0.07,-0.046,0.057,12.05,11.662,8.577
1934,10,0.116,0.232,-0.033,0.109,-0.177,0.069,-0.079,0.069,-0.044,0.057,9.2,9.315999999999999,8.557
1934,11,0.209,0.2,-0.084,0.11,-0.174,0.07,-0.078,0.069,-0.045,0.056,6.05,6.2589999999999995,8.506
1934,12,0.252,0.208,-0.094,0.108,-0.17,0.07,-0.058,0.069,-0.046,0.056,3.6,3.8520000000000003,8.496
1935,1,-0.501,0.211,-0.096,0.106,-0.17,0.071,-0.059,0.069,-0.045,0.056,2.56,2.059,8.494
1935,2,0.833,0.228,-0.097,0.105,-0.166,0.071,-0.056,0.069,-0.046,0.055,3.19,4.023,8.493
1935,3,0.009,0.216,-0.077,0.104,-0.165,0.072,-0.058,0.068,-0.045,0.055,5.29,5.299,8.513
1935,4,-0.645,0.257,-0.072,0.101,-0.164,0.073,-0.053,0.068,-0.045,0.055,8.29,7.645,8.518
1935,5,-0.513,0.282,-0.149,0.1,-0.156,0.073,-0.051,0.068,-0.045,0.055,11.28,10.767,8.441
1935,6,-0.259,0.241,-0.194,0.097,-0.157,0.074,-0.049,0.067,-0.044,0.055,13.43,13.171,8.395999999999999
1935,7,-0.091,0.317,-0.189,0.093,-0.145,0.074,-0.047,0.067,-0.043,0.055,14.31,14.219000000000001,8.401
1935,8,-0.168,0.328,-0.323,0.093,-0.133,0.074,-0.047,0.066,-0.041,0.055,13.84,13.672,8.267
1935,9,-0.152,0.253,-0.354,0.092,-0.119,0.074,-0.044,0.066,-0.04,0.055,12.05,11.898000000000001,8.236
1935,10,0.181,0.199,-0.324,0.091,-0.106,0.074,-0.042,0.065,-0.039,0.055,9.2,9.380999999999998,8.266
1935,11,-0.71,0.191,-0.295,0.091,-0.098,0.075,-0.046,0.065,-0.04,0.054,6.05,5.34,8.295
1935,12,-0.29,0.189,-0.289,0.092,-0.095,0.075,-0.043,0.065,-0.046,0.054,3.6,3.31,8.301
1936,1,-0.442,0.202,-0.265,0.092,-0.092,0.074,-0.043,0.065,-0.048,0.054,2.56,2.118,8.325
1936,2,-0.777,0.199,-0.258,0.093,-0.088,0.074,-0.036,0.065,-0.049,0.054,3.19,2.413,8.332
1936,3,-0.365,0.205,-0.257,0.092,-0.079,0.075,-0.036,0.064,-0.052,0.054,5.29,4.925,8.333
1936,4,-0.284,0.258,-0.259,0.09,-0.07,0.076,-0.033,0.064,-0.05,0.054,8.29,8.005999999999998,8.331
1936,5,-0.159,0.281,-0.196,0.092,-0.059,0.076,-0.029,0.064,-0.048,0.054,11.28,11.120999999999999,8.394
1936,6,-0.199,0.257,-0.155,0.092,-0.052,0.075,-0.029,0.064,-0.048,0.054,13.43,13.231,8.435
1936,7,0.204,0.312,-0.138,0.096,-0.043,0.076,-0.028,0.063,-0.047,0.054,14.31,14.514000000000001,8.452
1936,8,-0.087,0.328,-0.051,0.097,-0.051,0.076,-0.028,0.063,-0.047,0.054,13.84,13.753,8.539
1936,9,-0.14,0.245,-0.064,0.1,-0.048,0.076,-0.032,0.063,-0.047,0.054,12.05,11.91,8.526
1936,10,0.153,0.186,-0.063,0.103,-0.042,0.076,-0.034,0.062,-0.048,0.054,9.2,9.353,8.527
1936,11,0.046,0.203,-0.05,0.107,-0.041,0.076,-0.036,0.061,-0.049,0.054,6.05,6.096,8.54
1936,12,0.202,0.2,-0.03,0.109,-0.039,0.075,-0.039,0.061,-0.049,0.054,3.6,3.802,8.56
1937,1,-0.23,0.228,-0.049,0.112,-0.038,0.074,-0.043,0.061,-0.048,0.054,2.56,2.33,8.541
1937,2,0.267,0.215,-0.036,0.113,-0.035,0.074,-0.044,0.061,-0.047,0.054,3.19,3.457,8.554
1937,3,-0.528,0.226,-0.004,0.118,-0.031,0.073,-0.041,0.061,-0.043,0.053,5.29,4.7620000000000005,8.586
1937,4,-0.273,0.273,0.018,0.12,-0.034,0.073,-0.044,0.061,-0.041,0.053,8.29,8.017,8.608
1937,5,0.002,0.297,0.029,0.12,-0.037,0.072,-0.043,0.06,-0.04,0.053,11.28,11.282,8.619
1937,6,0.045,0.261,-0.009,0.121,-0.021,0.071,-0.042,0.06,-0.039,0.053,13.43,13.475,8.581
1937,7,-0.029,0.327,0.029,0.12,-0.018,0.071,-0.043,0.06,-0.039,0.053,14.31,14.281,8.619
1937,8,0.074,0.33,0.019,0.122,-0.03,0.072,-0.043,0.059,-0.038,0.053,13.84,13.914,8.609
1937,9,0.245,0.277,0.087,0.12,-0.03,0.071,-0.044,0.059,-0.039,0.053,12.05,12.295,8.677
1937,10,0.406,0.225,0.153,0.118,-0.013,0.071,-0.044,0.059,-0.038,0.053,9.2,9.606,8.743
1937,11,0.177,0.217,0.159,0.116,-0.006,0.071,-0.04,0.059,-0.038,0.053,6.05,6.226999999999999,8.749
1937,12,-0.242,0.201,0.136,0.112,-0.001,0.071,-0.036,0.059,-0.036,0.053,3.6,3.358,8.725999999999999
1938,1,0.217,0.225,0.143,0.11,0.004,0.071,-0.035,0.06,-0.035,0.052,2.56,2.777,8.733
1938,2,0.147,0.226,0.14,0.11,0.005,0.071,-0.027,0.06,-0.036,0.052,3.19,3.3369999999999997,8.73
1938,3,0.294,0.209,0.143,0.108,0.01,0.071,-0.025,0.059,-0.036,0.052,5.29,5.584,8.733
1938,4,0.511,0.276,0.149,0.107,0.01,0.07,-0.02,0.059,-0.035,0.052,8.29,8.800999999999998,8.738999999999999
1938,5,0.081,0.282,0.167,0.106,0.021,0.07,-0.017,0.059,-0.034,0.052,11.28,11.360999999999999,8.757
1938,6,-0.231,0.235,0.173,0.106,0.032,0.071,-0.016,0.059,-0.031,0.052,13.43,13.199,8.763
1938,7,0.057,0.315,0.178,0.105,0.041,0.071,-0.015,0.058,-0.031,0.052,14.31,14.367,8.768
1938,8,0.035,0.332,0.166,0.104,0.06,0.071,-0.015,0.058,-0.03,0.052,13.84,13.875,8.756
1938,9,0.28,0.259,0.106,0.103,0.063,0.071,-0.013,0.058,-0.029,0.051,12.05,12.33,8.696
1938,10,0.475,0.197,0.058,0.101,0.07,0.072,-0.007,0.058,-0.029,0.051,9.2,9.674999999999999,8.648
1938,11,0.397,0.202,0.063,0.1,0.074,0.072,-0.004,0.058,-0.03,0.051,6.05,6.447,8.653
1938,12,-0.176,0.204,0.083,0.098,0.079,0.071,0.005,0.058,-0.031,0.051,3.6,3.424,8.673
1939,1,0.282,0.216,0.079,0.096,0.08,0.071,0.014,0.058,-0.026,0.051,2.56,2.842,8.669
1939,2,0.0,0.216,0.078,0.095,0.083,0.071,0.013,0.058,-0.024,0.051,3.19,3.19,8.668
1939,3,-0.426,0.189,0.039,0.094,0.08,0.071,0.02,0.058,-0.024,0.051,5.29,4.864,8.629
1939,4,-0.058,0.249,-0.006,0.094,0.084,0.07,0.023,0.058,-0.023,0.051,8.29,8.232,8.584
1939,5,0.137,0.281,-0.037,0.093,0.08,0.069,0.022,0.058,-0.021,0.05,11.28,11.417,8.552999999999999
1939,6,0.005,0.258,0.081,0.094,0.076,0.07,0.023,0.058,-0.02,0.051,13.43,13.435,8.671
1939,7,0.011,0.311,0.03,0.093,0.087,0.07,0.024,0.057,-0.019,0.05,14.31,14.321,8.62
1939,8,0.02,0.328,0.041,0.092,0.076,0.07,0.026,0.057,-0.018,0.05,13.84,13.86,8.631
1939,9,-0.176,0.253,0.078,0.091,0.083,0.068,0.032,0.056,-0.018,0.05,12.05,11.874,8.668
1939,10,-0.068,0.203,0.109,0.092,0.088,0.068,0.035,0.056,-0.017,0.05,9.2,9.132,8.699
1939,11,0.021,0.19,0.092,0.091,0.087,0.067,0.033,0.055,-0.017,0.05,6.05,6.071,8.682
1939,12,1.244,0.194,0.095,0.092,0.087,0.066,0.029,0.055,-0.014,0.05,3.6,4.844,8.685
1940,1,-0.331,0.192,0.111,0.092,0.084,0.065,0.032,0.055,-0.015,0.05,2.56,2.229,8.701
1940,2,0.128,0.22,0.103,0.093,0.081,0.065,0.02,0.055,-0.017,0.049,3.19,3.318,8.693
1940,3,0.019,0.184,0.13,0.093,0.077,0.064,0.018,0.054,-0.018,0.049,5.29,5.309,8.72
1940,4,0.319,0.262,0.15,0.093,0.076,0.063,0.026,0.054,-0.018,0.049,8.29,8.609,8.74
1940,5,-0.073,0.276,0.141,0.092,0.077,0.063,0.027,0.054,-0.017,0.049,11.28,11.206999999999999,8.731
1940,6,0.038,0.234,0.073,0.093,0.084,0.063,0.028,0.054,-0.017,0.048,13.43,13.468,8.663
1940,7,0.205,0.313,0.106,0.092,0.076,0.063,0.027,0.054,-0.018,0.048,14.31,14.515,8.696
1940,8,-0.068,0.326,0.125,0.091,0.078,0.062,0.031,0.054,-0.02,0.048,13.84,13.772,8.715
1940,9,0.146,0.256,0.108,0.093,0.069,0.061,0.033,0.054,-0.019,0.047,12.05,12.196000000000002,8.698
1940,10,0.166,0.2,0.093,0.094,0.065,0.06,0.034,0.053,-0.02,0.047,9.2,9.366,8.683
1940,11,-0.079,0.19,0.106,0.094,0.065,0.06,0.039,0.053,-0.024,0.047,6.05,5.971,8.696
1940,12,0.417,0.206,0.11,0.093,0.062,0.06,0.037,0.053,-0.025,0.047,3.6,4.017,8.7
1941,1,0.069,0.189,0.116,0.094,0.062,0.059,0.043,0.053,-0.028,0.046,2.56,2.629,8.706
1941,2,0.354,0.201,0.13,0.094,0.059,0.059,0.051,0.053,-0.029,0.046,3.19,3.544,8.72
1941,3,-0.182,0.192,0.091,0.093,0.054,0.059,0.053,0.053,-0.03,0.046,5.29,5.108,8.681
1941,4,0.137,0.269,0.11,0.09,0.056,0.059,0.059,0.053,-0.029,0.046,8.29,8.427,8.7
1941,5,0.087,0.285,0.099,0.088,0.051,0.058,0.06,0.053,-0.027,0.046,11.28,11.366999999999999,8.689
1941,6,0.077,0.238,0.063,0.087,0.063,0.058,0.06,0.053,-0.028,0.046,13.43,13.507,8.653
1941,7,0.278,0.311,0.093,0.088,0.072,0.058,0.058,0.053,-0.029,0.046,14.31,14.588000000000001,8.683
1941,8,0.104,0.33,0.03,0.089,0.077,0.058,0.058,0.053,-0.029,0.045,13.84,13.943999999999999,8.62
1941,9,-0.32,0.245,0.038,0.088,0.087,0.058,0.058,0.053,-0.029,0.045,12.05,11.73,8.628
1941,10,0.397,0.176,0.029,0.087,0.089,0.058,0.057,0.053,-0.03,0.045,9.2,9.597,8.619
1941,11,-0.212,0.191,0.017,0.087,0.086,0.057,0.057,0.053,-0.03,0.044,6.05,5.838,8.607
1941,12,-0.019,0.198,0.012,0.088,0.084,0.057,0.051,0.053,-0.029,0.044,3.6,3.581,8.602
1942,1,0.435,0.19,-0.026,0.087,0.085,0.057,0.053,0.053,-0.031,0.044,2.56,2.995,8.564
1942,2,-0.4,0.22,-0.047,0.088,0.087,0.057,0.05,0.053,-0.029,0.044,3.19,2.79,8.543
1942,3,-0.088,0.186,-0.019,0.087,0.095,0.056,0.058,0.052,-0.029,0.044,5.29,5.202,8.571
1942,4,0.031,0.251,-0.024,0.088,0.105,0.056,0.063,0.052,-0.03,0.044,8.29,8.321,8.566
1942,5,-0.066,0.28,0.012,0.089,0.103,0.056,0.062,0.051,-0.03,0.044,11.28,11.213999999999999,8.602
1942,6,0.024,0.241,0.032,0.089,0.078,0.055,0.061,0.051,-0.029,0.043,13.43,13.453999999999999,8.622
1942,7,-0.181,0.314,-0.027,0.09,0.081,0.055,0.061,0.051,-0.028,0.043,14.31,14.129000000000001,8.563
1942,8,-0.142,0.323,0.029,0.089,0.069,0.054,0.059,0.051,-0.027,0.043,13.84,13.698,8.619
1942,9,0.007,0.25,0.015,0.088,0.065,0.054,0.058,0.05,-0.028,0.043,12.05,12.057,8.605
1942,10,0.335,0.181,0.035,0.087,0.065,0.054,0.06,0.05,-0.03,0.043,9.2,9.535,8.625
1942,11,0.23,0.187,0.047,0.087,0.061,0.054,0.061,0.05,-0.031,0.043,6.05,6.28,8.637
1942,12,0.219,0.195,0.012,0.087,0.056,0.054,0.062,0.049,-0.031,0.043,3.6,3.819,8.602
1943,1,-0.28,0.191,0.032,0.087,0.05,0.054,0.067,0.049,-0.027,0.043,2.56,2.2800000000000002,8.622
1943,2,0.27,0.189,0.032,0.086,0.057,0.054,0.065,0.048,-0.023,0.043,3.19,3.46,8.622
1943,3,-0.247,0.175,0.027,0.086,0.056,0.054,0.059,0.048,-0.019,0.043,5.29,5.043,8.616999999999999
1943,4,0.265,0.251,0.05,0.085,0.057,0.054,0.055,0.048,-0.016,0.042,8.29,8.555,8.64
1943,5,0.084,0.277,0.038,0.085,0.057,0.053,0.055,0.047,-0.014,0.043,11.28,11.363999999999999,8.628
1943,6,-0.395,0.234,0.065,0.085,0.041,0.053,0.058,0.048,-0.012,0.043,13.43,13.035,8.655
1943,7,0.052,0.311,0.16,0.085,0.045,0.052,0.058,0.048,-0.011,0.042,14.31,14.362,8.75
1943,8,-0.14,0.316,0.163,0.086,0.043,0.052,0.057,0.047,-0.01,0.042,13.84,13.7,8.753
1943,9,-0.049,0.238,0.195,0.087,0.043,0.052,0.055,0.047,-0.009,0.042,12.05,12.001000000000001,8.785
1943,10,0.607,0.179,0.176,0.087,0.048,0.052,0.053,0.047,-0.007,0.042,9.2,9.806999999999999,8.766
1943,11,0.086,0.19,0.166,0.087,0.046,0.052,0.05,0.047,-0.007,0.042,6.05,6.136,8.756
1943,12,0.538,0.2,0.193,0.085,0.041,0.052,0.05,0.047,-0.003,0.042,3.6,4.138,8.783
1944,1,0.865,0.187,0.194,0.085,0.036,0.052,0.053,0.047,-0.004,0.042,2.56,3.425,8.784
1944,2,0.303,0.195,0.216,0.086,0.032,0.052,0.048,0.046,-0.007,0.042,3.19,3.493,8.806
1944,3,0.145,0.172,0.246,0.086,0.036,0.052,0.049,0.046,-0.005,0.042,5.29,5.435,8.836
1944,4,0.037,0.248,0.237,0.086,0.029,0.053,0.049,0.046,-0.005,0.042,8.29,8.327,8.827
1944,5,-0.039,0.277,0.224,0.086,0.034,0.053,0.047,0.046,-0.007,0.042,11.28,11.241,8.814
1944,6,-0.074,0.23,0.158,0.085,0.026,0.053,0.045,0.046,-0.007,0.042,13.43,13.356,8.748
1944,7,0.065,0.307,0.075,0.084,0.018,0.052,0.043,0.046,-0.007,0.042,14.31,14.375,8.665
1944,8,0.121,0.31,-0.003,0.083,0.025,0.052,0.042,0.046,-0.007,0.041,13.84,13.961,8.587
1944,9,0.311,0.236,-0.031,0.083,0.033,0.052,0.041,0.046,-0.005,0.041,12.05,12.361,8.559
1944,10,0.501,0.172,-0.011,0.083,0.037,0.052,0.044,0.046,-0.004,0.041,9.2,9.700999999999999,8.579
1944,11,-0.072,0.187,-0.033,0.083,0.037,0.052,0.044,0.046,-0.003,0.04,6.05,5.978,8.557
1944,12,-0.251,0.202,-0.046,0.083,0.035,0.052,0.031,0.045,-0.005,0.04,3.6,3.349,8.544
1945,1,-0.137,0.198,-0.067,0.083,0.037,0.052,0.029,0.045,0.001,0.04,2.56,2.423,8.523
1945,2,-0.624,0.193,-0.046,0.083,0.038,0.052,0.023,0.045,-0.003,0.04,3.19,2.566,8.544
1945,3,-0.19,0.176,-0.067,0.082,0.038,0.052,0.022,0.045,-0.007,0.04,5.29,5.1,8.523
1945,4,0.276,0.245,-0.086,0.083,0.045,0.052,0.017,0.045,-0.005,0.04,8.29,8.565999999999999,8.504
1945,5,-0.31,0.273,-0.088,0.083,0.045,0.052,0.017,0.045,-0.004,0.04,11.28,10.969999999999999,8.502
1945,6,-0.223,0.24,-0.113,0.082,0.041,0.052,0.015,0.045,-0.002,0.04,13.43,13.206999999999999,8.477
1945,7,-0.195,0.307,-0.074,0.082,0.057,0.051,0.011,0.045,-0.003,0.04,14.31,14.115,8.516
1945,8,0.372,0.325,-0.006,0.083,0.052,0.051,0.008,0.044,-0.0,0.04,13.84,14.212,8.584
1945,9,0.068,0.238,-0.004,0.083,0.048,0.051,0.005,0.044,-0.001,0.039,12.05,12.118,8.586
1945,10,0.272,0.193,0.01,0.083,0.045,0.051,0.003,0.044,0.001,0.039,9.2,9.472,8.6
1945,11,-0.095,0.182,0.033,0.084,0.046,0.051,-0.003,0.044,0.003,0.039,6.05,5.955,8.623
1945,12,-0.552,0.181,0.031,0.084,0.054,0.051,-0.007,0.044,0.003,0.039,3.6,3.048,8.621
1946,1,0.328,0.176,0.046,0.085,0.054,0.051,-0.012,0.043,0.004,0.039,2.56,2.888,8.636
1946,2,0.191,0.203,0.006,0.083,0.055,0.051,-0.022,0.043,0.005,0.039,3.19,3.381,8.596
1946,3,-0.158,0.175,-0.005,0.085,0.056,0.051,-0.023,0.043,0.005,0.038,5.29,5.132,8.584999999999999
1946,4,0.435,0.238,-0.029,0.087,0.051,0.051,-0.024,0.042,0.004,0.038,8.29,8.725,8.561
1946,5,-0.032,0.271,-0.014,0.087,0.05,0.051,-0.024,0.043,0.002,0.038,11.28,11.248,8.576
1946,6,-0.249,0.241,-0.013,0.089,0.038,0.051,-0.027,0.043,0.001,0.038,13.43,13.181,8.577
1946,7,-0.008,0.312,-0.044,0.088,0.033,0.05,-0.031,0.043,-0.001,0.038,14.31,14.302000000000001,8.546
1946,8,-0.106,0.321,-0.059,0.088,0.019,0.05,-0.031,0.042,-0.003,0.038,13.84,13.734,8.531
1946,9,-0.073,0.235,-0.012,0.089,0.011,0.05,-0.026,0.042,-0.004,0.038,12.05,11.977,8.578
1946,10,-0.015,0.181,-0.025,0.088,0.01,0.05,-0.026,0.042,-0.006,0.038,9.2,9.184999999999999,8.565
1946,11,0.082,0.187,-0.027,0.088,0.009,0.05,-0.024,0.042,-0.008,0.038,6.05,6.132,8.563
1946,12,-0.53,0.184,-0.015,0.087,0.005,0.05,-0.019,0.042,-0.009,0.038,3.6,3.0700000000000003,8.575
1947,1,-0.051,0.172,-0.019,0.087,0.0,0.05,-0.019,0.041,-0.009,0.037,2.56,2.509,8.571
1947,2,0.017,0.195,-0.018,0.087,-0.004,0.05,-0.014,0.041,-0.011,0.037,3.19,3.207,8.572
1947,3,0.399,0.184,-0.009,0.086,-0.012,0.05,-0.017,0.041,-0.01,0.037,5.29,5.689,8.581
1947,4,0.286,0.244,0.051,0.085,-0.017,0.051,-0.016,0.041,-0.01,0.037,8.29,8.575999999999999,8.641
1947,5,-0.062,0.266,0.066,0.084,-0.016,0.051,-0.016,0.041,-0.01,0.037,11.28,11.218,8.656
1947,6,-0.107,0.234,0.106,0.084,-0.015,0.051,-0.017,0.041,-0.01,0.036,13.43,13.323,8.696
1947,7,-0.056,0.308,0.169,0.085,-0.024,0.051,-0.014,0.041,-0.011,0.036,14.31,14.254000000000001,8.759
1947,8,-0.09,0.31,0.163,0.084,-0.022,0.051,-0.012,0.041,-0.011,0.036,13.84,13.75,8.753
1947,9,0.032,0.231,0.091,0.083,-0.021,0.051,-0.011,0.041,-0.012,0.036,12.05,12.082,8.681
1947,10,0.711,0.182,0.075,0.082,-0.031,0.051,-0.015,0.04,-0.013,0.036,9.2,9.911,8.665
1947,11,0.263,0.183,0.091,0.081,-0.027,0.051,-0.023,0.04,-0.013,0.036,6.05,6.313,8.681
1947,12,-0.049,0.198,0.109,0.081,-0.026,0.051,-0.025,0.04,-0.009,0.035,3.6,3.551,8.699
1948,1,0.701,0.187,0.115,0.08,-0.027,0.051,-0.02,0.04,-0.006,0.035,2.56,3.261,8.705
1948,2,-0.057,0.181,0.119,0.08,-0.041,0.051,-0.019,0.04,-0.005,0.035,3.19,3.133,8.709
1948,3,-0.458,0.174,0.117,0.08,-0.045,0.051,-0.014,0.04,-0.006,0.034,5.29,4.832,8.707
1948,4,0.093,0.233,0.081,0.079,-0.052,0.051,-0.012,0.04,-0.008,0.034,8.29,8.383,8.671
1948,5,0.129,0.254,0.062,0.079,-0.063,0.051,-0.011,0.04,-0.008,0.034,11.28,11.408999999999999,8.652
1948,6,0.108,0.238,0.05,0.078,-0.056,0.051,-0.007,0.04,-0.008,0.034,13.43,13.538,8.64
1948,7,0.016,0.291,0.04,0.078,-0.069,0.051,-0.008,0.04,-0.008,0.034,14.31,14.326,8.629999999999999
1948,8,-0.044,0.302,0.002,0.078,-0.087,0.05,-0.005,0.04,-0.01,0.034,13.84,13.796,8.592
1948,9,0.007,0.222,0.012,0.077,-0.089,0.05,-0.004,0.04,-0.012,0.034,12.05,12.057,8.602
1948,10,0.276,0.169,-0.0,0.077,-0.097,0.049,-0.007,0.04,-0.014,0.034,9.2,9.475999999999999,8.59
1948,11,0.044,0.178,-0.018,0.077,-0.095,0.05,-0.009,0.04,-0.015,0.033,6.05,6.093999999999999,8.572
1948,12,-0.193,0.189,-0.055,0.077,-0.095,0.05,-0.011,0.04,-0.014,0.033,3.6,3.407,8.535
1949,1,0.573,0.175,-0.074,0.077,-0.097,0.049,-0.023,0.04,-0.013,0.032,2.56,3.133,8.516
1949,2,-0.514,0.186,-0.079,0.077,-0.093,0.049,-0.027,0.04,-0.013,0.032,3.19,2.676,8.511
1949,3,-0.334,0.173,-0.096,0.077,-0.089,0.048,-0.031,0.04,-0.009,0.032,5.29,4.956,8.494
1949,4,-0.056,0.227,-0.1,0.077,-0.082,0.048,-0.033,0.04,-0.007,0.032,8.29,8.234,8.49
1949,5,-0.086,0.259,-0.105,0.078,-0.082,0.047,-0.035,0.039,-0.007,0.032,11.28,11.193999999999999,8.485
1949,6,-0.337,0.231,-0.109,0.077,-0.063,0.046,-0.036,0.04,-0.007,0.032,13.43,13.093,8.481
1949,7,-0.206,0.292,-0.209,0.078,-0.055,0.046,-0.038,0.04,-0.007,0.032,14.31,14.104000000000001,8.381
1949,8,-0.105,0.298,-0.212,0.079,-0.054,0.045,-0.039,0.04,-0.007,0.032,13.84,13.735,8.378
1949,9,-0.201,0.223,-0.195,0.079,-0.067,0.045,-0.042,0.039,-0.007,0.032,12.05,11.849,8.395
1949,10,0.229,0.167,-0.213,0.079,-0.07,0.045,-0.044,0.039,-0.007,0.031,9.2,9.428999999999998,8.377
1949,11,-0.018,0.169,-0.215,0.078,-0.07,0.045,-0.039,0.039,-0.009,0.031,6.05,6.032,8.375
1949,12,-0.232,0.179,-0.201,0.076,-0.069,0.045,-0.038,0.039,-0.014,0.031,3.6,3.368,8.389
1950,1,-0.636,0.179,-0.205,0.075,-0.065,0.045,-0.031,0.039,-0.012,0.031,2.56,1.924,8.385
1950,2,-0.544,0.171,-0.235,0.073,-0.062,0.045,-0.026,0.039,-0.01,0.03,3.19,2.646,8.355
1950,3,-0.134,0.145,-0.232,0.072,-0.061,0.045,-0.031,0.039,-0.015,0.03,5.29,5.156,8.358
1950,4,-0.273,0.205,-0.262,0.072,-0.075,0.044,-0.035,0.039,-0.017,0.03,8.29,8.017,8.328
1950,5,-0.108,0.225,-0.322,0.073,-0.091,0.044,-0.035,0.039,-0.019,0.03,11.28,11.171999999999999,8.268
1950,6,-0.164,0.202,-0.314,0.072,-0.09,0.044,-0.032,0.039,-0.02,0.03,13.43,13.266,8.276
1950,7,-0.255,0.259,-0.302,0.069,-0.096,0.044,-0.032,0.039,-0.021,0.03,14.31,14.055,8.288
1950,8,-0.467,0.223,-0.331,0.067,-0.089,0.044,-0.032,0.039,-0.021,0.03,13.84,13.373,8.259
1950,9,-0.169,0.194,-0.342,0.068,-0.076,0.044,-0.034,0.039,-0.022,0.03,12.05,11.881,8.248
1950,10,-0.128,0.158,-0.32,0.065,-0.069,0.044,-0.033,0.039,-0.022,0.029,9.2,9.072,8.27
1950,11,-0.737,0.155,-0.304,0.068,-0.069,0.044,-0.033,0.039,-0.023,0.029,6.05,5.313,8.286
1950,12,-0.134,0.154,-0.314,0.069,-0.069,0.044,-0.031,0.039,-0.022,0.029,3.6,3.466,8.276
1951,1,-0.497,0.136,-0.302,0.063,-0.069,0.044,-0.035,0.038,-0.021,0.028,2.56,2.063,8.288
1951,2,-0.887,0.146,-0.254,0.064,-0.066,0.044,-0.041,0.038,-0.021,0.028,3.19,2.303,8.336
1951,3,-0.273,0.153,-0.225,0.063,-0.065,0.044,-0.044,0.038,-0.019,0.028,5.29,5.017,8.365
1951,4,-0.007,0.179,-0.181,0.062,-0.065,0.044,-0.051,0.037,-0.019,0.027,8.29,8.283,8.409
1951,5,0.086,0.244,-0.112,0.061,-0.069,0.044,-0.056,0.037,-0.018,0.027,11.28,11.366,8.478
1951,6,-0.29,0.221,-0.05,0.06,-0.06,0.044,-0.057,0.037,-0.018,0.027,13.43,13.14,8.54
1951,7,-0.108,0.263,0.025,0.062,-0.08,0.044,-0.059,0.037,-0.019,0.027,14.31,14.202,8.615
1951,8,0.108,0.252,0.11,0.067,-0.074,0.045,-0.064,0.037,-0.02,0.027,13.84,13.948,8.7
1951,9,0.189,0.221,0.099,0.068,-0.073,0.045,-0.066,0.037,-0.018,0.027,12.05,12.239,8.689
1951,10,0.399,0.133,0.108,0.069,-0.075,0.045,-0.069,0.036,-0.02,0.027,9.2,9.599,8.698
1951,11,0.086,0.138,0.099,0.07,-0.08,0.045,-0.073,0.036,-0.019,0.027,6.05,6.136,8.689
1951,12,0.611,0.148,0.118,0.068,-0.076,0.045,-0.07,0.036,-0.019,0.027,3.6,4.211,8.708
1952,1,0.406,0.152,0.141,0.069,-0.076,0.044,-0.071,0.035,-0.02,0.026,2.56,2.966,8.731
1952,2,0.135,0.178,0.138,0.07,-0.075,0.044,-0.072,0.035,-0.016,0.026,3.19,3.325,8.728
1952,3,-0.409,0.167,0.133,0.071,-0.072,0.044,-0.079,0.035,-0.015,0.026,5.29,4.881,8.722999999999999
1952,4,0.102,0.241,0.089,0.073,-0.071,0.044,-0.082,0.034,-0.015,0.026,8.29,8.392,8.679
1952,5,-0.031,0.274,0.023,0.076,-0.063,0.044,-0.083,0.034,-0.016,0.026,11.28,11.248999999999999,8.613
1952,6,-0.059,0.225,-0.029,0.077,-0.061,0.043,-0.081,0.034,-0.016,0.026,13.43,13.371,8.561
1952,7,0.168,0.298,-0.036,0.078,-0.037,0.043,-0.083,0.034,-0.016,0.026,14.31,14.478,8.554
1952,8,0.07,0.308,-0.016,0.079,-0.03,0.042,-0.082,0.034,-0.016,0.025,13.84,13.91,8.574
1952,9,0.134,0.235,0.048,0.08,-0.041,0.042,-0.082,0.034,-0.017,0.025,12.05,12.184000000000001,8.638
1952,10,-0.135,0.165,0.081,0.079,-0.04,0.042,-0.087,0.034,-0.018,0.025,9.2,9.065,8.671
1952,11,-0.703,0.191,0.095,0.078,-0.042,0.042,-0.087,0.034,-0.018,0.025,6.05,5.3469999999999995,8.685
1952,12,-0.008,0.179,0.107,0.079,-0.039,0.042,-0.081,0.034,-0.018,0.025,3.6,3.592,8.697
1953,1,0.324,0.172,0.093,0.078,-0.037,0.042,-0.079,0.033,-0.016,0.025,2.56,2.884,8.683
1953,2,0.376,0.191,0.099,0.078,-0.023,0.042,-0.075,0.033,-0.014,0.025,3.19,3.566,8.689
1953,3,0.351,0.173,0.095,0.079,-0.023,0.042,-0.071,0.033,-0.014,0.025,5.29,5.641,8.685
1953,4,0.505,0.234,0.131,0.079,-0.013,0.042,-0.071,0.033,-0.015,0.025,8.29,8.795,8.721
1953,5,0.129,0.261,0.173,0.079,-0.004,0.042,-0.071,0.033,-0.017,0.025,11.28,11.408999999999999,8.763
1953,6,0.09,0.23,0.2,0.079,-0.007,0.042,-0.075,0.033,-0.016,0.025,13.43,13.52,8.79
1953,7,-0.005,0.298,0.123,0.08,-0.002,0.042,-0.075,0.032,-0.016,0.025,14.31,14.305,8.713
1953,8,0.148,0.306,0.078,0.079,0.005,0.042,-0.077,0.032,-0.013,0.025,13.84,13.988,8.668
1953,9,0.078,0.229,0.027,0.079,0.002,0.041,-0.08,0.032,-0.011,0.025,12.05,12.128,8.616999999999999
1953,10,0.307,0.167,-0.032,0.078,-0.005,0.041,-0.082,0.032,-0.011,0.025,9.2,9.507,8.558
1953,11,-0.207,0.177,-0.074,0.077,-0.018,0.041,-0.081,0.031,-0.01,0.025,6.05,5.843,8.516
1953,12,0.32,0.176,-0.092,0.077,-0.019,0.04,-0.078,0.03,-0.012,0.024,3.6,3.92,8.498
1954,1,-0.595,0.164,-0.105,0.076,-0.021,0.04,-0.08,0.03,-0.015,0.024,2.56,1.965,8.485
1954,2,-0.173,0.186,-0.122,0.075,-0.035,0.04,-0.075,0.03,-0.017,0.024,3.19,3.017,8.468
1954,3,-0.253,0.172,-0.13,0.073,-0.044,0.04,-0.067,0.029,-0.02,0.024,5.29,5.037,8.459999999999999
1954,4,-0.204,0.211,-0.133,0.073,-0.057,0.04,-0.063,0.03,-0.022,0.024,8.29,8.085999999999999,8.457
1954,5,-0.375,0.222,-0.076,0.072,-0.064,0.04,-0.062,0.029,-0.024,0.024,11.28,10.905,8.514
1954,6,-0.125,0.205,-0.112,0.07,-0.076,0.039,-0.059,0.029,-0.023,0.024,13.43,13.305,8.478
1954,7,-0.16,0.238,0.002,0.068,-0.086,0.039,-0.057,0.029,-0.024,0.024,14.31,14.15,8.592
1954,8,-0.057,0.253,0.009,0.065,-0.091,0.038,-0.056,0.029,-0.025,0.025,13.84,13.783,8.599
1954,9,-0.025,0.216,-0.035,0.063,-0.09,0.038,-0.056,0.029,-0.029,0.024,12.05,12.025,8.555
1954,10,0.28,0.158,-0.039,0.061,-0.094,0.037,-0.059,0.028,-0.033,0.024,9.2,9.479999999999999,8.551
1954,11,0.468,0.157,-0.024,0.06,-0.096,0.037,-0.061,0.028,-0.034,0.024,6.05,6.518,8.566
1954,12,-0.103,0.159,-0.012,0.059,-0.093,0.036,-0.059,0.028,-0.033,0.024,3.6,3.497,8.578
1955,1,0.77,0.145,-0.011,0.059,-0.101,0.036,-0.053,0.027,-0.032,0.024,2.56,3.33,8.579
1955,2,-0.093,0.137,0.025,0.058,-0.102,0.036,-0.044,0.027,-0.03,0.024,3.19,3.097,8.615
1955,3,-0.778,0.113,0.012,0.059,-0.103,0.037,-0.051,0.026,-0.03,0.024,5.29,4.5120000000000005,8.602
1955,4,-0.258,0.161,0.026,0.06,-0.099,0.037,-0.051,0.026,-0.033,0.023,8.29,8.032,8.616
1955,5,-0.195,0.194,-0.025,0.058,-0.083,0.037,-0.055,0.026,-0.032,0.024,11.28,11.084999999999999,8.565
1955,6,0.024,0.145,-0.046,0.056,-0.072,0.036,-0.054,0.026,-0.032,0.024,13.43,13.453999999999999,8.544
1955,7,-0.143,0.187,-0.123,0.055,-0.062,0.036,-0.054,0.026,-0.033,0.023,14.31,14.167,8.467
1955,8,0.376,0.207,-0.154,0.055,-0.062,0.034,-0.051,0.025,-0.035,0.023,13.84,14.216,8.436
1955,9,-0.183,0.151,-0.129,0.055,-0.066,0.033,-0.049,0.026,-0.037,0.023,12.05,11.867,8.461
1955,10,0.444,0.111,-0.145,0.054,-0.072,0.033,-0.047,0.025,-0.037,0.023,9.2,9.644,8.445
1955,11,-0.146,0.121,-0.186,0.053,-0.073,0.034,-0.043,0.024,-0.038,0.023,6.05,5.904,8.404
1955,12,-0.359,0.105,-0.216,0.051,-0.08,0.033,-0.037,0.024,-0.035,0.022,3.6,3.241,8.374
1956,1,-0.152,0.069,-0.222,0.051,-0.08,0.033,-0.03,0.024,-0.037,0.022,2.56,2.408,8.368
1956,2,-0.464,0.121,-0.314,0.054,-0.089,0.033,-0.019,0.024,-0.037,0.022,3.19,2.726,8.276
1956,3,-0.469,0.08,-0.329,0.052,-0.095,0.032,-0.016,0.024,-0.036,0.022,5.29,4.821,8.261
1956,4,-0.458,0.111,-0.396,0.05,-0.099,0.031,-0.013,0.023,-0.039,0.021,8.29,7.831999999999999,8.193999999999999
1956,5,-0.684,0.149,-0.416,0.051,-0.093,0.029,-0.012,0.023,-0.039,0.021,11.28,10.596,8.174
1956,6,-0.337,0.129,-0.394,0.044,-0.095,0.027,-0.008,0.022,-0.038,0.021,13.43,13.093,8.196
1956,7,-0.214,0.091,-0.397,0.046,-0.08,0.026,-0.008,0.022,-0.037,0.021,14.31,14.096,8.193
1956,8,-0.731,0.119,-0.372,0.044,-0.075,0.026,-0.009,0.022,-0.037,0.021,13.84,13.109,8.218
1956,9,-0.362,0.074,-0.363,0.051,-0.062,0.026,-0.01,0.022,-0.037,0.021,12.05,11.688,8.227
1956,10,-0.359,0.071,-0.335,0.047,-0.051,0.026,-0.013,0.022,-0.037,0.021,9.2,8.841,8.254999999999999
1956,11,-0.383,0.11,-0.292,0.043,-0.045,0.026,-0.014,0.022,-0.038,0.021,6.05,5.667,8.298
1956,12,-0.097,0.109,-0.252,0.033,-0.041,0.026,-0.02,0.022,-0.037,0.02,3.6,3.503,8.338
1957,1,-0.192,0.042,-0.261,0.03,-0.038,0.026,-0.021,0.022,-0.036,0.02,2.56,2.368,8.329
1957,2,-0.164,0.081,-0.197,0.03,-0.037,0.026,-0.019,0.022,-0.038,0.02,3.19,3.026,8.393
1957,3,-0.361,0.093,-0.161,0.039,-0.04,0.026,-0.014,0.022,-0.039,0.02,5.29,4.929,8.429
1957,4,-0.122,0.092,-0.122,0.044,-0.046,0.026,-0.013,0.022,-0.04,0.02,8.29,8.168,8.468
1957,5,-0.169,0.104,-0.07,0.055,-0.06,0.025,-0.015,0.022,-0.038,0.02,11.28,11.110999999999999,8.52
1957,6,0.141,0.08,-0.008,0.055,-0.057,0.024,-0.015,0.022,-0.039,0.019,13.43,13.571,8.582
1957,7,-0.311,0.168,0.084,0.053,-0.068,0.024,-0.018,0.021,-0.039,0.019,14.31,13.999,8.674
1957,8,0.03,0.1,0.131,0.05,-0.057,0.025,-0.02,0.021,-0.039,0.019,13.84,13.87,8.721
1957,9,0.07,0.216,0.168,0.049,-0.062,0.024,-0.023,0.021,-0.04,0.019,12.05,12.120000000000001,8.758
1957,10,0.11,0.169,0.189,0.056,-0.062,0.023,-0.02,0.021,-0.04,0.019,9.2,9.309999999999999,8.779
1957,11,0.242,0.148,0.214,0.068,-0.068,0.023,-0.013,0.021,-0.041,0.019,6.05,6.292,8.804
1957,12,0.643,0.08,0.171,0.067,-0.07,0.023,-0.011,0.021,-0.04,0.019,3.6,4.243,8.761
1958,1,0.91,0.054,0.197,0.056,-0.071,0.024,-0.012,0.021,-0.044,0.019,2.56,3.47,8.786999999999999
1958,2,0.406,0.1,0.165,0.048,-0.078,0.022,-0.008,0.021,-0.044,0.019,3.19,3.596,8.754999999999999
1958,3,0.077,0.054,0.133,0.039,-0.076,0.022,-0.013,0.02,-0.039,0.019,5.29,5.367,8.722999999999999
1958,4,0.138,0.13,0.131,0.033,-0.08,0.021,-0.019,0.02,-0.039,0.019,8.29,8.427999999999999,8.721
1958,5,0.125,0.193,0.123,0.024,-0.083,0.02,-0.023,0.02,-0.041,0.019,11.28,11.405,8.713
1958,6,-0.376,0.072,0.083,0.023,-0.067,0.02,-0.025,0.02,-0.042,0.019,13.43,13.054,8.673
1958,7,-0.0,0.125,0.036,0.025,-0.059,0.02,-0.024,0.021,-0.044,0.018,14.31,14.31,8.626
1958,8,-0.351,0.064,0.011,0.015,-0.044,0.019,-0.022,0.021,-0.046,0.018,13.84,13.489,8.600999999999999
1958,9,-0.308,0.069,0.048,0.016,-0.033,0.019,-0.019,0.021,-0.048,0.018,12.05,11.742,8.638
1958,10,0.083,0.054,0.076,0.021,-0.021,0.017,-0.016,0.021,-0.048,0.019,9.2,9.283,8.666
1958,11,0.149,0.119,0.065,0.02,-0.006,0.016,-0.011,0.02,-0.049,0.018,6.05,6.199,8.655
1958,12,0.164,0.176,0.102,0.018,0.002,0.016,-0.013,0.02,-0.05,0.018,3.6,3.7640000000000002,8.692
1959,1,0.345,0.094,0.108,0.015,0.005,0.016,-0.006,0.021,-0.055,0.018,2.56,2.9050000000000002,8.698
1959,2,0.102,0.138,0.136,0.015,0.016,0.015,-0.007,0.02,-0.057,0.018,3.19,3.292,8.725999999999999
1959,3,0.527,0.049,0.146,0.016,0.024,0.016,-0.009,0.02,-0.056,0.018,5.29,5.817,8.736
1959,4,0.471,0.161,0.13,0.02,0.03,0.016,-0.011,0.02,-0.055,0.018,8.29,8.761,8.72
1959,5,-0.009,0.079,0.087,0.021,0.037,0.017,-0.012,0.02,-0.055,0.018,11.28,11.270999999999999,8.677
1959,6,0.073,0.088,0.083,0.026,0.035,0.017,-0.011,0.02,-0.054,0.018,13.43,13.503,8.673
1959,7,0.073,0.074,0.061,0.032,0.044,0.017,-0.01,0.02,-0.053,0.018,14.31,14.383000000000001,8.651
1959,8,-0.022,0.058,0.098,0.028,0.054,0.018,-0.012,0.021,-0.053,0.018,13.84,13.818,8.688
1959,9,-0.18,0.087,-0.035,0.025,0.063,0.017,-0.016,0.021,-0.053,0.018,12.05,11.870000000000001,8.555
1959,10,-0.111,0.073,-0.097,0.027,0.068,0.018,-0.022,0.021,-0.053,0.018,9.2,9.088999999999999,8.493
1959,11,-0.367,0.063,-0.139,0.021,0.067,0.018,-0.028,0.021,-0.052,0.017,6.05,5.683,8.451
1959,12,0.108,0.052,-0.152,0.018,0.063,0.018,-0.029,0.021,-0.048,0.017,3.6,3.708,8.438
1960,1,0.081,0.075,-0.176,0.021,0.065,0.017,-0.033,0.021,-0.045,0.017,2.56,2.641,8.414
1960,2,0.555,0.081,-0.181,0.02,0.061,0.016,-0.035,0.02,-0.04,0.017,3.19,3.745,8.409
1960,3,-1.074,0.075,-0.169,0.019,0.058,0.015,-0.029,0.02,-0.04,0.016,5.29,4.216,8.421
1960,4,-0.279,0.078,-0.143,0.019,0.058,0.013,-0.03,0.02,-0.038,0.016,8.29,8.011,8.447
1960,5,-0.502,0.124,-0.138,0.024,0.056,0.013,-0.03,0.02,-0.038,0.016,11.28,10.777999999999999,8.452
1960,6,-0.093,0.075,-0.098,0.021,0.05,0.013,-0.032,0.021,-0.037,0.016,13.43,13.337,8.491999999999999
1960,7,-0.208,0.12,-0.08,0.022,0.039,0.014,-0.034,0.02,-0.036,0.016,14.31,14.102,8.51
1960,8,-0.086,0.21,-0.089,0.031,0.045,0.015,-0.037,0.02,-0.035,0.016,13.84,13.754,8.501
1960,9,-0.031,0.081,0.016,0.036,0.04,0.015,-0.039,0.02,-0.034,0.016,12.05,12.019,8.606
1960,10,0.191,0.097,0.061,0.038,0.034,0.015,-0.041,0.019,-0.032,0.016,9.2,9.391,8.651
1960,11,-0.306,0.125,0.123,0.053,0.027,0.015,-0.042,0.018,-0.03,0.016,6.05,5.744,8.713
1960,12,0.592,0.078,0.144,0.052,0.031,0.014,-0.038,0.018,-0.03,0.016,3.6,4.192,8.734
1961,1,0.302,0.078,0.154,0.056,0.033,0.015,-0.038,0.018,-0.026,0.016,2.56,2.862,8.744
1961,2,0.446,0.125,0.157,0.044,0.045,0.015,-0.034,0.018,-0.024,0.016,3.19,3.636,8.747
1961,3,0.183,0.155,0.17,0.046,0.058,0.016,-0.028,0.017,-0.024,0.016,5.29,5.473,8.76
1961,4,0.258,0.068,0.152,0.031,0.067,0.016,-0.026,0.016,-0.024,0.015,8.29,8.547999999999998,8.741999999999999
1961,5,0.238,0.149,0.183,0.026,0.071,0.017,-0.022,0.016,-0.025,0.015,11.28,11.517999999999999,8.773
1961,6,0.161,0.082,0.117,0.029,0.07,0.018,-0.019,0.015,-0.026,0.015,13.43,13.591,8.707
1961,7,-0.086,0.092,0.121,0.029,0.067,0.021,-0.015,0.015,-0.026,0.015,14.31,14.224,8.711
1961,8,-0.046,0.111,0.119,0.029,0.062,0.019,-0.01,0.014,-0.026,0.015,13.84,13.794,8.709
1961,9,0.115,0.065,0.118,0.026,0.045,0.018,-0.007,0.014,-0.027,0.015,12.05,12.165000000000001,8.708
1961,10,-0.015,0.131,0.111,0.037,0.029,0.017,-0.005,0.014,-0.028,0.015,9.2,9.184999999999999,8.701
1961,11,0.059,0.064,0.07,0.04,0.021,0.016,-0.003,0.015,-0.028,0.015,6.05,6.109,8.66
1961,12,-0.194,0.068,0.05,0.045,0.02,0.017,-0.004,0.015,-0.029,0.015,3.6,3.406,8.64
1962,1,0.352,0.062,0.042,0.044,0.017,0.017,-0.002,0.015,-0.034,0.015,2.56,2.912,8.632
1962,2,0.412,0.045,0.028,0.043,0.014,0.019,-0.003,0.015,-0.038,0.015,3.19,3.602,8.618
1962,3,0.18,0.124,0.007,0.035,0.008,0.019,0.001,0.015,-0.036,0.015,5.29,5.47,8.597
1962,4,0.168,0.199,0.022,0.024,0.001,0.018,0.002,0.015,-0.037,0.015,8.29,8.457999999999998,8.612
1962,5,-0.25,0.051,0.027,0.026,0.005,0.018,0.006,0.015,-0.037,0.015,11.28,11.03,8.616999999999999
1962,6,-0.083,0.115,0.063,0.026,-0.001,0.018,0.002,0.014,-0.037,0.015,13.43,13.347,8.653
1962,7,-0.181,0.081,0.055,0.027,0.001,0.018,0.005,0.014,-0.038,0.014,14.31,14.129000000000001,8.645
1962,8,-0.208,0.093,0.086,0.03,-0.012,0.017,0.003,0.013,-0.037,0.014,13.84,13.632,8.676
1962,9,-0.138,0.124,0.051,0.026,0.003,0.018,0.002,0.012,-0.039,0.014,12.05,11.912,8.641
1962,10,0.158,0.199,0.021,0.033,0.002,0.019,0.006,0.011,-0.038,0.014,9.2,9.357999999999999,8.611
1962,11,0.123,0.087,0.015,0.036,0.007,0.019,0.004,0.011,-0.036,0.014,6.05,6.173,8.605
1962,12,0.24,0.097,0.01,0.039,0.005,0.021,0.001,0.011,-0.036,0.014,3.6,3.84,8.6
1963,1,0.262,0.071,0.035,0.039,0.004,0.018,-0.009,0.011,-0.035,0.014,2.56,2.822,8.625
1963,2,0.784,0.076,0.087,0.039,0.004,0.02,-0.012,0.011,-0.034,0.014,3.19,3.974,8.677
1963,3,-0.245,0.082,0.135,0.047,-0.003,0.018,-0.006,0.011,-0.033,0.014,5.29,5.045,8.725
1963,4,-0.195,0.143,0.176,0.053,-0.002,0.019,-0.007,0.011,-0.033,0.014,8.29,8.094999999999999,8.766
1963,5,-0.325,0.083,0.198,0.053,-0.002,0.019,-0.011,0.011,-0.032,0.014,11.28,10.955,8.788
1963,6,-0.134,0.066,0.184,0.053,-0.01,0.018,-0.01,0.011,-0.031,0.014,13.43,13.296,8.774
1963,7,0.116,0.183,0.177,0.056,-0.017,0.018,-0.013,0.011,-0.03,0.013,14.31,14.426,8.767
1963,8,0.415,0.093,0.095,0.056,-0.024,0.018,-0.014,0.01,-0.031,0.013,13.84,14.254999999999999,8.685
1963,9,0.441,0.148,0.073,0.048,-0.023,0.018,-0.016,0.011,-0.031,0.013,12.05,12.491000000000001,8.663
1963,10,0.642,0.092,0.048,0.032,-0.031,0.019,-0.015,0.012,-0.031,0.013,9.2,9.841999999999999,8.638
1963,11,0.388,0.057,0.038,0.031,-0.037,0.021,-0.018,0.012,-0.029,0.013,6.05,6.438,8.628
1963,12,0.073,0.054,0.047,0.041,-0.04,0.018,-0.023,0.013,-0.03,0.013,3.6,3.673,8.637
1964,1,0.179,0.106,0.031,0.036,-0.034,0.016,-0.031,0.013,-0.029,0.012,2.56,2.739,8.621
1964,2,-0.197,0.059,-0.024,0.049,-0.036,0.016,-0.039,0.012,-0.03,0.012,3.19,2.993,8.566
1964,3,-0.513,0.116,-0.105,0.035,-0.037,0.015,-0.045,0.012,-0.03,0.012,5.29,4.777,8.485
1964,4,-0.489,0.114,-0.199,0.032,-0.039,0.016,-0.048,0.012,-0.029,0.012,8.29,7.800999999999999,8.391
1964,5,-0.45,0.059,-0.245,0.033,-0.043,0.017,-0.047,0.012,-0.028,0.011,11.28,10.83,8.345
1964,6,-0.029,0.162,-0.272,0.036,-0.044,0.017,-0.048,0.012,-0.028,0.011,13.43,13.401,8.318
1964,7,-0.066,0.066,-0.269,0.03,-0.048,0.018,-0.05,0.012,-0.028,0.011,14.31,14.244,8.321
1964,8,-0.248,0.274,-0.271,0.031,-0.06,0.018,-0.051,0.012,-0.027,0.011,13.84,13.592,8.318999999999999
1964,9,-0.536,0.068,-0.242,0.031,-0.062,0.018,-0.05,0.012,-0.028,0.011,12.05,11.514000000000001,8.347999999999999
1964,10,-0.483,0.057,-0.233,0.039,-0.063,0.02,-0.047,0.012,-0.03,0.011,9.2,8.716999999999999,8.357
1964,11,-0.168,0.069,-0.209,0.045,-0.054,0.019,-0.042,0.012,-0.033,0.011,6.05,5.882,8.381
1964,12,-0.248,0.052,-0.224,0.057,-0.058,0.019,-0.038,0.012,-0.033,0.011,3.6,3.3520000000000003,8.366
1965,1,0.216,0.05,-0.244,0.044,-0.056,0.019,-0.037,0.012,-0.034,0.011,2.56,2.7760000000000002,8.346
1965,2,-0.217,0.095,-0.231,0.032,-0.055,0.017,-0.037,0.011,-0.033,0.011,3.19,2.973,8.359
1965,3,-0.17,0.077,-0.221,0.025,-0.053,0.015,-0.029,0.011,-0.028,0.011,5.29,5.12,8.369
1965,4,-0.382,0.089,-0.161,0.024,-0.047,0.014,-0.024,0.011,-0.026,0.011,8.29,7.9079999999999995,8.429
1965,5,-0.161,0.206,-0.17,0.03,-0.048,0.014,-0.021,0.011,-0.023,0.011,11.28,11.119,8.42
1965,6,-0.206,0.194,-0.14,0.03,-0.048,0.014,-0.02,0.011,-0.023,0.011,13.43,13.224,8.45
1965,7,-0.314,0.207,-0.171,0.031,-0.057,0.014,-0.018,0.011,-0.022,0.011,14.31,13.996,8.419
1965,8,-0.086,0.051,-0.148,0.032,-0.07,0.014,-0.019,0.012,-0.026,0.011,13.84,13.754,8.442
1965,9,-0.412,0.118,-0.117,0.031,-0.053,0.015,-0.018,0.012,-0.025,0.01,12.05,11.638,8.472999999999999
1965,10,0.229,0.069,-0.101,0.035,-0.048,0.016,-0.018,0.012,-0.026,0.01,9.2,9.428999999999998,8.488999999999999
1965,11,-0.269,0.168,-0.099,0.05,-0.048,0.016,-0.016,0.012,-0.026,0.01,6.05,5.781,8.491
1965,12,0.102,0.094,-0.08,0.069,-0.05,0.014,-0.022,0.011,-0.025,0.01,3.6,3.702,8.51
1966,1,-0.149,0.069,-0.035,0.057,-0.059,0.014,-0.022,0.011,-0.023,0.01,2.56,2.411,8.555
1966,2,0.053,0.097,-0.039,0.057,-0.073,0.014,-0.029,0.012,-0.021,0.01,3.19,3.243,8.551
1966,3,0.203,0.128,-0.002,0.057,-0.089,0.014,-0.033,0.013,-0.023,0.01,5.29,5.493,8.588
1966,4,-0.189,0.122,-0.034,0.046,-0.097,0.013,-0.035,0.013,-0.021,0.01,8.29,8.100999999999999,8.556
1966,5,-0.138,0.062,-0.024,0.035,-0.107,0.014,-0.038,0.014,-0.02,0.009,11.28,11.142,8.566
1966,6,0.02,0.108,-0.055,0.027,-0.115,0.015,-0.043,0.013,-0.02,0.009,13.43,13.45,8.535
1966,7,0.229,0.11,-0.035,0.024,-0.129,0.015,-0.044,0.013,-0.02,0.01,14.31,14.539,8.555
1966,8,-0.135,0.078,-0.064,0.026,-0.139,0.014,-0.043,0.013,-0.018,0.01,13.84,13.705,8.526
1966,9,0.037,0.042,-0.073,0.025,-0.136,0.014,-0.044,0.013,-0.017,0.01,12.05,12.087000000000002,8.517
1966,10,-0.159,0.101,-0.052,0.016,-0.124,0.014,-0.043,0.013,-0.019,0.01,9.2,9.040999999999999,8.538
1966,11,-0.143,0.06,-0.016,0.017,-0.116,0.013,-0.042,0.013,-0.019,0.01,6.05,5.907,8.574
1966,12,-0.277,0.056,-0.045,0.013,-0.116,0.014,-0.039,0.013,-0.018,0.01,3.6,3.323,8.545
1967,1,0.098,0.059,-0.065,0.013,-0.118,0.015,-0.048,0.013,-0.018,0.01,2.56,2.658,8.525
1967,2,-0.301,0.127,-0.068,0.018,-0.115,0.013,-0.057,0.013,-0.016,0.01,3.19,2.889,8.522
1967,3,0.098,0.071,-0.074,0.012,-0.107,0.013,-0.059,0.013,-0.012,0.01,5.29,5.388,8.516
1967,4,0.067,0.091,-0.016,0.015,-0.096,0.013,-0.06,0.014,-0.01,0.01,8.29,8.357,8.574
1967,5,0.285,0.093,0.001,0.012,-0.088,0.013,-0.06,0.014,-0.007,0.01,11.28,11.565,8.591
1967,6,-0.324,0.061,0.045,0.016,-0.075,0.012,-0.059,0.014,-0.006,0.01,13.43,13.106,8.635
1967,7,-0.01,0.078,0.014,0.019,-0.075,0.013,-0.059,0.014,-0.003,0.01,14.31,14.3,8.604
1967,8,-0.173,0.116,0.039,0.019,-0.062,0.012,-0.054,0.014,-0.002,0.01,13.84,13.667,8.629
1967,9,-0.032,0.099,0.097,0.025,-0.06,0.012,-0.055,0.013,-0.003,0.009,12.05,12.018,8.687
1967,10,0.537,0.056,0.1,0.023,-0.05,0.012,-0.056,0.013,-0.004,0.009,9.2,9.737,8.69
1967,11,0.056,0.073,0.047,0.014,-0.05,0.013,-0.059,0.013,-0.003,0.009,6.05,6.106,8.637
1967,12,0.255,0.061,0.052,0.017,-0.046,0.015,-0.06,0.013,-0.005,0.009,3.6,3.855,8.642
1968,1,-0.277,0.069,0.017,0.016,-0.04,0.013,-0.059,0.012,-0.008,0.009,2.56,2.283,8.607
1968,2,-0.001,0.12,-0.001,0.024,-0.042,0.014,-0.06,0.012,-0.009,0.009,3.19,3.189,8.589
1968,3,0.792,0.118,-0.045,0.025,-0.032,0.014,-0.053,0.012,-0.008,0.009,5.29,6.082,8.545
1968,4,0.106,0.133,-0.074,0.033,-0.034,0.014,-0.047,0.012,-0.006,0.009,8.29,8.395999999999999,8.516
1968,5,-0.349,0.144,-0.097,0.028,-0.031,0.013,-0.04,0.012,-0.007,0.009,11.28,10.931,8.493
1968,6,-0.268,0.147,-0.153,0.027,-0.035,0.012,-0.036,0.012,-0.006,0.009,13.43,13.161999999999999,8.437
1968,7,-0.427,0.09,-0.185,0.03,-0.027,0.012,-0.037,0.012,-0.006,0.009,14.31,13.883000000000001,8.405
1968,8,-0.395,0.066,-0.252,0.037,-0.034,0.012,-0.04,0.011,-0.007,0.009,13.84,13.445,8.338
1968,9,-0.549,0.088,-0.342,0.033,-0.042,0.012,-0.043,0.011,-0.006,0.009,12.05,11.501000000000001,8.248
1968,10,0.19,0.176,-0.333,0.032,-0.039,0.011,-0.046,0.01,-0.006,0.009,9.2,9.389999999999999,8.257
1968,11,-0.222,0.049,-0.303,0.027,-0.039,0.012,-0.048,0.01,-0.005,0.009,6.05,5.827999999999999,8.286999999999999
1968,12,-0.421,0.054,-0.283,0.034,-0.046,0.013,-0.047,0.011,-0.005,0.009,3.6,3.1790000000000003,8.307
1969,1,-0.664,0.047,-0.261,0.037,-0.053,0.013,-0.051,0.01,-0.006,0.009,2.56,1.896,8.329
1969,2,-0.803,0.048,-0.233,0.037,-0.051,0.014,-0.054,0.01,-0.008,0.009,3.19,2.387,8.357
1969,3,-0.288,0.185,-0.195,0.031,-0.051,0.014,-0.051,0.009,-0.01,0.009,5.29,5.002,8.395
1969,4,0.217,0.121,-0.193,0.027,-0.046,0.014,-0.047,0.009,-0.011,0.009,8.29,8.507,8.397
1969,5,0.015,0.082,-0.15,0.024,-0.041,0.013,-0.045,0.009,-0.012,0.009,11.28,11.295,8.44
1969,6,-0.038,0.155,-0.07,0.022,-0.033,0.012,-0.045,0.009,-0.012,0.009,13.43,13.392,8.52
1969,7,-0.161,0.096,0.002,0.022,-0.047,0.013,-0.045,0.009,-0.014,0.009,14.31,14.149000000000001,8.592
1969,8,-0.059,0.146,0.114,0.023,-0.053,0.013,-0.042,0.009,-0.014,0.009,13.84,13.781,8.704
1969,9,-0.093,0.059,0.135,0.028,-0.056,0.013,-0.04,0.009,-0.012,0.009,12.05,11.957,8.725
1969,10,0.215,0.11,0.136,0.02,-0.057,0.014,-0.037,0.009,-0.01,0.009,9.2,9.415,8.725999999999999
1969,11,0.298,0.051,0.123,0.018,-0.065,0.015,-0.038,0.009,-0.008,0.009,6.05,6.348,8.713
1969,12,0.538,0.056,0.127,0.019,-0.06,0.015,-0.036,0.008,-0.004,0.009,3.6,4.138,8.717
1970,1,0.201,0.08,0.144,0.018,-0.062,0.015,-0.034,0.008,-0.003,0.008,2.56,2.761,8.734
1970,2,0.535,0.054,0.131,0.032,-0.054,0.016,-0.031,0.008,-0.003,0.008,3.19,3.725,8.721
1970,3,-0.037,0.128,0.153,0.024,-0.056,0.016,-0.026,0.008,0.001,0.008,5.29,5.253,8.743
1970,4,0.236,0.124,0.146,0.03,-0.064,0.016,-0.021,0.008,0.005,0.009,8.29,8.526,8.736
1970,5,-0.137,0.105,0.116,0.028,-0.07,0.015,-0.016,0.009,0.009,0.008,11.28,11.142999999999999,8.706
1970,6,0.001,0.064,0.057,0.025,-0.073,0.015,-0.014,0.011,0.01,0.009,13.43,13.431,8.647
1970,7,0.041,0.068,0.07,0.022,-0.061,0.015,-0.011,0.01,0.012,0.009,14.31,14.351,8.66
1970,8,-0.214,0.117,-0.004,0.026,-0.05,0.016,-0.014,0.01,0.014,0.009,13.84,13.626,8.586
1970,9,0.179,0.117,-0.027,0.02,-0.054,0.018,-0.01,0.011,0.015,0.009,12.05,12.229000000000001,8.563
1970,10,0.128,0.077,-0.048,0.018,-0.046,0.017,-0.011,0.011,0.015,0.009,9.2,9.328,8.542
1970,11,-0.067,0.043,-0.048,0.027,-0.033,0.016,-0.01,0.01,0.019,0.009,6.05,5.983,8.542
1970,12,-0.159,0.025,-0.08,0.022,-0.023,0.016,-0.011,0.009,0.019,0.008,3.6,3.4410000000000003,8.51
1971,1,0.35,0.048,-0.101,0.02,-0.014,0.016,-0.007,0.009,0.022,0.008,2.56,2.91,8.488999999999999
1971,2,-0.356,0.09,-0.083,0.02,-0.007,0.015,-0.009,0.009,0.024,0.008,3.19,2.834,8.507
1971,3,-0.305,0.073,-0.095,0.023,0.003,0.014,-0.017,0.009,0.027,0.009,5.29,4.985,8.495
1971,4,-0.023,0.084,-0.095,0.023,0.006,0.012,-0.016,0.008,0.028,0.009,8.29,8.267,8.495
1971,5,-0.134,0.081,-0.075,0.023,0.012,0.011,-0.018,0.009,0.028,0.009,11.28,11.145999999999999,8.515
1971,6,-0.389,0.106,-0.044,0.023,0.022,0.01,-0.021,0.008,0.029,0.009,13.43,13.041,8.546
1971,7,-0.208,0.071,-0.135,0.024,0.028,0.009,-0.024,0.008,0.031,0.008,14.31,14.102,8.455
1971,8,0.008,0.119,-0.16,0.024,0.03,0.009,-0.026,0.009,0.034,0.008,13.84,13.847999999999999,8.43
1971,9,0.034,0.108,-0.143,0.024,0.033,0.009,-0.028,0.009,0.034,0.009,12.05,12.084000000000001,8.447
1971,10,0.126,0.123,-0.142,0.027,0.029,0.008,-0.033,0.009,0.034,0.008,9.2,9.325999999999999,8.448
1971,11,0.175,0.041,-0.146,0.03,0.027,0.008,-0.035,0.009,0.035,0.009,6.05,6.225,8.443999999999999
1971,12,0.209,0.07,-0.114,0.021,0.026,0.009,-0.032,0.009,0.04,0.009,3.6,3.809,8.475999999999999
1972,1,-0.742,0.097,-0.107,0.019,0.027,0.007,-0.033,0.009,0.038,0.009,2.56,1.818,8.483
1972,2,-0.658,0.062,-0.082,0.019,0.031,0.009,-0.028,0.009,0.037,0.009,3.19,2.532,8.508
1972,3,-0.103,0.114,-0.101,0.02,0.027,0.009,-0.026,0.008,0.034,0.009,5.29,5.187,8.488999999999999
1972,4,-0.007,0.077,-0.106,0.019,0.021,0.011,-0.022,0.008,0.034,0.009,8.29,8.283,8.484
1972,5,-0.176,0.107,-0.146,0.021,0.012,0.011,-0.02,0.008,0.035,0.009,11.28,11.104,8.443999999999999
1972,6,-0.012,0.087,-0.153,0.024,0.002,0.011,-0.014,0.008,0.035,0.009,13.43,13.418,8.437
1972,7,-0.126,0.104,-0.055,0.023,0.006,0.011,-0.011,0.008,0.037,0.009,14.31,14.184000000000001,8.535
1972,8,0.306,0.089,0.053,0.02,0.001,0.012,-0.008,0.009,0.037,0.009,13.84,14.145999999999999,8.643
1972,9,-0.184,0.122,0.106,0.022,0.008,0.01,-0.009,0.009,0.038,0.008,12.05,11.866000000000001,8.696
1972,10,0.065,0.15,0.159,0.022,0.008,0.009,-0.014,0.01,0.037,0.008,9.2,9.264999999999999,8.749
1972,11,-0.316,0.063,0.21,0.02,0.018,0.01,-0.01,0.01,0.036,0.008,6.05,5.734,8.8
1972,12,0.129,0.029,0.239,0.021,0.018,0.01,-0.011,0.01,0.038,0.008,3.6,3.729,8.829
1973,1,0.431,0.054,0.257,0.022,0.018,0.011,-0.008,0.01,0.041,0.008,2.56,2.991,8.847
1973,2,0.642,0.056,0.232,0.02,0.015,0.012,-0.005,0.01,0.04,0.008,3.19,3.832,8.822
1973,3,0.536,0.079,0.252,0.018,0.013,0.013,-0.009,0.01,0.043,0.008,5.29,5.8260000000000005,8.842
1973,4,0.623,0.138,0.276,0.016,0.012,0.012,-0.006,0.01,0.045,0.008,8.29,8.912999999999998,8.866
1973,5,0.437,0.06,0.314,0.017,0.01,0.013,-0.003,0.01,0.049,0.008,11.28,11.716999999999999,8.904
1973,6,0.337,0.077,0.321,0.015,0.014,0.013,-0.003,0.01,0.049,0.008,13.43,13.767,8.911
1973,7,0.093,0.099,0.258,0.017,0.013,0.013,0.001,0.011,0.049,0.008,14.31,14.403,8.847999999999999
1973,8,0.011,0.159,0.15,0.018,0.016,0.014,-0.0,0.011,0.049,0.008,13.84,13.850999999999999,8.74
1973,9,0.052,0.074,0.094,0.028,0.009,0.014,0.004,0.011,0.05,0.008,12.05,12.102,8.684
1973,10,0.354,0.093,0.043,0.044,0.008,0.013,0.004,0.011,0.048,0.008,9.2,9.553999999999998,8.633
1973,11,0.137,0.048,-0.006,0.048,0.004,0.014,0.008,0.011,0.049,0.008,6.05,6.186999999999999,8.584
1973,12,0.209,0.073,-0.042,0.048,0.004,0.014,0.013,0.01,0.05,0.008,3.6,3.809,8.548
1974,1,-0.322,0.085,-0.055,0.046,0.005,0.013,0.019,0.01,0.051,0.008,2.56,2.238,8.535
1974,2,-0.647,0.105,-0.043,0.046,-0.001,0.015,0.023,0.01,0.051,0.008,3.19,2.543,8.547
1974,3,-0.14,0.132,-0.075,0.046,-0.005,0.015,0.026,0.01,0.055,0.007,5.29,5.15,8.515
1974,4,0.011,0.124,-0.116,0.046,-0.019,0.015,0.026,0.01,0.058,0.007,8.29,8.300999999999998,8.474
1974,5,-0.156,0.066,-0.146,0.045,-0.029,0.015,0.024,0.011,0.062,0.007,11.28,11.123999999999999,8.443999999999999
1974,6,-0.096,0.083,-0.172,0.047,-0.031,0.015,0.024,0.011,0.062,0.007,13.43,13.334,8.418
1974,7,-0.057,0.078,-0.107,0.048,-0.02,0.015,0.023,0.012,0.062,0.007,14.31,14.253,8.483
1974,8,0.153,0.087,-0.036,0.047,-0.004,0.015,0.023,0.012,0.064,0.007,13.84,13.993,8.554
1974,9,-0.334,0.069,0.009,0.037,0.005,0.015,0.026,0.011,0.066,0.007,12.05,11.716000000000001,8.599
1974,10,-0.135,0.057,0.03,0.027,0.014,0.015,0.026,0.012,0.069,0.007,9.2,9.065,8.62
1974,11,-0.221,0.085,0.078,0.027,0.025,0.016,0.026,0.012,0.068,0.007,6.05,5.829,8.668
1974,12,-0.101,0.117,0.09,0.036,0.032,0.015,0.029,0.011,0.068,0.007,3.6,3.499,8.68
1975,1,0.454,0.061,0.095,0.043,0.039,0.015,0.031,0.011,0.069,0.007,2.56,3.0140000000000002,8.685
1975,2,0.204,0.081,0.05,0.038,0.038,0.016,0.03,0.011,0.067,0.007,3.19,3.394,8.64
1975,3,0.404,0.125,0.082,0.045,0.038,0.017,0.031,0.011,0.069,0.007,5.29,5.694,8.672
1975,4,0.264,0.087,0.1,0.043,0.036,0.018,0.034,0.01,0.072,0.007,8.29,8.553999999999998,8.69
1975,5,0.413,0.092,0.104,0.037,0.049,0.018,0.039,0.01,0.073,0.007,11.28,11.693,8.693999999999999
1975,6,0.057,0.158,0.117,0.039,0.05,0.018,0.04,0.01,0.074,0.007,13.43,13.487,8.707
1975,7,-0.007,0.122,0.104,0.04,0.046,0.018,0.043,0.011,0.074,0.007,14.31,14.303,8.693999999999999
1975,8,-0.384,0.162,0.075,0.045,0.04,0.019,0.047,0.011,0.075,0.007,13.84,13.456,8.665
1975,9,0.05,0.097,-0.024,0.038,0.036,0.02,0.048,0.011,0.076,0.007,12.05,12.100000000000001,8.566
1975,10,0.083,0.048,-0.049,0.038,0.034,0.02,0.049,0.011,0.076,0.007,9.2,9.283,8.541
1975,11,-0.178,0.042,-0.116,0.039,0.027,0.021,0.055,0.011,0.077,0.007,6.05,5.872,8.474
1975,12,0.054,0.045,-0.155,0.026,0.017,0.02,0.06,0.011,0.077,0.007,3.6,3.654,8.435
1976,1,0.304,0.047,-0.167,0.02,0.016,0.02,0.067,0.011,0.081,0.007,2.56,2.864,8.423
1976,2,-0.139,0.115,-0.163,0.047,0.007,0.02,0.077,0.011,0.084,0.007,3.19,3.051,8.427
1976,3,-0.783,0.041,-0.181,0.044,0.005,0.02,0.087,0.011,0.086,0.007,5.29,4.507,8.409
1976,4,-0.043,0.057,-0.248,0.041,0.001,0.02,0.092,0.011,0.089,0.007,8.29,8.247,8.342
1976,5,-0.393,0.149,-0.268,0.043,0.004,0.019,0.095,0.011,0.09,0.006,11.28,10.886999999999999,8.322
1976,6,-0.402,0.106,-0.267,0.042,0.003,0.018,0.1,0.011,0.09,0.006,13.43,13.028,8.323
1976,7,-0.152,0.243,-0.298,0.042,0.01,0.019,0.105,0.011,0.089,0.006,14.31,14.158000000000001,8.292
1976,8,-0.338,0.23,-0.261,0.045,0.015,0.019,0.111,0.011,0.09,0.006,13.84,13.502,8.329
1976,9,-0.173,0.066,-0.16,0.045,0.02,0.019,0.112,0.011,0.089,0.007,12.05,11.877,8.43
1976,10,-0.717,0.108,-0.113,0.04,0.022,0.019,0.112,0.011,0.09,0.007,9.2,8.482999999999999,8.477
1976,11,-0.419,0.041,-0.042,0.045,0.021,0.02,0.112,0.011,0.09,0.007,6.05,5.631,8.548
1976,12,0.07,0.064,0.026,0.047,0.022,0.02,0.118,0.011,0.092,0.007,3.6,3.67,8.616
1977,1,-0.074,0.07,0.065,0.032,0.019,0.02,0.124,0.011,0.095,0.007,2.56,2.486,8.655
1977,2,0.307,0.094,0.116,0.028,0.016,0.02,0.13,0.011,0.1,0.007,3.19,3.497,8.706
1977,3,0.431,0.059,0.114,0.029,0.024,0.02,0.128,0.011,0.1,0.007,5.29,5.721,8.704
1977,4,0.519,0.06,0.17,0.036,0.032,0.02,0.129,0.011,0.1,0.007,8.29,8.809,8.76
1977,5,0.459,0.199,0.244,0.038,0.039,0.018,0.131,0.011,0.1,0.007,11.28,11.738999999999999,8.834
1977,6,0.419,0.071,0.252,0.035,0.057,0.018,0.129,0.01,0.103,0.006,13.43,13.849,8.842
1977,7,0.315,0.144,0.271,0.031,0.056,0.018,0.132,0.01,0.106,0.006,14.31,14.625,8.861
1977,8,0.272,0.114,0.27,0.033,0.06,0.018,0.129,0.01,0.107,0.006,13.84,14.112,8.86
1977,9,-0.194,0.064,0.26,0.033,0.054,0.017,0.13,0.011,0.109,0.006,12.05,11.856,8.85
1977,10,-0.048,0.084,0.257,0.032,0.059,0.018,0.13,0.011,0.108,0.007,9.2,9.152,8.847
1977,11,0.469,0.037,0.224,0.032,0.06,0.016,0.132,0.011,0.108,0.007,6.05,6.519,8.814
1977,12,0.167,0.11,0.166,0.032,0.061,0.015,0.137,0.011,0.111,0.007,3.6,3.767,8.756
1978,1,0.158,0.09,0.143,0.03,0.067,0.014,0.141,0.011,0.116,0.007,2.56,2.718,8.733
1978,2,0.285,0.059,0.074,0.022,0.079,0.018,0.141,0.012,0.117,0.006,3.19,3.475,8.664
1978,3,0.317,0.078,0.088,0.025,0.083,0.018,0.14,0.012,0.116,0.006,5.29,5.607,8.677999999999999
1978,4,0.481,0.039,0.101,0.019,0.086,0.017,0.138,0.012,0.118,0.007,8.29,8.770999999999999,8.691
1978,5,0.06,0.092,0.086,0.019,0.1,0.016,0.137,0.012,0.122,0.007,11.28,11.34,8.676
1978,6,-0.272,0.121,0.085,0.015,0.105,0.016,0.135,0.011,0.126,0.007,13.43,13.158,8.675
1978,7,0.032,0.102,0.081,0.018,0.121,0.015,0.134,0.012,0.129,0.007,14.31,14.342,8.671
1978,8,-0.554,0.063,0.029,0.015,0.137,0.015,0.138,0.012,0.134,0.007,13.84,13.286,8.619
1978,9,-0.028,0.061,0.014,0.014,0.165,0.015,0.143,0.012,0.139,0.007,12.05,12.022,8.604
1978,10,0.113,0.052,-0.015,0.02,0.176,0.016,0.142,0.011,0.141,0.008,9.2,9.312999999999999,8.575
1978,11,0.293,0.019,-0.036,0.015,0.185,0.015,0.146,0.011,0.143,0.008,6.05,6.343,8.554
1978,12,0.155,0.077,-0.018,0.02,0.197,0.015,0.147,0.01,0.148,0.007,3.6,3.755,8.572
1979,1,0.107,0.036,-0.043,0.024,0.206,0.014,0.153,0.011,0.152,0.008,2.56,2.6670000000000003,8.547
1979,2,-0.344,0.077,0.001,0.022,0.223,0.012,0.157,0.01,0.157,0.008,3.19,2.846,8.591
1979,3,0.14,0.102,0.018,0.029,0.228,0.012,0.161,0.011,0.16,0.007,5.29,5.43,8.608
1979,4,0.138,0.095,0.036,0.031,0.242,0.013,0.162,0.011,0.161,0.007,8.29,8.427999999999999,8.626
1979,5,-0.193,0.145,0.029,0.035,0.252,0.013,0.169,0.011,0.161,0.007,11.28,11.087,8.619
1979,6,-0.063,0.114,0.097,0.039,0.267,0.013,0.169,0.011,0.161,0.008,13.43,13.366999999999999,8.687
1979,7,-0.263,0.094,0.12,0.038,0.268,0.013,0.17,0.011,0.163,0.008,14.31,14.047,8.709999999999999
1979,8,-0.023,0.095,0.188,0.036,0.264,0.012,0.17,0.01,0.164,0.007,13.84,13.817,8.778
1979,9,0.172,0.073,0.18,0.025,0.25,0.012,0.172,0.01,0.166,0.007,12.05,12.222000000000001,8.77
1979,10,0.334,0.088,0.217,0.02,0.244,0.012,0.175,0.011,0.168,0.007,9.2,9.533999999999999,8.807
1979,11,0.21,0.09,0.27,0.02,0.237,0.009,0.174,0.01,0.167,0.007,6.05,6.26,8.86
1979,12,0.967,0.05,0.283,0.015,0.227,0.008,0.172,0.01,0.168,0.007,3.6,4.567,8.873
1980,1,0.376,0.048,0.339,0.016,0.225,0.007,0.172,0.01,0.17,0.007,2.56,2.936,8.929
1980,2,0.478,0.061,0.368,0.024,0.219,0.007,0.166,0.011,0.17,0.007,3.19,3.668,8.958
1980,3,0.046,0.092,0.375,0.033,0.222,0.007,0.164,0.011,0.176,0.007,5.29,5.336,8.965
1980,4,0.58,0.117,0.372,0.037,0.223,0.007,0.164,0.01,0.179,0.007,8.29,8.87,8.962
1980,5,0.446,0.069,0.406,0.039,0.214,0.008,0.161,0.01,0.182,0.007,11.28,11.725999999999999,8.996
1980,6,0.094,0.118,0.359,0.041,0.224,0.009,0.162,0.009,0.184,0.007,13.43,13.524,8.949
1980,7,0.401,0.049,0.431,0.039,0.236,0.01,0.159,0.008,0.185,0.007,14.31,14.711,9.020999999999999
1980,8,0.332,0.133,0.462,0.041,0.242,0.011,0.164,0.009,0.187,0.007,13.84,14.172,9.052
1980,9,0.249,0.082,0.532,0.039,0.243,0.011,0.162,0.009,0.187,0.007,12.05,12.299000000000001,9.122
1980,10,0.308,0.06,0.532,0.038,0.241,0.011,0.163,0.01,0.189,0.008,9.2,9.508,9.122
1980,11,0.616,0.066,0.511,0.038,0.247,0.011,0.164,0.011,0.193,0.007,6.05,6.6659999999999995,9.100999999999999
1980,12,0.404,0.076,0.527,0.038,0.252,0.012,0.165,0.011,0.197,0.007,3.6,4.0040000000000004,9.116999999999999
1981,1,1.233,0.109,0.526,0.036,0.252,0.013,0.169,0.011,0.199,0.007,2.56,3.793,9.116
1981,2,0.848,0.098,0.555,0.038,0.269,0.014,0.177,0.011,0.204,0.007,3.19,4.038,9.145
1981,3,0.891,0.068,0.546,0.034,0.28,0.014,0.188,0.011,0.206,0.007,5.29,6.181,9.136
1981,4,0.582,0.079,0.532,0.032,0.282,0.014,0.193,0.011,0.211,0.007,8.29,8.872,9.122
1981,5,0.192,0.091,0.495,0.028,0.289,0.014,0.198,0.011,0.212,0.008,11.28,11.472,9.084999999999999
1981,6,0.288,0.115,0.539,0.025,0.29,0.015,0.201,0.011,0.218,0.008,13.43,13.718,9.129
1981,7,0.386,0.087,0.435,0.02,0.295,0.016,0.202,0.01,0.221,0.008,14.31,14.696,9.025
1981,8,0.683,0.105,0.374,0.019,0.299,0.017,0.206,0.01,0.223,0.008,13.84,14.523,8.964
1981,9,0.134,0.122,0.265,0.016,0.303,0.018,0.206,0.011,0.226,0.008,12.05,12.184000000000001,8.855
1981,10,0.137,0.042,0.228,0.019,0.302,0.02,0.213,0.011,0.227,0.008,9.2,9.337,8.818
1981,11,0.182,0.046,0.215,0.025,0.317,0.02,0.216,0.012,0.228,0.008,6.05,6.232,8.805
1981,12,0.927,0.05,0.175,0.028,0.316,0.022,0.217,0.012,0.23,0.008,3.6,4.527,8.765
1982,1,-0.016,0.05,0.161,0.029,0.322,0.022,0.223,0.013,0.237,0.008,2.56,2.544,8.751
1982,2,0.119,0.04,0.099,0.02,0.323,0.019,0.228,0.013,0.243,0.008,3.19,3.309,8.689
1982,3,-0.417,0.068,0.085,0.025,0.32,0.019,0.225,0.013,0.246,0.008,5.29,4.873,8.675
1982,4,0.14,0.089,0.075,0.028,0.317,0.021,0.223,0.012,0.247,0.008,8.29,8.43,8.665
1982,5,0.033,0.096,0.052,0.026,0.31,0.02,0.221,0.012,0.249,0.008,11.28,11.312999999999999,8.642
1982,6,-0.192,0.07,0.037,0.023,0.286,0.02,0.221,0.012,0.249,0.008,13.43,13.238,8.627
1982,7,0.214,0.125,0.112,0.023,0.288,0.02,0.223,0.012,0.249,0.008,14.31,14.524000000000001,8.702
1982,8,-0.06,0.087,0.157,0.029,0.271,0.022,0.221,0.013,0.247,0.008,13.84,13.78,8.747
1982,9,-0.028,0.075,0.224,0.032,0.273,0.022,0.226,0.013,0.246,0.009,12.05,12.022,8.814
1982,10,0.01,0.061,0.244,0.03,0.268,0.022,0.23,0.013,0.247,0.008,9.2,9.209999999999999,8.834
1982,11,-0.093,0.141,0.276,0.024,0.263,0.023,0.226,0.013,0.247,0.008,6.05,5.957,8.866
1982,12,0.75,0.103,0.293,0.031,0.263,0.021,0.232,0.014,0.249,0.009,3.6,4.35,8.883
1983,1,0.885,0.066,0.277,0.027,0.25,0.02,0.239,0.014,0.25,0.009,2.56,3.4450000000000003,8.866999999999999
1983,2,0.659,0.101,0.319,0.036,0.248,0.021,0.238,0.014,0.25,0.009,3.19,3.849,8.909
1983,3,0.386,0.043,0.375,0.037,0.242,0.022,0.241,0.014,0.25,0.009,5.29,5.676,8.965
1983,4,0.386,0.044,0.397,0.038,0.239,0.023,0.243,0.014,0.249,0.009,8.29,8.675999999999998,8.987
1983,5,0.411,0.055,0.461,0.036,0.227,0.025,0.247,0.015,0.248,0.009,11.28,11.690999999999999,9.051
1983,6,0.009,0.121,0.42,0.04,0.225,0.025,0.254,0.015,0.247,0.009,13.43,13.439,9.01
1983,7,0.019,0.108,0.377,0.042,0.217,0.024,0.258,0.016,0.248,0.01,14.31,14.329,8.967
1983,8,0.45,0.124,0.314,0.037,0.217,0.024,0.268,0.015,0.248,0.01,13.84,14.29,8.904
1983,9,0.642,0.096,0.313,0.039,0.21,0.023,0.274,0.016,0.247,0.01,12.05,12.692,8.903
1983,10,0.274,0.088,0.29,0.049,0.21,0.024,0.279,0.016,0.248,0.009,9.2,9.474,8.879999999999999
1983,11,0.675,0.05,0.312,0.047,0.211,0.022,0.279,0.016,0.246,0.009,6.05,6.725,8.902
1983,12,0.255,0.065,0.302,0.051,0.206,0.022,0.284,0.016,0.247,0.009,3.6,3.855,8.892
1984,1,0.37,0.074,0.307,0.046,0.199,0.02,0.284,0.017,0.25,0.009,2.56,2.93,8.897
1984,2,-0.091,0.068,0.276,0.028,0.19,0.02,0.291,0.017,0.251,0.009,3.19,3.0989999999999998,8.866
1984,3,0.376,0.091,0.22,0.028,0.184,0.022,0.294,0.017,0.254,0.009,5.29,5.666,8.81
1984,4,0.105,0.14,0.21,0.036,0.184,0.023,0.296,0.017,0.257,0.009,8.29,8.395,8.8
1984,5,0.678,0.081,0.134,0.033,0.179,0.024,0.297,0.017,0.259,0.008,11.28,11.958,8.724
1984,6,-0.113,0.143,0.076,0.028,0.167,0.025,0.298,0.016,0.262,0.008,13.43,13.317,8.666
1984,7,0.079,0.081,0.084,0.025,0.177,0.025,0.302,0.016,0.264,0.008,14.31,14.389000000000001,8.674
1984,8,0.08,0.145,0.05,0.028,0.192,0.024,0.305,0.016,0.264,0.008,13.84,13.92,8.64
1984,9,-0.032,0.041,0.03,0.027,0.199,0.025,0.307,0.015,0.267,0.008,12.05,12.018,8.62
1984,10,0.158,0.15,0.047,0.015,0.201,0.023,0.309,0.015,0.271,0.008,9.2,9.357999999999999,8.637
1984,11,-0.241,0.031,-0.001,0.019,0.204,0.023,0.308,0.015,0.275,0.008,6.05,5.809,8.589
1984,12,-0.442,0.067,0.018,0.011,0.215,0.022,0.307,0.015,0.278,0.008,3.6,3.158,8.608
1985,1,0.461,0.055,-0.019,0.02,0.221,0.021,0.31,0.015,0.28,0.008,2.56,3.021,8.571
1985,2,-0.499,0.096,-0.009,0.012,0.223,0.021,0.31,0.016,0.286,0.008,3.19,2.691,8.581
1985,3,0.145,0.086,-0.017,0.013,0.23,0.02,0.322,0.017,0.287,0.008,5.29,5.435,8.573
1985,4,0.301,0.059,-0.018,0.014,0.237,0.02,0.324,0.017,0.289,0.008,8.29,8.591,8.572
1985,5,0.102,0.075,-0.005,0.024,0.239,0.02,0.325,0.017,0.288,0.009,11.28,11.382,8.584999999999999
1985,6,0.121,0.196,0.052,0.028,0.241,0.021,0.328,0.017,0.291,0.009,13.43,13.551,8.642
1985,7,-0.367,0.17,0.078,0.028,0.242,0.021,0.328,0.017,0.294,0.009,14.31,13.943000000000001,8.668
1985,8,0.201,0.053,0.189,0.023,0.235,0.021,0.328,0.018,0.299,0.009,13.84,14.041,8.779
1985,9,-0.123,0.098,0.219,0.017,0.239,0.021,0.327,0.018,0.301,0.009,12.05,11.927000000000001,8.809
1985,10,0.136,0.189,0.24,0.021,0.244,0.02,0.33,0.018,0.304,0.009,9.2,9.335999999999999,8.83
1985,11,-0.079,0.162,0.255,0.017,0.247,0.02,0.332,0.018,0.308,0.009,6.05,5.971,8.845
1985,12,0.236,0.078,0.241,0.024,0.257,0.02,0.335,0.017,0.31,0.009,3.6,3.8360000000000003,8.831
1986,1,0.784,0.109,0.269,0.029,0.264,0.02,0.331,0.017,0.31,0.009,2.56,3.3440000000000003,8.859
1986,2,0.831,0.04,0.263,0.032,0.267,0.018,0.331,0.017,0.314,0.009,3.19,4.021,8.853
1986,3,0.507,0.098,0.255,0.031,0.268,0.019,0.326,0.017,0.319,0.009,5.29,5.797,8.845
1986,4,0.55,0.04,0.255,0.028,0.276,0.021,0.329,0.017,0.32,0.009,8.29,8.84,8.845
1986,5,0.285,0.091,0.253,0.023,0.269,0.021,0.33,0.016,0.323,0.009,11.28,11.565,8.843
1986,6,-0.05,0.101,0.25,0.028,0.278,0.02,0.335,0.016,0.326,0.009,13.43,13.379999999999999,8.84
1986,7,-0.037,0.08,0.237,0.028,0.274,0.019,0.337,0.015,0.328,0.01,14.31,14.273,8.827
1986,8,0.13,0.079,0.25,0.029,0.283,0.019,0.335,0.015,0.333,0.01,13.84,13.97,8.84
1986,9,-0.213,0.099,0.208,0.029,0.285,0.018,0.34,0.016,0.335,0.01,12.05,11.837000000000002,8.798
1986,10,0.134,0.11,0.186,0.027,0.29,0.018,0.343,0.016,0.339,0.01,9.2,9.334,8.776
1986,11,-0.107,0.072,0.179,0.031,0.278,0.018,0.345,0.016,0.343,0.01,6.05,5.943,8.769
1986,12,0.205,0.082,0.222,0.029,0.28,0.018,0.341,0.016,0.345,0.01,3.6,3.805,8.812
1987,1,0.622,0.041,0.271,0.026,0.283,0.017,0.35,0.016,0.348,0.01,2.56,3.182,8.861
1987,2,0.988,0.054,0.265,0.02,0.287,0.015,0.355,0.016,0.349,0.011,3.19,4.178,8.855
1987,3,0.002,0.056,0.318,0.023,0.293,0.014,0.364,0.016,0.35,0.01,5.29,5.292,8.908
1987,4,0.283,0.06,0.341,0.026,0.3,0.014,0.365,0.016,0.351,0.01,8.29,8.572999999999999,8.931
1987,5,0.207,0.068,0.35,0.031,0.306,0.015,0.367,0.015,0.35,0.01,11.28,11.487,8.94
1987,6,0.462,0.104,0.409,0.033,0.328,0.015,0.369,0.015,0.351,0.011,13.43,13.892,8.999
1987,7,0.558,0.11,0.433,0.033,0.332,0.015,0.366,0.015,0.35,0.011,14.31,14.868,9.023
1987,8,0.05,0.082,0.372,0.032,0.349,0.016,0.366,0.015,0.351,0.011,13.84,13.89,8.962
1987,9,0.423,0.12,0.425,0.027,0.371,0.016,0.363,0.015,0.354,0.011,12.05,12.473,9.015
1987,10,0.419,0.089,0.46,0.027,0.38,0.017,0.364,0.015,0.358,0.011,9.2,9.619,9.05
1987,11,-0.001,0.067,0.488,0.03,0.388,0.017,0.363,0.015,0.36,0.011,6.05,6.0489999999999995,9.078
1987,12,0.906,0.074,0.501,0.03,0.393,0.017,0.361,0.015,0.362,0.011,3.6,4.506,9.091
1988,1,0.913,0.056,0.491,0.033,0.406,0.018,0.359,0.015,0.365,0.011,2.56,3.473,9.081
1988,2,0.261,0.071,0.543,0.03,0.407,0.018,0.359,0.015,0.371,0.012,3.19,3.451,9.133
1988,3,0.632,0.077,0.563,0.027,0.412,0.017,0.361,0.015,0.373,0.012,5.29,5.922,9.153
1988,4,0.704,0.055,0.592,0.028,0.42,0.017,0.361,0.014,0.375,0.012,8.29,8.994,9.182
1988,5,0.55,0.094,0.612,0.026,0.436,0.017,0.359,0.014,0.379,0.012,11.28,11.83,9.202
1988,6,0.618,0.095,0.602,0.021,0.445,0.017,0.36,0.014,0.384,0.012,13.43,14.048,9.192
1988,7,0.434,0.064,0.539,0.019,0.444,0.017,0.362,0.014,0.388,0.012,14.31,14.744,9.129
1988,8,0.671,0.125,0.555,0.019,0.445,0.017,0.358,0.014,0.395,0.012,13.84,14.511,9.145
1988,9,0.662,0.088,0.542,0.023,0.442,0.018,0.352,0.014,0.398,0.012,12.05,12.712000000000002,9.132
1988,10,0.775,0.106,0.517,0.026,0.449,0.017,0.353,0.014,0.4,0.012,9.2,9.975,9.107
1988,11,0.241,0.051,0.467,0.025,0.449,0.017,0.345,0.014,0.401,0.012,6.05,6.2909999999999995,9.057
1988,12,0.779,0.076,0.415,0.028,0.464,0.017,0.347,0.014,0.405,0.012,3.6,4.3790000000000004,9.004999999999999
1989,1,0.156,0.053,0.404,0.025,0.476,0.016,0.348,0.014,0.408,0.012,2.56,2.716,8.994
1989,2,0.457,0.036,0.373,0.024,0.481,0.016,0.346,0.013,0.416,0.012,3.19,3.647,8.963
1989,3,0.477,0.055,0.348,0.032,0.495,0.017,0.346,0.013,0.417,0.012,5.29,5.767,8.938
1989,4,0.401,0.106,0.33,0.034,0.503,0.017,0.352,0.013,0.418,0.012,8.29,8.690999999999999,8.92
1989,5,-0.044,0.111,0.321,0.034,0.511,0.017,0.349,0.013,0.42,0.012,11.28,11.235999999999999,8.911
1989,6,-0.006,0.086,0.329,0.036,0.516,0.017,0.356,0.012,0.423,0.012,13.43,13.424,8.919
1989,7,0.291,0.078,0.374,0.037,0.522,0.017,0.358,0.013,0.426,0.012,14.31,14.601,8.964
1989,8,0.307,0.217,0.38,0.037,0.518,0.017,0.359,0.013,0.428,0.012,13.84,14.147,8.97
1989,9,0.356,0.101,0.461,0.031,0.528,0.017,0.363,0.013,0.43,0.012,12.05,12.406,9.051
1989,10,0.559,0.095,0.5,0.032,0.528,0.017,0.368,0.012,0.432,0.012,9.2,9.758999999999999,9.09
1989,11,0.14,0.073,0.548,0.031,0.529,0.017,0.377,0.013,0.434,0.012,6.05,6.1899999999999995,9.138
1989,12,0.872,0.104,0.584,0.032,0.523,0.016,0.385,0.013,0.434,0.012,3.6,4.472,9.174
1990,1,0.7,0.055,0.596,0.027,0.511,0.017,0.389,0.013,0.434,0.012,2.56,3.26,9.186
1990,2,0.524,0.085,0.592,0.029,0.509,0.018,0.406,0.013,0.436,0.012,3.19,3.714,9.182
1990,3,1.445,0.103,0.576,0.03,0.495,0.018,0.41,0.013,0.44,0.012,5.29,6.735,9.166
1990,4,0.873,0.063,0.583,0.029,0.491,0.018,0.414,0.013,0.442,0.012,8.29,9.162999999999998,9.173
1990,5,0.534,0.035,0.642,0.026,0.488,0.019,0.415,0.013,0.443,0.012,11.28,11.814,9.232
1990,6,0.422,0.082,0.637,0.027,0.48,0.018,0.42,0.013,0.445,0.012,13.43,13.852,9.227
1990,7,0.442,0.125,0.637,0.027,0.477,0.019,0.429,0.014,0.446,0.012,14.31,14.752,9.227
1990,8,0.256,0.06,0.67,0.025,0.483,0.018,0.434,0.013,0.447,0.013,13.84,14.096,9.26
1990,9,0.164,0.144,0.573,0.021,0.483,0.018,0.44,0.013,0.448,0.013,12.05,12.214,9.163
1990,10,0.646,0.088,0.581,0.019,0.478,0.018,0.446,0.013,0.448,0.013,9.2,9.846,9.171
1990,11,0.837,0.117,0.563,0.018,0.472,0.017,0.453,0.013,0.446,0.012,6.05,6.887,9.153
1990,12,0.823,0.088,0.597,0.017,0.463,0.017,0.455,0.013,0.446,0.012,3.6,4.423,9.187
1991,1,0.695,0.067,0.616,0.024,0.46,0.017,0.451,0.014,0.444,0.012,2.56,3.255,9.206
1991,2,0.919,0.044,0.634,0.024,0.449,0.017,0.451,0.013,0.443,0.012,3.19,4.109,9.224
1991,3,0.287,0.045,0.673,0.023,0.436,0.018,0.449,0.013,0.443,0.012,5.29,5.577,9.263
1991,4,0.961,0.061,0.666,0.026,0.43,0.018,0.448,0.013,0.444,0.012,8.29,9.251,9.256
1991,5,0.316,0.082,0.628,0.023,0.421,0.019,0.448,0.013,0.447,0.011,11.28,11.596,9.218
1991,6,0.832,0.041,0.601,0.026,0.416,0.018,0.45,0.013,0.449,0.011,13.43,14.262,9.190999999999999
1991,7,0.671,0.075,0.629,0.026,0.422,0.018,0.454,0.013,0.451,0.011,14.31,14.981,9.219
1991,8,0.476,0.056,0.612,0.025,0.408,0.018,0.459,0.013,0.45,0.011,13.84,14.315999999999999,9.202
1991,9,0.625,0.068,0.641,0.028,0.408,0.018,0.464,0.013,0.452,0.011,12.05,12.675,9.231
1991,10,0.563,0.054,0.584,0.026,0.413,0.019,0.465,0.013,0.455,0.011,9.2,9.763,9.174
1991,11,0.38,0.066,0.577,0.03,0.421,0.018,0.47,0.013,0.459,0.011,6.05,6.43,9.167
1991,12,0.501,0.097,0.519,0.032,0.432,0.019,0.474,0.012,0.459,0.011,3.6,4.101,9.109
1992,1,1.033,0.06,0.448,0.03,0.434,0.019,0.474,0.012,0.465,0.011,2.56,3.593,9.038
1992,2,0.716,0.063,0.402,0.032,0.431,0.018,0.471,0.013,0.471,0.011,3.19,3.9059999999999997,8.991999999999999
1992,3,0.638,0.089,0.317,0.035,0.432,0.017,0.476,0.013,0.479,0.011,5.29,5.928,8.907
1992,4,0.269,0.062,0.282,0.042,0.437,0.016,0.479,0.013,0.482,0.011,8.29,8.559,8.872
1992,5,0.239,0.085,0.236,0.042,0.447,0.016,0.479,0.013,0.486,0.011,11.28,11.519,8.826
1992,6,0.136,0.052,0.233,0.03,0.441,0.016,0.481,0.013,0.489,0.011,13.43,13.565999999999999,8.823
1992,7,-0.182,0.029,0.207,0.032,0.446,0.016,0.478,0.013,0.493,0.011,14.31,14.128,8.797
1992,8,-0.077,0.053,0.2,0.03,0.463,0.016,0.481,0.013,0.496,0.011,13.84,13.763,8.79
1992,9,-0.403,0.072,0.2,0.027,0.45,0.015,0.482,0.013,0.5,0.011,12.05,11.647,8.79
1992,10,0.153,0.123,0.209,0.025,0.447,0.015,0.486,0.013,0.503,0.01,9.2,9.353,8.799
1992,11,-0.18,0.065,0.204,0.023,0.442,0.015,0.493,0.012,0.507,0.01,6.05,5.87,8.794
1992,12,0.47,0.127,0.2,0.023,0.447,0.015,0.492,0.012,0.506,0.01,3.6,4.07,8.79
1993,1,0.719,0.1,0.236,0.023,0.453,0.016,0.492,0.012,0.508,0.01,2.56,3.279,8.826
1993,2,0.632,0.059,0.242,0.024,0.461,0.016,0.504,0.012,0.509,0.01,3.19,3.822,8.832
1993,3,0.635,0.07,0.268,0.026,0.468,0.016,0.504,0.012,0.511,0.01,5.29,5.925,8.858
1993,4,0.385,0.057,0.291,0.035,0.472,0.015,0.507,0.011,0.513,0.01,8.29,8.674999999999999,8.881
1993,5,0.179,0.066,0.28,0.033,0.47,0.015,0.51,0.011,0.514,0.009,11.28,11.459,8.87
1993,6,0.09,0.055,0.28,0.029,0.465,0.014,0.514,0.012,0.517,0.009,13.43,13.52,8.87
1993,7,0.247,0.091,0.261,0.026,0.459,0.014,0.519,0.011,0.519,0.009,14.31,14.557,8.850999999999999
1993,8,-0.007,0.07,0.179,0.022,0.457,0.014,0.522,0.011,0.521,0.009,13.84,13.833,8.769
1993,9,-0.091,0.077,0.165,0.021,0.457,0.014,0.522,0.011,0.522,0.009,12.05,11.959000000000001,8.754999999999999
1993,10,0.426,0.076,0.193,0.021,0.447,0.014,0.521,0.011,0.526,0.009,9.2,9.626,8.783
1993,11,-0.309,0.069,0.211,0.022,0.446,0.014,0.522,0.01,0.526,0.009,6.05,5.741,8.801
1993,12,0.468,0.043,0.261,0.02,0.436,0.013,0.525,0.01,0.531,0.009,3.6,4.0680000000000005,8.850999999999999
1994,1,0.487,0.066,0.272,0.022,0.433,0.013,0.533,0.01,0.533,0.009,2.56,3.047,8.862
1994,2,-0.342,0.068,0.282,0.019,0.437,0.013,0.541,0.01,0.539,0.008,3.19,2.848,8.872
1994,3,0.46,0.05,0.329,0.017,0.432,0.013,0.539,0.01,0.542,0.008,5.29,5.75,8.919
1994,4,0.728,0.05,0.36,0.012,0.427,0.013,0.54,0.01,0.546,0.008,8.29,9.017999999999999,8.95
1994,5,0.391,0.06,0.449,0.012,0.429,0.013,0.543,0.01,0.544,0.008,11.28,11.671,9.039
1994,6,0.69,0.032,0.454,0.012,0.433,0.012,0.548,0.01,0.546,0.007,13.43,14.12,9.044
1994,7,0.378,0.083,0.498,0.016,0.425,0.012,0.55,0.01,0.546,0.007,14.31,14.688,9.088
1994,8,0.113,0.045,0.652,0.019,0.424,0.012,0.552,0.01,0.547,0.008,13.84,13.953,9.241999999999999
1994,9,0.471,0.076,0.669,0.018,0.424,0.012,0.554,0.01,0.549,0.008,12.05,12.521,9.259
1994,10,0.803,0.045,0.667,0.014,0.429,0.012,0.556,0.01,0.552,0.008,9.2,10.003,9.257
1994,11,0.758,0.045,0.657,0.013,0.429,0.012,0.56,0.01,0.559,0.007,6.05,6.808,9.247
1994,12,0.521,0.061,0.657,0.014,0.438,0.013,0.56,0.01,0.563,0.007,3.6,4.121,9.247
1995,1,1.017,0.065,0.691,0.008,0.445,0.013,0.558,0.01,0.567,0.007,2.56,3.577,9.281
1995,2,1.506,0.073,0.747,0.008,0.452,0.013,0.562,0.009,0.572,0.007,3.19,4.696,9.337
1995,3,0.671,0.072,0.752,0.011,0.469,0.013,0.558,0.009,0.577,0.007,5.29,5.961,9.342
1995,4,0.695,0.063,0.759,0.013,0.482,0.015,0.561,0.009,0.581,0.007,8.29,8.985,9.349
1995,5,0.277,0.056,0.755,0.016,0.498,0.015,0.561,0.009,0.584,0.007,11.28,11.556999999999999,9.345
1995,6,0.692,0.06,0.756,0.016,0.504,0.013,0.562,0.009,0.588,0.007,13.43,14.122,9.346
1995,7,0.778,0.054,0.699,0.016,0.506,0.012,0.563,0.009,0.593,0.008,14.31,15.088000000000001,9.289
1995,8,0.791,0.04,0.642,0.017,0.524,0.012,0.566,0.009,0.595,0.008,13.84,14.631,9.232
1995,9,0.529,0.078,0.608,0.017,0.525,0.013,0.569,0.009,0.6,0.007,12.05,12.579,9.198
1995,10,0.893,0.085,0.581,0.019,0.536,0.013,0.566,0.009,0.606,0.007,9.2,10.093,9.171
1995,11,0.711,0.071,0.581,0.013,0.549,0.013,0.561,0.008,0.612,0.007,6.05,6.761,9.171
1995,12,0.526,0.054,0.541,0.015,0.565,0.013,0.556,0.008,0.616,0.007,3.6,4.126,9.131
1996,1,0.336,0.051,0.518,0.015,0.578,0.011,0.557,0.008,0.616,0.007,2.56,2.896,9.108
1996,2,0.823,0.089,0.514,0.018,0.595,0.01,0.554,0.008,0.617,0.007,3.19,4.013,9.104
1996,3,0.259,0.052,0.493,0.015,0.607,0.009,0.56,0.008,0.62,0.007,5.29,5.549,9.083
1996,4,0.378,0.065,0.444,0.015,0.612,0.009,0.559,0.008,0.62,0.007,8.29,8.668,9.034
1996,5,0.274,0.091,0.424,0.015,0.624,0.009,0.565,0.008,0.621,0.007,11.28,11.553999999999998,9.014
1996,6,0.213,0.059,0.441,0.014,0.634,0.009,0.563,0.009,0.625,0.007,13.43,13.642999999999999,9.031
1996,7,0.499,0.084,0.463,0.013,0.644,0.01,0.564,0.009,0.628,0.007,14.31,14.809000000000001,9.052999999999999
1996,8,0.741,0.043,0.445,0.011,0.674,0.011,0.565,0.009,0.632,0.008,13.84,14.581,9.035
1996,9,0.282,0.068,0.478,0.011,0.671,0.011,0.565,0.008,0.637,0.008,12.05,12.332,9.068
1996,10,0.304,0.048,0.493,0.013,0.666,0.011,0.566,0.008,0.641,0.008,9.2,9.504,9.083
1996,11,0.469,0.049,0.493,0.018,0.666,0.011,0.573,0.008,0.645,0.008,6.05,6.519,9.083
1996,12,0.726,0.042,0.532,0.02,0.664,0.011,0.577,0.008,0.65,0.008,3.6,4.3260000000000005,9.122
1997,1,0.604,0.057,0.506,0.022,0.666,0.011,0.58,0.008,0.656,0.008,2.56,3.164,9.096
1997,2,0.603,0.068,0.476,0.025,0.673,0.011,0.587,0.008,0.656,0.008,3.19,3.793,9.065999999999999
1997,3,0.661,0.072,0.504,0.026,0.676,0.011,0.594,0.008,0.661,0.008,5.29,5.9510000000000005,9.094
1997,4,0.558,0.066,0.555,0.025,0.676,0.011,0.599,0.008,0.666,0.008,8.29,8.847999999999999,9.145
1997,5,0.272,0.054,0.583,0.024,0.672,0.012,0.605,0.008,0.67,0.008,11.28,11.552,9.173
1997,6,0.68,0.083,0.592,0.022,0.68,0.011,0.609,0.009,0.672,0.008,13.43,14.11,9.182
1997,7,0.187,0.076,0.611,0.02,0.67,0.011,0.619,0.008,0.673,0.008,14.31,14.497,9.201
1997,8,0.384,0.063,0.7,0.019,0.662,0.012,0.626,0.008,0.677,0.008,13.84,14.224,9.29
1997,9,0.613,0.054,0.703,0.018,0.665,0.012,0.637,0.009,0.679,0.008,12.05,12.663,9.293
1997,10,0.915,0.035,0.744,0.02,0.674,0.012,0.642,0.009,0.682,0.008,9.2,10.114999999999998,9.334
1997,11,0.806,0.048,0.802,0.018,0.679,0.012,0.651,0.008,0.686,0.008,6.05,6.856,9.392
1997,12,0.84,0.078,0.834,0.018,0.678,0.011,0.651,0.008,0.686,0.008,3.6,4.44,9.424
1998,1,0.828,0.089,0.902,0.019,0.673,0.012,0.657,0.008,0.684,0.008,2.56,3.388,9.491999999999999
1998,2,1.674,0.076,0.957,0.023,0.671,0.012,0.659,0.008,0.685,0.008,3.19,4.864,9.547
1998,3,0.701,0.057,0.957,0.022,0.671,0.012,0.66,0.008,0.689,0.008,5.29,5.991,9.547
1998,4,1.041,0.096,0.944,0.021,0.66,0.011,0.664,0.007,0.69,0.008,8.29,9.331,9.533999999999999
1998,5,0.968,0.066,0.907,0.02,0.652,0.011,0.67,0.007,0.691,0.009,11.28,12.248,9.497
1998,6,1.067,0.061,0.93,0.017,0.648,0.01,0.673,0.007,0.691,0.009,13.43,14.497,9.52
1998,7,1.004,0.074,0.947,0.018,0.656,0.011,0.677,0.007,0.692,0.009,14.31,15.314,9.536999999999999
1998,8,1.042,0.055,0.933,0.017,0.651,0.01,0.684,0.007,0.692,0.009,13.84,14.882,9.523
1998,9,0.616,0.055,0.894,0.016,0.663,0.01,0.692,0.007,0.692,0.009,12.05,12.666,9.484
1998,10,0.752,0.081,0.847,0.015,0.672,0.01,0.698,0.007,0.694,0.009,9.2,9.952,9.437
1998,11,0.369,0.032,0.796,0.014,0.683,0.01,0.706,0.007,0.698,0.009,6.05,6.419,9.386
1998,12,1.113,0.045,0.756,0.013,0.69,0.01,0.715,0.007,0.698,0.009,3.6,4.713,9.346
1999,1,1.032,0.072,0.715,0.018,0.695,0.011,0.719,0.007,0.703,0.009,2.56,3.592,9.305
1999,2,1.506,0.073,0.67,0.018,0.692,0.01,0.733,0.007,0.705,0.009,3.19,4.696,9.26
1999,3,0.238,0.065,0.675,0.019,0.699,0.01,0.738,0.007,0.706,0.009,5.29,5.5280000000000005,9.265
1999,4,0.468,0.053,0.677,0.019,0.705,0.01,0.74,0.008,0.709,0.009,8.29,8.758,9.267
1999,5,0.363,0.068,0.693,0.02,0.718,0.009,0.738,0.007,0.712,0.009,11.28,11.642999999999999,9.283
1999,6,0.59,0.076,0.681,0.018,0.721,0.008,0.736,0.008,0.716,0.009,13.43,14.02,9.271
1999,7,0.507,0.065,0.629,0.018,0.735,0.009,0.733,0.008,0.718,0.009,14.31,14.817,9.219
1999,8,0.504,0.054,0.588,0.019,0.751,0.009,0.735,0.008,0.721,0.009,13.84,14.344,9.177999999999999
1999,9,0.671,0.049,0.643,0.018,0.764,0.009,0.735,0.008,0.724,0.009,12.05,12.721,9.233
1999,10,0.777,0.089,0.707,0.018,0.77,0.009,0.737,0.008,0.726,0.009,9.2,9.976999999999999,9.297
1999,11,0.563,0.038,0.724,0.016,0.781,0.01,0.741,0.008,0.729,0.009,6.05,6.6129999999999995,9.314
1999,12,0.973,0.049,0.724,0.013,0.78,0.01,0.742,0.008,0.729,0.009,3.6,4.573,9.314
2000,1,0.402,0.071,0.725,0.013,0.794,0.01,0.744,0.008,0.731,0.009,2.56,2.962,9.315
2000,2,1.015,0.071,0.74,0.014,0.799,0.01,0.738,0.008,0.734,0.009,3.19,4.205,9.33
2000,3,0.9,0.078,0.727,0.013,0.805,0.01,0.743,0.008,0.733,0.009,5.29,6.19,9.317
2000,4,1.232,0.069,0.683,0.012,0.802,0.01,0.747,0.008,0.735,0.01,8.29,9.521999999999998,9.273
2000,5,0.565,0.051,0.655,0.01,0.803,0.01,0.753,0.009,0.738,0.01,11.28,11.844999999999999,9.245
2000,6,0.596,0.048,0.596,0.01,0.797,0.01,0.755,0.009,0.74,0.01,13.43,14.026,9.186
2000,7,0.515,0.062,0.63,0.01,0.807,0.01,0.756,0.009,0.742,0.01,14.31,14.825000000000001,9.22
2000,8,0.686,0.063,0.592,0.009,0.795,0.01,0.755,0.009,0.745,0.01,13.84,14.526,9.182
2000,9,0.515,0.075,0.595,0.009,0.796,0.011,0.76,0.009,0.748,0.01,12.05,12.565000000000001,9.185
2000,10,0.252,0.068,0.568,0.012,0.793,0.011,0.765,0.009,0.75,0.01,9.2,9.452,9.158
2000,11,0.224,0.041,0.601,0.01,0.79,0.011,0.771,0.009,0.753,0.01,6.05,6.274,9.190999999999999
2000,12,0.271,0.081,0.603,0.013,0.782,0.011,0.777,0.009,0.752,0.01,3.6,3.871,9.193
2001,1,0.803,0.053,0.627,0.013,0.776,0.012,0.78,0.009,0.753,0.01,2.56,3.363,9.217
2001,2,0.557,0.066,0.618,0.012,0.772,0.012,0.784,0.01,0.751,0.011,3.19,3.747,9.208
2001,3,0.934,0.051,0.63,0.011,0.776,0.012,0.79,0.01,0.753,0.011,5.29,6.224,9.22
2001,4,0.907,0.045,0.666,0.016,0.784,0.012,0.793,0.01,0.754,0.011,8.29,9.197,9.256
2001,5,0.966,0.061,0.751,0.018,0.788,0.012,0.794,0.01,0.756,0.011,11.28,12.245999999999999,9.341
2001,6,0.626,0.065,0.804,0.019,0.795,0.013,0.801,0.01,0.756,0.011,13.43,14.056,9.394
2001,7,0.804,0.058,0.86,0.023,0.795,0.013,0.802,0.01,0.758,0.011,14.31,15.114,9.45
2001,8,0.569,0.073,0.941,0.025,0.792,0.013,0.805,0.01,0.761,0.011,13.84,14.408999999999999,9.531
2001,9,0.666,0.048,0.986,0.027,0.805,0.014,0.809,0.009,0.762,0.011,12.05,12.716000000000001,9.576
2001,10,0.683,0.053,0.986,0.026,0.813,0.014,0.816,0.01,0.765,0.011,9.2,9.883,9.576
2001,11,1.245,0.073,0.984,0.031,0.811,0.014,0.82,0.01,0.767,0.012,6.05,7.295,9.574
2001,12,0.905,0.111,0.983,0.03,0.808,0.015,0.826,0.01,0.769,0.012,3.6,4.505,9.573
2002,1,1.479,0.093,1.0,0.032,0.799,0.015,0.838,0.011,0.767,0.012,2.56,4.039,9.59
2002,2,1.52,0.09,1.011,0.03,0.796,0.015,0.842,0.011,0.766,0.012,3.19,4.71,9.600999999999999
2002,3,1.483,0.06,1.034,0.026,0.794,0.015,0.845,0.011,0.766,0.012,5.29,6.773,9.624
2002,4,0.899,0.052,1.042,0.027,0.797,0.016,0.853,0.011,0.771,0.012,8.29,9.189,9.632
2002,5,0.941,0.086,1.01,0.026,0.809,0.016,0.861,0.011,0.775,0.012,11.28,12.221,9.6
2002,6,0.621,0.043,0.974,0.029,0.804,0.016,0.863,0.011,0.779,0.012,13.43,14.051,9.564
2002,7,1.007,0.078,0.97,0.03,0.818,0.017,0.868,0.011,0.783,0.012,14.31,15.317,9.56
2002,8,0.704,0.053,0.921,0.032,0.814,0.017,0.873,0.011,0.787,0.013,13.84,14.544,9.511
2002,9,0.935,0.055,0.861,0.028,0.82,0.018,0.875,0.011,0.792,0.012,12.05,12.985000000000001,9.451
2002,10,0.777,0.076,0.857,0.027,0.821,0.019,0.877,0.012,0.797,0.013,9.2,9.976999999999999,9.447
2002,11,0.861,0.079,0.847,0.028,0.826,0.018,0.879,0.012,0.802,0.013,6.05,6.911,9.437
2002,12,0.474,0.095,0.842,0.029,0.833,0.018,0.88,0.012,0.802,0.013,3.6,4.074,9.432
2003,1,1.44,0.05,0.814,0.027,0.839,0.018,0.876,0.013,0.804,0.013,2.56,4.0,9.404
2003,2,0.927,0.064,0.823,0.026,0.838,0.018,0.866,0.013,0.805,0.014,3.19,4.117,9.413
2003,3,0.758,0.058,0.816,0.029,0.849,0.018,0.873,0.013,0.807,0.014,5.29,6.048,9.406
2003,4,0.853,0.075,0.851,0.026,0.869,0.018,0.873,0.014,0.808,0.014,8.29,9.142999999999999,9.440999999999999
2003,5,0.828,0.084,0.833,0.024,0.889,0.018,0.871,0.013,0.811,0.014,11.28,12.107999999999999,9.423
2003,6,0.555,0.089,0.921,0.022,0.906,0.019,0.867,0.014,0.815,0.014,13.43,13.985,9.511
2003,7,0.667,0.087,0.884,0.023,0.904,0.019,0.866,0.014,0.817,0.015,14.31,14.977,9.474
2003,8,0.819,0.064,0.916,0.021,0.916,0.02,0.861,0.014,0.821,0.015,13.84,14.658999999999999,9.506
2003,9,0.852,0.061,0.94,0.024,0.917,0.02,0.863,0.015,0.826,0.015,12.05,12.902000000000001,9.53
2003,10,1.195,0.065,0.948,0.028,0.914,0.02,0.867,0.015,0.829,0.015,9.2,10.395,9.538
2003,11,0.641,0.047,0.898,0.025,0.906,0.02,0.874,0.015,0.836,0.016,6.05,6.691,9.488
2003,12,1.531,0.069,0.888,0.026,0.912,0.019,0.872,0.016,0.838,0.016,3.6,5.131,9.478
2004,1,1.002,0.066,0.829,0.027,0.909,0.02,0.873,0.016,0.841,0.016,2.56,3.5620000000000003,9.419
2004,2,1.31,0.068,0.789,0.03,0.917,0.019,0.868,0.017,0.844,0.016,3.19,4.5,9.379
2004,3,1.046,0.073,0.764,0.029,0.92,0.018,0.873,0.017,0.847,0.016,5.29,6.336,9.354
2004,4,0.949,0.085,0.745,0.03,0.928,0.018,0.877,0.017,0.849,0.016,8.29,9.238999999999999,9.334999999999999
2004,5,0.222,0.051,0.798,0.03,0.922,0.018,0.881,0.018,0.852,0.016,11.28,11.501999999999999,9.388
2004,6,0.443,0.084,0.726,0.029,0.931,0.019,0.883,0.018,0.853,0.017,13.43,13.873,9.315999999999999
2004,7,-0.04,0.086,0.747,0.027,0.94,0.02,0.887,0.018,0.854,0.017,14.31,14.270000000000001,9.337
2004,8,0.336,0.086,0.702,0.024,0.933,0.02,0.89,0.018,0.858,0.017,13.84,14.176,9.292
2004,9,0.555,0.067,0.72,0.025,0.926,0.02,0.894,0.019,0.86,0.017,12.05,12.605,9.31
2004,10,0.956,0.05,0.745,0.025,0.936,0.02,0.895,0.019,0.862,0.017,9.2,10.155999999999999,9.334999999999999
2004,11,1.279,0.05,0.802,0.022,0.94,0.019,0.899,0.02,0.862,0.017,6.05,7.329,9.392
2004,12,0.668,0.07,0.848,0.02,0.945,0.019,0.897,0.02,0.865,0.018,3.6,4.268,9.438
2005,1,1.256,0.059,0.922,0.02,0.943,0.018,0.903,0.021,0.866,0.018,2.56,3.816,9.512
2005,2,0.773,0.066,0.949,0.021,0.946,0.018,0.905,0.021,0.866,0.018,3.19,3.963,9.539
2005,3,1.259,0.076,1.002,0.018,0.946,0.018,0.909,0.021,0.869,0.018,5.29,6.5489999999999995,9.592
2005,4,1.248,0.094,1.044,0.016,0.952,0.017,0.91,0.021,0.871,0.018,8.29,9.537999999999998,9.634
2005,5,0.904,0.056,1.053,0.015,0.955,0.018,0.915,0.022,0.874,0.018,11.28,12.184,9.643
2005,6,1.001,0.083,1.104,0.015,0.963,0.018,0.918,0.022,0.875,0.019,13.43,14.431,9.693999999999999
2005,7,0.847,0.056,1.06,0.014,0.945,0.018,0.921,0.023,0.875,0.019,14.31,15.157,9.65
2005,8,0.661,0.083,1.099,0.017,0.937,0.018,0.923,0.023,0.876,0.019,13.84,14.501,9.689
2005,9,1.193,0.043,1.079,0.018,0.951,0.019,0.926,0.023,0.878,0.019,12.05,13.243,9.669
2005,10,1.454,0.06,1.036,0.016,0.953,0.019,0.934,0.024,0.881,0.019,9.2,10.654,9.626
2005,11,1.391,0.083,0.998,0.02,0.951,0.019,0.945,0.024,0.883,0.019,6.05,7.441,9.588
2005,12,1.275,0.085,0.996,0.024,0.953,0.019,0.948,0.024,0.889,0.019,3.6,4.875,9.586
2006,1,0.724,0.05,0.98,0.026,0.956,0.02,0.948,0.025,0.895,0.02,2.56,3.284,9.57
2006,2,1.245,0.035,1.013,0.024,0.95,0.02,0.948,0.025,0.9,0.02,3.19,4.4350000000000005,9.603
2006,3,1.018,0.047,0.985,0.022,0.949,0.02,0.947,0.025,0.909,0.02,5.29,6.308,9.575
2006,4,0.729,0.051,0.959,0.019,0.95,0.022,0.949,0.025,0.915,0.02,8.29,9.018999999999998,9.549
2006,5,0.451,0.087,0.917,0.019,0.96,0.022,0.946,0.026,0.919,0.02,11.28,11.731,9.507
2006,6,0.984,0.072,0.931,0.021,0.948,0.022,0.949,0.026,0.922,0.02,13.43,14.414,9.521
2006,7,0.654,0.119,1.04,0.023,0.95,0.023,0.952,0.026,0.924,0.02,14.31,14.964,9.629999999999999
2006,8,1.057,0.073,1.024,0.022,0.944,0.023,0.958,0.027,0.927,0.02,13.84,14.897,9.614
2006,9,0.854,0.064,1.031,0.022,0.94,0.024,0.96,0.027,0.93,0.02,12.05,12.904,9.621
2006,10,1.135,0.055,1.094,0.024,0.942,0.024,0.964,0.027,0.933,0.02,9.2,10.334999999999999,9.684
2006,11,0.898,0.057,1.157,0.025,0.952,0.026,0.96,0.028,0.936,0.021,6.05,6.9479999999999995,9.747
2006,12,1.432,0.106,1.149,0.023,0.958,0.027,0.961,0.028,0.939,0.021,3.6,5.032,9.739
2007,1,2.041,0.049,1.169,0.022,0.975,0.028,0.954,0.029,0.943,0.021,2.56,4.601,9.759
2007,2,1.057,0.033,1.157,0.022,0.983,0.028,0.945,0.03,0.948,0.021,3.19,4.247,9.747
2007,3,1.102,0.072,1.163,0.023,0.993,0.029,0.938,0.029,0.953,0.021,5.29,6.392,9.753
2007,4,1.477,0.075,1.162,0.026,0.993,0.03,0.942,0.029,0.956,0.021,8.29,9.767,9.751999999999999
2007,5,1.212,0.058,1.175,0.029,0.988,0.031,0.945,0.029,0.96,0.021,11.28,12.491999999999999,9.765
2007,6,0.886,0.065,1.135,0.029,0.99,0.032,0.948,0.029,0.961,0.022,13.43,14.315999999999999,9.725
2007,7,0.896,0.062,0.993,0.03,0.988,0.032,0.946,0.029,0.964,0.022,14.31,15.206000000000001,9.583
2007,8,0.907,0.051,0.943,0.029,0.995,0.032,0.948,0.029,0.967,0.022,13.84,14.747,9.533
2007,9,0.924,0.064,0.983,0.029,0.998,0.032,0.948,0.029,0.968,0.022,12.05,12.974,9.573
2007,10,1.13,0.069,0.942,0.03,1.0,0.032,0.951,0.029,0.97,0.022,9.2,10.329999999999998,9.532
2007,11,1.054,0.071,0.901,0.032,1.004,0.034,0.953,0.029,0.971,0.022,6.05,7.104,9.491
2007,12,0.952,0.051,0.883,0.034,1.003,0.036,0.953,0.03,0.974,0.022,3.6,4.552,9.472999999999999
2008,1,0.34,0.043,0.878,0.035,1.003,0.036,0.951,0.03,0.976,0.022,2.56,2.9,9.468
2008,2,0.447,0.054,0.844,0.04,1.008,0.037,0.952,0.03,0.974,0.023,3.19,3.637,9.434
2008,3,1.583,0.09,0.831,0.045,1.003,0.038,0.953,0.03,0.977,0.023,5.29,6.873,9.421
2008,4,0.986,0.075,0.841,0.049,0.999,0.038,0.952,0.031,0.978,0.023,8.29,9.276,9.431
2008,5,0.722,0.062,0.854,0.051,1.001,0.038,0.953,0.031,0.978,0.023,11.28,12.001999999999999,9.443999999999999
2008,6,0.673,0.1,0.844,0.055,0.991,0.039,0.957,0.031,0.978,0.024,13.43,14.103,9.434
2008,7,0.829,0.076,0.912,0.061,0.992,0.039,0.957,0.031,0.979,0.024,14.31,15.139000000000001,9.502
2008,8,0.498,0.1,0.954,0.06,0.98,0.039,0.958,0.031,0.978,0.024,13.84,14.338,9.544
2008,9,0.769,0.087,0.888,0.06,0.976,0.039,0.96,0.032,0.98,0.024,12.05,12.819,9.478
2008,10,1.253,0.095,0.891,0.063,0.984,0.04,0.959,0.032,0.982,0.024,9.2,10.453,9.481
2008,11,1.217,0.1,0.902,0.068,0.987,0.039,0.965,0.032,0.984,0.024,6.05,7.2669999999999995,9.491999999999999
2008,12,0.828,0.116,0.913,0.073,0.986,0.04,0.962,0.033,0.985,0.024,3.6,4.428,9.503
2009,1,1.153,0.097,0.924,0.074,0.995,0.041,0.964,0.033,0.987,0.025,2.56,3.713,9.514
2009,2,0.946,0.066,0.954,0.071,0.998,0.041,0.956,0.033,0.986,0.025,3.19,4.136,9.544
2009,3,0.801,0.084,0.985,0.071,0.999,0.043,0.956,0.034,0.993,0.025,5.29,6.091,9.575
2009,4,1.023,0.109,0.959,0.067,1.0,0.044,0.958,0.033,0.997,0.025,8.29,9.312999999999999,9.549
2009,5,0.847,0.122,0.942,0.069,0.998,0.045,0.967,0.033,1.0,0.025,11.28,12.126999999999999,9.532
2009,6,0.806,0.122,0.934,0.069,0.992,0.046,0.97,0.034,1.002,0.025,13.43,14.236,9.524
2009,7,0.965,0.09,0.935,0.065,0.968,0.046,0.975,0.034,1.004,0.025,14.31,15.275,9.525
2009,8,0.857,0.077,0.958,0.064,0.957,0.047,0.981,0.034,1.007,0.025,13.84,14.697,9.548
2009,9,1.136,0.078,1.01,0.064,0.951,0.047,0.985,0.034,1.009,0.025,12.05,13.186,9.6
2009,10,0.945,0.089,1.039,0.061,0.948,0.047,0.987,0.035,1.012,0.026,9.2,10.145,9.629
2009,11,1.008,0.11,1.062,0.06,0.949,0.046,0.982,0.035,1.015,0.026,6.05,7.058,9.652
2009,12,0.737,0.101,1.074,0.056,0.951,0.046,0.987,0.036,1.018,0.026,3.6,4.337,9.664
2010,1,1.167,0.069,1.064,0.053,0.949,0.045,0.988,0.036,1.025,0.026,2.56,3.7270000000000003,9.654
2010,2,1.218,0.078,1.071,0.051,0.949,0.045,0.994,0.036,1.03,0.026,3.19,4.4079999999999995,9.661
2010,3,1.421,0.108,1.049,0.051,0.949,0.045,0.996,0.036,1.033,0.027,5.29,6.711,9.639
2010,4,1.372,0.092,1.077,0.053,0.951,0.046,0.994,0.036,1.035,0.027,8.29,9.661999999999999,9.667
2010,5,1.13,0.117,1.114,0.05,0.951,0.047,0.995,0.037,1.038,0.027,11.28,12.41,9.704
2010,6,0.948,0.077,1.111,0.047,0.943,0.048,0.995,0.037,1.041,0.027,13.43,14.378,9.701
2010,7,0.844,0.074,1.077,0.044,0.957,0.048,0.995,0.037,1.044,0.027,14.31,15.154,9.667
2010,8,0.942,0.05,1.021,0.046,0.966,0.049,0.997,0.037,1.045,0.027,13.84,14.782,9.611
2010,9,0.877,0.073,0.969,0.046,0.956,0.048,0.995,0.038,1.049,0.027,12.05,12.927000000000001,9.559
2010,10,1.274,0.066,0.953,0.045,0.951,0.048,0.996,0.038,1.053,0.027,9.2,10.474,9.543
2010,11,1.453,0.102,0.914,0.042,0.954,0.048,0.996,0.038,1.06,0.027,6.05,7.503,9.504
2010,12,0.697,0.11,0.912,0.046,0.961,0.048,1.001,0.038,1.063,0.028,3.6,4.297,9.502
2011,1,0.763,0.072,0.942,0.045,0.958,0.048,1.009,0.039,1.065,0.028,2.56,3.323,9.532
2011,2,0.549,0.033,0.967,0.046,0.966,0.047,1.017,0.038,1.066,0.028,3.19,3.739,9.557
2011,3,0.799,0.06,0.967,0.046,0.972,0.047,1.027,0.038,1.068,0.028,5.29,6.089,9.557
2011,4,1.17,0.044,0.96,0.046,0.969,0.046,1.036,0.039,1.069,0.028,8.29,9.459999999999999,9.55
2011,5,0.665,0.062,0.903,0.047,0.971,0.046,1.043,0.038,1.07,0.028,11.28,11.945,9.493
2011,6,0.931,0.125,0.934,0.049,0.976,0.046,1.042,0.038,1.072,0.028,13.43,14.361,9.524
2011,7,1.197,0.074,0.921,0.052,0.977,0.046,1.045,0.038,1.074,0.028,14.31,15.507000000000001,9.511
2011,8,1.241,0.088,0.911,0.051,0.967,0.045,1.048,0.038,1.077,0.028,13.84,15.081,9.501
2011,9,0.881,0.07,0.903,0.05,0.971,0.045,1.051,0.039,1.079,0.028,12.05,12.931000000000001,9.493
2011,10,1.189,0.065,0.917,0.049,0.975,0.044,1.05,0.039,1.083,0.028,9.2,10.389,9.507
2011,11,0.768,0.135,0.967,0.045,0.982,0.042,1.052,0.04,1.083,0.029,6.05,6.818,9.557
2011,12,1.071,0.147,0.974,0.041,0.982,0.042,1.051,0.04,1.085,0.029,3.6,4.671,9.564
2012,1,0.608,0.061,0.939,0.039,0.975,0.041,1.048,0.04,1.085,0.029,2.56,3.168,9.529
2012,2,0.429,0.045,0.908,0.036,0.979,0.041,1.054,0.04,1.084,0.03,3.19,3.6189999999999998,9.498
2012,3,0.703,0.037,0.915,0.033,0.978,0.041,1.06,0.04,1.084,0.03,5.29,5.993,9.504999999999999
2012,4,1.339,0.052,0.917,0.039,0.981,0.041,1.059,0.04,1.086,0.03,8.29,9.629,9.507
2012,5,1.264,0.067,0.943,0.038,0.976,0.041,1.059,0.04,1.086,0.03,11.28,12.543999999999999,9.533
2012,6,1.017,0.085,0.893,0.037,0.985,0.041,1.059,0.04,1.089,0.03,13.43,14.447,9.483
2012,7,0.773,0.068,0.94,0.04,0.988,0.041,1.06,0.04,1.09,0.03,14.31,15.083,9.53
2012,8,0.868,0.054,0.988,0.039,0.993,0.042,1.061,0.04,1.093,0.03,13.84,14.708,9.578
2012,9,0.966,0.071,1.007,0.037,0.994,0.041,1.061,0.04,1.094,0.03,12.05,13.016,9.597
2012,10,1.21,0.125,0.956,0.036,0.988,0.041,1.063,0.04,1.097,0.03,9.2,10.41,9.546
2012,11,1.083,0.117,0.925,0.037,0.986,0.04,1.064,0.04,1.096,0.03,6.05,7.133,9.515
2012,12,0.47,0.162,0.931,0.041,0.988,0.04,1.069,0.04,1.098,0.03,3.6,4.07,9.521
2013,1,1.166,0.086,0.923,0.042,0.986,0.04,1.076,0.04,1.098,0.03,2.56,3.726,9.513
2013,2,1.013,0.051,0.929,0.044,0.986,0.04,1.082,0.04,1.1,0.031,3.19,4.202999999999999,9.519
2013,3,0.932,0.07,0.943,0.051,0.987,0.039,1.08,0.04,1.105,0.031,5.29,6.222,9.533
2013,4,0.722,0.078,0.931,0.046,0.993,0.039,1.083,0.04,1.106,0.031,8.29,9.011999999999999,9.521
2013,5,0.895,0.082,0.955,0.048,0.991,0.039,1.086,0.04,1.107,0.031,11.28,12.174999999999999,9.545
2013,6,1.092,0.106,1.009,0.049,1.011,0.039,1.089,0.04,1.11,0.03,13.43,14.522,9.599
2013,7,0.668,0.09,1.012,0.049,1.027,0.04,1.091,0.04,1.114,0.031,14.31,14.978,9.602
2013,8,0.946,0.078,0.956,0.047,1.054,0.039,1.095,0.04,1.117,0.031,13.84,14.786,9.546
2013,9,1.13,0.08,0.967,0.048,1.078,0.038,1.096,0.039,1.123,0.031,12.05,13.18,9.557
2013,10,1.072,0.056,1.013,0.046,1.089,0.038,1.098,0.039,1.126,0.031,9.2,10.271999999999998,9.603
2013,11,1.366,0.119,1.039,0.044,1.099,0.038,1.095,0.039,1.132,0.031,6.05,7.416,9.629
2013,12,1.118,0.125,1.018,0.043,1.099,0.037,1.099,0.038,1.134,0.031,3.6,4.718,9.608
2014,1,1.21,0.078,1.009,0.043,1.095,0.037,1.101,0.038,1.137,0.032,2.56,3.77,9.599
2014,2,0.335,0.059,1.018,0.042,1.098,0.036,1.104,0.038,1.14,0.032,3.19,3.525,9.608
2014,3,1.063,0.085,1.014,0.041,1.103,0.036,1.113,0.038,1.144,0.032,5.29,6.353,9.604
2014,4,1.273,0.035,1.022,0.045,1.101,0.036,1.117,0.038,1.148,0.031,8.29,9.562999999999999,9.612
2014,5,1.216,0.069,0.966,0.043,1.107,0.035,1.118,0.037,1.153,0.031,11.28,12.495999999999999,9.556
2014,6,0.834,0.122,0.98,0.042,1.111,0.034,1.12,0.036,1.158,0.032,13.43,14.264,9.57
2014,7,0.562,0.097,0.992,0.041,1.128,0.034,1.121,0.036,1.166,0.032,14.31,14.872,9.582
2014,8,1.057,0.054,1.088,0.043,1.151,0.034,1.123,0.036,1.172,0.032,13.84,14.897,9.678
2014,9,1.071,0.089,1.121,0.04,1.17,0.034,1.124,0.035,1.177,0.032,12.05,13.121,9.711
2014,10,1.173,0.082,1.099,0.043,1.169,0.034,1.129,0.035,1.181,0.032,9.2,10.373,9.689
2014,11,0.7,0.109,1.083,0.043,1.17,0.035,1.131,0.035,1.184,0.032,6.05,6.75,9.673
2014,12,1.275,0.11,1.102,0.04,1.166,0.035,1.14,0.035,1.189,0.033,3.6,4.875,9.692
2015,1,1.364,0.113,1.118,0.042,1.17,0.036,1.147,0.035,,,2.56,3.9240000000000004,9.708
2015,2,1.48,0.044,1.109,0.042,1.173,0.036,1.155,0.035,,,3.19,4.67,9.699
2015,3,1.459,0.066,1.099,0.039,1.174,0.036,1.158,0.035,,,5.29,6.7490000000000006,9.689
2015,4,1.014,0.06,1.134,0.038,1.176,0.035,1.16,0.035,,,8.29,9.303999999999998,9.724
2015,5,1.024,0.055,1.19,0.036,1.176,0.034,1.162,0.035,,,11.28,12.303999999999998,9.78
2015,6,1.064,0.06,1.241,0.034,1.194,0.034,1.164,0.035,,,13.43,14.494,9.831
2015,7,0.749,0.069,1.267,0.033,1.195,0.033,1.166,0.034,,,14.31,15.059000000000001,9.857
2015,8,0.945,0.066,1.328,0.031,1.197,0.033,1.168,0.034,,,13.84,14.785,9.918
2015,9,0.956,0.042,1.391,0.034,1.205,0.033,1.172,0.034,,,12.05,13.006,9.981
2015,10,1.596,0.055,1.458,0.032,1.215,0.033,1.172,0.034,,,9.2,10.796,10.048
2015,11,1.368,0.076,1.48,0.032,1.218,0.034,1.174,0.034,,,6.05,7.418,10.07
2015,12,1.895,0.127,1.467,0.032,1.217,0.033,1.179,0.034,,,3.6,5.495,10.057
2016,1,1.673,0.095,1.484,0.03,1.225,0.033,1.183,0.034,,,2.56,4.2330000000000005,10.074
2016,2,2.214,0.083,1.527,0.032,1.225,0.034,1.185,0.034,,,3.19,5.404,10.116999999999999
2016,3,2.208,0.05,1.543,0.033,1.221,0.033,1.19,0.034,,,5.29,7.498,10.133
2016,4,1.817,0.073,1.499,0.035,1.227,0.033,1.189,0.034,,,8.29,10.107,10.089
2016,5,1.29,0.058,1.481,0.035,1.219,0.033,1.193,0.034,,,11.28,12.57,10.071
2016,6,0.907,0.043,1.434,0.033,1.221,0.032,1.195,0.034,,,13.43,14.337,10.024
2016,7,0.957,0.039,1.43,0.031,1.226,0.032,1.196,0.034,,,14.31,15.267000000000001,10.02
2016,8,1.457,0.075,1.393,0.032,1.241,0.033,1.195,0.033,,,13.84,15.297,9.983
2016,9,1.156,0.069,1.364,0.033,1.254,0.033,1.199,0.033,,,12.05,13.206000000000001,9.954
2016,10,1.066,0.079,1.321,0.035,1.258,0.034,1.202,0.033,,,9.2,10.266,9.911
2016,11,1.148,0.095,1.321,0.037,1.254,0.034,1.207,0.033,,,6.05,7.1979999999999995,9.911
2016,12,1.329,0.117,1.311,0.036,1.258,0.033,1.209,0.033,,,3.6,4.929,9.901
2017,1,1.627,0.071,1.315,0.035,1.267,0.033,1.216,0.033,,,2.56,4.187,9.905
2017,2,1.768,0.046,1.283,0.032,1.268,0.033,1.223,0.033,,,3.19,4.958,9.873
2017,3,1.865,0.067,1.269,0.031,1.27,0.033,1.23,0.033,,,5.29,7.155,9.859
2017,4,1.299,0.058,1.294,0.029,1.276,0.033,1.23,0.033,,,8.29,9.588999999999999,9.884
2017,5,1.289,0.043,1.29,0.029,1.285,0.033,1.228,0.034,,,11.28,12.568999999999999,9.879999999999999
2017,6,0.792,0.072,1.307,0.03,1.294,0.033,1.23,0.034,,,13.43,14.222,9.897
2017,7,0.996,0.069,1.273,0.03,1.306,0.033,1.235,0.035,,,14.31,15.306000000000001,9.863
2017,8,1.073,0.052,1.219,0.031,1.317,0.033,1.238,0.035,,,13.84,14.913,9.809
2017,9,0.996,0.094,1.18,0.03,1.322,0.034,1.239,0.035,,,12.05,13.046000000000001,9.77
2017,10,1.364,0.057,1.184,0.031,1.333,0.034,1.242,0.035,,,9.2,10.564,9.774
2017,11,1.092,0.075,1.168,0.035,1.337,0.034,1.239,0.035,,,6.05,7.1419999999999995,9.758
2017,12,1.544,0.104,1.187,0.038,1.34,0.034,1.244,0.035,,,3.6,5.144,9.777
2018,1,1.212,0.082,1.197,0.035,1.346,0.034,1.244,0.035,,,2.56,3.7720000000000002,9.786999999999999
2018,2,1.125,0.062,1.19,0.038,1.349,0.034,1.248,0.035,,,3.19,4.3149999999999995,9.78
2018,3,1.399,0.049,1.18,0.04,1.357,0.034,1.256,0.035,,,5.29,6.689,9.77
2018,4,1.34,0.066,1.187,0.04,1.352,0.034,1.261,0.034,,,8.29,9.629999999999999,9.777
2018,5,1.101,0.088,1.166,0.041,1.358,0.035,1.262,0.034,,,11.28,12.381,9.756
2018,6,1.016,0.099,1.145,0.041,1.346,0.036,1.264,0.033,,,13.43,14.446,9.735
2018,7,1.125,0.079,1.166,0.041,1.339,0.036,1.27,0.034,,,14.31,15.435,9.756
2018,8,0.979,0.082,1.177,0.043,1.315,0.036,1.276,0.034,,,13.84,14.818999999999999,9.767
2018,9,0.884,0.092,1.213,0.045,1.302,0.035,1.285,0.033,,,12.05,12.934000000000001,9.803
2018,10,1.444,0.067,1.228,0.046,1.29,0.035,1.293,0.034,,,9.2,10.643999999999998,9.818
2018,11,0.841,0.08,1.22,0.043,1.287,0.035,1.299,0.034,,,6.05,6.891,9.81
2018,12,1.287,0.105,1.222,0.044,1.291,0.035,1.306,0.034,,,3.6,4.8870000000000005,9.812
2019,1,1.467,0.064,1.223,0.045,1.297,0.035,1.31,0.034,,,2.56,4.027,9.813
2019,2,1.26,0.061,1.232,0.043,1.292,0.035,1.324,0.034,,,3.19,4.45,9.822
2019,3,1.826,0.067,1.259,0.042,1.294,0.035,1.332,0.034,,,5.29,7.116,9.849
2019,4,1.523,0.054,1.267,0.044,1.303,0.035,1.337,0.033,,,8.29,9.812999999999999,9.857
2019,5,1.01,0.072,1.301,0.045,1.307,0.036,1.34,0.033,,,11.28,12.29,9.891
2019,6,1.04,0.062,1.343,0.047,1.307,0.037,1.347,0.033,,,13.43,14.469999999999999,9.933
2019,7,1.134,0.066,1.393,0.048,1.304,0.038,1.356,0.033,,,14.31,15.444,9.983
2019,8,1.085,0.069,1.465,0.049,1.295,0.038,1.363,0.033,,,13.84,14.925,10.055
2019,9,1.208,0.087,1.461,0.045,1.289,0.038,1.369,0.033,,,12.05,13.258000000000001,10.051
2019,10,1.541,0.077,1.473,0.042,1.29,0.038,1.376,0.033,,,9.2,10.741,10.063
2019,11,1.242,0.095,1.498,0.039,1.286,0.039,1.386,0.034,,,6.05,7.292,10.088
2019,12,1.799,0.103,1.512,0.04,1.295,0.039,1.391,0.034,,,3.6,5.399,10.102
2020,1,2.063,0.082,1.513,0.041,1.3,0.039,,,,,2.56,4.623,10.103
2020,2,2.13,0.054,1.514,0.042,1.302,0.039,,,,,3.19,5.32,10.104
2020,3,1.77,0.061,1.534,0.039,1.305,0.039,,,,,5.29,7.0600000000000005,10.124
2020,4,1.677,0.085,1.511,0.04,1.309,0.039,,,,,8.29,9.966999999999999,10.100999999999999
2020,5,1.302,0.058,1.551,0.041,1.303,0.04,,,,,11.28,12.581999999999999,10.141
2020,6,1.205,0.082,1.5,0.043,1.293,0.04,,,,,13.43,14.635,10.09
2020,7,1.153,0.056,1.435,0.043,1.293,0.041,,,,,14.31,15.463000000000001,10.025
2020,8,1.101,0.06,1.322,0.042,1.299,0.041,,,,,13.84,14.940999999999999,9.911999999999999
2020,9,1.438,0.047,1.291,0.043,1.308,0.04,,,,,12.05,13.488000000000001,9.881
2020,10,1.276,0.089,1.245,0.039,1.306,0.039,,,,,9.2,10.475999999999999,9.835
2020,11,1.716,0.106,1.226,0.041,1.305,0.038,,,,,6.05,7.766,9.815999999999999
2020,12,1.188,0.128,1.222,0.041,1.31,0.037,,,,,3.6,4.788,9.812
2021,1,1.279,0.091,1.234,0.04,1.316,0.038,,,,,2.56,3.839,9.824
2021,2,0.772,0.063,1.242,0.04,1.327,0.037,,,,,3.19,3.9619999999999997,9.832
2021,3,1.4,0.056,1.23,0.04,1.348,0.036,,,,,5.29,6.6899999999999995,9.82
2021,4,1.129,0.086,1.257,0.039,1.359,0.037,,,,,8.29,9.418999999999999,9.847
2021,5,1.072,0.065,1.226,0.04,1.379,0.037,,,,,11.28,12.352,9.815999999999999
2021,6,1.155,0.068,1.242,0.038,1.391,0.038,,,,,13.43,14.584999999999999,9.832
2021,7,1.304,0.046,1.255,0.04,1.395,0.039,,,,,14.31,15.614,9.844999999999999
2021,8,1.196,0.049,1.29,0.041,1.407,0.038,,,,,13.84,15.036,9.879999999999999
2021,9,1.29,0.058,1.301,0.04,1.41,0.037,,,,,12.05,13.34,9.891
2021,10,1.604,0.071,1.319,0.041,1.417,0.035,,,,,9.2,10.803999999999998,9.908999999999999
2021,11,1.339,0.111,1.318,0.041,1.425,0.035,,,,,6.05,7.388999999999999,9.908
2021,12,1.376,0.092,1.333,0.042,1.436,0.035,,,,,3.6,4.976,9.923
2022,1,1.434,0.089,1.331,0.044,1.445,0.035,,,,,2.56,3.9939999999999998,9.921
2022,2,1.191,0.059,1.333,0.044,1.459,0.035,,,,,3.19,4.381,9.923
2022,3,1.534,0.068,1.322,0.043,1.468,0.034,,,,,5.29,6.824,9.911999999999999
2022,4,1.353,0.049,1.32,0.043,1.475,0.035,,,,,8.29,9.642999999999999,9.91
2022,5,1.052,0.064,1.27,0.043,1.486,0.036,,,,,11.28,12.331999999999999,9.86
2022,6,1.333,0.107,1.236,0.043,1.488,0.037,,,,,13.43,14.763,9.826
2022,7,1.281,0.097,1.219,0.042,,,,,,,14.31,15.591000000000001,9.809
2022,8,1.228,0.064,1.24,0.042,,,,,,,13.84,15.068,9.83
2022,9,1.155,0.073,1.275,0.04,,,,,,,12.05,13.205,9.865
2022,10,1.579,0.099,1.265,0.037,,,,,,,9.2,10.779,9.855
2022,11,0.737,0.121,1.264,0.033,,,,,,,6.05,6.787,9.854
2022,12,0.973,0.119,1.262,0.028,,,,,,,3.6,4.573,9.852
2023,1,1.232,0.089,1.279,0.029,,,,,,,2.56,3.792,9.869
2023,2,1.44,0.044,1.313,0.027,,,,,,,3.19,4.63,9.903
2023,3,1.956,0.068,1.396,0.028,,,,,,,5.29,7.246,9.986
2023,4,1.23,0.077,1.439,0.029,,,,,,,8.29,9.52,10.029
2023,5,1.04,0.074,1.549,0.031,,,,,,,11.28,12.32,10.139
2023,6,1.304,0.094,1.635,0.035,,,,,,,13.43,14.734,10.225
2023,7,1.492,0.12,1.674,0.037,,,,,,,14.31,15.802,10.264
2023,8,1.637,0.072,1.72,0.037,,,,,,,13.84,15.477,10.31
2023,9,2.147,0.052,1.721,0.038,,,,,,,12.05,14.197000000000001,10.311
2023,10,2.09,0.096,1.781,0.035,,,,,,,9.2,11.29,10.371
2023,11,2.065,0.123,1.819,0.038,,,,,,,6.05,8.115,10.408999999999999
2023,12,1.997,0.125,1.852,0.042,,,,,,,3.6,5.597,10.442
2024,1,1.707,0.085,1.866,0.039,,,,,,,2.56,4.267,10.456
2024,2,1.993,0.049,1.891,0.042,,,,,,,3.19,5.183,10.481
2024,3,1.964,0.095,1.857,0.041,,,,,,,5.29,7.254,10.447
2024,4,1.952,0.111,1.849,0.039,,,,,,,8.29,10.241999999999999,10.439
2024,5,1.493,0.085,1.834,0.042,,,,,,,11.28,12.773,10.424
2024,6,1.701,0.11,1.83,0.043,,,,,,,13.43,15.131,10.42
2024,7,1.668,0.09,,,,,,,,,14.31,15.978,
2024,8,1.935,0.054,,,,,,,,,13.84,15.775,
2024,9,1.732,0.08,,,,,,,,,12.05,13.782,
2024,10,2.0,0.116,,,,,,,,,9.2,11.2,
2024,11,1.888,0.176,,,,,,,,,6.05,7.938,
2024,12,1.94,0.145,,,,,,,,,3.6,5.54,
